id,wall_time,sim_time,tick,action,entity_type,entity_id,result,metadata_json
1,2026-09-29T03:53:04.492497,2026-01-01T00:00:00,0,admin.pause,,,OK,{}
2,2026-09-29T03:53:04.606309,2026-01-01T00:00:00,0,simulation.tick,instance,1,OK,"{""tick"": 0}"
3,2026-09-29T03:53:04.719337,2026-01-01T00:15:00,1,simulation.tick,instance,1,OK,"{""tick"": 1}"
4,2026-09-29T03:53:04.813632,2026-01-01T00:30:00,2,simulation.tick,instance,1,OK,"{""tick"": 2}"
5,2026-09-29T03:53:04.903108,2026-01-01T00:45:00,3,simulation.tick,instance,1,OK,"{""tick"": 3}"
6,2026-09-29T03:53:04.986213,2026-01-01T01:00:00,4,simulation.tick,instance,1,OK,"{""tick"": 4}"
7,2026-09-29T03:53:05.064886,2026-01-01T01:15:00,5,simulation.tick,instance,1,OK,"{""tick"": 5}"
8,2026-09-29T03:53:05.154848,2026-01-01T01:30:00,6,simulation.tick,instance,1,OK,"{""tick"": 6}"
9,2026-09-29T03:53:05.241649,2026-01-01T01:45:00,7,simulation.tick,instance,1,OK,"{""tick"": 7}"
10,2026-09-29T03:53:05.326857,2026-01-01T02:00:00,8,simulation.tick,instance,1,OK,"{""tick"": 8}"
11,2026-09-29T03:53:05.410529,2026-01-01T02:15:00,9,simulation.tick,instance,1,OK,"{""tick"": 9}"
12,2026-09-29T03:53:05.497261,2026-01-01T02:30:00,10,simulation.tick,instance,1,OK,"{""tick"": 10}"
13,2026-09-29T03:53:05.578921,2026-01-01T02:45:00,11,simulation.tick,instance,1,OK,"{""tick"": 11}"
14,2026-09-29T03:53:05.661938,2026-01-01T03:00:00,12,supply.arrived,supply,supply-001,OK,"{""added"": 18000.0}"
15,2026-09-29T03:53:05.663672,2026-01-01T03:00:00,12,simulation.tick,instance,1,OK,"{""tick"": 12}"
16,2026-09-29T03:53:05.749480,2026-01-01T03:15:00,13,simulation.tick,instance,1,OK,"{""tick"": 13}"
17,2026-09-29T03:53:05.832366,2026-01-01T03:30:00,14,supply.arrived,supply,supply-003,OK,"{""added"": 16000.0}"
18,2026-09-29T03:53:05.834081,2026-01-01T03:30:00,14,simulation.tick,instance,1,OK,"{""tick"": 14}"
19,2026-09-29T03:53:05.919546,2026-01-01T03:45:00,15,simulation.tick,instance,1,OK,"{""tick"": 15}"
20,2026-09-29T03:53:06.005344,2026-01-01T04:00:00,16,supply.arrived,supply,supply-002,OK,"{""added"": 14000.0}"
21,2026-09-29T03:53:06.007076,2026-01-01T04:00:00,16,simulation.tick,instance,1,OK,"{""tick"": 16}"
22,2026-09-29T03:53:06.087237,2026-01-01T04:15:00,17,simulation.tick,instance,1,OK,"{""tick"": 17}"
23,2026-09-29T03:53:06.171373,2026-01-01T04:30:00,18,simulation.tick,instance,1,OK,"{""tick"": 18}"
24,2026-09-29T03:53:06.260040,2026-01-01T04:45:00,19,simulation.tick,instance,1,OK,"{""tick"": 19}"
25,2026-09-29T03:53:06.349168,2026-01-01T05:00:00,20,supply.arrived,supply,supply-004,OK,"{""added"": 9000.0}"
26,2026-09-29T03:53:06.350914,2026-01-01T05:00:00,20,simulation.tick,instance,1,OK,"{""tick"": 20}"
27,2026-09-29T03:53:06.435435,2026-01-01T05:15:00,21,simulation.tick,instance,1,OK,"{""tick"": 21}"
28,2026-09-29T03:53:06.520091,2026-01-01T05:30:00,22,simulation.tick,instance,1,OK,"{""tick"": 22}"
29,2026-09-29T03:53:06.602185,2026-01-01T05:45:00,23,simulation.tick,instance,1,OK,"{""tick"": 23}"
30,2026-09-29T03:53:06.686478,2026-01-01T06:00:00,24,simulation.tick,instance,1,OK,"{""tick"": 24}"
31,2026-09-29T03:53:06.766482,2026-01-01T06:15:00,25,simulation.tick,instance,1,OK,"{""tick"": 25}"
32,2026-09-29T03:53:06.850368,2026-01-01T06:30:00,26,simulation.tick,instance,1,OK,"{""tick"": 26}"
33,2026-09-29T03:53:06.933210,2026-01-01T06:45:00,27,simulation.tick,instance,1,OK,"{""tick"": 27}"
34,2026-09-29T03:53:07.015275,2026-01-01T07:00:00,28,simulation.tick,instance,1,OK,"{""tick"": 28}"
35,2026-09-29T03:53:07.100826,2026-01-01T07:15:00,29,simulation.tick,instance,1,OK,"{""tick"": 29}"
36,2026-09-29T03:53:07.183153,2026-01-01T07:30:00,30,simulation.tick,instance,1,OK,"{""tick"": 30}"
37,2026-09-29T03:53:07.270348,2026-01-01T07:45:00,31,simulation.tick,instance,1,OK,"{""tick"": 31}"
38,2026-09-29T03:53:07.360443,2026-01-01T08:00:00,32,simulation.tick,instance,1,OK,"{""tick"": 32}"
39,2026-09-29T03:53:07.478133,2026-01-01T08:15:00,33,simulation.tick,instance,1,OK,"{""tick"": 33}"
40,2026-09-29T03:53:07.562824,2026-01-01T08:30:00,34,simulation.tick,instance,1,OK,"{""tick"": 34}"
41,2026-09-29T03:53:07.643673,2026-01-01T08:45:00,35,simulation.tick,instance,1,OK,"{""tick"": 35}"
42,2026-09-29T03:53:07.728641,2026-01-01T09:00:00,36,simulation.tick,instance,1,OK,"{""tick"": 36}"
43,2026-09-29T03:53:07.810994,2026-01-01T09:15:00,37,simulation.tick,instance,1,OK,"{""tick"": 37}"
44,2026-09-29T03:53:07.897917,2026-01-01T09:30:00,38,simulation.tick,instance,1,OK,"{""tick"": 38}"
45,2026-09-29T03:53:07.981178,2026-01-01T09:45:00,39,simulation.tick,instance,1,OK,"{""tick"": 39}"
46,2026-09-29T03:53:08.067853,2026-01-01T10:00:00,40,simulation.tick,instance,1,OK,"{""tick"": 40}"
47,2026-09-29T03:53:08.150067,2026-01-01T10:15:00,41,simulation.tick,instance,1,OK,"{""tick"": 41}"
48,2026-09-29T03:53:08.236340,2026-01-01T10:30:00,42,simulation.tick,instance,1,OK,"{""tick"": 42}"
49,2026-09-29T03:53:08.320485,2026-01-01T10:45:00,43,simulation.tick,instance,1,OK,"{""tick"": 43}"
50,2026-09-29T03:53:08.404270,2026-01-01T11:00:00,44,simulation.tick,instance,1,OK,"{""tick"": 44}"
51,2026-09-29T03:53:08.484321,2026-01-01T11:15:00,45,simulation.tick,instance,1,OK,"{""tick"": 45}"
52,2026-09-29T03:53:08.571321,2026-01-01T11:30:00,46,simulation.tick,instance,1,OK,"{""tick"": 46}"
53,2026-09-29T03:53:08.647737,2026-01-01T11:45:00,47,simulation.tick,instance,1,OK,"{""tick"": 47}"
54,2026-09-29T03:53:08.727165,2026-01-01T12:00:00,48,simulation.tick,instance,1,OK,"{""tick"": 48}"
55,2026-09-29T03:53:08.804118,2026-01-01T12:15:00,49,simulation.tick,instance,1,OK,"{""tick"": 49}"
56,2026-09-29T03:53:08.885184,2026-01-01T12:30:00,50,simulation.tick,instance,1,OK,"{""tick"": 50}"
57,2026-09-29T03:53:08.962249,2026-01-01T12:45:00,51,simulation.tick,instance,1,OK,"{""tick"": 51}"
58,2026-09-29T03:53:09.045452,2026-01-01T13:00:00,52,simulation.tick,instance,1,OK,"{""tick"": 52}"
59,2026-09-29T03:53:09.128587,2026-01-01T13:15:00,53,simulation.tick,instance,1,OK,"{""tick"": 53}"
60,2026-09-29T03:53:09.221567,2026-01-01T13:30:00,54,simulation.tick,instance,1,OK,"{""tick"": 54}"
61,2026-09-29T03:53:09.326573,2026-01-01T13:45:00,55,simulation.tick,instance,1,OK,"{""tick"": 55}"
62,2026-09-29T03:53:09.412474,2026-01-01T14:00:00,56,simulation.tick,instance,1,OK,"{""tick"": 56}"
63,2026-09-29T03:53:09.497198,2026-01-01T14:15:00,57,simulation.tick,instance,1,OK,"{""tick"": 57}"
64,2026-09-29T03:53:09.581856,2026-01-01T14:30:00,58,simulation.tick,instance,1,OK,"{""tick"": 58}"
65,2026-09-29T03:53:09.665677,2026-01-01T14:45:00,59,simulation.tick,instance,1,OK,"{""tick"": 59}"
66,2026-09-29T03:53:09.753204,2026-01-01T15:00:00,60,simulation.tick,instance,1,OK,"{""tick"": 60}"
67,2026-09-29T03:53:09.837303,2026-01-01T15:15:00,61,simulation.tick,instance,1,OK,"{""tick"": 61}"
68,2026-09-29T03:53:09.922996,2026-01-01T15:30:00,62,simulation.tick,instance,1,OK,"{""tick"": 62}"
69,2026-09-29T03:53:10.004374,2026-01-01T15:45:00,63,simulation.tick,instance,1,OK,"{""tick"": 63}"
70,2026-09-29T03:53:10.089132,2026-01-01T16:00:00,64,supply.arrived,supply,supply-101,OK,"{""added"": 12000.0}"
71,2026-09-29T03:53:10.090895,2026-01-01T16:00:00,64,simulation.tick,instance,1,OK,"{""tick"": 64}"
72,2026-09-29T03:53:10.174647,2026-01-01T16:15:00,65,simulation.tick,instance,1,OK,"{""tick"": 65}"
73,2026-09-29T03:53:10.264231,2026-01-01T16:30:00,66,simulation.tick,instance,1,OK,"{""tick"": 66}"
74,2026-09-29T03:53:10.347128,2026-01-01T16:45:00,67,simulation.tick,instance,1,OK,"{""tick"": 67}"
75,2026-09-29T03:53:10.426647,2026-01-01T17:00:00,68,supply.arrived,supply,supply-102,OK,"{""added"": 10000.0}"
76,2026-09-29T03:53:10.428398,2026-01-01T17:00:00,68,simulation.tick,instance,1,OK,"{""tick"": 68}"
77,2026-09-29T03:53:10.507732,2026-01-01T17:15:00,69,simulation.tick,instance,1,OK,"{""tick"": 69}"
78,2026-09-29T03:53:10.587014,2026-01-01T17:30:00,70,simulation.tick,instance,1,OK,"{""tick"": 70}"
79,2026-09-29T03:53:10.664030,2026-01-01T17:45:00,71,simulation.tick,instance,1,OK,"{""tick"": 71}"
80,2026-09-29T03:53:10.746864,2026-01-01T18:00:00,72,supply.arrived,supply,supply-103,OK,"{""added"": 7000.0}"
81,2026-09-29T03:53:10.748510,2026-01-01T18:00:00,72,simulation.tick,instance,1,OK,"{""tick"": 72}"
82,2026-09-29T03:53:10.837796,2026-01-01T18:15:00,73,simulation.tick,instance,1,OK,"{""tick"": 73}"
83,2026-09-29T03:53:10.927457,2026-01-01T18:30:00,74,simulation.tick,instance,1,OK,"{""tick"": 74}"
84,2026-09-29T03:53:11.009207,2026-01-01T18:45:00,75,simulation.tick,instance,1,OK,"{""tick"": 75}"
85,2026-09-29T03:53:11.093403,2026-01-01T19:00:00,76,supply.arrived,supply,supply-104,OK,"{""added"": 10000.0}"
86,2026-09-29T03:53:11.095099,2026-01-01T19:00:00,76,simulation.tick,instance,1,OK,"{""tick"": 76}"
87,2026-09-29T03:53:11.172544,2026-01-01T19:15:00,77,simulation.tick,instance,1,OK,"{""tick"": 77}"
88,2026-09-29T03:53:11.253814,2026-01-01T19:30:00,78,simulation.tick,instance,1,OK,"{""tick"": 78}"
89,2026-09-29T03:53:11.331795,2026-01-01T19:45:00,79,simulation.tick,instance,1,OK,"{""tick"": 79}"
90,2026-09-29T03:53:11.412684,2026-01-01T20:00:00,80,supply.arrived,supply,supply-105,OK,"{""added"": 8000.0}"
91,2026-09-29T03:53:11.414419,2026-01-01T20:00:00,80,simulation.tick,instance,1,OK,"{""tick"": 80}"
92,2026-09-29T03:53:11.495038,2026-01-01T20:15:00,81,simulation.tick,instance,1,OK,"{""tick"": 81}"
93,2026-09-29T03:53:11.580172,2026-01-01T20:30:00,82,simulation.tick,instance,1,OK,"{""tick"": 82}"
94,2026-09-29T03:53:11.656510,2026-01-01T20:45:00,83,simulation.tick,instance,1,OK,"{""tick"": 83}"
95,2026-09-29T03:53:11.735299,2026-01-01T21:00:00,84,supply.arrived,supply,supply-106,OK,"{""added"": 6000.0}"
96,2026-09-29T03:53:11.738031,2026-01-01T21:00:00,84,simulation.tick,instance,1,OK,"{""tick"": 84}"
97,2026-09-29T03:53:11.824019,2026-01-01T21:15:00,85,simulation.tick,instance,1,OK,"{""tick"": 85}"
98,2026-09-29T03:53:11.903050,2026-01-01T21:30:00,86,simulation.tick,instance,1,OK,"{""tick"": 86}"
99,2026-09-29T03:53:11.981777,2026-01-01T21:45:00,87,simulation.tick,instance,1,OK,"{""tick"": 87}"
100,2026-09-29T03:53:12.057300,2026-01-01T22:00:00,88,simulation.tick,instance,1,OK,"{""tick"": 88}"
101,2026-09-29T03:53:12.135945,2026-01-01T22:15:00,89,simulation.tick,instance,1,OK,"{""tick"": 89}"
102,2026-09-29T03:53:12.215865,2026-01-01T22:30:00,90,simulation.tick,instance,1,OK,"{""tick"": 90}"
103,2026-09-29T03:53:12.299092,2026-01-01T22:45:00,91,simulation.tick,instance,1,OK,"{""tick"": 91}"
104,2026-09-29T03:53:12.381665,2026-01-01T23:00:00,92,simulation.tick,instance,1,OK,"{""tick"": 92}"
105,2026-09-29T03:53:12.495866,2026-01-01T23:15:00,93,simulation.tick,instance,1,OK,"{""tick"": 93}"
106,2026-09-29T03:53:12.581033,2026-01-01T23:30:00,94,simulation.tick,instance,1,OK,"{""tick"": 94}"
107,2026-09-29T03:53:12.678410,2026-01-01T23:45:00,95,simulation.tick,instance,1,OK,"{""tick"": 95}"
108,2026-09-29T03:53:12.760961,2026-01-02T00:00:00,96,simulation.tick,instance,1,OK,"{""tick"": 96}"
109,2026-09-29T03:53:12.849123,2026-01-02T00:15:00,97,simulation.tick,instance,1,OK,"{""tick"": 97}"
110,2026-09-29T03:53:12.932856,2026-01-02T00:30:00,98,simulation.tick,instance,1,OK,"{""tick"": 98}"
111,2026-09-29T03:53:13.011055,2026-01-02T00:45:00,99,simulation.tick,instance,1,OK,"{""tick"": 99}"
112,2026-09-29T03:53:13.096114,2026-01-02T01:00:00,100,simulation.tick,instance,1,OK,"{""tick"": 100}"
113,2026-09-29T03:53:13.187025,2026-01-02T01:15:00,101,simulation.tick,instance,1,OK,"{""tick"": 101}"
114,2026-09-29T03:53:13.286465,2026-01-02T01:30:00,102,simulation.tick,instance,1,OK,"{""tick"": 102}"
115,2026-09-29T03:53:13.371702,2026-01-02T01:45:00,103,simulation.tick,instance,1,OK,"{""tick"": 103}"
116,2026-09-29T03:53:13.453814,2026-01-02T02:00:00,104,simulation.tick,instance,1,OK,"{""tick"": 104}"
117,2026-09-29T03:53:13.540488,2026-01-02T02:15:00,105,simulation.tick,instance,1,OK,"{""tick"": 105}"
118,2026-09-29T03:53:13.626379,2026-01-02T02:30:00,106,simulation.tick,instance,1,OK,"{""tick"": 106}"
119,2026-09-29T03:53:13.714771,2026-01-02T02:45:00,107,simulation.tick,instance,1,OK,"{""tick"": 107}"
120,2026-09-29T03:53:13.801112,2026-01-02T03:00:00,108,simulation.tick,instance,1,OK,"{""tick"": 108}"
121,2026-09-29T03:53:13.887022,2026-01-02T03:15:00,109,simulation.tick,instance,1,OK,"{""tick"": 109}"
122,2026-09-29T03:53:13.968984,2026-01-02T03:30:00,110,simulation.tick,instance,1,OK,"{""tick"": 110}"
123,2026-09-29T03:53:14.052902,2026-01-02T03:45:00,111,simulation.tick,instance,1,OK,"{""tick"": 111}"
124,2026-09-29T03:53:14.139905,2026-01-02T04:00:00,112,simulation.tick,instance,1,OK,"{""tick"": 112}"
125,2026-09-29T03:53:14.224656,2026-01-02T04:15:00,113,simulation.tick,instance,1,OK,"{""tick"": 113}"
126,2026-09-29T03:53:14.307703,2026-01-02T04:30:00,114,simulation.tick,instance,1,OK,"{""tick"": 114}"
127,2026-09-29T03:53:14.390480,2026-01-02T04:45:00,115,simulation.tick,instance,1,OK,"{""tick"": 115}"
128,2026-09-29T03:53:14.476997,2026-01-02T05:00:00,116,simulation.tick,instance,1,OK,"{""tick"": 116}"
129,2026-09-29T03:53:14.566138,2026-01-02T05:15:00,117,simulation.tick,instance,1,OK,"{""tick"": 117}"
130,2026-09-29T03:53:14.647414,2026-01-02T05:30:00,118,simulation.tick,instance,1,OK,"{""tick"": 118}"
131,2026-09-29T03:53:14.729104,2026-01-02T05:45:00,119,simulation.tick,instance,1,OK,"{""tick"": 119}"
132,2026-09-29T03:53:14.810965,2026-01-02T06:00:00,120,simulation.tick,instance,1,OK,"{""tick"": 120}"
133,2026-09-29T03:53:14.901932,2026-01-02T06:15:00,121,simulation.tick,instance,1,OK,"{""tick"": 121}"
134,2026-09-29T03:53:14.979798,2026-01-02T06:30:00,122,simulation.tick,instance,1,OK,"{""tick"": 122}"
135,2026-09-29T03:53:15.079957,2026-01-02T06:45:00,123,simulation.tick,instance,1,OK,"{""tick"": 123}"
136,2026-09-29T03:53:15.203194,2026-01-02T07:00:00,124,simulation.tick,instance,1,OK,"{""tick"": 124}"
137,2026-09-29T03:53:15.330456,2026-01-02T07:15:00,125,simulation.tick,instance,1,OK,"{""tick"": 125}"
138,2026-09-29T03:53:15.441885,2026-01-02T07:30:00,126,simulation.tick,instance,1,OK,"{""tick"": 126}"
139,2026-09-29T03:53:15.553576,2026-01-02T07:45:00,127,simulation.tick,instance,1,OK,"{""tick"": 127}"
140,2026-09-29T03:53:15.656352,2026-01-02T08:00:00,128,supply.arrived,supply,supply-201,OK,"{""added"": 0}"
141,2026-09-29T03:53:15.658315,2026-01-02T08:00:00,128,simulation.tick,instance,1,OK,"{""tick"": 128}"
142,2026-09-29T03:53:15.742330,2026-01-02T08:15:00,129,simulation.tick,instance,1,OK,"{""tick"": 129}"
143,2026-09-29T03:53:15.821794,2026-01-02T08:30:00,130,simulation.tick,instance,1,OK,"{""tick"": 130}"
144,2026-09-29T03:53:15.904803,2026-01-02T08:45:00,131,simulation.tick,instance,1,OK,"{""tick"": 131}"
145,2026-09-29T03:53:15.991274,2026-01-02T09:00:00,132,supply.arrived,supply,supply-202,OK,"{""added"": 1000.0}"
146,2026-09-29T03:53:15.993253,2026-01-02T09:00:00,132,simulation.tick,instance,1,OK,"{""tick"": 132}"
147,2026-09-29T03:53:16.086235,2026-01-02T09:15:00,133,simulation.tick,instance,1,OK,"{""tick"": 133}"
148,2026-09-29T03:53:16.177665,2026-01-02T09:30:00,134,simulation.tick,instance,1,OK,"{""tick"": 134}"
149,2026-09-29T03:53:16.277904,2026-01-02T09:45:00,135,simulation.tick,instance,1,OK,"{""tick"": 135}"
150,2026-09-29T03:53:16.369316,2026-01-02T10:00:00,136,supply.arrived,supply,supply-203,OK,"{""added"": 7000.0}"
151,2026-09-29T03:53:16.371269,2026-01-02T10:00:00,136,simulation.tick,instance,1,OK,"{""tick"": 136}"
152,2026-09-29T03:53:16.459379,2026-01-02T10:15:00,137,simulation.tick,instance,1,OK,"{""tick"": 137}"
153,2026-09-29T03:53:16.548939,2026-01-02T10:30:00,138,simulation.tick,instance,1,OK,"{""tick"": 138}"
154,2026-09-29T03:53:16.634294,2026-01-02T10:45:00,139,simulation.tick,instance,1,OK,"{""tick"": 139}"
155,2026-09-29T03:53:16.748202,2026-01-02T11:00:00,140,supply.arrived,supply,supply-204,OK,"{""added"": 4000.0}"
156,2026-09-29T03:53:16.750660,2026-01-02T11:00:00,140,simulation.tick,instance,1,OK,"{""tick"": 140}"
157,2026-09-29T03:53:16.853671,2026-01-02T11:15:00,141,simulation.tick,instance,1,OK,"{""tick"": 141}"
158,2026-09-29T03:53:16.940208,2026-01-02T11:30:00,142,simulation.tick,instance,1,OK,"{""tick"": 142}"
159,2026-09-29T03:53:17.021337,2026-01-02T11:45:00,143,simulation.tick,instance,1,OK,"{""tick"": 143}"
160,2026-09-29T03:53:17.104948,2026-01-02T12:00:00,144,supply.arrived,supply,supply-205,OK,"{""added"": 8000.0}"
161,2026-09-29T03:53:17.106773,2026-01-02T12:00:00,144,simulation.tick,instance,1,OK,"{""tick"": 144}"
162,2026-09-29T03:53:17.188469,2026-01-02T12:15:00,145,simulation.tick,instance,1,OK,"{""tick"": 145}"
163,2026-09-29T03:53:17.282470,2026-01-02T12:30:00,146,simulation.tick,instance,1,OK,"{""tick"": 146}"
164,2026-09-29T03:53:17.373230,2026-01-02T12:45:00,147,simulation.tick,instance,1,OK,"{""tick"": 147}"
165,2026-09-29T03:53:17.459151,2026-01-02T13:00:00,148,supply.arrived,supply,supply-206,OK,"{""added"": 1000.0}"
166,2026-09-29T03:53:17.461168,2026-01-02T13:00:00,148,simulation.tick,instance,1,OK,"{""tick"": 148}"
167,2026-09-29T03:53:17.547898,2026-01-02T13:15:00,149,simulation.tick,instance,1,OK,"{""tick"": 149}"
168,2026-09-29T03:53:17.643558,2026-01-02T13:30:00,150,simulation.tick,instance,1,OK,"{""tick"": 150}"
169,2026-09-29T03:53:17.730982,2026-01-02T13:45:00,151,simulation.tick,instance,1,OK,"{""tick"": 151}"
170,2026-09-29T03:53:17.822690,2026-01-02T14:00:00,152,simulation.tick,instance,1,OK,"{""tick"": 152}"
171,2026-09-29T03:53:17.903843,2026-01-02T14:15:00,153,simulation.tick,instance,1,OK,"{""tick"": 153}"
172,2026-09-29T03:53:17.995109,2026-01-02T14:30:00,154,simulation.tick,instance,1,OK,"{""tick"": 154}"
173,2026-09-29T03:53:18.087121,2026-01-02T14:45:00,155,simulation.tick,instance,1,OK,"{""tick"": 155}"
174,2026-09-29T03:53:18.223504,2026-01-02T15:00:00,156,simulation.tick,instance,1,OK,"{""tick"": 156}"
175,2026-09-29T03:53:18.316714,2026-01-02T15:15:00,157,simulation.tick,instance,1,OK,"{""tick"": 157}"
176,2026-09-29T03:53:18.406389,2026-01-02T15:30:00,158,simulation.tick,instance,1,OK,"{""tick"": 158}"
177,2026-09-29T03:53:18.497333,2026-01-02T15:45:00,159,simulation.tick,instance,1,OK,"{""tick"": 159}"
178,2026-09-29T03:53:18.586916,2026-01-02T16:00:00,160,simulation.tick,instance,1,OK,"{""tick"": 160}"
179,2026-09-29T03:53:18.677424,2026-01-02T16:15:00,161,simulation.tick,instance,1,OK,"{""tick"": 161}"
180,2026-09-29T03:53:18.763600,2026-01-02T16:30:00,162,simulation.tick,instance,1,OK,"{""tick"": 162}"
181,2026-09-29T03:53:18.848316,2026-01-02T16:45:00,163,simulation.tick,instance,1,OK,"{""tick"": 163}"
182,2026-09-29T03:53:18.928422,2026-01-02T17:00:00,164,simulation.tick,instance,1,OK,"{""tick"": 164}"
183,2026-09-29T03:53:19.014054,2026-01-02T17:15:00,165,simulation.tick,instance,1,OK,"{""tick"": 165}"
184,2026-09-29T03:53:19.097790,2026-01-02T17:30:00,166,simulation.tick,instance,1,OK,"{""tick"": 166}"
185,2026-09-29T03:53:19.183802,2026-01-02T17:45:00,167,simulation.tick,instance,1,OK,"{""tick"": 167}"
186,2026-09-29T03:53:19.271268,2026-01-02T18:00:00,168,simulation.tick,instance,1,OK,"{""tick"": 168}"
187,2026-09-29T03:53:19.361574,2026-01-02T18:15:00,169,simulation.tick,instance,1,OK,"{""tick"": 169}"
188,2026-09-29T03:53:19.444800,2026-01-02T18:30:00,170,simulation.tick,instance,1,OK,"{""tick"": 170}"
189,2026-09-29T03:53:19.524125,2026-01-02T18:45:00,171,simulation.tick,instance,1,OK,"{""tick"": 171}"
190,2026-09-29T03:53:19.603562,2026-01-02T19:00:00,172,simulation.tick,instance,1,OK,"{""tick"": 172}"
191,2026-09-29T03:53:19.681690,2026-01-02T19:15:00,173,simulation.tick,instance,1,OK,"{""tick"": 173}"
192,2026-09-29T03:53:19.757556,2026-01-02T19:30:00,174,simulation.tick,instance,1,OK,"{""tick"": 174}"
193,2026-09-29T03:53:19.839895,2026-01-02T19:45:00,175,simulation.tick,instance,1,OK,"{""tick"": 175}"
194,2026-09-29T03:53:19.920880,2026-01-02T20:00:00,176,simulation.tick,instance,1,OK,"{""tick"": 176}"
195,2026-09-29T03:53:20.002613,2026-01-02T20:15:00,177,simulation.tick,instance,1,OK,"{""tick"": 177}"
196,2026-09-29T03:53:20.079173,2026-01-02T20:30:00,178,simulation.tick,instance,1,OK,"{""tick"": 178}"
197,2026-09-29T03:53:20.158483,2026-01-02T20:45:00,179,simulation.tick,instance,1,OK,"{""tick"": 179}"
198,2026-09-29T03:53:20.239272,2026-01-02T21:00:00,180,simulation.tick,instance,1,OK,"{""tick"": 180}"
199,2026-09-29T03:53:20.319579,2026-01-02T21:15:00,181,simulation.tick,instance,1,OK,"{""tick"": 181}"
200,2026-09-29T03:53:20.397230,2026-01-02T21:30:00,182,simulation.tick,instance,1,OK,"{""tick"": 182}"
201,2026-09-29T03:53:20.478338,2026-01-02T21:45:00,183,simulation.tick,instance,1,OK,"{""tick"": 183}"
202,2026-09-29T03:53:20.554741,2026-01-02T22:00:00,184,simulation.tick,instance,1,OK,"{""tick"": 184}"
203,2026-09-29T03:53:20.646195,2026-01-02T22:15:00,185,simulation.tick,instance,1,OK,"{""tick"": 185}"
204,2026-09-29T03:53:20.733402,2026-01-02T22:30:00,186,simulation.tick,instance,1,OK,"{""tick"": 186}"
205,2026-09-29T03:53:20.819034,2026-01-02T22:45:00,187,simulation.tick,instance,1,OK,"{""tick"": 187}"
206,2026-09-29T03:53:20.905777,2026-01-02T23:00:00,188,simulation.tick,instance,1,OK,"{""tick"": 188}"
207,2026-09-29T03:53:20.996855,2026-01-02T23:15:00,189,simulation.tick,instance,1,OK,"{""tick"": 189}"
208,2026-09-29T03:53:21.081390,2026-01-02T23:30:00,190,simulation.tick,instance,1,OK,"{""tick"": 190}"
209,2026-09-29T03:53:21.170934,2026-01-02T23:45:00,191,simulation.tick,instance,1,OK,"{""tick"": 191}"
210,2026-09-29T03:53:21.264080,2026-01-03T00:00:00,192,supply.arrived,supply,supply-301,OK,"{""added"": 0}"
211,2026-09-29T03:53:21.265982,2026-01-03T00:00:00,192,simulation.tick,instance,1,OK,"{""tick"": 192}"
212,2026-09-29T03:53:21.362348,2026-01-03T00:15:00,193,simulation.tick,instance,1,OK,"{""tick"": 193}"
213,2026-09-29T03:53:21.453483,2026-01-03T00:30:00,194,simulation.tick,instance,1,OK,"{""tick"": 194}"
214,2026-09-29T03:53:21.543388,2026-01-03T00:45:00,195,simulation.tick,instance,1,OK,"{""tick"": 195}"
215,2026-09-29T03:53:21.629776,2026-01-03T01:00:00,196,supply.arrived,supply,supply-302,OK,"{""added"": 0}"
216,2026-09-29T03:53:21.631528,2026-01-03T01:00:00,196,simulation.tick,instance,1,OK,"{""tick"": 196}"
217,2026-09-29T03:53:21.715485,2026-01-03T01:15:00,197,simulation.tick,instance,1,OK,"{""tick"": 197}"
218,2026-09-29T03:53:21.802548,2026-01-03T01:30:00,198,simulation.tick,instance,1,OK,"{""tick"": 198}"
219,2026-09-29T03:53:21.895084,2026-01-03T01:45:00,199,simulation.tick,instance,1,OK,"{""tick"": 199}"
220,2026-09-29T03:53:21.973718,2026-01-03T02:00:00,200,supply.arrived,supply,supply-303,OK,"{""added"": 5000.0}"
221,2026-09-29T03:53:21.975846,2026-01-03T02:00:00,200,simulation.tick,instance,1,OK,"{""tick"": 200}"
222,2026-09-29T03:53:22.061812,2026-01-03T02:15:00,201,simulation.tick,instance,1,OK,"{""tick"": 201}"
223,2026-09-29T03:53:22.142318,2026-01-03T02:30:00,202,simulation.tick,instance,1,OK,"{""tick"": 202}"
224,2026-09-29T03:53:22.230845,2026-01-03T02:45:00,203,simulation.tick,instance,1,OK,"{""tick"": 203}"
225,2026-09-29T03:53:22.314199,2026-01-03T03:00:00,204,supply.arrived,supply,supply-304,OK,"{""added"": 0}"
226,2026-09-29T03:53:22.316082,2026-01-03T03:00:00,204,simulation.tick,instance,1,OK,"{""tick"": 204}"
227,2026-09-29T03:53:22.398113,2026-01-03T03:15:00,205,simulation.tick,instance,1,OK,"{""tick"": 205}"
228,2026-09-29T03:53:22.481283,2026-01-03T03:30:00,206,simulation.tick,instance,1,OK,"{""tick"": 206}"
229,2026-09-29T03:53:22.564713,2026-01-03T03:45:00,207,simulation.tick,instance,1,OK,"{""tick"": 207}"
230,2026-09-29T03:53:22.643179,2026-01-03T04:00:00,208,supply.arrived,supply,supply-305,OK,"{""added"": 7000.0}"
231,2026-09-29T03:53:22.644995,2026-01-03T04:00:00,208,simulation.tick,instance,1,OK,"{""tick"": 208}"
232,2026-09-29T03:53:22.726330,2026-01-03T04:15:00,209,simulation.tick,instance,1,OK,"{""tick"": 209}"
233,2026-09-29T03:53:22.805708,2026-01-03T04:30:00,210,simulation.tick,instance,1,OK,"{""tick"": 210}"
234,2026-09-29T03:53:22.888802,2026-01-03T04:45:00,211,simulation.tick,instance,1,OK,"{""tick"": 211}"
235,2026-09-29T03:53:22.971301,2026-01-03T05:00:00,212,supply.arrived,supply,supply-306,OK,"{""added"": 0}"
236,2026-09-29T03:53:22.973199,2026-01-03T05:00:00,212,simulation.tick,instance,1,OK,"{""tick"": 212}"
237,2026-09-29T03:53:23.061930,2026-01-03T05:15:00,213,simulation.tick,instance,1,OK,"{""tick"": 213}"
238,2026-09-29T03:53:23.150318,2026-01-03T05:30:00,214,simulation.tick,instance,1,OK,"{""tick"": 214}"
239,2026-09-29T03:53:23.240350,2026-01-03T05:45:00,215,simulation.tick,instance,1,OK,"{""tick"": 215}"
240,2026-09-29T03:53:23.321674,2026-01-03T06:00:00,216,simulation.tick,instance,1,OK,"{""tick"": 216}"
241,2026-09-29T03:53:23.403307,2026-01-03T06:15:00,217,simulation.tick,instance,1,OK,"{""tick"": 217}"
242,2026-09-29T03:53:23.481845,2026-01-03T06:30:00,218,simulation.tick,instance,1,OK,"{""tick"": 218}"
243,2026-09-29T03:53:23.563612,2026-01-03T06:45:00,219,simulation.tick,instance,1,OK,"{""tick"": 219}"
244,2026-09-29T03:53:23.669294,2026-01-03T07:00:00,220,simulation.tick,instance,1,OK,"{""tick"": 220}"
245,2026-09-29T03:53:23.763726,2026-01-03T07:15:00,221,simulation.tick,instance,1,OK,"{""tick"": 221}"
246,2026-09-29T03:53:23.845525,2026-01-03T07:30:00,222,simulation.tick,instance,1,OK,"{""tick"": 222}"
247,2026-09-29T03:53:23.928809,2026-01-03T07:45:00,223,simulation.tick,instance,1,OK,"{""tick"": 223}"
248,2026-09-29T03:53:24.044951,2026-01-03T08:00:00,224,simulation.tick,instance,1,OK,"{""tick"": 224}"
249,2026-09-29T03:53:24.124113,2026-01-03T08:15:00,225,simulation.tick,instance,1,OK,"{""tick"": 225}"
250,2026-09-29T03:53:24.205759,2026-01-03T08:30:00,226,simulation.tick,instance,1,OK,"{""tick"": 226}"
251,2026-09-29T03:53:24.286743,2026-01-03T08:45:00,227,simulation.tick,instance,1,OK,"{""tick"": 227}"
252,2026-09-29T03:53:24.365632,2026-01-03T09:00:00,228,simulation.tick,instance,1,OK,"{""tick"": 228}"
253,2026-09-29T03:53:24.444442,2026-01-03T09:15:00,229,simulation.tick,instance,1,OK,"{""tick"": 229}"
254,2026-09-29T03:53:24.527192,2026-01-03T09:30:00,230,simulation.tick,instance,1,OK,"{""tick"": 230}"
255,2026-09-29T03:53:24.623693,2026-01-03T09:45:00,231,simulation.tick,instance,1,OK,"{""tick"": 231}"
256,2026-09-29T03:53:24.705783,2026-01-03T10:00:00,232,simulation.tick,instance,1,OK,"{""tick"": 232}"
257,2026-09-29T03:53:24.783934,2026-01-03T10:15:00,233,simulation.tick,instance,1,OK,"{""tick"": 233}"
258,2026-09-29T03:53:24.863283,2026-01-03T10:30:00,234,simulation.tick,instance,1,OK,"{""tick"": 234}"
259,2026-09-29T03:53:24.939920,2026-01-03T10:45:00,235,simulation.tick,instance,1,OK,"{""tick"": 235}"
260,2026-09-29T03:53:25.018979,2026-01-03T11:00:00,236,simulation.tick,instance,1,OK,"{""tick"": 236}"
261,2026-09-29T03:53:25.100744,2026-01-03T11:15:00,237,simulation.tick,instance,1,OK,"{""tick"": 237}"
262,2026-09-29T03:53:25.177440,2026-01-03T11:30:00,238,simulation.tick,instance,1,OK,"{""tick"": 238}"
263,2026-09-29T03:53:25.267599,2026-01-03T11:45:00,239,simulation.tick,instance,1,OK,"{""tick"": 239}"
264,2026-09-29T03:53:25.345828,2026-01-03T12:00:00,240,simulation.tick,instance,1,OK,"{""tick"": 240}"
265,2026-09-29T03:53:25.426084,2026-01-03T12:15:00,241,simulation.tick,instance,1,OK,"{""tick"": 241}"
266,2026-09-29T03:53:25.502200,2026-01-03T12:30:00,242,simulation.tick,instance,1,OK,"{""tick"": 242}"
267,2026-09-29T03:53:25.581115,2026-01-03T12:45:00,243,simulation.tick,instance,1,OK,"{""tick"": 243}"
268,2026-09-29T03:53:25.666559,2026-01-03T13:00:00,244,simulation.tick,instance,1,OK,"{""tick"": 244}"
269,2026-09-29T03:53:25.747806,2026-01-03T13:15:00,245,simulation.tick,instance,1,OK,"{""tick"": 245}"
270,2026-09-29T03:53:25.832133,2026-01-03T13:30:00,246,simulation.tick,instance,1,OK,"{""tick"": 246}"
271,2026-09-29T03:53:25.913268,2026-01-03T13:45:00,247,simulation.tick,instance,1,OK,"{""tick"": 247}"
272,2026-09-29T03:53:25.997241,2026-01-03T14:00:00,248,simulation.tick,instance,1,OK,"{""tick"": 248}"
273,2026-09-29T03:53:26.077431,2026-01-03T14:15:00,249,simulation.tick,instance,1,OK,"{""tick"": 249}"
274,2026-09-29T03:53:26.157916,2026-01-03T14:30:00,250,simulation.tick,instance,1,OK,"{""tick"": 250}"
275,2026-09-29T03:53:26.234626,2026-01-03T14:45:00,251,simulation.tick,instance,1,OK,"{""tick"": 251}"
276,2026-09-29T03:53:26.316460,2026-01-03T15:00:00,252,simulation.tick,instance,1,OK,"{""tick"": 252}"
277,2026-09-29T03:53:26.394990,2026-01-03T15:15:00,253,simulation.tick,instance,1,OK,"{""tick"": 253}"
278,2026-09-29T03:53:26.476236,2026-01-03T15:30:00,254,simulation.tick,instance,1,OK,"{""tick"": 254}"
279,2026-09-29T03:53:26.554146,2026-01-03T15:45:00,255,simulation.tick,instance,1,OK,"{""tick"": 255}"
280,2026-09-29T03:53:26.648265,2026-01-03T16:00:00,256,simulation.tick,instance,1,OK,"{""tick"": 256}"
281,2026-09-29T03:53:26.734390,2026-01-03T16:15:00,257,simulation.tick,instance,1,OK,"{""tick"": 257}"
282,2026-09-29T03:53:26.816933,2026-01-03T16:30:00,258,simulation.tick,instance,1,OK,"{""tick"": 258}"
283,2026-09-29T03:53:26.897100,2026-01-03T16:45:00,259,simulation.tick,instance,1,OK,"{""tick"": 259}"
284,2026-09-29T03:53:26.982797,2026-01-03T17:00:00,260,simulation.tick,instance,1,OK,"{""tick"": 260}"
285,2026-09-29T03:53:27.067523,2026-01-03T17:15:00,261,simulation.tick,instance,1,OK,"{""tick"": 261}"
286,2026-09-29T03:53:27.154565,2026-01-03T17:30:00,262,simulation.tick,instance,1,OK,"{""tick"": 262}"
287,2026-09-29T03:53:27.236073,2026-01-03T17:45:00,263,simulation.tick,instance,1,OK,"{""tick"": 263}"
288,2026-09-29T03:53:27.318900,2026-01-03T18:00:00,264,simulation.tick,instance,1,OK,"{""tick"": 264}"
289,2026-09-29T03:53:27.399667,2026-01-03T18:15:00,265,simulation.tick,instance,1,OK,"{""tick"": 265}"
290,2026-09-29T03:53:27.486168,2026-01-03T18:30:00,266,simulation.tick,instance,1,OK,"{""tick"": 266}"
291,2026-09-29T03:53:27.569517,2026-01-03T18:45:00,267,simulation.tick,instance,1,OK,"{""tick"": 267}"
292,2026-09-29T03:53:27.654453,2026-01-03T19:00:00,268,simulation.tick,instance,1,OK,"{""tick"": 268}"
293,2026-09-29T03:53:27.732695,2026-01-03T19:15:00,269,simulation.tick,instance,1,OK,"{""tick"": 269}"
294,2026-09-29T03:53:27.817266,2026-01-03T19:30:00,270,simulation.tick,instance,1,OK,"{""tick"": 270}"
295,2026-09-29T03:53:27.900972,2026-01-03T19:45:00,271,simulation.tick,instance,1,OK,"{""tick"": 271}"
296,2026-09-29T03:53:27.993471,2026-01-03T20:00:00,272,simulation.tick,instance,1,OK,"{""tick"": 272}"
297,2026-09-29T03:53:28.077002,2026-01-03T20:15:00,273,simulation.tick,instance,1,OK,"{""tick"": 273}"
298,2026-09-29T03:53:28.161864,2026-01-03T20:30:00,274,simulation.tick,instance,1,OK,"{""tick"": 274}"
299,2026-09-29T03:53:28.243651,2026-01-03T20:45:00,275,simulation.tick,instance,1,OK,"{""tick"": 275}"
300,2026-09-29T03:53:28.326046,2026-01-03T21:00:00,276,simulation.tick,instance,1,OK,"{""tick"": 276}"
301,2026-09-29T03:53:28.405916,2026-01-03T21:15:00,277,simulation.tick,instance,1,OK,"{""tick"": 277}"
302,2026-09-29T03:53:28.487675,2026-01-03T21:30:00,278,simulation.tick,instance,1,OK,"{""tick"": 278}"
303,2026-09-29T03:53:28.567464,2026-01-03T21:45:00,279,simulation.tick,instance,1,OK,"{""tick"": 279}"
304,2026-09-29T03:53:28.651912,2026-01-03T22:00:00,280,simulation.tick,instance,1,OK,"{""tick"": 280}"
305,2026-09-29T03:53:28.743926,2026-01-03T22:15:00,281,simulation.tick,instance,1,OK,"{""tick"": 281}"
306,2026-09-29T03:53:28.835973,2026-01-03T22:30:00,282,simulation.tick,instance,1,OK,"{""tick"": 282}"
307,2026-09-29T03:53:28.928887,2026-01-03T22:45:00,283,simulation.tick,instance,1,OK,"{""tick"": 283}"
308,2026-09-29T03:53:29.018168,2026-01-03T23:00:00,284,simulation.tick,instance,1,OK,"{""tick"": 284}"
309,2026-09-29T03:53:29.103173,2026-01-03T23:15:00,285,simulation.tick,instance,1,OK,"{""tick"": 285}"
310,2026-09-29T03:53:29.230779,2026-01-03T23:30:00,286,simulation.tick,instance,1,OK,"{""tick"": 286}"
311,2026-09-29T03:53:29.321264,2026-01-03T23:45:00,287,simulation.tick,instance,1,OK,"{""tick"": 287}"
312,2026-09-29T03:53:29.410491,2026-01-04T00:00:00,288,simulation.tick,instance,1,OK,"{""tick"": 288}"
313,2026-09-29T03:53:29.500443,2026-01-04T00:15:00,289,simulation.tick,instance,1,OK,"{""tick"": 289}"
314,2026-09-29T03:53:29.589492,2026-01-04T00:30:00,290,simulation.tick,instance,1,OK,"{""tick"": 290}"
315,2026-09-29T03:53:29.679385,2026-01-04T00:45:00,291,simulation.tick,instance,1,OK,"{""tick"": 291}"
316,2026-09-29T03:53:29.764599,2026-01-04T01:00:00,292,simulation.tick,instance,1,OK,"{""tick"": 292}"
317,2026-09-29T03:53:29.854388,2026-01-04T01:15:00,293,simulation.tick,instance,1,OK,"{""tick"": 293}"
318,2026-09-29T03:53:29.940227,2026-01-04T01:30:00,294,simulation.tick,instance,1,OK,"{""tick"": 294}"
319,2026-09-29T03:53:30.030710,2026-01-04T01:45:00,295,simulation.tick,instance,1,OK,"{""tick"": 295}"
320,2026-09-29T03:53:30.116848,2026-01-04T02:00:00,296,simulation.tick,instance,1,OK,"{""tick"": 296}"
321,2026-09-29T03:53:30.203677,2026-01-04T02:15:00,297,simulation.tick,instance,1,OK,"{""tick"": 297}"
322,2026-09-29T03:53:30.294348,2026-01-04T02:30:00,298,simulation.tick,instance,1,OK,"{""tick"": 298}"
323,2026-09-29T03:53:30.386740,2026-01-04T02:45:00,299,simulation.tick,instance,1,OK,"{""tick"": 299}"
324,2026-09-29T03:53:30.478521,2026-01-04T03:00:00,300,simulation.tick,instance,1,OK,"{""tick"": 300}"
325,2026-09-29T03:53:30.573217,2026-01-04T03:15:00,301,simulation.tick,instance,1,OK,"{""tick"": 301}"
326,2026-09-29T03:53:30.660668,2026-01-04T03:30:00,302,simulation.tick,instance,1,OK,"{""tick"": 302}"
327,2026-09-29T03:53:30.745153,2026-01-04T03:45:00,303,simulation.tick,instance,1,OK,"{""tick"": 303}"
328,2026-09-29T03:53:30.829962,2026-01-04T04:00:00,304,simulation.tick,instance,1,OK,"{""tick"": 304}"
329,2026-09-29T03:53:30.919529,2026-01-04T04:15:00,305,simulation.tick,instance,1,OK,"{""tick"": 305}"
330,2026-09-29T03:53:31.008187,2026-01-04T04:30:00,306,simulation.tick,instance,1,OK,"{""tick"": 306}"
331,2026-09-29T03:53:31.100788,2026-01-04T04:45:00,307,simulation.tick,instance,1,OK,"{""tick"": 307}"
332,2026-09-29T03:53:31.201825,2026-01-04T05:00:00,308,simulation.tick,instance,1,OK,"{""tick"": 308}"
333,2026-09-29T03:53:31.300941,2026-01-04T05:15:00,309,simulation.tick,instance,1,OK,"{""tick"": 309}"
334,2026-09-29T03:53:31.380057,2026-01-04T05:30:00,310,simulation.tick,instance,1,OK,"{""tick"": 310}"
335,2026-09-29T03:53:31.458834,2026-01-04T05:45:00,311,simulation.tick,instance,1,OK,"{""tick"": 311}"
336,2026-09-29T03:53:31.544166,2026-01-04T06:00:00,312,simulation.tick,instance,1,OK,"{""tick"": 312}"
337,2026-09-29T03:53:31.625903,2026-01-04T06:15:00,313,simulation.tick,instance,1,OK,"{""tick"": 313}"
338,2026-09-29T03:53:31.711738,2026-01-04T06:30:00,314,simulation.tick,instance,1,OK,"{""tick"": 314}"
339,2026-09-29T03:53:31.792582,2026-01-04T06:45:00,315,simulation.tick,instance,1,OK,"{""tick"": 315}"
340,2026-09-29T03:53:31.880371,2026-01-04T07:00:00,316,simulation.tick,instance,1,OK,"{""tick"": 316}"
341,2026-09-29T03:53:31.967139,2026-01-04T07:15:00,317,simulation.tick,instance,1,OK,"{""tick"": 317}"
342,2026-09-29T03:53:32.055772,2026-01-04T07:30:00,318,simulation.tick,instance,1,OK,"{""tick"": 318}"
343,2026-09-29T03:53:32.141575,2026-01-04T07:45:00,319,simulation.tick,instance,1,OK,"{""tick"": 319}"
344,2026-09-29T03:53:32.232525,2026-01-04T08:00:00,320,simulation.tick,instance,1,OK,"{""tick"": 320}"
345,2026-09-29T03:53:32.317489,2026-01-04T08:15:00,321,simulation.tick,instance,1,OK,"{""tick"": 321}"
346,2026-09-29T03:53:32.405030,2026-01-04T08:30:00,322,simulation.tick,instance,1,OK,"{""tick"": 322}"
347,2026-09-29T03:53:32.489771,2026-01-04T08:45:00,323,simulation.tick,instance,1,OK,"{""tick"": 323}"
348,2026-09-29T03:53:32.577163,2026-01-04T09:00:00,324,simulation.tick,instance,1,OK,"{""tick"": 324}"
349,2026-09-29T03:53:32.662071,2026-01-04T09:15:00,325,simulation.tick,instance,1,OK,"{""tick"": 325}"
350,2026-09-29T03:53:32.751897,2026-01-04T09:30:00,326,simulation.tick,instance,1,OK,"{""tick"": 326}"
351,2026-09-29T03:53:32.837386,2026-01-04T09:45:00,327,simulation.tick,instance,1,OK,"{""tick"": 327}"
352,2026-09-29T03:53:32.925404,2026-01-04T10:00:00,328,simulation.tick,instance,1,OK,"{""tick"": 328}"
353,2026-09-29T03:53:33.011254,2026-01-04T10:15:00,329,simulation.tick,instance,1,OK,"{""tick"": 329}"
354,2026-09-29T03:53:33.101922,2026-01-04T10:30:00,330,simulation.tick,instance,1,OK,"{""tick"": 330}"
355,2026-09-29T03:53:33.196029,2026-01-04T10:45:00,331,simulation.tick,instance,1,OK,"{""tick"": 331}"
356,2026-09-29T03:53:33.314590,2026-01-04T11:00:00,332,simulation.tick,instance,1,OK,"{""tick"": 332}"
357,2026-09-29T03:53:33.399199,2026-01-04T11:15:00,333,simulation.tick,instance,1,OK,"{""tick"": 333}"
358,2026-09-29T03:53:33.489572,2026-01-04T11:30:00,334,simulation.tick,instance,1,OK,"{""tick"": 334}"
359,2026-09-29T03:53:33.579908,2026-01-04T11:45:00,335,simulation.tick,instance,1,OK,"{""tick"": 335}"
360,2026-09-29T03:53:33.672988,2026-01-04T12:00:00,336,simulation.tick,instance,1,OK,"{""tick"": 336}"
361,2026-09-29T03:53:33.763147,2026-01-04T12:15:00,337,simulation.tick,instance,1,OK,"{""tick"": 337}"
362,2026-09-29T03:53:33.856081,2026-01-04T12:30:00,338,simulation.tick,instance,1,OK,"{""tick"": 338}"
363,2026-09-29T03:53:33.943750,2026-01-04T12:45:00,339,simulation.tick,instance,1,OK,"{""tick"": 339}"
364,2026-09-29T03:53:34.033228,2026-01-04T13:00:00,340,simulation.tick,instance,1,OK,"{""tick"": 340}"
365,2026-09-29T03:53:34.122753,2026-01-04T13:15:00,341,simulation.tick,instance,1,OK,"{""tick"": 341}"
366,2026-09-29T03:53:34.243100,2026-01-04T13:30:00,342,simulation.tick,instance,1,OK,"{""tick"": 342}"
367,2026-09-29T03:53:34.320648,2026-01-04T13:45:00,343,simulation.tick,instance,1,OK,"{""tick"": 343}"
368,2026-09-29T03:53:34.399776,2026-01-04T14:00:00,344,simulation.tick,instance,1,OK,"{""tick"": 344}"
369,2026-09-29T03:53:34.480888,2026-01-04T14:15:00,345,simulation.tick,instance,1,OK,"{""tick"": 345}"
370,2026-09-29T03:53:34.562546,2026-01-04T14:30:00,346,simulation.tick,instance,1,OK,"{""tick"": 346}"
371,2026-09-29T03:53:34.643096,2026-01-04T14:45:00,347,simulation.tick,instance,1,OK,"{""tick"": 347}"
372,2026-09-29T03:53:34.724036,2026-01-04T15:00:00,348,simulation.tick,instance,1,OK,"{""tick"": 348}"
373,2026-09-29T03:53:34.805375,2026-01-04T15:15:00,349,simulation.tick,instance,1,OK,"{""tick"": 349}"
374,2026-09-29T03:53:34.884307,2026-01-04T15:30:00,350,simulation.tick,instance,1,OK,"{""tick"": 350}"
375,2026-09-29T03:53:34.967427,2026-01-04T15:45:00,351,simulation.tick,instance,1,OK,"{""tick"": 351}"
376,2026-09-29T03:53:35.046774,2026-01-04T16:00:00,352,simulation.tick,instance,1,OK,"{""tick"": 352}"
377,2026-09-29T03:53:35.128950,2026-01-04T16:15:00,353,simulation.tick,instance,1,OK,"{""tick"": 353}"
378,2026-09-29T03:53:35.211986,2026-01-04T16:30:00,354,simulation.tick,instance,1,OK,"{""tick"": 354}"
379,2026-09-29T03:53:35.293863,2026-01-04T16:45:00,355,simulation.tick,instance,1,OK,"{""tick"": 355}"
380,2026-09-29T03:53:35.374430,2026-01-04T17:00:00,356,simulation.tick,instance,1,OK,"{""tick"": 356}"
381,2026-09-29T03:53:35.456071,2026-01-04T17:15:00,357,simulation.tick,instance,1,OK,"{""tick"": 357}"
382,2026-09-29T03:53:35.536503,2026-01-04T17:30:00,358,simulation.tick,instance,1,OK,"{""tick"": 358}"
383,2026-09-29T03:53:35.618712,2026-01-04T17:45:00,359,simulation.tick,instance,1,OK,"{""tick"": 359}"
384,2026-09-29T03:53:35.698870,2026-01-04T18:00:00,360,simulation.tick,instance,1,OK,"{""tick"": 360}"
385,2026-09-29T03:53:35.783014,2026-01-04T18:15:00,361,simulation.tick,instance,1,OK,"{""tick"": 361}"
386,2026-09-29T03:53:35.862697,2026-01-04T18:30:00,362,simulation.tick,instance,1,OK,"{""tick"": 362}"
387,2026-09-29T03:53:35.944883,2026-01-04T18:45:00,363,simulation.tick,instance,1,OK,"{""tick"": 363}"
388,2026-09-29T03:53:36.024898,2026-01-04T19:00:00,364,simulation.tick,instance,1,OK,"{""tick"": 364}"
389,2026-09-29T03:53:36.103342,2026-01-04T19:15:00,365,simulation.tick,instance,1,OK,"{""tick"": 365}"
390,2026-09-29T03:53:36.183626,2026-01-04T19:30:00,366,simulation.tick,instance,1,OK,"{""tick"": 366}"
391,2026-09-29T03:53:36.270450,2026-01-04T19:45:00,367,simulation.tick,instance,1,OK,"{""tick"": 367}"
392,2026-09-29T03:53:36.349934,2026-01-04T20:00:00,368,simulation.tick,instance,1,OK,"{""tick"": 368}"
393,2026-09-29T03:53:36.432688,2026-01-04T20:15:00,369,simulation.tick,instance,1,OK,"{""tick"": 369}"
394,2026-09-29T03:53:36.512891,2026-01-04T20:30:00,370,simulation.tick,instance,1,OK,"{""tick"": 370}"
395,2026-09-29T03:53:36.592691,2026-01-04T20:45:00,371,simulation.tick,instance,1,OK,"{""tick"": 371}"
396,2026-09-29T03:53:36.673263,2026-01-04T21:00:00,372,simulation.tick,instance,1,OK,"{""tick"": 372}"
397,2026-09-29T03:53:36.755599,2026-01-04T21:15:00,373,simulation.tick,instance,1,OK,"{""tick"": 373}"
398,2026-09-29T03:53:36.835941,2026-01-04T21:30:00,374,simulation.tick,instance,1,OK,"{""tick"": 374}"
399,2026-09-29T03:53:36.918257,2026-01-04T21:45:00,375,simulation.tick,instance,1,OK,"{""tick"": 375}"
400,2026-09-29T03:53:36.999344,2026-01-04T22:00:00,376,simulation.tick,instance,1,OK,"{""tick"": 376}"
401,2026-09-29T03:53:37.082182,2026-01-04T22:15:00,377,simulation.tick,instance,1,OK,"{""tick"": 377}"
402,2026-09-29T03:53:37.161451,2026-01-04T22:30:00,378,simulation.tick,instance,1,OK,"{""tick"": 378}"
403,2026-09-29T03:53:37.252987,2026-01-04T22:45:00,379,simulation.tick,instance,1,OK,"{""tick"": 379}"
404,2026-09-29T03:53:37.335198,2026-01-04T23:00:00,380,simulation.tick,instance,1,OK,"{""tick"": 380}"
405,2026-09-29T03:53:37.420825,2026-01-04T23:15:00,381,simulation.tick,instance,1,OK,"{""tick"": 381}"
406,2026-09-29T03:53:37.501100,2026-01-04T23:30:00,382,simulation.tick,instance,1,OK,"{""tick"": 382}"
407,2026-09-29T03:53:37.586035,2026-01-04T23:45:00,383,simulation.tick,instance,1,OK,"{""tick"": 383}"
408,2026-09-29T03:53:37.669835,2026-01-05T00:00:00,384,simulation.tick,instance,1,OK,"{""tick"": 384}"
409,2026-09-29T03:53:37.759325,2026-01-05T00:15:00,385,simulation.tick,instance,1,OK,"{""tick"": 385}"
410,2026-09-29T03:53:37.846151,2026-01-05T00:30:00,386,simulation.tick,instance,1,OK,"{""tick"": 386}"
411,2026-09-29T03:53:37.933111,2026-01-05T00:45:00,387,simulation.tick,instance,1,OK,"{""tick"": 387}"
412,2026-09-29T03:53:38.017623,2026-01-05T01:00:00,388,simulation.tick,instance,1,OK,"{""tick"": 388}"
413,2026-09-29T03:53:38.107745,2026-01-05T01:15:00,389,simulation.tick,instance,1,OK,"{""tick"": 389}"
414,2026-09-29T03:53:38.196219,2026-01-05T01:30:00,390,simulation.tick,instance,1,OK,"{""tick"": 390}"
415,2026-09-29T03:53:38.287479,2026-01-05T01:45:00,391,simulation.tick,instance,1,OK,"{""tick"": 391}"
416,2026-09-29T03:53:38.373204,2026-01-05T02:00:00,392,simulation.tick,instance,1,OK,"{""tick"": 392}"
417,2026-09-29T03:53:38.462208,2026-01-05T02:15:00,393,simulation.tick,instance,1,OK,"{""tick"": 393}"
418,2026-09-29T03:53:38.547235,2026-01-05T02:30:00,394,simulation.tick,instance,1,OK,"{""tick"": 394}"
419,2026-09-29T03:53:38.632457,2026-01-05T02:45:00,395,simulation.tick,instance,1,OK,"{""tick"": 395}"
420,2026-09-29T03:53:38.720555,2026-01-05T03:00:00,396,simulation.tick,instance,1,OK,"{""tick"": 396}"
421,2026-09-29T03:53:38.807845,2026-01-05T03:15:00,397,simulation.tick,instance,1,OK,"{""tick"": 397}"
422,2026-09-29T03:53:38.892968,2026-01-05T03:30:00,398,simulation.tick,instance,1,OK,"{""tick"": 398}"
423,2026-09-29T03:53:38.983610,2026-01-05T03:45:00,399,simulation.tick,instance,1,OK,"{""tick"": 399}"
424,2026-09-29T03:53:39.066823,2026-01-05T04:00:00,400,simulation.tick,instance,1,OK,"{""tick"": 400}"
425,2026-09-29T03:53:39.152141,2026-01-05T04:15:00,401,simulation.tick,instance,1,OK,"{""tick"": 401}"
426,2026-09-29T03:53:39.243066,2026-01-05T04:30:00,402,simulation.tick,instance,1,OK,"{""tick"": 402}"
427,2026-09-29T03:53:39.329691,2026-01-05T04:45:00,403,simulation.tick,instance,1,OK,"{""tick"": 403}"
428,2026-09-29T03:53:39.454449,2026-01-05T05:00:00,404,simulation.tick,instance,1,OK,"{""tick"": 404}"
429,2026-09-29T03:53:39.538944,2026-01-05T05:15:00,405,simulation.tick,instance,1,OK,"{""tick"": 405}"
430,2026-09-29T03:53:39.621396,2026-01-05T05:30:00,406,simulation.tick,instance,1,OK,"{""tick"": 406}"
431,2026-09-29T03:53:39.705474,2026-01-05T05:45:00,407,simulation.tick,instance,1,OK,"{""tick"": 407}"
432,2026-09-29T03:53:39.788431,2026-01-05T06:00:00,408,simulation.tick,instance,1,OK,"{""tick"": 408}"
433,2026-09-29T03:53:39.874225,2026-01-05T06:15:00,409,simulation.tick,instance,1,OK,"{""tick"": 409}"
434,2026-09-29T03:53:39.954806,2026-01-05T06:30:00,410,simulation.tick,instance,1,OK,"{""tick"": 410}"
435,2026-09-29T03:53:40.039497,2026-01-05T06:45:00,411,simulation.tick,instance,1,OK,"{""tick"": 411}"
436,2026-09-29T03:53:40.121641,2026-01-05T07:00:00,412,simulation.tick,instance,1,OK,"{""tick"": 412}"
437,2026-09-29T03:53:40.207069,2026-01-05T07:15:00,413,simulation.tick,instance,1,OK,"{""tick"": 413}"
438,2026-09-29T03:53:40.293124,2026-01-05T07:30:00,414,simulation.tick,instance,1,OK,"{""tick"": 414}"
439,2026-09-29T03:53:40.385012,2026-01-05T07:45:00,415,simulation.tick,instance,1,OK,"{""tick"": 415}"
440,2026-09-29T03:53:40.482584,2026-01-05T08:00:00,416,simulation.tick,instance,1,OK,"{""tick"": 416}"
441,2026-09-29T03:53:40.584053,2026-01-05T08:15:00,417,simulation.tick,instance,1,OK,"{""tick"": 417}"
442,2026-09-29T03:53:40.671356,2026-01-05T08:30:00,418,simulation.tick,instance,1,OK,"{""tick"": 418}"
443,2026-09-29T03:53:40.756175,2026-01-05T08:45:00,419,simulation.tick,instance,1,OK,"{""tick"": 419}"
444,2026-09-29T03:53:40.846554,2026-01-05T09:00:00,420,simulation.tick,instance,1,OK,"{""tick"": 420}"
445,2026-09-29T03:53:40.933557,2026-01-05T09:15:00,421,simulation.tick,instance,1,OK,"{""tick"": 421}"
446,2026-09-29T03:53:41.019964,2026-01-05T09:30:00,422,simulation.tick,instance,1,OK,"{""tick"": 422}"
447,2026-09-29T03:53:41.108424,2026-01-05T09:45:00,423,simulation.tick,instance,1,OK,"{""tick"": 423}"
448,2026-09-29T03:53:41.194941,2026-01-05T10:00:00,424,simulation.tick,instance,1,OK,"{""tick"": 424}"
449,2026-09-29T03:53:41.281853,2026-01-05T10:15:00,425,simulation.tick,instance,1,OK,"{""tick"": 425}"
450,2026-09-29T03:53:41.369665,2026-01-05T10:30:00,426,simulation.tick,instance,1,OK,"{""tick"": 426}"
451,2026-09-29T03:53:41.477710,2026-01-05T10:45:00,427,simulation.tick,instance,1,OK,"{""tick"": 427}"
452,2026-09-29T03:53:41.573030,2026-01-05T11:00:00,428,simulation.tick,instance,1,OK,"{""tick"": 428}"
453,2026-09-29T03:53:41.659793,2026-01-05T11:15:00,429,simulation.tick,instance,1,OK,"{""tick"": 429}"
454,2026-09-29T03:53:41.745809,2026-01-05T11:30:00,430,simulation.tick,instance,1,OK,"{""tick"": 430}"
455,2026-09-29T03:53:41.831741,2026-01-05T11:45:00,431,simulation.tick,instance,1,OK,"{""tick"": 431}"
456,2026-09-29T03:53:41.920057,2026-01-05T12:00:00,432,simulation.tick,instance,1,OK,"{""tick"": 432}"
457,2026-09-29T03:53:42.010232,2026-01-05T12:15:00,433,simulation.tick,instance,1,OK,"{""tick"": 433}"
458,2026-09-29T03:53:42.098933,2026-01-05T12:30:00,434,simulation.tick,instance,1,OK,"{""tick"": 434}"
459,2026-09-29T03:53:42.216050,2026-01-05T12:45:00,435,simulation.tick,instance,1,OK,"{""tick"": 435}"
460,2026-09-29T03:53:42.308246,2026-01-05T13:00:00,436,simulation.tick,instance,1,OK,"{""tick"": 436}"
461,2026-09-29T03:53:42.398457,2026-01-05T13:15:00,437,simulation.tick,instance,1,OK,"{""tick"": 437}"
462,2026-09-29T03:53:42.487585,2026-01-05T13:30:00,438,simulation.tick,instance,1,OK,"{""tick"": 438}"
463,2026-09-29T03:53:42.576060,2026-01-05T13:45:00,439,simulation.tick,instance,1,OK,"{""tick"": 439}"
464,2026-09-29T03:53:42.667410,2026-01-05T14:00:00,440,simulation.tick,instance,1,OK,"{""tick"": 440}"
465,2026-09-29T03:53:42.753705,2026-01-05T14:15:00,441,simulation.tick,instance,1,OK,"{""tick"": 441}"
466,2026-09-29T03:53:42.842017,2026-01-05T14:30:00,442,simulation.tick,instance,1,OK,"{""tick"": 442}"
467,2026-09-29T03:53:42.927468,2026-01-05T14:45:00,443,simulation.tick,instance,1,OK,"{""tick"": 443}"
468,2026-09-29T03:53:43.009906,2026-01-05T15:00:00,444,simulation.tick,instance,1,OK,"{""tick"": 444}"
469,2026-09-29T03:53:43.089853,2026-01-05T15:15:00,445,simulation.tick,instance,1,OK,"{""tick"": 445}"
470,2026-09-29T03:53:43.171836,2026-01-05T15:30:00,446,simulation.tick,instance,1,OK,"{""tick"": 446}"
471,2026-09-29T03:53:43.260784,2026-01-05T15:45:00,447,simulation.tick,instance,1,OK,"{""tick"": 447}"
472,2026-09-29T03:53:43.348478,2026-01-05T16:00:00,448,simulation.tick,instance,1,OK,"{""tick"": 448}"
473,2026-09-29T03:53:43.431527,2026-01-05T16:15:00,449,simulation.tick,instance,1,OK,"{""tick"": 449}"
474,2026-09-29T03:53:43.514116,2026-01-05T16:30:00,450,simulation.tick,instance,1,OK,"{""tick"": 450}"
475,2026-09-29T03:53:43.599598,2026-01-05T16:45:00,451,simulation.tick,instance,1,OK,"{""tick"": 451}"
476,2026-09-29T03:53:43.681628,2026-01-05T17:00:00,452,simulation.tick,instance,1,OK,"{""tick"": 452}"
477,2026-09-29T03:53:43.768729,2026-01-05T17:15:00,453,simulation.tick,instance,1,OK,"{""tick"": 453}"
478,2026-09-29T03:53:43.852576,2026-01-05T17:30:00,454,simulation.tick,instance,1,OK,"{""tick"": 454}"
479,2026-09-29T03:53:43.942340,2026-01-05T17:45:00,455,simulation.tick,instance,1,OK,"{""tick"": 455}"
480,2026-09-29T03:53:44.028707,2026-01-05T18:00:00,456,simulation.tick,instance,1,OK,"{""tick"": 456}"
481,2026-09-29T03:53:44.110239,2026-01-05T18:15:00,457,simulation.tick,instance,1,OK,"{""tick"": 457}"
482,2026-09-29T03:53:44.196998,2026-01-05T18:30:00,458,simulation.tick,instance,1,OK,"{""tick"": 458}"
483,2026-09-29T03:53:44.284504,2026-01-05T18:45:00,459,simulation.tick,instance,1,OK,"{""tick"": 459}"
484,2026-09-29T03:53:44.367696,2026-01-05T19:00:00,460,simulation.tick,instance,1,OK,"{""tick"": 460}"
485,2026-09-29T03:53:44.481250,2026-01-05T19:15:00,461,simulation.tick,instance,1,OK,"{""tick"": 461}"
486,2026-09-29T03:53:44.562059,2026-01-05T19:30:00,462,simulation.tick,instance,1,OK,"{""tick"": 462}"
487,2026-09-29T03:53:44.642529,2026-01-05T19:45:00,463,simulation.tick,instance,1,OK,"{""tick"": 463}"
488,2026-09-29T03:53:44.726559,2026-01-05T20:00:00,464,simulation.tick,instance,1,OK,"{""tick"": 464}"
489,2026-09-29T03:53:44.805227,2026-01-05T20:15:00,465,simulation.tick,instance,1,OK,"{""tick"": 465}"
490,2026-09-29T03:53:44.888827,2026-01-05T20:30:00,466,simulation.tick,instance,1,OK,"{""tick"": 466}"
491,2026-09-29T03:53:44.968102,2026-01-05T20:45:00,467,simulation.tick,instance,1,OK,"{""tick"": 467}"
492,2026-09-29T03:53:45.054318,2026-01-05T21:00:00,468,simulation.tick,instance,1,OK,"{""tick"": 468}"
493,2026-09-29T03:53:45.135855,2026-01-05T21:15:00,469,simulation.tick,instance,1,OK,"{""tick"": 469}"
494,2026-09-29T03:53:45.220670,2026-01-05T21:30:00,470,simulation.tick,instance,1,OK,"{""tick"": 470}"
495,2026-09-29T03:53:45.300904,2026-01-05T21:45:00,471,simulation.tick,instance,1,OK,"{""tick"": 471}"
496,2026-09-29T03:53:45.385625,2026-01-05T22:00:00,472,simulation.tick,instance,1,OK,"{""tick"": 472}"
497,2026-09-29T03:53:45.466439,2026-01-05T22:15:00,473,simulation.tick,instance,1,OK,"{""tick"": 473}"
498,2026-09-29T03:53:45.551494,2026-01-05T22:30:00,474,simulation.tick,instance,1,OK,"{""tick"": 474}"
499,2026-09-29T03:53:45.649470,2026-01-05T22:45:00,475,simulation.tick,instance,1,OK,"{""tick"": 475}"
500,2026-09-29T03:53:45.732995,2026-01-05T23:00:00,476,simulation.tick,instance,1,OK,"{""tick"": 476}"
501,2026-09-29T03:53:45.811403,2026-01-05T23:15:00,477,simulation.tick,instance,1,OK,"{""tick"": 477}"
502,2026-09-29T03:53:45.892449,2026-01-05T23:30:00,478,simulation.tick,instance,1,OK,"{""tick"": 478}"
503,2026-09-29T03:53:45.971701,2026-01-05T23:45:00,479,simulation.tick,instance,1,OK,"{""tick"": 479}"
504,2026-09-29T03:53:46.053193,2026-01-06T00:00:00,480,simulation.tick,instance,1,OK,"{""tick"": 480}"
505,2026-09-29T03:53:46.133662,2026-01-06T00:15:00,481,simulation.tick,instance,1,OK,"{""tick"": 481}"
506,2026-09-29T03:53:46.214489,2026-01-06T00:30:00,482,simulation.tick,instance,1,OK,"{""tick"": 482}"
507,2026-09-29T03:53:46.297653,2026-01-06T00:45:00,483,simulation.tick,instance,1,OK,"{""tick"": 483}"
508,2026-09-29T03:53:46.382919,2026-01-06T01:00:00,484,simulation.tick,instance,1,OK,"{""tick"": 484}"
509,2026-09-29T03:53:46.466302,2026-01-06T01:15:00,485,simulation.tick,instance,1,OK,"{""tick"": 485}"
510,2026-09-29T03:53:46.549086,2026-01-06T01:30:00,486,simulation.tick,instance,1,OK,"{""tick"": 486}"
511,2026-09-29T03:53:46.628495,2026-01-06T01:45:00,487,simulation.tick,instance,1,OK,"{""tick"": 487}"
512,2026-09-29T03:53:46.711427,2026-01-06T02:00:00,488,simulation.tick,instance,1,OK,"{""tick"": 488}"
513,2026-09-29T03:53:46.791529,2026-01-06T02:15:00,489,simulation.tick,instance,1,OK,"{""tick"": 489}"
514,2026-09-29T03:53:46.873413,2026-01-06T02:30:00,490,simulation.tick,instance,1,OK,"{""tick"": 490}"
515,2026-09-29T03:53:46.956353,2026-01-06T02:45:00,491,simulation.tick,instance,1,OK,"{""tick"": 491}"
516,2026-09-29T03:53:47.039203,2026-01-06T03:00:00,492,simulation.tick,instance,1,OK,"{""tick"": 492}"
517,2026-09-29T03:53:47.118898,2026-01-06T03:15:00,493,simulation.tick,instance,1,OK,"{""tick"": 493}"
518,2026-09-29T03:53:47.198497,2026-01-06T03:30:00,494,simulation.tick,instance,1,OK,"{""tick"": 494}"
519,2026-09-29T03:53:47.283009,2026-01-06T03:45:00,495,simulation.tick,instance,1,OK,"{""tick"": 495}"
520,2026-09-29T03:53:47.364791,2026-01-06T04:00:00,496,simulation.tick,instance,1,OK,"{""tick"": 496}"
521,2026-09-29T03:53:47.448170,2026-01-06T04:15:00,497,simulation.tick,instance,1,OK,"{""tick"": 497}"
522,2026-09-29T03:53:47.526067,2026-01-06T04:30:00,498,simulation.tick,instance,1,OK,"{""tick"": 498}"
523,2026-09-29T03:53:47.608032,2026-01-06T04:45:00,499,simulation.tick,instance,1,OK,"{""tick"": 499}"
524,2026-09-29T03:53:47.687075,2026-01-06T05:00:00,500,simulation.tick,instance,1,OK,"{""tick"": 500}"
525,2026-09-29T03:53:47.769149,2026-01-06T05:15:00,501,simulation.tick,instance,1,OK,"{""tick"": 501}"
526,2026-09-29T03:53:47.849996,2026-01-06T05:30:00,502,simulation.tick,instance,1,OK,"{""tick"": 502}"
527,2026-09-29T03:53:47.931576,2026-01-06T05:45:00,503,simulation.tick,instance,1,OK,"{""tick"": 503}"
528,2026-09-29T03:53:48.009926,2026-01-06T06:00:00,504,simulation.tick,instance,1,OK,"{""tick"": 504}"
529,2026-09-29T03:53:48.092054,2026-01-06T06:15:00,505,simulation.tick,instance,1,OK,"{""tick"": 505}"
530,2026-09-29T03:53:48.171122,2026-01-06T06:30:00,506,simulation.tick,instance,1,OK,"{""tick"": 506}"
531,2026-09-29T03:53:48.253470,2026-01-06T06:45:00,507,simulation.tick,instance,1,OK,"{""tick"": 507}"
532,2026-09-29T03:53:48.334884,2026-01-06T07:00:00,508,simulation.tick,instance,1,OK,"{""tick"": 508}"
533,2026-09-29T03:53:48.418664,2026-01-06T07:15:00,509,simulation.tick,instance,1,OK,"{""tick"": 509}"
534,2026-09-29T03:53:48.500835,2026-01-06T07:30:00,510,simulation.tick,instance,1,OK,"{""tick"": 510}"
535,2026-09-29T03:53:48.587713,2026-01-06T07:45:00,511,simulation.tick,instance,1,OK,"{""tick"": 511}"
536,2026-09-29T03:53:48.672183,2026-01-06T08:00:00,512,simulation.tick,instance,1,OK,"{""tick"": 512}"
537,2026-09-29T03:53:48.755134,2026-01-06T08:15:00,513,simulation.tick,instance,1,OK,"{""tick"": 513}"
538,2026-09-29T03:53:48.839250,2026-01-06T08:30:00,514,simulation.tick,instance,1,OK,"{""tick"": 514}"
539,2026-09-29T03:53:48.921863,2026-01-06T08:45:00,515,simulation.tick,instance,1,OK,"{""tick"": 515}"
540,2026-09-29T03:53:49.003196,2026-01-06T09:00:00,516,simulation.tick,instance,1,OK,"{""tick"": 516}"
541,2026-09-29T03:53:49.095801,2026-01-06T09:15:00,517,simulation.tick,instance,1,OK,"{""tick"": 517}"
542,2026-09-29T03:53:49.179378,2026-01-06T09:30:00,518,simulation.tick,instance,1,OK,"{""tick"": 518}"
543,2026-09-29T03:53:49.266671,2026-01-06T09:45:00,519,simulation.tick,instance,1,OK,"{""tick"": 519}"
544,2026-09-29T03:53:49.347553,2026-01-06T10:00:00,520,simulation.tick,instance,1,OK,"{""tick"": 520}"
545,2026-09-29T03:53:49.433372,2026-01-06T10:15:00,521,simulation.tick,instance,1,OK,"{""tick"": 521}"
546,2026-09-29T03:53:49.513306,2026-01-06T10:30:00,522,simulation.tick,instance,1,OK,"{""tick"": 522}"
547,2026-09-29T03:53:49.598178,2026-01-06T10:45:00,523,simulation.tick,instance,1,OK,"{""tick"": 523}"
548,2026-09-29T03:53:49.680949,2026-01-06T11:00:00,524,simulation.tick,instance,1,OK,"{""tick"": 524}"
549,2026-09-29T03:53:49.768762,2026-01-06T11:15:00,525,simulation.tick,instance,1,OK,"{""tick"": 525}"
550,2026-09-29T03:53:49.850357,2026-01-06T11:30:00,526,simulation.tick,instance,1,OK,"{""tick"": 526}"
551,2026-09-29T03:53:49.930934,2026-01-06T11:45:00,527,simulation.tick,instance,1,OK,"{""tick"": 527}"
552,2026-09-29T03:53:50.008815,2026-01-06T12:00:00,528,simulation.tick,instance,1,OK,"{""tick"": 528}"
553,2026-09-29T03:53:50.093854,2026-01-06T12:15:00,529,simulation.tick,instance,1,OK,"{""tick"": 529}"
554,2026-09-29T03:53:50.210851,2026-01-06T12:30:00,530,simulation.tick,instance,1,OK,"{""tick"": 530}"
555,2026-09-29T03:53:50.297980,2026-01-06T12:45:00,531,simulation.tick,instance,1,OK,"{""tick"": 531}"
556,2026-09-29T03:53:50.382137,2026-01-06T13:00:00,532,simulation.tick,instance,1,OK,"{""tick"": 532}"
557,2026-09-29T03:53:50.465807,2026-01-06T13:15:00,533,simulation.tick,instance,1,OK,"{""tick"": 533}"
558,2026-09-29T03:53:50.546848,2026-01-06T13:30:00,534,simulation.tick,instance,1,OK,"{""tick"": 534}"
559,2026-09-29T03:53:50.634635,2026-01-06T13:45:00,535,simulation.tick,instance,1,OK,"{""tick"": 535}"
560,2026-09-29T03:53:50.716925,2026-01-06T14:00:00,536,simulation.tick,instance,1,OK,"{""tick"": 536}"
561,2026-09-29T03:53:50.800843,2026-01-06T14:15:00,537,simulation.tick,instance,1,OK,"{""tick"": 537}"
562,2026-09-29T03:53:50.882202,2026-01-06T14:30:00,538,simulation.tick,instance,1,OK,"{""tick"": 538}"
563,2026-09-29T03:53:50.967847,2026-01-06T14:45:00,539,simulation.tick,instance,1,OK,"{""tick"": 539}"
564,2026-09-29T03:53:51.052610,2026-01-06T15:00:00,540,simulation.tick,instance,1,OK,"{""tick"": 540}"
565,2026-09-29T03:53:51.144715,2026-01-06T15:15:00,541,simulation.tick,instance,1,OK,"{""tick"": 541}"
566,2026-09-29T03:53:51.234266,2026-01-06T15:30:00,542,simulation.tick,instance,1,OK,"{""tick"": 542}"
567,2026-09-29T03:53:51.323346,2026-01-06T15:45:00,543,simulation.tick,instance,1,OK,"{""tick"": 543}"
568,2026-09-29T03:53:51.410218,2026-01-06T16:00:00,544,simulation.tick,instance,1,OK,"{""tick"": 544}"
569,2026-09-29T03:53:51.503844,2026-01-06T16:15:00,545,simulation.tick,instance,1,OK,"{""tick"": 545}"
570,2026-09-29T03:53:51.591103,2026-01-06T16:30:00,546,simulation.tick,instance,1,OK,"{""tick"": 546}"
571,2026-09-29T03:53:51.680492,2026-01-06T16:45:00,547,simulation.tick,instance,1,OK,"{""tick"": 547}"
572,2026-09-29T03:53:51.766354,2026-01-06T17:00:00,548,simulation.tick,instance,1,OK,"{""tick"": 548}"
573,2026-09-29T03:53:51.854973,2026-01-06T17:15:00,549,simulation.tick,instance,1,OK,"{""tick"": 549}"
574,2026-09-29T03:53:51.937407,2026-01-06T17:30:00,550,simulation.tick,instance,1,OK,"{""tick"": 550}"
575,2026-09-29T03:53:52.023548,2026-01-06T17:45:00,551,simulation.tick,instance,1,OK,"{""tick"": 551}"
576,2026-09-29T03:53:52.104500,2026-01-06T18:00:00,552,simulation.tick,instance,1,OK,"{""tick"": 552}"
577,2026-09-29T03:53:52.189410,2026-01-06T18:15:00,553,simulation.tick,instance,1,OK,"{""tick"": 553}"
578,2026-09-29T03:53:52.300642,2026-01-06T18:30:00,554,simulation.tick,instance,1,OK,"{""tick"": 554}"
579,2026-09-29T03:53:52.384081,2026-01-06T18:45:00,555,simulation.tick,instance,1,OK,"{""tick"": 555}"
580,2026-09-29T03:53:52.468398,2026-01-06T19:00:00,556,simulation.tick,instance,1,OK,"{""tick"": 556}"
581,2026-09-29T03:53:52.548167,2026-01-06T19:15:00,557,simulation.tick,instance,1,OK,"{""tick"": 557}"
582,2026-09-29T03:53:52.632880,2026-01-06T19:30:00,558,simulation.tick,instance,1,OK,"{""tick"": 558}"
583,2026-09-29T03:53:52.712586,2026-01-06T19:45:00,559,simulation.tick,instance,1,OK,"{""tick"": 559}"
584,2026-09-29T03:53:52.796161,2026-01-06T20:00:00,560,simulation.tick,instance,1,OK,"{""tick"": 560}"
585,2026-09-29T03:53:52.878208,2026-01-06T20:15:00,561,simulation.tick,instance,1,OK,"{""tick"": 561}"
586,2026-09-29T03:53:53.197183,2026-01-06T20:30:00,562,simulation.tick,instance,1,OK,"{""tick"": 562}"
587,2026-09-29T03:53:53.277210,2026-01-06T20:45:00,563,simulation.tick,instance,1,OK,"{""tick"": 563}"
588,2026-09-29T03:53:53.359805,2026-01-06T21:00:00,564,simulation.tick,instance,1,OK,"{""tick"": 564}"
589,2026-09-29T03:53:53.441194,2026-01-06T21:15:00,565,simulation.tick,instance,1,OK,"{""tick"": 565}"
590,2026-09-29T03:53:53.524907,2026-01-06T21:30:00,566,simulation.tick,instance,1,OK,"{""tick"": 566}"
591,2026-09-29T03:53:53.603955,2026-01-06T21:45:00,567,simulation.tick,instance,1,OK,"{""tick"": 567}"
592,2026-09-29T03:53:53.687370,2026-01-06T22:00:00,568,simulation.tick,instance,1,OK,"{""tick"": 568}"
593,2026-09-29T03:53:53.767347,2026-01-06T22:15:00,569,simulation.tick,instance,1,OK,"{""tick"": 569}"
594,2026-09-29T03:53:53.852611,2026-01-06T22:30:00,570,simulation.tick,instance,1,OK,"{""tick"": 570}"
595,2026-09-29T03:53:53.932063,2026-01-06T22:45:00,571,simulation.tick,instance,1,OK,"{""tick"": 571}"
596,2026-09-29T03:53:54.017012,2026-01-06T23:00:00,572,simulation.tick,instance,1,OK,"{""tick"": 572}"
597,2026-09-29T03:53:54.097452,2026-01-06T23:15:00,573,simulation.tick,instance,1,OK,"{""tick"": 573}"
598,2026-09-29T03:53:54.180512,2026-01-06T23:30:00,574,simulation.tick,instance,1,OK,"{""tick"": 574}"
599,2026-09-29T03:53:54.261059,2026-01-06T23:45:00,575,simulation.tick,instance,1,OK,"{""tick"": 575}"
600,2026-09-29T03:53:54.345669,2026-01-07T00:00:00,576,simulation.tick,instance,1,OK,"{""tick"": 576}"
601,2026-09-29T03:53:54.426426,2026-01-07T00:15:00,577,simulation.tick,instance,1,OK,"{""tick"": 577}"
602,2026-09-29T03:53:54.511363,2026-01-07T00:30:00,578,simulation.tick,instance,1,OK,"{""tick"": 578}"
603,2026-09-29T03:53:54.600017,2026-01-07T00:45:00,579,simulation.tick,instance,1,OK,"{""tick"": 579}"
604,2026-09-29T03:53:54.691488,2026-01-07T01:00:00,580,simulation.tick,instance,1,OK,"{""tick"": 580}"
605,2026-09-29T03:53:54.778797,2026-01-07T01:15:00,581,simulation.tick,instance,1,OK,"{""tick"": 581}"
606,2026-09-29T03:53:54.870463,2026-01-07T01:30:00,582,simulation.tick,instance,1,OK,"{""tick"": 582}"
607,2026-09-29T03:53:54.956267,2026-01-07T01:45:00,583,simulation.tick,instance,1,OK,"{""tick"": 583}"
608,2026-09-29T03:53:55.048028,2026-01-07T02:00:00,584,simulation.tick,instance,1,OK,"{""tick"": 584}"
609,2026-09-29T03:53:55.127042,2026-01-07T02:15:00,585,simulation.tick,instance,1,OK,"{""tick"": 585}"
610,2026-09-29T03:53:55.207442,2026-01-07T02:30:00,586,simulation.tick,instance,1,OK,"{""tick"": 586}"
611,2026-09-29T03:53:55.288407,2026-01-07T02:45:00,587,simulation.tick,instance,1,OK,"{""tick"": 587}"
612,2026-09-29T03:53:55.370555,2026-01-07T03:00:00,588,simulation.tick,instance,1,OK,"{""tick"": 588}"
613,2026-09-29T03:53:55.448575,2026-01-07T03:15:00,589,simulation.tick,instance,1,OK,"{""tick"": 589}"
614,2026-09-29T03:53:55.531476,2026-01-07T03:30:00,590,simulation.tick,instance,1,OK,"{""tick"": 590}"
615,2026-09-29T03:53:55.610424,2026-01-07T03:45:00,591,simulation.tick,instance,1,OK,"{""tick"": 591}"
616,2026-09-29T03:53:55.688074,2026-01-07T04:00:00,592,simulation.tick,instance,1,OK,"{""tick"": 592}"
617,2026-09-29T03:53:55.766421,2026-01-07T04:15:00,593,simulation.tick,instance,1,OK,"{""tick"": 593}"
618,2026-09-29T03:53:55.848786,2026-01-07T04:30:00,594,simulation.tick,instance,1,OK,"{""tick"": 594}"
619,2026-09-29T03:53:55.993530,2026-01-07T04:45:00,595,simulation.tick,instance,1,OK,"{""tick"": 595}"
620,2026-09-29T03:53:56.075080,2026-01-07T05:00:00,596,simulation.tick,instance,1,OK,"{""tick"": 596}"
621,2026-09-29T03:53:56.156037,2026-01-07T05:15:00,597,simulation.tick,instance,1,OK,"{""tick"": 597}"
622,2026-09-29T03:53:56.240827,2026-01-07T05:30:00,598,simulation.tick,instance,1,OK,"{""tick"": 598}"
623,2026-09-29T03:53:56.323230,2026-01-07T05:45:00,599,simulation.tick,instance,1,OK,"{""tick"": 599}"
624,2026-09-29T03:53:56.407505,2026-01-07T06:00:00,600,simulation.tick,instance,1,OK,"{""tick"": 600}"
625,2026-09-29T03:53:56.487300,2026-01-07T06:15:00,601,simulation.tick,instance,1,OK,"{""tick"": 601}"
626,2026-09-29T03:53:56.572531,2026-01-07T06:30:00,602,simulation.tick,instance,1,OK,"{""tick"": 602}"
627,2026-09-29T03:53:56.653687,2026-01-07T06:45:00,603,simulation.tick,instance,1,OK,"{""tick"": 603}"
628,2026-09-29T03:53:56.736924,2026-01-07T07:00:00,604,simulation.tick,instance,1,OK,"{""tick"": 604}"
629,2026-09-29T03:53:56.819565,2026-01-07T07:15:00,605,simulation.tick,instance,1,OK,"{""tick"": 605}"
630,2026-09-29T03:53:56.900296,2026-01-07T07:30:00,606,simulation.tick,instance,1,OK,"{""tick"": 606}"
631,2026-09-29T03:53:56.983957,2026-01-07T07:45:00,607,simulation.tick,instance,1,OK,"{""tick"": 607}"
632,2026-09-29T03:53:57.078169,2026-01-07T08:00:00,608,simulation.tick,instance,1,OK,"{""tick"": 608}"
633,2026-09-29T03:53:57.161456,2026-01-07T08:15:00,609,simulation.tick,instance,1,OK,"{""tick"": 609}"
634,2026-09-29T03:53:57.241829,2026-01-07T08:30:00,610,simulation.tick,instance,1,OK,"{""tick"": 610}"
635,2026-09-29T03:53:57.325383,2026-01-07T08:45:00,611,simulation.tick,instance,1,OK,"{""tick"": 611}"
636,2026-09-29T03:53:57.415760,2026-01-07T09:00:00,612,simulation.tick,instance,1,OK,"{""tick"": 612}"
637,2026-09-29T03:53:57.517346,2026-01-07T09:15:00,613,simulation.tick,instance,1,OK,"{""tick"": 613}"
638,2026-09-29T03:53:57.603077,2026-01-07T09:30:00,614,simulation.tick,instance,1,OK,"{""tick"": 614}"
639,2026-09-29T03:53:57.690118,2026-01-07T09:45:00,615,simulation.tick,instance,1,OK,"{""tick"": 615}"
640,2026-09-29T03:53:57.773104,2026-01-07T10:00:00,616,simulation.tick,instance,1,OK,"{""tick"": 616}"
641,2026-09-29T03:53:57.854787,2026-01-07T10:15:00,617,simulation.tick,instance,1,OK,"{""tick"": 617}"
642,2026-09-29T03:53:57.936254,2026-01-07T10:30:00,618,simulation.tick,instance,1,OK,"{""tick"": 618}"
643,2026-09-29T03:53:58.019102,2026-01-07T10:45:00,619,simulation.tick,instance,1,OK,"{""tick"": 619}"
644,2026-09-29T03:53:58.104366,2026-01-07T11:00:00,620,simulation.tick,instance,1,OK,"{""tick"": 620}"
645,2026-09-29T03:53:58.185220,2026-01-07T11:15:00,621,simulation.tick,instance,1,OK,"{""tick"": 621}"
646,2026-09-29T03:53:58.274531,2026-01-07T11:30:00,622,simulation.tick,instance,1,OK,"{""tick"": 622}"
647,2026-09-29T03:53:58.360550,2026-01-07T11:45:00,623,simulation.tick,instance,1,OK,"{""tick"": 623}"
648,2026-09-29T03:53:58.448174,2026-01-07T12:00:00,624,simulation.tick,instance,1,OK,"{""tick"": 624}"
649,2026-09-29T03:53:58.533368,2026-01-07T12:15:00,625,simulation.tick,instance,1,OK,"{""tick"": 625}"
650,2026-09-29T03:53:58.622879,2026-01-07T12:30:00,626,simulation.tick,instance,1,OK,"{""tick"": 626}"
651,2026-09-29T03:53:58.707792,2026-01-07T12:45:00,627,simulation.tick,instance,1,OK,"{""tick"": 627}"
652,2026-09-29T03:53:58.796022,2026-01-07T13:00:00,628,simulation.tick,instance,1,OK,"{""tick"": 628}"
653,2026-09-29T03:53:58.883020,2026-01-07T13:15:00,629,simulation.tick,instance,1,OK,"{""tick"": 629}"
654,2026-09-29T03:53:58.968858,2026-01-07T13:30:00,630,simulation.tick,instance,1,OK,"{""tick"": 630}"
655,2026-09-29T03:53:59.054116,2026-01-07T13:45:00,631,simulation.tick,instance,1,OK,"{""tick"": 631}"
656,2026-09-29T03:53:59.143187,2026-01-07T14:00:00,632,simulation.tick,instance,1,OK,"{""tick"": 632}"
657,2026-09-29T03:53:59.228730,2026-01-07T14:15:00,633,simulation.tick,instance,1,OK,"{""tick"": 633}"
658,2026-09-29T03:53:59.316790,2026-01-07T14:30:00,634,simulation.tick,instance,1,OK,"{""tick"": 634}"
659,2026-09-29T03:53:59.404028,2026-01-07T14:45:00,635,simulation.tick,instance,1,OK,"{""tick"": 635}"
660,2026-09-29T03:53:59.492425,2026-01-07T15:00:00,636,simulation.tick,instance,1,OK,"{""tick"": 636}"
661,2026-09-29T03:53:59.600953,2026-01-07T15:15:00,637,simulation.tick,instance,1,OK,"{""tick"": 637}"
662,2026-09-29T03:53:59.683124,2026-01-07T15:30:00,638,simulation.tick,instance,1,OK,"{""tick"": 638}"
663,2026-09-29T03:53:59.763464,2026-01-07T15:45:00,639,simulation.tick,instance,1,OK,"{""tick"": 639}"
664,2026-09-29T03:53:59.849737,2026-01-07T16:00:00,640,simulation.tick,instance,1,OK,"{""tick"": 640}"
665,2026-09-29T03:53:59.929050,2026-01-07T16:15:00,641,simulation.tick,instance,1,OK,"{""tick"": 641}"
666,2026-09-29T03:54:00.011088,2026-01-07T16:30:00,642,simulation.tick,instance,1,OK,"{""tick"": 642}"
667,2026-09-29T03:54:00.092236,2026-01-07T16:45:00,643,simulation.tick,instance,1,OK,"{""tick"": 643}"
668,2026-09-29T03:54:00.174574,2026-01-07T17:00:00,644,simulation.tick,instance,1,OK,"{""tick"": 644}"
669,2026-09-29T03:54:00.263950,2026-01-07T17:15:00,645,simulation.tick,instance,1,OK,"{""tick"": 645}"
670,2026-09-29T03:54:00.353123,2026-01-07T17:30:00,646,simulation.tick,instance,1,OK,"{""tick"": 646}"
671,2026-09-29T03:54:00.445305,2026-01-07T17:45:00,647,simulation.tick,instance,1,OK,"{""tick"": 647}"
672,2026-09-29T03:54:00.534906,2026-01-07T18:00:00,648,simulation.tick,instance,1,OK,"{""tick"": 648}"
673,2026-09-29T03:54:00.619859,2026-01-07T18:15:00,649,simulation.tick,instance,1,OK,"{""tick"": 649}"
674,2026-09-29T03:54:00.701670,2026-01-07T18:30:00,650,simulation.tick,instance,1,OK,"{""tick"": 650}"
675,2026-09-29T03:54:00.783790,2026-01-07T18:45:00,651,simulation.tick,instance,1,OK,"{""tick"": 651}"
676,2026-09-29T03:54:00.865850,2026-01-07T19:00:00,652,simulation.tick,instance,1,OK,"{""tick"": 652}"
677,2026-09-29T03:54:00.948483,2026-01-07T19:15:00,653,simulation.tick,instance,1,OK,"{""tick"": 653}"
678,2026-09-29T03:54:01.028070,2026-01-07T19:30:00,654,simulation.tick,instance,1,OK,"{""tick"": 654}"
679,2026-09-29T03:54:01.117801,2026-01-07T19:45:00,655,simulation.tick,instance,1,OK,"{""tick"": 655}"
680,2026-09-29T03:54:01.204941,2026-01-07T20:00:00,656,simulation.tick,instance,1,OK,"{""tick"": 656}"
681,2026-09-29T03:54:01.292561,2026-01-07T20:15:00,657,simulation.tick,instance,1,OK,"{""tick"": 657}"
682,2026-09-29T03:54:01.375164,2026-01-07T20:30:00,658,simulation.tick,instance,1,OK,"{""tick"": 658}"
683,2026-09-29T03:54:01.460604,2026-01-07T20:45:00,659,simulation.tick,instance,1,OK,"{""tick"": 659}"
684,2026-09-29T03:54:01.541711,2026-01-07T21:00:00,660,simulation.tick,instance,1,OK,"{""tick"": 660}"
685,2026-09-29T03:54:01.630970,2026-01-07T21:15:00,661,simulation.tick,instance,1,OK,"{""tick"": 661}"
686,2026-09-29T03:54:01.727716,2026-01-07T21:30:00,662,simulation.tick,instance,1,OK,"{""tick"": 662}"
687,2026-09-29T03:54:01.876521,2026-01-07T21:45:00,663,simulation.tick,instance,1,OK,"{""tick"": 663}"
688,2026-09-29T03:54:01.962269,2026-01-07T22:00:00,664,simulation.tick,instance,1,OK,"{""tick"": 664}"
689,2026-09-29T03:54:02.044156,2026-01-07T22:15:00,665,simulation.tick,instance,1,OK,"{""tick"": 665}"
690,2026-09-29T03:54:02.129227,2026-01-07T22:30:00,666,simulation.tick,instance,1,OK,"{""tick"": 666}"
691,2026-09-29T03:54:02.211786,2026-01-07T22:45:00,667,simulation.tick,instance,1,OK,"{""tick"": 667}"
692,2026-09-29T03:54:02.298073,2026-01-07T23:00:00,668,simulation.tick,instance,1,OK,"{""tick"": 668}"
693,2026-09-29T03:54:02.380409,2026-01-07T23:15:00,669,simulation.tick,instance,1,OK,"{""tick"": 669}"
694,2026-09-29T03:54:02.470474,2026-01-07T23:30:00,670,simulation.tick,instance,1,OK,"{""tick"": 670}"
695,2026-09-29T03:54:02.548673,2026-01-07T23:45:00,671,simulation.tick,instance,1,OK,"{""tick"": 671}"
696,2026-09-29T03:54:02.634379,2026-01-08T00:00:00,672,simulation.tick,instance,1,OK,"{""tick"": 672}"
697,2026-09-29T03:54:02.719038,2026-01-08T00:15:00,673,simulation.tick,instance,1,OK,"{""tick"": 673}"
698,2026-09-29T03:54:02.812208,2026-01-08T00:30:00,674,simulation.tick,instance,1,OK,"{""tick"": 674}"
699,2026-09-29T03:54:02.901263,2026-01-08T00:45:00,675,simulation.tick,instance,1,OK,"{""tick"": 675}"
700,2026-09-29T03:54:02.991158,2026-01-08T01:00:00,676,simulation.tick,instance,1,OK,"{""tick"": 676}"
701,2026-09-29T03:54:03.096667,2026-01-08T01:15:00,677,simulation.tick,instance,1,OK,"{""tick"": 677}"
702,2026-09-29T03:54:03.179105,2026-01-08T01:30:00,678,simulation.tick,instance,1,OK,"{""tick"": 678}"
703,2026-09-29T03:54:03.269765,2026-01-08T01:45:00,679,simulation.tick,instance,1,OK,"{""tick"": 679}"
704,2026-09-29T03:54:03.366582,2026-01-08T02:00:00,680,simulation.tick,instance,1,OK,"{""tick"": 680}"
705,2026-09-29T03:54:03.462457,2026-01-08T02:15:00,681,simulation.tick,instance,1,OK,"{""tick"": 681}"
706,2026-09-29T03:54:03.567598,2026-01-08T02:30:00,682,simulation.tick,instance,1,OK,"{""tick"": 682}"
707,2026-09-29T03:54:03.684998,2026-01-08T02:45:00,683,simulation.tick,instance,1,OK,"{""tick"": 683}"
708,2026-09-29T03:54:03.781520,2026-01-08T03:00:00,684,simulation.tick,instance,1,OK,"{""tick"": 684}"
709,2026-09-29T03:54:03.863279,2026-01-08T03:15:00,685,simulation.tick,instance,1,OK,"{""tick"": 685}"
710,2026-09-29T03:54:03.947440,2026-01-08T03:30:00,686,simulation.tick,instance,1,OK,"{""tick"": 686}"
711,2026-09-29T03:54:04.030576,2026-01-08T03:45:00,687,simulation.tick,instance,1,OK,"{""tick"": 687}"
712,2026-09-29T03:54:04.112758,2026-01-08T04:00:00,688,simulation.tick,instance,1,OK,"{""tick"": 688}"
713,2026-09-29T03:54:04.194874,2026-01-08T04:15:00,689,simulation.tick,instance,1,OK,"{""tick"": 689}"
714,2026-09-29T03:54:04.302164,2026-01-08T04:30:00,690,simulation.tick,instance,1,OK,"{""tick"": 690}"
715,2026-09-29T03:54:04.390270,2026-01-08T04:45:00,691,simulation.tick,instance,1,OK,"{""tick"": 691}"
716,2026-09-29T03:54:04.471661,2026-01-08T05:00:00,692,simulation.tick,instance,1,OK,"{""tick"": 692}"
717,2026-09-29T03:54:04.556611,2026-01-08T05:15:00,693,simulation.tick,instance,1,OK,"{""tick"": 693}"
718,2026-09-29T03:54:04.637554,2026-01-08T05:30:00,694,simulation.tick,instance,1,OK,"{""tick"": 694}"
719,2026-09-29T03:54:04.722129,2026-01-08T05:45:00,695,simulation.tick,instance,1,OK,"{""tick"": 695}"
720,2026-09-29T03:54:04.805646,2026-01-08T06:00:00,696,simulation.tick,instance,1,OK,"{""tick"": 696}"
721,2026-09-29T03:54:04.891506,2026-01-08T06:15:00,697,simulation.tick,instance,1,OK,"{""tick"": 697}"
722,2026-09-29T03:54:04.972520,2026-01-08T06:30:00,698,simulation.tick,instance,1,OK,"{""tick"": 698}"
723,2026-09-29T03:54:05.057974,2026-01-08T06:45:00,699,simulation.tick,instance,1,OK,"{""tick"": 699}"
724,2026-09-29T03:54:05.138005,2026-01-08T07:00:00,700,simulation.tick,instance,1,OK,"{""tick"": 700}"
725,2026-09-29T03:54:05.226900,2026-01-08T07:15:00,701,simulation.tick,instance,1,OK,"{""tick"": 701}"
726,2026-09-29T03:54:05.313681,2026-01-08T07:30:00,702,simulation.tick,instance,1,OK,"{""tick"": 702}"
727,2026-09-29T03:54:05.396750,2026-01-08T07:45:00,703,simulation.tick,instance,1,OK,"{""tick"": 703}"
728,2026-09-29T03:54:05.479242,2026-01-08T08:00:00,704,simulation.tick,instance,1,OK,"{""tick"": 704}"
729,2026-09-29T03:54:05.565144,2026-01-08T08:15:00,705,simulation.tick,instance,1,OK,"{""tick"": 705}"
730,2026-09-29T03:54:05.647872,2026-01-08T08:30:00,706,simulation.tick,instance,1,OK,"{""tick"": 706}"
731,2026-09-29T03:54:05.732330,2026-01-08T08:45:00,707,simulation.tick,instance,1,OK,"{""tick"": 707}"
732,2026-09-29T03:54:05.813565,2026-01-08T09:00:00,708,simulation.tick,instance,1,OK,"{""tick"": 708}"
733,2026-09-29T03:54:05.900086,2026-01-08T09:15:00,709,simulation.tick,instance,1,OK,"{""tick"": 709}"
734,2026-09-29T03:54:05.981238,2026-01-08T09:30:00,710,simulation.tick,instance,1,OK,"{""tick"": 710}"
735,2026-09-29T03:54:06.068012,2026-01-08T09:45:00,711,simulation.tick,instance,1,OK,"{""tick"": 711}"
736,2026-09-29T03:54:06.150249,2026-01-08T10:00:00,712,simulation.tick,instance,1,OK,"{""tick"": 712}"
737,2026-09-29T03:54:06.235164,2026-01-08T10:15:00,713,simulation.tick,instance,1,OK,"{""tick"": 713}"
738,2026-09-29T03:54:06.317104,2026-01-08T10:30:00,714,simulation.tick,instance,1,OK,"{""tick"": 714}"
739,2026-09-29T03:54:06.401030,2026-01-08T10:45:00,715,simulation.tick,instance,1,OK,"{""tick"": 715}"
740,2026-09-29T03:54:06.483547,2026-01-08T11:00:00,716,simulation.tick,instance,1,OK,"{""tick"": 716}"
741,2026-09-29T03:54:06.589303,2026-01-08T11:15:00,717,simulation.tick,instance,1,OK,"{""tick"": 717}"
742,2026-09-29T03:54:06.672729,2026-01-08T11:30:00,718,simulation.tick,instance,1,OK,"{""tick"": 718}"
743,2026-09-29T03:54:06.756953,2026-01-08T11:45:00,719,simulation.tick,instance,1,OK,"{""tick"": 719}"
744,2026-09-29T03:54:06.844635,2026-01-08T12:00:00,720,simulation.tick,instance,1,OK,"{""tick"": 720}"
745,2026-09-29T03:54:06.926978,2026-01-08T12:15:00,721,simulation.tick,instance,1,OK,"{""tick"": 721}"
746,2026-09-29T03:54:07.012082,2026-01-08T12:30:00,722,simulation.tick,instance,1,OK,"{""tick"": 722}"
747,2026-09-29T03:54:07.092655,2026-01-08T12:45:00,723,simulation.tick,instance,1,OK,"{""tick"": 723}"
748,2026-09-29T03:54:07.174923,2026-01-08T13:00:00,724,simulation.tick,instance,1,OK,"{""tick"": 724}"
749,2026-09-29T03:54:07.258777,2026-01-08T13:15:00,725,simulation.tick,instance,1,OK,"{""tick"": 725}"
750,2026-09-29T03:54:07.341784,2026-01-08T13:30:00,726,simulation.tick,instance,1,OK,"{""tick"": 726}"
751,2026-09-29T03:54:07.424000,2026-01-08T13:45:00,727,simulation.tick,instance,1,OK,"{""tick"": 727}"
752,2026-09-29T03:54:07.509044,2026-01-08T14:00:00,728,simulation.tick,instance,1,OK,"{""tick"": 728}"
753,2026-09-29T03:54:07.592892,2026-01-08T14:15:00,729,simulation.tick,instance,1,OK,"{""tick"": 729}"
754,2026-09-29T03:54:07.679208,2026-01-08T14:30:00,730,simulation.tick,instance,1,OK,"{""tick"": 730}"
755,2026-09-29T03:54:07.798712,2026-01-08T14:45:00,731,simulation.tick,instance,1,OK,"{""tick"": 731}"
756,2026-09-29T03:54:07.882913,2026-01-08T15:00:00,732,simulation.tick,instance,1,OK,"{""tick"": 732}"
757,2026-09-29T03:54:07.965354,2026-01-08T15:15:00,733,simulation.tick,instance,1,OK,"{""tick"": 733}"
758,2026-09-29T03:54:08.051935,2026-01-08T15:30:00,734,simulation.tick,instance,1,OK,"{""tick"": 734}"
759,2026-09-29T03:54:08.135924,2026-01-08T15:45:00,735,simulation.tick,instance,1,OK,"{""tick"": 735}"
760,2026-09-29T03:54:08.220159,2026-01-08T16:00:00,736,simulation.tick,instance,1,OK,"{""tick"": 736}"
761,2026-09-29T03:54:08.303848,2026-01-08T16:15:00,737,simulation.tick,instance,1,OK,"{""tick"": 737}"
762,2026-09-29T03:54:08.390201,2026-01-08T16:30:00,738,simulation.tick,instance,1,OK,"{""tick"": 738}"
763,2026-09-29T03:54:08.473417,2026-01-08T16:45:00,739,simulation.tick,instance,1,OK,"{""tick"": 739}"
764,2026-09-29T03:54:08.562690,2026-01-08T17:00:00,740,simulation.tick,instance,1,OK,"{""tick"": 740}"
765,2026-09-29T03:54:08.644033,2026-01-08T17:15:00,741,simulation.tick,instance,1,OK,"{""tick"": 741}"
766,2026-09-29T03:54:08.728166,2026-01-08T17:30:00,742,simulation.tick,instance,1,OK,"{""tick"": 742}"
767,2026-09-29T03:54:08.811774,2026-01-08T17:45:00,743,simulation.tick,instance,1,OK,"{""tick"": 743}"
768,2026-09-29T03:54:08.898411,2026-01-08T18:00:00,744,simulation.tick,instance,1,OK,"{""tick"": 744}"
769,2026-09-29T03:54:08.984367,2026-01-08T18:15:00,745,simulation.tick,instance,1,OK,"{""tick"": 745}"
770,2026-09-29T03:54:09.070672,2026-01-08T18:30:00,746,simulation.tick,instance,1,OK,"{""tick"": 746}"
771,2026-09-29T03:54:09.150186,2026-01-08T18:45:00,747,simulation.tick,instance,1,OK,"{""tick"": 747}"
772,2026-09-29T03:54:09.234924,2026-01-08T19:00:00,748,simulation.tick,instance,1,OK,"{""tick"": 748}"
773,2026-09-29T03:54:09.320113,2026-01-08T19:15:00,749,simulation.tick,instance,1,OK,"{""tick"": 749}"
774,2026-09-29T03:54:09.407797,2026-01-08T19:30:00,750,simulation.tick,instance,1,OK,"{""tick"": 750}"
775,2026-09-29T03:54:09.488534,2026-01-08T19:45:00,751,simulation.tick,instance,1,OK,"{""tick"": 751}"
776,2026-09-29T03:54:09.572161,2026-01-08T20:00:00,752,simulation.tick,instance,1,OK,"{""tick"": 752}"
777,2026-09-29T03:54:09.662643,2026-01-08T20:15:00,753,simulation.tick,instance,1,OK,"{""tick"": 753}"
778,2026-09-29T03:54:09.742142,2026-01-08T20:30:00,754,simulation.tick,instance,1,OK,"{""tick"": 754}"
779,2026-09-29T03:54:09.827764,2026-01-08T20:45:00,755,simulation.tick,instance,1,OK,"{""tick"": 755}"
780,2026-09-29T03:54:09.907202,2026-01-08T21:00:00,756,simulation.tick,instance,1,OK,"{""tick"": 756}"
781,2026-09-29T03:54:09.988544,2026-01-08T21:15:00,757,simulation.tick,instance,1,OK,"{""tick"": 757}"
782,2026-09-29T03:54:10.073518,2026-01-08T21:30:00,758,simulation.tick,instance,1,OK,"{""tick"": 758}"
783,2026-09-29T03:54:10.174208,2026-01-08T21:45:00,759,simulation.tick,instance,1,OK,"{""tick"": 759}"
784,2026-09-29T03:54:10.265743,2026-01-08T22:00:00,760,simulation.tick,instance,1,OK,"{""tick"": 760}"
785,2026-09-29T03:54:10.348385,2026-01-08T22:15:00,761,simulation.tick,instance,1,OK,"{""tick"": 761}"
786,2026-09-29T03:54:10.433026,2026-01-08T22:30:00,762,simulation.tick,instance,1,OK,"{""tick"": 762}"
787,2026-09-29T03:54:10.515834,2026-01-08T22:45:00,763,simulation.tick,instance,1,OK,"{""tick"": 763}"
788,2026-09-29T03:54:10.600747,2026-01-08T23:00:00,764,simulation.tick,instance,1,OK,"{""tick"": 764}"
789,2026-09-29T03:54:10.694791,2026-01-08T23:15:00,765,simulation.tick,instance,1,OK,"{""tick"": 765}"
790,2026-09-29T03:54:10.777257,2026-01-08T23:30:00,766,simulation.tick,instance,1,OK,"{""tick"": 766}"
791,2026-09-29T03:54:10.863718,2026-01-08T23:45:00,767,simulation.tick,instance,1,OK,"{""tick"": 767}"
792,2026-09-29T03:54:10.951550,2026-01-09T00:00:00,768,simulation.tick,instance,1,OK,"{""tick"": 768}"
793,2026-09-29T03:54:11.042286,2026-01-09T00:15:00,769,simulation.tick,instance,1,OK,"{""tick"": 769}"
794,2026-09-29T03:54:11.130167,2026-01-09T00:30:00,770,simulation.tick,instance,1,OK,"{""tick"": 770}"
795,2026-09-29T03:54:11.221120,2026-01-09T00:45:00,771,simulation.tick,instance,1,OK,"{""tick"": 771}"
796,2026-09-29T03:54:11.311551,2026-01-09T01:00:00,772,simulation.tick,instance,1,OK,"{""tick"": 772}"
797,2026-09-29T03:54:11.395731,2026-01-09T01:15:00,773,simulation.tick,instance,1,OK,"{""tick"": 773}"
798,2026-09-29T03:54:11.480382,2026-01-09T01:30:00,774,simulation.tick,instance,1,OK,"{""tick"": 774}"
799,2026-09-29T03:54:11.565777,2026-01-09T01:45:00,775,simulation.tick,instance,1,OK,"{""tick"": 775}"
800,2026-09-29T03:54:11.654577,2026-01-09T02:00:00,776,simulation.tick,instance,1,OK,"{""tick"": 776}"
801,2026-09-29T03:54:11.739490,2026-01-09T02:15:00,777,simulation.tick,instance,1,OK,"{""tick"": 777}"
802,2026-09-29T03:54:11.831572,2026-01-09T02:30:00,778,simulation.tick,instance,1,OK,"{""tick"": 778}"
803,2026-09-29T03:54:11.917789,2026-01-09T02:45:00,779,simulation.tick,instance,1,OK,"{""tick"": 779}"
804,2026-09-29T03:54:12.010695,2026-01-09T03:00:00,780,simulation.tick,instance,1,OK,"{""tick"": 780}"
805,2026-09-29T03:54:12.100883,2026-01-09T03:15:00,781,simulation.tick,instance,1,OK,"{""tick"": 781}"
806,2026-09-29T03:54:12.193022,2026-01-09T03:30:00,782,simulation.tick,instance,1,OK,"{""tick"": 782}"
807,2026-09-29T03:54:12.283653,2026-01-09T03:45:00,783,simulation.tick,instance,1,OK,"{""tick"": 783}"
808,2026-09-29T03:54:12.376521,2026-01-09T04:00:00,784,simulation.tick,instance,1,OK,"{""tick"": 784}"
809,2026-09-29T03:54:12.462400,2026-01-09T04:15:00,785,simulation.tick,instance,1,OK,"{""tick"": 785}"
810,2026-09-29T03:54:12.550183,2026-01-09T04:30:00,786,simulation.tick,instance,1,OK,"{""tick"": 786}"
811,2026-09-29T03:54:12.635278,2026-01-09T04:45:00,787,simulation.tick,instance,1,OK,"{""tick"": 787}"
812,2026-09-29T03:54:12.727362,2026-01-09T05:00:00,788,simulation.tick,instance,1,OK,"{""tick"": 788}"
813,2026-09-29T03:54:12.818337,2026-01-09T05:15:00,789,simulation.tick,instance,1,OK,"{""tick"": 789}"
814,2026-09-29T03:54:12.937140,2026-01-09T05:30:00,790,simulation.tick,instance,1,OK,"{""tick"": 790}"
815,2026-09-29T03:54:13.048083,2026-01-09T05:45:00,791,simulation.tick,instance,1,OK,"{""tick"": 791}"
816,2026-09-29T03:54:13.143555,2026-01-09T06:00:00,792,simulation.tick,instance,1,OK,"{""tick"": 792}"
817,2026-09-29T03:54:13.240505,2026-01-09T06:15:00,793,simulation.tick,instance,1,OK,"{""tick"": 793}"
818,2026-09-29T03:54:13.342656,2026-01-09T06:30:00,794,simulation.tick,instance,1,OK,"{""tick"": 794}"
819,2026-09-29T03:54:13.431328,2026-01-09T06:45:00,795,simulation.tick,instance,1,OK,"{""tick"": 795}"
820,2026-09-29T03:54:13.519242,2026-01-09T07:00:00,796,simulation.tick,instance,1,OK,"{""tick"": 796}"
821,2026-09-29T03:54:13.603504,2026-01-09T07:15:00,797,simulation.tick,instance,1,OK,"{""tick"": 797}"
822,2026-09-29T03:54:13.683508,2026-01-09T07:30:00,798,simulation.tick,instance,1,OK,"{""tick"": 798}"
823,2026-09-29T03:54:13.826776,2026-01-09T07:45:00,799,simulation.tick,instance,1,OK,"{""tick"": 799}"
824,2026-09-29T03:54:13.918239,2026-01-09T08:00:00,800,simulation.tick,instance,1,OK,"{""tick"": 800}"
825,2026-09-29T03:54:14.009626,2026-01-09T08:15:00,801,simulation.tick,instance,1,OK,"{""tick"": 801}"
826,2026-09-29T03:54:14.103721,2026-01-09T08:30:00,802,simulation.tick,instance,1,OK,"{""tick"": 802}"
827,2026-09-29T03:54:14.195793,2026-01-09T08:45:00,803,simulation.tick,instance,1,OK,"{""tick"": 803}"
828,2026-09-29T03:54:14.289533,2026-01-09T09:00:00,804,simulation.tick,instance,1,OK,"{""tick"": 804}"
829,2026-09-29T03:54:14.383474,2026-01-09T09:15:00,805,simulation.tick,instance,1,OK,"{""tick"": 805}"
830,2026-09-29T03:54:14.480410,2026-01-09T09:30:00,806,simulation.tick,instance,1,OK,"{""tick"": 806}"
831,2026-09-29T03:54:14.573403,2026-01-09T09:45:00,807,simulation.tick,instance,1,OK,"{""tick"": 807}"
832,2026-09-29T03:54:14.667215,2026-01-09T10:00:00,808,simulation.tick,instance,1,OK,"{""tick"": 808}"
833,2026-09-29T03:54:14.759170,2026-01-09T10:15:00,809,simulation.tick,instance,1,OK,"{""tick"": 809}"
834,2026-09-29T03:54:14.847515,2026-01-09T10:30:00,810,simulation.tick,instance,1,OK,"{""tick"": 810}"
835,2026-09-29T03:54:14.939881,2026-01-09T10:45:00,811,simulation.tick,instance,1,OK,"{""tick"": 811}"
836,2026-09-29T03:54:15.029147,2026-01-09T11:00:00,812,simulation.tick,instance,1,OK,"{""tick"": 812}"
837,2026-09-29T03:54:15.121359,2026-01-09T11:15:00,813,simulation.tick,instance,1,OK,"{""tick"": 813}"
838,2026-09-29T03:54:15.215339,2026-01-09T11:30:00,814,simulation.tick,instance,1,OK,"{""tick"": 814}"
839,2026-09-29T03:54:15.306611,2026-01-09T11:45:00,815,simulation.tick,instance,1,OK,"{""tick"": 815}"
840,2026-09-29T03:54:15.395669,2026-01-09T12:00:00,816,simulation.tick,instance,1,OK,"{""tick"": 816}"
841,2026-09-29T03:54:15.488061,2026-01-09T12:15:00,817,simulation.tick,instance,1,OK,"{""tick"": 817}"
842,2026-09-29T03:54:15.578585,2026-01-09T12:30:00,818,simulation.tick,instance,1,OK,"{""tick"": 818}"
843,2026-09-29T03:54:15.670204,2026-01-09T12:45:00,819,simulation.tick,instance,1,OK,"{""tick"": 819}"
844,2026-09-29T03:54:15.761295,2026-01-09T13:00:00,820,simulation.tick,instance,1,OK,"{""tick"": 820}"
845,2026-09-29T03:54:15.851657,2026-01-09T13:15:00,821,simulation.tick,instance,1,OK,"{""tick"": 821}"
846,2026-09-29T03:54:15.941265,2026-01-09T13:30:00,822,simulation.tick,instance,1,OK,"{""tick"": 822}"
847,2026-09-29T03:54:16.033228,2026-01-09T13:45:00,823,simulation.tick,instance,1,OK,"{""tick"": 823}"
848,2026-09-29T03:54:16.123588,2026-01-09T14:00:00,824,simulation.tick,instance,1,OK,"{""tick"": 824}"
849,2026-09-29T03:54:16.214354,2026-01-09T14:15:00,825,simulation.tick,instance,1,OK,"{""tick"": 825}"
850,2026-09-29T03:54:16.307912,2026-01-09T14:30:00,826,simulation.tick,instance,1,OK,"{""tick"": 826}"
851,2026-09-29T03:54:16.395964,2026-01-09T14:45:00,827,simulation.tick,instance,1,OK,"{""tick"": 827}"
852,2026-09-29T03:54:16.485534,2026-01-09T15:00:00,828,simulation.tick,instance,1,OK,"{""tick"": 828}"
853,2026-09-29T03:54:16.574544,2026-01-09T15:15:00,829,simulation.tick,instance,1,OK,"{""tick"": 829}"
854,2026-09-29T03:54:16.664230,2026-01-09T15:30:00,830,simulation.tick,instance,1,OK,"{""tick"": 830}"
855,2026-09-29T03:54:16.753622,2026-01-09T15:45:00,831,simulation.tick,instance,1,OK,"{""tick"": 831}"
856,2026-09-29T03:54:16.846143,2026-01-09T16:00:00,832,simulation.tick,instance,1,OK,"{""tick"": 832}"
857,2026-09-29T03:54:16.933186,2026-01-09T16:15:00,833,simulation.tick,instance,1,OK,"{""tick"": 833}"
858,2026-09-29T03:54:17.024355,2026-01-09T16:30:00,834,simulation.tick,instance,1,OK,"{""tick"": 834}"
859,2026-09-29T03:54:17.114781,2026-01-09T16:45:00,835,simulation.tick,instance,1,OK,"{""tick"": 835}"
860,2026-09-29T03:54:17.203874,2026-01-09T17:00:00,836,simulation.tick,instance,1,OK,"{""tick"": 836}"
861,2026-09-29T03:54:17.294973,2026-01-09T17:15:00,837,simulation.tick,instance,1,OK,"{""tick"": 837}"
862,2026-09-29T03:54:17.385861,2026-01-09T17:30:00,838,simulation.tick,instance,1,OK,"{""tick"": 838}"
863,2026-09-29T03:54:17.474166,2026-01-09T17:45:00,839,simulation.tick,instance,1,OK,"{""tick"": 839}"
864,2026-09-29T03:54:17.561931,2026-01-09T18:00:00,840,simulation.tick,instance,1,OK,"{""tick"": 840}"
865,2026-09-29T03:54:17.644933,2026-01-09T18:15:00,841,simulation.tick,instance,1,OK,"{""tick"": 841}"
866,2026-09-29T03:54:17.730575,2026-01-09T18:30:00,842,simulation.tick,instance,1,OK,"{""tick"": 842}"
867,2026-09-29T03:54:17.814947,2026-01-09T18:45:00,843,simulation.tick,instance,1,OK,"{""tick"": 843}"
868,2026-09-29T03:54:17.901136,2026-01-09T19:00:00,844,simulation.tick,instance,1,OK,"{""tick"": 844}"
869,2026-09-29T03:54:17.988265,2026-01-09T19:15:00,845,simulation.tick,instance,1,OK,"{""tick"": 845}"
870,2026-09-29T03:54:18.080098,2026-01-09T19:30:00,846,simulation.tick,instance,1,OK,"{""tick"": 846}"
871,2026-09-29T03:54:18.166330,2026-01-09T19:45:00,847,simulation.tick,instance,1,OK,"{""tick"": 847}"
872,2026-09-29T03:54:18.253807,2026-01-09T20:00:00,848,simulation.tick,instance,1,OK,"{""tick"": 848}"
873,2026-09-29T03:54:18.380081,2026-01-09T20:15:00,849,simulation.tick,instance,1,OK,"{""tick"": 849}"
874,2026-09-29T03:54:18.471942,2026-01-09T20:30:00,850,simulation.tick,instance,1,OK,"{""tick"": 850}"
875,2026-09-29T03:54:18.559530,2026-01-09T20:45:00,851,simulation.tick,instance,1,OK,"{""tick"": 851}"
876,2026-09-29T03:54:18.652015,2026-01-09T21:00:00,852,simulation.tick,instance,1,OK,"{""tick"": 852}"
877,2026-09-29T03:54:18.740589,2026-01-09T21:15:00,853,simulation.tick,instance,1,OK,"{""tick"": 853}"
878,2026-09-29T03:54:18.833300,2026-01-09T21:30:00,854,simulation.tick,instance,1,OK,"{""tick"": 854}"
879,2026-09-29T03:54:18.923831,2026-01-09T21:45:00,855,simulation.tick,instance,1,OK,"{""tick"": 855}"
880,2026-09-29T03:54:19.015503,2026-01-09T22:00:00,856,simulation.tick,instance,1,OK,"{""tick"": 856}"
881,2026-09-29T03:54:19.099313,2026-01-09T22:15:00,857,simulation.tick,instance,1,OK,"{""tick"": 857}"
882,2026-09-29T03:54:19.184965,2026-01-09T22:30:00,858,simulation.tick,instance,1,OK,"{""tick"": 858}"
883,2026-09-29T03:54:19.279542,2026-01-09T22:45:00,859,simulation.tick,instance,1,OK,"{""tick"": 859}"
884,2026-09-29T03:54:19.373127,2026-01-09T23:00:00,860,simulation.tick,instance,1,OK,"{""tick"": 860}"
885,2026-09-29T03:54:19.464664,2026-01-09T23:15:00,861,simulation.tick,instance,1,OK,"{""tick"": 861}"
886,2026-09-29T03:54:19.556563,2026-01-09T23:30:00,862,simulation.tick,instance,1,OK,"{""tick"": 862}"
887,2026-09-29T03:54:19.641312,2026-01-09T23:45:00,863,simulation.tick,instance,1,OK,"{""tick"": 863}"
888,2026-09-29T03:54:19.727505,2026-01-10T00:00:00,864,simulation.tick,instance,1,OK,"{""tick"": 864}"
889,2026-09-29T03:54:19.809319,2026-01-10T00:15:00,865,simulation.tick,instance,1,OK,"{""tick"": 865}"
890,2026-09-29T03:54:19.897499,2026-01-10T00:30:00,866,simulation.tick,instance,1,OK,"{""tick"": 866}"
891,2026-09-29T03:54:19.980468,2026-01-10T00:45:00,867,simulation.tick,instance,1,OK,"{""tick"": 867}"
892,2026-09-29T03:54:20.069574,2026-01-10T01:00:00,868,simulation.tick,instance,1,OK,"{""tick"": 868}"
893,2026-09-29T03:54:20.154760,2026-01-10T01:15:00,869,simulation.tick,instance,1,OK,"{""tick"": 869}"
894,2026-09-29T03:54:20.241206,2026-01-10T01:30:00,870,simulation.tick,instance,1,OK,"{""tick"": 870}"
895,2026-09-29T03:54:20.329992,2026-01-10T01:45:00,871,simulation.tick,instance,1,OK,"{""tick"": 871}"
896,2026-09-29T03:54:20.416979,2026-01-10T02:00:00,872,simulation.tick,instance,1,OK,"{""tick"": 872}"
897,2026-09-29T03:54:20.501451,2026-01-10T02:15:00,873,simulation.tick,instance,1,OK,"{""tick"": 873}"
898,2026-09-29T03:54:20.596423,2026-01-10T02:30:00,874,simulation.tick,instance,1,OK,"{""tick"": 874}"
899,2026-09-29T03:54:20.695705,2026-01-10T02:45:00,875,simulation.tick,instance,1,OK,"{""tick"": 875}"
900,2026-09-29T03:54:20.797548,2026-01-10T03:00:00,876,simulation.tick,instance,1,OK,"{""tick"": 876}"
901,2026-09-29T03:54:20.990158,2026-01-10T03:15:00,877,simulation.tick,instance,1,OK,"{""tick"": 877}"
902,2026-09-29T03:54:21.108395,2026-01-10T03:30:00,878,simulation.tick,instance,1,OK,"{""tick"": 878}"
903,2026-09-29T03:54:21.352385,2026-01-10T03:45:00,879,simulation.tick,instance,1,OK,"{""tick"": 879}"
904,2026-09-29T03:54:21.481577,2026-01-10T04:00:00,880,simulation.tick,instance,1,OK,"{""tick"": 880}"
905,2026-09-29T03:54:21.595041,2026-01-10T04:15:00,881,simulation.tick,instance,1,OK,"{""tick"": 881}"
906,2026-09-29T03:54:21.726348,2026-01-10T04:30:00,882,simulation.tick,instance,1,OK,"{""tick"": 882}"
907,2026-09-29T03:54:21.844369,2026-01-10T04:45:00,883,simulation.tick,instance,1,OK,"{""tick"": 883}"
908,2026-09-29T03:54:21.964665,2026-01-10T05:00:00,884,simulation.tick,instance,1,OK,"{""tick"": 884}"
909,2026-09-29T03:54:22.054083,2026-01-10T05:15:00,885,simulation.tick,instance,1,OK,"{""tick"": 885}"
910,2026-09-29T03:54:22.180478,2026-01-10T05:30:00,886,simulation.tick,instance,1,OK,"{""tick"": 886}"
911,2026-09-29T03:54:22.284574,2026-01-10T05:45:00,887,simulation.tick,instance,1,OK,"{""tick"": 887}"
912,2026-09-29T03:54:22.451572,2026-01-10T06:00:00,888,simulation.tick,instance,1,OK,"{""tick"": 888}"
913,2026-09-29T03:54:22.576413,2026-01-10T06:15:00,889,simulation.tick,instance,1,OK,"{""tick"": 889}"
914,2026-09-29T03:54:22.678374,2026-01-10T06:30:00,890,simulation.tick,instance,1,OK,"{""tick"": 890}"
915,2026-09-29T03:54:22.905484,2026-01-10T06:45:00,891,simulation.tick,instance,1,OK,"{""tick"": 891}"
916,2026-09-29T03:54:23.032738,2026-01-10T07:00:00,892,simulation.tick,instance,1,OK,"{""tick"": 892}"
917,2026-09-29T03:54:23.123430,2026-01-10T07:15:00,893,simulation.tick,instance,1,OK,"{""tick"": 893}"
918,2026-09-29T03:54:23.210258,2026-01-10T07:30:00,894,simulation.tick,instance,1,OK,"{""tick"": 894}"
919,2026-09-29T03:54:23.306090,2026-01-10T07:45:00,895,simulation.tick,instance,1,OK,"{""tick"": 895}"
920,2026-09-29T03:54:23.398021,2026-01-10T08:00:00,896,simulation.tick,instance,1,OK,"{""tick"": 896}"
921,2026-09-29T03:54:23.543260,2026-01-10T08:15:00,897,simulation.tick,instance,1,OK,"{""tick"": 897}"
922,2026-09-29T03:54:23.768710,2026-01-10T08:30:00,898,simulation.tick,instance,1,OK,"{""tick"": 898}"
923,2026-09-29T03:54:23.876960,2026-01-10T08:45:00,899,simulation.tick,instance,1,OK,"{""tick"": 899}"
924,2026-09-29T03:54:23.963600,2026-01-10T09:00:00,900,simulation.tick,instance,1,OK,"{""tick"": 900}"
925,2026-09-29T03:54:24.086381,2026-01-10T09:15:00,901,simulation.tick,instance,1,OK,"{""tick"": 901}"
926,2026-09-29T03:54:24.198965,2026-01-10T09:30:00,902,simulation.tick,instance,1,OK,"{""tick"": 902}"
927,2026-09-29T03:54:24.398667,2026-01-10T09:45:00,903,simulation.tick,instance,1,OK,"{""tick"": 903}"
928,2026-09-29T03:54:24.603534,2026-01-10T10:00:00,904,simulation.tick,instance,1,OK,"{""tick"": 904}"
929,2026-09-29T03:54:24.697276,2026-01-10T10:15:00,905,simulation.tick,instance,1,OK,"{""tick"": 905}"
930,2026-09-29T03:54:24.788722,2026-01-10T10:30:00,906,simulation.tick,instance,1,OK,"{""tick"": 906}"
931,2026-09-29T03:54:24.901966,2026-01-10T10:45:00,907,simulation.tick,instance,1,OK,"{""tick"": 907}"
932,2026-09-29T03:54:25.017891,2026-01-10T11:00:00,908,simulation.tick,instance,1,OK,"{""tick"": 908}"
933,2026-09-29T03:54:25.107478,2026-01-10T11:15:00,909,simulation.tick,instance,1,OK,"{""tick"": 909}"
934,2026-09-29T03:54:25.194306,2026-01-10T11:30:00,910,simulation.tick,instance,1,OK,"{""tick"": 910}"
935,2026-09-29T03:54:25.287715,2026-01-10T11:45:00,911,simulation.tick,instance,1,OK,"{""tick"": 911}"
936,2026-09-29T03:54:25.377531,2026-01-10T12:00:00,912,simulation.tick,instance,1,OK,"{""tick"": 912}"
937,2026-09-29T03:54:25.467390,2026-01-10T12:15:00,913,simulation.tick,instance,1,OK,"{""tick"": 913}"
938,2026-09-29T03:54:25.554513,2026-01-10T12:30:00,914,simulation.tick,instance,1,OK,"{""tick"": 914}"
939,2026-09-29T03:54:25.643857,2026-01-10T12:45:00,915,simulation.tick,instance,1,OK,"{""tick"": 915}"
940,2026-09-29T03:54:25.730359,2026-01-10T13:00:00,916,simulation.tick,instance,1,OK,"{""tick"": 916}"
941,2026-09-29T03:54:25.817210,2026-01-10T13:15:00,917,simulation.tick,instance,1,OK,"{""tick"": 917}"
942,2026-09-29T03:54:25.904566,2026-01-10T13:30:00,918,simulation.tick,instance,1,OK,"{""tick"": 918}"
943,2026-09-29T03:54:25.991661,2026-01-10T13:45:00,919,simulation.tick,instance,1,OK,"{""tick"": 919}"
944,2026-09-29T03:54:26.074460,2026-01-10T14:00:00,920,simulation.tick,instance,1,OK,"{""tick"": 920}"
945,2026-09-29T03:54:26.159593,2026-01-10T14:15:00,921,simulation.tick,instance,1,OK,"{""tick"": 921}"
946,2026-09-29T03:54:26.244940,2026-01-10T14:30:00,922,simulation.tick,instance,1,OK,"{""tick"": 922}"
947,2026-09-29T03:54:26.365988,2026-01-10T14:45:00,923,simulation.tick,instance,1,OK,"{""tick"": 923}"
948,2026-09-29T03:54:26.453887,2026-01-10T15:00:00,924,simulation.tick,instance,1,OK,"{""tick"": 924}"
949,2026-09-29T03:54:26.538136,2026-01-10T15:15:00,925,simulation.tick,instance,1,OK,"{""tick"": 925}"
950,2026-09-29T03:54:26.625244,2026-01-10T15:30:00,926,simulation.tick,instance,1,OK,"{""tick"": 926}"
951,2026-09-29T03:54:26.712556,2026-01-10T15:45:00,927,simulation.tick,instance,1,OK,"{""tick"": 927}"
952,2026-09-29T03:54:26.806119,2026-01-10T16:00:00,928,simulation.tick,instance,1,OK,"{""tick"": 928}"
953,2026-09-29T03:54:26.900923,2026-01-10T16:15:00,929,simulation.tick,instance,1,OK,"{""tick"": 929}"
954,2026-09-29T03:54:26.992928,2026-01-10T16:30:00,930,simulation.tick,instance,1,OK,"{""tick"": 930}"
955,2026-09-29T03:54:27.082291,2026-01-10T16:45:00,931,simulation.tick,instance,1,OK,"{""tick"": 931}"
956,2026-09-29T03:54:27.171310,2026-01-10T17:00:00,932,simulation.tick,instance,1,OK,"{""tick"": 932}"
957,2026-09-29T03:54:27.257524,2026-01-10T17:15:00,933,simulation.tick,instance,1,OK,"{""tick"": 933}"
958,2026-09-29T03:54:27.345183,2026-01-10T17:30:00,934,simulation.tick,instance,1,OK,"{""tick"": 934}"
959,2026-09-29T03:54:27.430452,2026-01-10T17:45:00,935,simulation.tick,instance,1,OK,"{""tick"": 935}"
960,2026-09-29T03:54:27.516342,2026-01-10T18:00:00,936,simulation.tick,instance,1,OK,"{""tick"": 936}"
961,2026-09-29T03:54:27.599439,2026-01-10T18:15:00,937,simulation.tick,instance,1,OK,"{""tick"": 937}"
962,2026-09-29T03:54:27.690674,2026-01-10T18:30:00,938,simulation.tick,instance,1,OK,"{""tick"": 938}"
963,2026-09-29T03:54:27.776362,2026-01-10T18:45:00,939,simulation.tick,instance,1,OK,"{""tick"": 939}"
964,2026-09-29T03:54:27.861149,2026-01-10T19:00:00,940,simulation.tick,instance,1,OK,"{""tick"": 940}"
965,2026-09-29T03:54:27.943660,2026-01-10T19:15:00,941,simulation.tick,instance,1,OK,"{""tick"": 941}"
966,2026-09-29T03:54:28.030634,2026-01-10T19:30:00,942,simulation.tick,instance,1,OK,"{""tick"": 942}"
967,2026-09-29T03:54:28.115461,2026-01-10T19:45:00,943,simulation.tick,instance,1,OK,"{""tick"": 943}"
968,2026-09-29T03:54:28.201354,2026-01-10T20:00:00,944,simulation.tick,instance,1,OK,"{""tick"": 944}"
969,2026-09-29T03:54:28.288518,2026-01-10T20:15:00,945,simulation.tick,instance,1,OK,"{""tick"": 945}"
970,2026-09-29T03:54:28.373680,2026-01-10T20:30:00,946,simulation.tick,instance,1,OK,"{""tick"": 946}"
971,2026-09-29T03:54:28.454953,2026-01-10T20:45:00,947,simulation.tick,instance,1,OK,"{""tick"": 947}"
972,2026-09-29T03:54:28.538759,2026-01-10T21:00:00,948,simulation.tick,instance,1,OK,"{""tick"": 948}"
973,2026-09-29T03:54:28.625143,2026-01-10T21:15:00,949,simulation.tick,instance,1,OK,"{""tick"": 949}"
974,2026-09-29T03:54:28.706188,2026-01-10T21:30:00,950,simulation.tick,instance,1,OK,"{""tick"": 950}"
975,2026-09-29T03:54:28.820069,2026-01-10T21:45:00,951,simulation.tick,instance,1,OK,"{""tick"": 951}"
976,2026-09-29T03:54:28.913049,2026-01-10T22:00:00,952,simulation.tick,instance,1,OK,"{""tick"": 952}"
977,2026-09-29T03:54:29.002941,2026-01-10T22:15:00,953,simulation.tick,instance,1,OK,"{""tick"": 953}"
978,2026-09-29T03:54:29.096536,2026-01-10T22:30:00,954,simulation.tick,instance,1,OK,"{""tick"": 954}"
979,2026-09-29T03:54:29.184507,2026-01-10T22:45:00,955,simulation.tick,instance,1,OK,"{""tick"": 955}"
980,2026-09-29T03:54:29.270807,2026-01-10T23:00:00,956,simulation.tick,instance,1,OK,"{""tick"": 956}"
981,2026-09-29T03:54:29.352939,2026-01-10T23:15:00,957,simulation.tick,instance,1,OK,"{""tick"": 957}"
982,2026-09-29T03:54:29.440225,2026-01-10T23:30:00,958,simulation.tick,instance,1,OK,"{""tick"": 958}"
983,2026-09-29T03:54:29.522233,2026-01-10T23:45:00,959,simulation.tick,instance,1,OK,"{""tick"": 959}"
