id,station_id,fuel_type,tick,sim_time,demand_liters,served_liters,unmet_liters
1,station-mirpur,DIESEL,0,2026-01-01T00:00:00,59.588,59.588,0.0
2,station-mirpur,PETROL,0,2026-01-01T00:00:00,71.273,71.273,0.0
3,station-mirpur,OCTANE,0,2026-01-01T00:00:00,37.631,37.631,0.0
4,station-tongi,DIESEL,0,2026-01-01T00:00:00,69.528,69.528,0.0
5,station-tongi,PETROL,0,2026-01-01T00:00:00,20.7,20.7,0.0
6,station-tongi,OCTANE,0,2026-01-01T00:00:00,10.05,10.05,0.0
7,station-karnaphuli,DIESEL,0,2026-01-01T00:00:00,87.701,87.701,0.0
8,station-karnaphuli,PETROL,0,2026-01-01T00:00:00,99.076,99.076,0.0
9,station-karnaphuli,OCTANE,0,2026-01-01T00:00:00,55.314,55.314,0.0
10,station-coxsbazar,DIESEL,0,2026-01-01T00:00:00,48.83,48.83,0.0
11,station-coxsbazar,PETROL,0,2026-01-01T00:00:00,55.248,55.248,0.0
12,station-coxsbazar,OCTANE,0,2026-01-01T00:00:00,27.586,27.586,0.0
13,station-mirpur,DIESEL,1,2026-01-01T00:15:00,58.905,58.905,0.0
14,station-mirpur,PETROL,1,2026-01-01T00:15:00,79.32,79.32,0.0
15,station-mirpur,OCTANE,1,2026-01-01T00:15:00,37.862,37.862,0.0
16,station-tongi,DIESEL,1,2026-01-01T00:15:00,64.303,64.303,0.0
17,station-tongi,PETROL,1,2026-01-01T00:15:00,21.284,21.284,0.0
18,station-tongi,OCTANE,1,2026-01-01T00:15:00,10.648,10.648,0.0
19,station-karnaphuli,DIESEL,1,2026-01-01T00:15:00,83.528,83.528,0.0
20,station-karnaphuli,PETROL,1,2026-01-01T00:15:00,89.728,89.728,0.0
21,station-karnaphuli,OCTANE,1,2026-01-01T00:15:00,54.015,54.015,0.0
22,station-coxsbazar,DIESEL,1,2026-01-01T00:15:00,53.852,53.852,0.0
23,station-coxsbazar,PETROL,1,2026-01-01T00:15:00,59.603,59.603,0.0
24,station-coxsbazar,OCTANE,1,2026-01-01T00:15:00,25.509,25.509,0.0
25,station-mirpur,DIESEL,2,2026-01-01T00:30:00,56.319,56.319,0.0
26,station-mirpur,PETROL,2,2026-01-01T00:30:00,80.7,80.7,0.0
27,station-mirpur,OCTANE,2,2026-01-01T00:30:00,41.77,41.77,0.0
28,station-tongi,DIESEL,2,2026-01-01T00:30:00,64.443,64.443,0.0
29,station-tongi,PETROL,2,2026-01-01T00:30:00,20.969,20.969,0.0
30,station-tongi,OCTANE,2,2026-01-01T00:30:00,10.995,10.995,0.0
31,station-karnaphuli,DIESEL,2,2026-01-01T00:30:00,78.339,78.339,0.0
32,station-karnaphuli,PETROL,2,2026-01-01T00:30:00,94.272,94.272,0.0
33,station-karnaphuli,OCTANE,2,2026-01-01T00:30:00,58.135,58.135,0.0
34,station-coxsbazar,DIESEL,2,2026-01-01T00:30:00,51.024,51.024,0.0
35,station-coxsbazar,PETROL,2,2026-01-01T00:30:00,59.486,59.486,0.0
36,station-coxsbazar,OCTANE,2,2026-01-01T00:30:00,28.855,28.855,0.0
37,station-mirpur,DIESEL,3,2026-01-01T00:45:00,65.161,65.161,0.0
38,station-mirpur,PETROL,3,2026-01-01T00:45:00,78.678,78.678,0.0
39,station-mirpur,OCTANE,3,2026-01-01T00:45:00,44.3,44.3,0.0
40,station-tongi,DIESEL,3,2026-01-01T00:45:00,63.334,63.334,0.0
41,station-tongi,PETROL,3,2026-01-01T00:45:00,19.597,19.597,0.0
42,station-tongi,OCTANE,3,2026-01-01T00:45:00,9.817,9.817,0.0
43,station-karnaphuli,DIESEL,3,2026-01-01T00:45:00,90.781,90.781,0.0
44,station-karnaphuli,PETROL,3,2026-01-01T00:45:00,96.633,96.633,0.0
45,station-karnaphuli,OCTANE,3,2026-01-01T00:45:00,56.742,56.742,0.0
46,station-coxsbazar,DIESEL,3,2026-01-01T00:45:00,55.853,55.853,0.0
47,station-coxsbazar,PETROL,3,2026-01-01T00:45:00,55.555,55.555,0.0
48,station-coxsbazar,OCTANE,3,2026-01-01T00:45:00,26.141,26.141,0.0
49,station-mirpur,DIESEL,4,2026-01-01T01:00:00,64.058,64.058,0.0
50,station-mirpur,PETROL,4,2026-01-01T01:00:00,69.509,69.509,0.0
51,station-mirpur,OCTANE,4,2026-01-01T01:00:00,36.762,36.762,0.0
52,station-tongi,DIESEL,4,2026-01-01T01:00:00,61.082,61.082,0.0
53,station-tongi,PETROL,4,2026-01-01T01:00:00,20.335,20.335,0.0
54,station-tongi,OCTANE,4,2026-01-01T01:00:00,9.621,9.621,0.0
55,station-karnaphuli,DIESEL,4,2026-01-01T01:00:00,81.77,81.77,0.0
56,station-karnaphuli,PETROL,4,2026-01-01T01:00:00,100.719,100.719,0.0
57,station-karnaphuli,OCTANE,4,2026-01-01T01:00:00,46.847,46.847,0.0
58,station-coxsbazar,DIESEL,4,2026-01-01T01:00:00,51.318,51.318,0.0
59,station-coxsbazar,PETROL,4,2026-01-01T01:00:00,58.313,58.313,0.0
60,station-coxsbazar,OCTANE,4,2026-01-01T01:00:00,24.329,24.329,0.0
61,station-mirpur,DIESEL,5,2026-01-01T01:15:00,66.398,66.398,0.0
62,station-mirpur,PETROL,5,2026-01-01T01:15:00,79.508,79.508,0.0
63,station-mirpur,OCTANE,5,2026-01-01T01:15:00,37.378,37.378,0.0
64,station-tongi,DIESEL,5,2026-01-01T01:15:00,63.005,63.005,0.0
65,station-tongi,PETROL,5,2026-01-01T01:15:00,22.302,22.302,0.0
66,station-tongi,OCTANE,5,2026-01-01T01:15:00,11.101,11.101,0.0
67,station-karnaphuli,DIESEL,5,2026-01-01T01:15:00,98.398,98.398,0.0
68,station-karnaphuli,PETROL,5,2026-01-01T01:15:00,96.073,96.073,0.0
69,station-karnaphuli,OCTANE,5,2026-01-01T01:15:00,58.295,58.295,0.0
70,station-coxsbazar,DIESEL,5,2026-01-01T01:15:00,48.213,48.213,0.0
71,station-coxsbazar,PETROL,5,2026-01-01T01:15:00,52.289,52.289,0.0
72,station-coxsbazar,OCTANE,5,2026-01-01T01:15:00,23.972,23.972,0.0
73,station-mirpur,DIESEL,6,2026-01-01T01:30:00,55.795,55.795,0.0
74,station-mirpur,PETROL,6,2026-01-01T01:30:00,75.636,75.636,0.0
75,station-mirpur,OCTANE,6,2026-01-01T01:30:00,44.211,44.211,0.0
76,station-tongi,DIESEL,6,2026-01-01T01:30:00,66.043,66.043,0.0
77,station-tongi,PETROL,6,2026-01-01T01:30:00,20.892,20.892,0.0
78,station-tongi,OCTANE,6,2026-01-01T01:30:00,10.922,10.922,0.0
79,station-karnaphuli,DIESEL,6,2026-01-01T01:30:00,89.319,89.319,0.0
80,station-karnaphuli,PETROL,6,2026-01-01T01:30:00,98.282,98.282,0.0
81,station-karnaphuli,OCTANE,6,2026-01-01T01:30:00,54.979,54.979,0.0
82,station-coxsbazar,DIESEL,6,2026-01-01T01:30:00,55.329,55.329,0.0
83,station-coxsbazar,PETROL,6,2026-01-01T01:30:00,50.454,50.454,0.0
84,station-coxsbazar,OCTANE,6,2026-01-01T01:30:00,25.482,25.482,0.0
85,station-mirpur,DIESEL,7,2026-01-01T01:45:00,64.476,64.476,0.0
86,station-mirpur,PETROL,7,2026-01-01T01:45:00,73.612,73.612,0.0
87,station-mirpur,OCTANE,7,2026-01-01T01:45:00,38.167,38.167,0.0
88,station-tongi,DIESEL,7,2026-01-01T01:45:00,66.699,66.699,0.0
89,station-tongi,PETROL,7,2026-01-01T01:45:00,20.758,20.758,0.0
90,station-tongi,OCTANE,7,2026-01-01T01:45:00,9.796,9.796,0.0
91,station-karnaphuli,DIESEL,7,2026-01-01T01:45:00,79.296,79.296,0.0
92,station-karnaphuli,PETROL,7,2026-01-01T01:45:00,84.92,84.92,0.0
93,station-karnaphuli,OCTANE,7,2026-01-01T01:45:00,48.891,48.891,0.0
94,station-coxsbazar,DIESEL,7,2026-01-01T01:45:00,47.485,47.485,0.0
95,station-coxsbazar,PETROL,7,2026-01-01T01:45:00,60.757,60.757,0.0
96,station-coxsbazar,OCTANE,7,2026-01-01T01:45:00,24.508,24.508,0.0
97,station-mirpur,DIESEL,8,2026-01-01T02:00:00,56.094,56.094,0.0
98,station-mirpur,PETROL,8,2026-01-01T02:00:00,71.177,71.177,0.0
99,station-mirpur,OCTANE,8,2026-01-01T02:00:00,41.235,41.235,0.0
100,station-tongi,DIESEL,8,2026-01-01T02:00:00,64.698,64.698,0.0
101,station-tongi,PETROL,8,2026-01-01T02:00:00,21.84,21.84,0.0
102,station-tongi,OCTANE,8,2026-01-01T02:00:00,10.303,10.303,0.0
103,station-karnaphuli,DIESEL,8,2026-01-01T02:00:00,80.705,80.705,0.0
104,station-karnaphuli,PETROL,8,2026-01-01T02:00:00,95.459,95.459,0.0
105,station-karnaphuli,OCTANE,8,2026-01-01T02:00:00,46.256,46.256,0.0
106,station-coxsbazar,DIESEL,8,2026-01-01T02:00:00,49.288,49.288,0.0
107,station-coxsbazar,PETROL,8,2026-01-01T02:00:00,60.582,60.582,0.0
108,station-coxsbazar,OCTANE,8,2026-01-01T02:00:00,28.814,28.814,0.0
109,station-mirpur,DIESEL,9,2026-01-01T02:15:00,63.021,63.021,0.0
110,station-mirpur,PETROL,9,2026-01-01T02:15:00,74.783,74.783,0.0
111,station-mirpur,OCTANE,9,2026-01-01T02:15:00,44.446,44.446,0.0
112,station-tongi,DIESEL,9,2026-01-01T02:15:00,69.61,69.61,0.0
113,station-tongi,PETROL,9,2026-01-01T02:15:00,21.21,21.21,0.0
114,station-tongi,OCTANE,9,2026-01-01T02:15:00,9.578,9.578,0.0
115,station-karnaphuli,DIESEL,9,2026-01-01T02:15:00,88.71,88.71,0.0
116,station-karnaphuli,PETROL,9,2026-01-01T02:15:00,90.228,90.228,0.0
117,station-karnaphuli,OCTANE,9,2026-01-01T02:15:00,57.088,57.088,0.0
118,station-coxsbazar,DIESEL,9,2026-01-01T02:15:00,55.214,55.214,0.0
119,station-coxsbazar,PETROL,9,2026-01-01T02:15:00,52.49,52.49,0.0
120,station-coxsbazar,OCTANE,9,2026-01-01T02:15:00,24.005,24.005,0.0
121,station-mirpur,DIESEL,10,2026-01-01T02:30:00,58.78,58.78,0.0
122,station-mirpur,PETROL,10,2026-01-01T02:30:00,72.489,72.489,0.0
123,station-mirpur,OCTANE,10,2026-01-01T02:30:00,37.471,37.471,0.0
124,station-tongi,DIESEL,10,2026-01-01T02:30:00,63.583,63.583,0.0
125,station-tongi,PETROL,10,2026-01-01T02:30:00,20.597,20.597,0.0
126,station-tongi,OCTANE,10,2026-01-01T02:30:00,10.543,10.543,0.0
127,station-karnaphuli,DIESEL,10,2026-01-01T02:30:00,78.717,78.717,0.0
128,station-karnaphuli,PETROL,10,2026-01-01T02:30:00,89.373,89.373,0.0
129,station-karnaphuli,OCTANE,10,2026-01-01T02:30:00,57.868,57.868,0.0
130,station-coxsbazar,DIESEL,10,2026-01-01T02:30:00,52.121,52.121,0.0
131,station-coxsbazar,PETROL,10,2026-01-01T02:30:00,53.946,53.946,0.0
132,station-coxsbazar,OCTANE,10,2026-01-01T02:30:00,24.428,24.428,0.0
133,station-mirpur,DIESEL,11,2026-01-01T02:45:00,63.415,63.415,0.0
134,station-mirpur,PETROL,11,2026-01-01T02:45:00,82.71,82.71,0.0
135,station-mirpur,OCTANE,11,2026-01-01T02:45:00,40.247,40.247,0.0
136,station-tongi,DIESEL,11,2026-01-01T02:45:00,63.575,63.575,0.0
137,station-tongi,PETROL,11,2026-01-01T02:45:00,19.503,19.503,0.0
138,station-tongi,OCTANE,11,2026-01-01T02:45:00,11.091,11.091,0.0
139,station-karnaphuli,DIESEL,11,2026-01-01T02:45:00,94.511,94.511,0.0
140,station-karnaphuli,PETROL,11,2026-01-01T02:45:00,90.121,90.121,0.0
141,station-karnaphuli,OCTANE,11,2026-01-01T02:45:00,57.709,57.709,0.0
142,station-coxsbazar,DIESEL,11,2026-01-01T02:45:00,52.294,52.294,0.0
143,station-coxsbazar,PETROL,11,2026-01-01T02:45:00,61.019,61.019,0.0
144,station-coxsbazar,OCTANE,11,2026-01-01T02:45:00,27.011,27.011,0.0
145,station-mirpur,DIESEL,12,2026-01-01T03:00:00,58.778,58.778,0.0
146,station-mirpur,PETROL,12,2026-01-01T03:00:00,84.007,84.007,0.0
147,station-mirpur,OCTANE,12,2026-01-01T03:00:00,41.749,41.749,0.0
148,station-tongi,DIESEL,12,2026-01-01T03:00:00,68.783,68.783,0.0
149,station-tongi,PETROL,12,2026-01-01T03:00:00,22.234,22.234,0.0
150,station-tongi,OCTANE,12,2026-01-01T03:00:00,9.889,9.889,0.0
151,station-karnaphuli,DIESEL,12,2026-01-01T03:00:00,86.802,86.802,0.0
152,station-karnaphuli,PETROL,12,2026-01-01T03:00:00,98.6,98.6,0.0
153,station-karnaphuli,OCTANE,12,2026-01-01T03:00:00,47.237,47.237,0.0
154,station-coxsbazar,DIESEL,12,2026-01-01T03:00:00,48.231,48.231,0.0
155,station-coxsbazar,PETROL,12,2026-01-01T03:00:00,51.416,51.416,0.0
156,station-coxsbazar,OCTANE,12,2026-01-01T03:00:00,26.567,26.567,0.0
157,station-mirpur,DIESEL,13,2026-01-01T03:15:00,65.637,65.637,0.0
158,station-mirpur,PETROL,13,2026-01-01T03:15:00,79.233,79.233,0.0
159,station-mirpur,OCTANE,13,2026-01-01T03:15:00,38.573,38.573,0.0
160,station-tongi,DIESEL,13,2026-01-01T03:15:00,66.469,66.469,0.0
161,station-tongi,PETROL,13,2026-01-01T03:15:00,20.414,20.414,0.0
162,station-tongi,OCTANE,13,2026-01-01T03:15:00,10.434,10.434,0.0
163,station-karnaphuli,DIESEL,13,2026-01-01T03:15:00,94.793,94.793,0.0
164,station-karnaphuli,PETROL,13,2026-01-01T03:15:00,96.96,96.96,0.0
165,station-karnaphuli,OCTANE,13,2026-01-01T03:15:00,56.178,56.178,0.0
166,station-coxsbazar,DIESEL,13,2026-01-01T03:15:00,54.312,54.312,0.0
167,station-coxsbazar,PETROL,13,2026-01-01T03:15:00,56.467,56.467,0.0
168,station-coxsbazar,OCTANE,13,2026-01-01T03:15:00,24.194,24.194,0.0
169,station-mirpur,DIESEL,14,2026-01-01T03:30:00,58.237,58.237,0.0
170,station-mirpur,PETROL,14,2026-01-01T03:30:00,75.972,75.972,0.0
171,station-mirpur,OCTANE,14,2026-01-01T03:30:00,40.089,40.089,0.0
172,station-tongi,DIESEL,14,2026-01-01T03:30:00,69.131,69.131,0.0
173,station-tongi,PETROL,14,2026-01-01T03:30:00,22.387,22.387,0.0
174,station-tongi,OCTANE,14,2026-01-01T03:30:00,10.232,10.232,0.0
175,station-karnaphuli,DIESEL,14,2026-01-01T03:30:00,80.672,80.672,0.0
176,station-karnaphuli,PETROL,14,2026-01-01T03:30:00,88.545,88.545,0.0
177,station-karnaphuli,OCTANE,14,2026-01-01T03:30:00,51.209,51.209,0.0
178,station-coxsbazar,DIESEL,14,2026-01-01T03:30:00,50.945,50.945,0.0
179,station-coxsbazar,PETROL,14,2026-01-01T03:30:00,56.646,56.646,0.0
180,station-coxsbazar,OCTANE,14,2026-01-01T03:30:00,24.236,24.236,0.0
181,station-mirpur,DIESEL,15,2026-01-01T03:45:00,59.889,59.889,0.0
182,station-mirpur,PETROL,15,2026-01-01T03:45:00,78.967,78.967,0.0
183,station-mirpur,OCTANE,15,2026-01-01T03:45:00,44.284,44.284,0.0
184,station-tongi,DIESEL,15,2026-01-01T03:45:00,70.618,70.618,0.0
185,station-tongi,PETROL,15,2026-01-01T03:45:00,19.983,19.983,0.0
186,station-tongi,OCTANE,15,2026-01-01T03:45:00,9.951,9.951,0.0
187,station-karnaphuli,DIESEL,15,2026-01-01T03:45:00,84.335,84.335,0.0
188,station-karnaphuli,PETROL,15,2026-01-01T03:45:00,85.984,85.984,0.0
189,station-karnaphuli,OCTANE,15,2026-01-01T03:45:00,52.397,52.397,0.0
190,station-coxsbazar,DIESEL,15,2026-01-01T03:45:00,57.468,57.468,0.0
191,station-coxsbazar,PETROL,15,2026-01-01T03:45:00,58.696,58.696,0.0
192,station-coxsbazar,OCTANE,15,2026-01-01T03:45:00,27.973,27.973,0.0
193,station-mirpur,DIESEL,16,2026-01-01T04:00:00,67.705,67.705,0.0
194,station-mirpur,PETROL,16,2026-01-01T04:00:00,81.712,81.712,0.0
195,station-mirpur,OCTANE,16,2026-01-01T04:00:00,40.162,40.162,0.0
196,station-tongi,DIESEL,16,2026-01-01T04:00:00,62.537,62.537,0.0
197,station-tongi,PETROL,16,2026-01-01T04:00:00,22.046,22.046,0.0
198,station-tongi,OCTANE,16,2026-01-01T04:00:00,10.627,10.627,0.0
199,station-karnaphuli,DIESEL,16,2026-01-01T04:00:00,84.0,84.0,0.0
200,station-karnaphuli,PETROL,16,2026-01-01T04:00:00,85.021,85.021,0.0
201,station-karnaphuli,OCTANE,16,2026-01-01T04:00:00,57.68,57.68,0.0
202,station-coxsbazar,DIESEL,16,2026-01-01T04:00:00,55.012,55.012,0.0
203,station-coxsbazar,PETROL,16,2026-01-01T04:00:00,56.8,56.8,0.0
204,station-coxsbazar,OCTANE,16,2026-01-01T04:00:00,25.472,25.472,0.0
205,station-mirpur,DIESEL,17,2026-01-01T04:15:00,62.73,62.73,0.0
206,station-mirpur,PETROL,17,2026-01-01T04:15:00,83.037,83.037,0.0
207,station-mirpur,OCTANE,17,2026-01-01T04:15:00,40.101,40.101,0.0
208,station-tongi,DIESEL,17,2026-01-01T04:15:00,62.433,62.433,0.0
209,station-tongi,PETROL,17,2026-01-01T04:15:00,19.672,19.672,0.0
210,station-tongi,OCTANE,17,2026-01-01T04:15:00,10.184,10.184,0.0
211,station-karnaphuli,DIESEL,17,2026-01-01T04:15:00,95.575,95.575,0.0
212,station-karnaphuli,PETROL,17,2026-01-01T04:15:00,86.796,86.796,0.0
213,station-karnaphuli,OCTANE,17,2026-01-01T04:15:00,50.31,50.31,0.0
214,station-coxsbazar,DIESEL,17,2026-01-01T04:15:00,55.349,55.349,0.0
215,station-coxsbazar,PETROL,17,2026-01-01T04:15:00,58.533,58.533,0.0
216,station-coxsbazar,OCTANE,17,2026-01-01T04:15:00,26.309,26.309,0.0
217,station-mirpur,DIESEL,18,2026-01-01T04:30:00,57.517,57.517,0.0
218,station-mirpur,PETROL,18,2026-01-01T04:30:00,78.343,78.343,0.0
219,station-mirpur,OCTANE,18,2026-01-01T04:30:00,43.392,43.392,0.0
220,station-tongi,DIESEL,18,2026-01-01T04:30:00,68.12,68.12,0.0
221,station-tongi,PETROL,18,2026-01-01T04:30:00,22.168,22.168,0.0
222,station-tongi,OCTANE,18,2026-01-01T04:30:00,11.074,11.074,0.0
223,station-karnaphuli,DIESEL,18,2026-01-01T04:30:00,83.004,83.004,0.0
224,station-karnaphuli,PETROL,18,2026-01-01T04:30:00,93.015,93.015,0.0
225,station-karnaphuli,OCTANE,18,2026-01-01T04:30:00,55.162,55.162,0.0
226,station-coxsbazar,DIESEL,18,2026-01-01T04:30:00,50.552,50.552,0.0
227,station-coxsbazar,PETROL,18,2026-01-01T04:30:00,58.795,58.795,0.0
228,station-coxsbazar,OCTANE,18,2026-01-01T04:30:00,25.823,25.823,0.0
229,station-mirpur,DIESEL,19,2026-01-01T04:45:00,55.795,55.795,0.0
230,station-mirpur,PETROL,19,2026-01-01T04:45:00,79.196,79.196,0.0
231,station-mirpur,OCTANE,19,2026-01-01T04:45:00,42.016,42.016,0.0
232,station-tongi,DIESEL,19,2026-01-01T04:45:00,62.767,62.767,0.0
233,station-tongi,PETROL,19,2026-01-01T04:45:00,19.91,19.91,0.0
234,station-tongi,OCTANE,19,2026-01-01T04:45:00,9.916,9.916,0.0
235,station-karnaphuli,DIESEL,19,2026-01-01T04:45:00,85.935,85.935,0.0
236,station-karnaphuli,PETROL,19,2026-01-01T04:45:00,95.621,95.621,0.0
237,station-karnaphuli,OCTANE,19,2026-01-01T04:45:00,49.55,49.55,0.0
238,station-coxsbazar,DIESEL,19,2026-01-01T04:45:00,52.348,52.348,0.0
239,station-coxsbazar,PETROL,19,2026-01-01T04:45:00,52.124,52.124,0.0
240,station-coxsbazar,OCTANE,19,2026-01-01T04:45:00,24.235,24.235,0.0
241,station-mirpur,DIESEL,20,2026-01-01T05:00:00,67.025,67.025,0.0
242,station-mirpur,PETROL,20,2026-01-01T05:00:00,72.843,72.843,0.0
243,station-mirpur,OCTANE,20,2026-01-01T05:00:00,38.239,38.239,0.0
244,station-tongi,DIESEL,20,2026-01-01T05:00:00,61.731,61.731,0.0
245,station-tongi,PETROL,20,2026-01-01T05:00:00,19.674,19.674,0.0
246,station-tongi,OCTANE,20,2026-01-01T05:00:00,10.378,10.378,0.0
247,station-karnaphuli,DIESEL,20,2026-01-01T05:00:00,97.016,97.016,0.0
248,station-karnaphuli,PETROL,20,2026-01-01T05:00:00,88.039,88.039,0.0
249,station-karnaphuli,OCTANE,20,2026-01-01T05:00:00,46.163,46.163,0.0
250,station-coxsbazar,DIESEL,20,2026-01-01T05:00:00,53.611,53.611,0.0
251,station-coxsbazar,PETROL,20,2026-01-01T05:00:00,60.465,60.465,0.0
252,station-coxsbazar,OCTANE,20,2026-01-01T05:00:00,24.306,24.306,0.0
253,station-mirpur,DIESEL,21,2026-01-01T05:15:00,61.967,61.967,0.0
254,station-mirpur,PETROL,21,2026-01-01T05:15:00,73.757,73.757,0.0
255,station-mirpur,OCTANE,21,2026-01-01T05:15:00,39.359,39.359,0.0
256,station-tongi,DIESEL,21,2026-01-01T05:15:00,70.146,70.146,0.0
257,station-tongi,PETROL,21,2026-01-01T05:15:00,21.587,21.587,0.0
258,station-tongi,OCTANE,21,2026-01-01T05:15:00,10.96,10.96,0.0
259,station-karnaphuli,DIESEL,21,2026-01-01T05:15:00,80.909,80.909,0.0
260,station-karnaphuli,PETROL,21,2026-01-01T05:15:00,102.247,102.247,0.0
261,station-karnaphuli,OCTANE,21,2026-01-01T05:15:00,58.173,58.173,0.0
262,station-coxsbazar,DIESEL,21,2026-01-01T05:15:00,51.322,51.322,0.0
263,station-coxsbazar,PETROL,21,2026-01-01T05:15:00,51.289,51.289,0.0
264,station-coxsbazar,OCTANE,21,2026-01-01T05:15:00,27.512,27.512,0.0
265,station-mirpur,DIESEL,22,2026-01-01T05:30:00,64.284,64.284,0.0
266,station-mirpur,PETROL,22,2026-01-01T05:30:00,77.942,77.942,0.0
267,station-mirpur,OCTANE,22,2026-01-01T05:30:00,44.738,44.738,0.0
268,station-tongi,DIESEL,22,2026-01-01T05:30:00,64.592,64.592,0.0
269,station-tongi,PETROL,22,2026-01-01T05:30:00,22.31,22.31,0.0
270,station-tongi,OCTANE,22,2026-01-01T05:30:00,11.129,11.129,0.0
271,station-karnaphuli,DIESEL,22,2026-01-01T05:30:00,96.536,96.536,0.0
272,station-karnaphuli,PETROL,22,2026-01-01T05:30:00,94.274,94.274,0.0
273,station-karnaphuli,OCTANE,22,2026-01-01T05:30:00,57.757,57.757,0.0
274,station-coxsbazar,DIESEL,22,2026-01-01T05:30:00,50.864,50.864,0.0
275,station-coxsbazar,PETROL,22,2026-01-01T05:30:00,60.308,60.308,0.0
276,station-coxsbazar,OCTANE,22,2026-01-01T05:30:00,25.909,25.909,0.0
277,station-mirpur,DIESEL,23,2026-01-01T05:45:00,66.547,66.547,0.0
278,station-mirpur,PETROL,23,2026-01-01T05:45:00,73.982,73.982,0.0
279,station-mirpur,OCTANE,23,2026-01-01T05:45:00,39.228,39.228,0.0
280,station-tongi,DIESEL,23,2026-01-01T05:45:00,70.529,70.529,0.0
281,station-tongi,PETROL,23,2026-01-01T05:45:00,22.143,22.143,0.0
282,station-tongi,OCTANE,23,2026-01-01T05:45:00,10.855,10.855,0.0
283,station-karnaphuli,DIESEL,23,2026-01-01T05:45:00,92.608,92.608,0.0
284,station-karnaphuli,PETROL,23,2026-01-01T05:45:00,100.696,100.696,0.0
285,station-karnaphuli,OCTANE,23,2026-01-01T05:45:00,57.258,57.258,0.0
286,station-coxsbazar,DIESEL,23,2026-01-01T05:45:00,56.547,56.547,0.0
287,station-coxsbazar,PETROL,23,2026-01-01T05:45:00,57.019,57.019,0.0
288,station-coxsbazar,OCTANE,23,2026-01-01T05:45:00,27.734,27.734,0.0
289,station-mirpur,DIESEL,24,2026-01-01T06:00:00,61.233,61.233,0.0
290,station-mirpur,PETROL,24,2026-01-01T06:00:00,79.756,79.756,0.0
291,station-mirpur,OCTANE,24,2026-01-01T06:00:00,41.443,41.443,0.0
292,station-tongi,DIESEL,24,2026-01-01T06:00:00,211.193,211.193,0.0
293,station-tongi,PETROL,24,2026-01-01T06:00:00,73.697,73.697,0.0
294,station-tongi,OCTANE,24,2026-01-01T06:00:00,34.094,34.094,0.0
295,station-karnaphuli,DIESEL,24,2026-01-01T06:00:00,177.934,177.934,0.0
296,station-karnaphuli,PETROL,24,2026-01-01T06:00:00,169.012,169.012,0.0
297,station-karnaphuli,OCTANE,24,2026-01-01T06:00:00,87.591,87.591,0.0
298,station-coxsbazar,DIESEL,24,2026-01-01T06:00:00,57.797,57.797,0.0
299,station-coxsbazar,PETROL,24,2026-01-01T06:00:00,58.64,58.64,0.0
300,station-coxsbazar,OCTANE,24,2026-01-01T06:00:00,24.114,24.114,0.0
301,station-mirpur,DIESEL,25,2026-01-01T06:15:00,56.551,56.551,0.0
302,station-mirpur,PETROL,25,2026-01-01T06:15:00,78.099,78.099,0.0
303,station-mirpur,OCTANE,25,2026-01-01T06:15:00,38.611,38.611,0.0
304,station-tongi,DIESEL,25,2026-01-01T06:15:00,239.292,239.292,0.0
305,station-tongi,PETROL,25,2026-01-01T06:15:00,70.947,70.947,0.0
306,station-tongi,OCTANE,25,2026-01-01T06:15:00,36.504,36.504,0.0
307,station-karnaphuli,DIESEL,25,2026-01-01T06:15:00,157.535,157.535,0.0
308,station-karnaphuli,PETROL,25,2026-01-01T06:15:00,184.268,184.268,0.0
309,station-karnaphuli,OCTANE,25,2026-01-01T06:15:00,104.613,104.613,0.0
310,station-coxsbazar,DIESEL,25,2026-01-01T06:15:00,57.456,57.456,0.0
311,station-coxsbazar,PETROL,25,2026-01-01T06:15:00,50.985,50.985,0.0
312,station-coxsbazar,OCTANE,25,2026-01-01T06:15:00,25.034,25.034,0.0
313,station-mirpur,DIESEL,26,2026-01-01T06:30:00,57.54,57.54,0.0
314,station-mirpur,PETROL,26,2026-01-01T06:30:00,82.266,82.266,0.0
315,station-mirpur,OCTANE,26,2026-01-01T06:30:00,43.801,43.801,0.0
316,station-tongi,DIESEL,26,2026-01-01T06:30:00,223.754,223.754,0.0
317,station-tongi,PETROL,26,2026-01-01T06:30:00,67.859,67.859,0.0
318,station-tongi,OCTANE,26,2026-01-01T06:30:00,37.559,37.559,0.0
319,station-karnaphuli,DIESEL,26,2026-01-01T06:30:00,161.536,161.536,0.0
320,station-karnaphuli,PETROL,26,2026-01-01T06:30:00,148.39,148.39,0.0
321,station-karnaphuli,OCTANE,26,2026-01-01T06:30:00,87.734,87.734,0.0
322,station-coxsbazar,DIESEL,26,2026-01-01T06:30:00,48.395,48.395,0.0
323,station-coxsbazar,PETROL,26,2026-01-01T06:30:00,59.994,59.994,0.0
324,station-coxsbazar,OCTANE,26,2026-01-01T06:30:00,27.412,27.412,0.0
325,station-mirpur,DIESEL,27,2026-01-01T06:45:00,66.953,66.953,0.0
326,station-mirpur,PETROL,27,2026-01-01T06:45:00,75.389,75.389,0.0
327,station-mirpur,OCTANE,27,2026-01-01T06:45:00,38.477,38.477,0.0
328,station-tongi,DIESEL,27,2026-01-01T06:45:00,223.83,223.83,0.0
329,station-tongi,PETROL,27,2026-01-01T06:45:00,75.725,75.725,0.0
330,station-tongi,OCTANE,27,2026-01-01T06:45:00,35.37,35.37,0.0
331,station-karnaphuli,DIESEL,27,2026-01-01T06:45:00,172.666,172.666,0.0
332,station-karnaphuli,PETROL,27,2026-01-01T06:45:00,156.305,156.305,0.0
333,station-karnaphuli,OCTANE,27,2026-01-01T06:45:00,86.958,86.958,0.0
334,station-coxsbazar,DIESEL,27,2026-01-01T06:45:00,56.269,56.269,0.0
335,station-coxsbazar,PETROL,27,2026-01-01T06:45:00,56.759,56.759,0.0
336,station-coxsbazar,OCTANE,27,2026-01-01T06:45:00,25.448,25.448,0.0
337,station-mirpur,DIESEL,28,2026-01-01T07:00:00,125.816,125.816,0.0
338,station-mirpur,PETROL,28,2026-01-01T07:00:00,149.487,149.487,0.0
339,station-mirpur,OCTANE,28,2026-01-01T07:00:00,76.412,76.412,0.0
340,station-tongi,DIESEL,28,2026-01-01T07:00:00,216.684,216.684,0.0
341,station-tongi,PETROL,28,2026-01-01T07:00:00,74.394,74.394,0.0
342,station-tongi,OCTANE,28,2026-01-01T07:00:00,33.735,33.735,0.0
343,station-karnaphuli,DIESEL,28,2026-01-01T07:00:00,166.218,166.218,0.0
344,station-karnaphuli,PETROL,28,2026-01-01T07:00:00,185.051,185.051,0.0
345,station-karnaphuli,OCTANE,28,2026-01-01T07:00:00,90.555,90.555,0.0
346,station-coxsbazar,DIESEL,28,2026-01-01T07:00:00,92.99,92.99,0.0
347,station-coxsbazar,PETROL,28,2026-01-01T07:00:00,111.573,111.573,0.0
348,station-coxsbazar,OCTANE,28,2026-01-01T07:00:00,51.6,51.6,0.0
349,station-mirpur,DIESEL,29,2026-01-01T07:15:00,136.528,136.528,0.0
350,station-mirpur,PETROL,29,2026-01-01T07:15:00,156.887,156.887,0.0
351,station-mirpur,OCTANE,29,2026-01-01T07:15:00,79.465,79.465,0.0
352,station-tongi,DIESEL,29,2026-01-01T07:15:00,224.362,224.362,0.0
353,station-tongi,PETROL,29,2026-01-01T07:15:00,72.994,72.994,0.0
354,station-tongi,OCTANE,29,2026-01-01T07:15:00,36.768,36.768,0.0
355,station-karnaphuli,DIESEL,29,2026-01-01T07:15:00,152.036,152.036,0.0
356,station-karnaphuli,PETROL,29,2026-01-01T07:15:00,175.808,175.808,0.0
357,station-karnaphuli,OCTANE,29,2026-01-01T07:15:00,84.853,84.853,0.0
358,station-coxsbazar,DIESEL,29,2026-01-01T07:15:00,99.131,99.131,0.0
359,station-coxsbazar,PETROL,29,2026-01-01T07:15:00,109.39,109.39,0.0
360,station-coxsbazar,OCTANE,29,2026-01-01T07:15:00,49.995,49.995,0.0
361,station-mirpur,DIESEL,30,2026-01-01T07:30:00,135.166,135.166,0.0
362,station-mirpur,PETROL,30,2026-01-01T07:30:00,169.265,169.265,0.0
363,station-mirpur,OCTANE,30,2026-01-01T07:30:00,86.613,86.613,0.0
364,station-tongi,DIESEL,30,2026-01-01T07:30:00,215.031,215.031,0.0
365,station-tongi,PETROL,30,2026-01-01T07:30:00,77.925,77.925,0.0
366,station-tongi,OCTANE,30,2026-01-01T07:30:00,36.802,36.802,0.0
367,station-karnaphuli,DIESEL,30,2026-01-01T07:30:00,148.692,148.692,0.0
368,station-karnaphuli,PETROL,30,2026-01-01T07:30:00,171.75,171.75,0.0
369,station-karnaphuli,OCTANE,30,2026-01-01T07:30:00,94.398,94.398,0.0
370,station-coxsbazar,DIESEL,30,2026-01-01T07:30:00,97.898,97.898,0.0
371,station-coxsbazar,PETROL,30,2026-01-01T07:30:00,99.94,99.94,0.0
372,station-coxsbazar,OCTANE,30,2026-01-01T07:30:00,51.684,51.684,0.0
373,station-mirpur,DIESEL,31,2026-01-01T07:45:00,122.024,122.024,0.0
374,station-mirpur,PETROL,31,2026-01-01T07:45:00,145.504,145.504,0.0
375,station-mirpur,OCTANE,31,2026-01-01T07:45:00,84.725,84.725,0.0
376,station-tongi,DIESEL,31,2026-01-01T07:45:00,228.016,228.016,0.0
377,station-tongi,PETROL,31,2026-01-01T07:45:00,69.484,69.484,0.0
378,station-tongi,OCTANE,31,2026-01-01T07:45:00,34.093,34.093,0.0
379,station-karnaphuli,DIESEL,31,2026-01-01T07:45:00,154.643,154.643,0.0
380,station-karnaphuli,PETROL,31,2026-01-01T07:45:00,159.083,159.083,0.0
381,station-karnaphuli,OCTANE,31,2026-01-01T07:45:00,89.928,89.928,0.0
382,station-coxsbazar,DIESEL,31,2026-01-01T07:45:00,99.402,99.402,0.0
383,station-coxsbazar,PETROL,31,2026-01-01T07:45:00,106.098,106.098,0.0
384,station-coxsbazar,OCTANE,31,2026-01-01T07:45:00,53.455,53.455,0.0
385,station-mirpur,DIESEL,32,2026-01-01T08:00:00,122.755,122.755,0.0
386,station-mirpur,PETROL,32,2026-01-01T08:00:00,172.631,172.631,0.0
387,station-mirpur,OCTANE,32,2026-01-01T08:00:00,88.923,88.923,0.0
388,station-tongi,DIESEL,32,2026-01-01T08:00:00,212.231,212.231,0.0
389,station-tongi,PETROL,32,2026-01-01T08:00:00,70.15,70.15,0.0
390,station-tongi,OCTANE,32,2026-01-01T08:00:00,33.766,33.766,0.0
391,station-karnaphuli,DIESEL,32,2026-01-01T08:00:00,144.113,144.113,0.0
392,station-karnaphuli,PETROL,32,2026-01-01T08:00:00,155.374,155.374,0.0
393,station-karnaphuli,OCTANE,32,2026-01-01T08:00:00,87.885,87.885,0.0
394,station-coxsbazar,DIESEL,32,2026-01-01T08:00:00,98.023,98.023,0.0
395,station-coxsbazar,PETROL,32,2026-01-01T08:00:00,115.184,115.184,0.0
396,station-coxsbazar,OCTANE,32,2026-01-01T08:00:00,48.155,48.155,0.0
397,station-mirpur,DIESEL,33,2026-01-01T08:15:00,116.386,116.386,0.0
398,station-mirpur,PETROL,33,2026-01-01T08:15:00,158.983,158.983,0.0
399,station-mirpur,OCTANE,33,2026-01-01T08:15:00,89.85,89.85,0.0
400,station-tongi,DIESEL,33,2026-01-01T08:15:00,222.204,222.204,0.0
401,station-tongi,PETROL,33,2026-01-01T08:15:00,66.907,66.907,0.0
402,station-tongi,OCTANE,33,2026-01-01T08:15:00,33.822,33.822,0.0
403,station-karnaphuli,DIESEL,33,2026-01-01T08:15:00,145.59,145.59,0.0
404,station-karnaphuli,PETROL,33,2026-01-01T08:15:00,151.767,151.767,0.0
405,station-karnaphuli,OCTANE,33,2026-01-01T08:15:00,102.354,102.354,0.0
406,station-coxsbazar,DIESEL,33,2026-01-01T08:15:00,101.842,101.842,0.0
407,station-coxsbazar,PETROL,33,2026-01-01T08:15:00,117.289,117.289,0.0
408,station-coxsbazar,OCTANE,33,2026-01-01T08:15:00,49.597,49.597,0.0
409,station-mirpur,DIESEL,34,2026-01-01T08:30:00,124.8,124.8,0.0
410,station-mirpur,PETROL,34,2026-01-01T08:30:00,155.091,155.091,0.0
411,station-mirpur,OCTANE,34,2026-01-01T08:30:00,76.243,76.243,0.0
412,station-tongi,DIESEL,34,2026-01-01T08:30:00,221.429,221.429,0.0
413,station-tongi,PETROL,34,2026-01-01T08:30:00,69.353,69.353,0.0
414,station-tongi,OCTANE,34,2026-01-01T08:30:00,34.813,34.813,0.0
415,station-karnaphuli,DIESEL,34,2026-01-01T08:30:00,175.696,175.696,0.0
416,station-karnaphuli,PETROL,34,2026-01-01T08:30:00,149.934,149.934,0.0
417,station-karnaphuli,OCTANE,34,2026-01-01T08:30:00,102.95,102.95,0.0
418,station-coxsbazar,DIESEL,34,2026-01-01T08:30:00,102.193,102.193,0.0
419,station-coxsbazar,PETROL,34,2026-01-01T08:30:00,108.665,108.665,0.0
420,station-coxsbazar,OCTANE,34,2026-01-01T08:30:00,48.554,48.554,0.0
421,station-mirpur,DIESEL,35,2026-01-01T08:45:00,128.987,128.987,0.0
422,station-mirpur,PETROL,35,2026-01-01T08:45:00,161.516,161.516,0.0
423,station-mirpur,OCTANE,35,2026-01-01T08:45:00,85.76,85.76,0.0
424,station-tongi,DIESEL,35,2026-01-01T08:45:00,238.819,238.819,0.0
425,station-tongi,PETROL,35,2026-01-01T08:45:00,75.384,75.384,0.0
426,station-tongi,OCTANE,35,2026-01-01T08:45:00,35.037,35.037,0.0
427,station-karnaphuli,DIESEL,35,2026-01-01T08:45:00,174.27,174.27,0.0
428,station-karnaphuli,PETROL,35,2026-01-01T08:45:00,180.346,180.346,0.0
429,station-karnaphuli,OCTANE,35,2026-01-01T08:45:00,91.006,91.006,0.0
430,station-coxsbazar,DIESEL,35,2026-01-01T08:45:00,106.164,106.164,0.0
431,station-coxsbazar,PETROL,35,2026-01-01T08:45:00,117.006,117.006,0.0
432,station-coxsbazar,OCTANE,35,2026-01-01T08:45:00,46.6,46.6,0.0
433,station-mirpur,DIESEL,36,2026-01-01T09:00:00,135.921,135.921,0.0
434,station-mirpur,PETROL,36,2026-01-01T09:00:00,163.381,163.381,0.0
435,station-mirpur,OCTANE,36,2026-01-01T09:00:00,87.528,87.528,0.0
436,station-tongi,DIESEL,36,2026-01-01T09:00:00,221.361,221.361,0.0
437,station-tongi,PETROL,36,2026-01-01T09:00:00,74.872,74.872,0.0
438,station-tongi,OCTANE,36,2026-01-01T09:00:00,37.384,37.384,0.0
439,station-karnaphuli,DIESEL,36,2026-01-01T09:00:00,159.161,159.161,0.0
440,station-karnaphuli,PETROL,36,2026-01-01T09:00:00,156.575,156.575,0.0
441,station-karnaphuli,OCTANE,36,2026-01-01T09:00:00,90.079,90.079,0.0
442,station-coxsbazar,DIESEL,36,2026-01-01T09:00:00,98.05,98.05,0.0
443,station-coxsbazar,PETROL,36,2026-01-01T09:00:00,112.009,112.009,0.0
444,station-coxsbazar,OCTANE,36,2026-01-01T09:00:00,45.598,45.598,0.0
445,station-mirpur,DIESEL,37,2026-01-01T09:15:00,124.607,124.607,0.0
446,station-mirpur,PETROL,37,2026-01-01T09:15:00,160.492,160.492,0.0
447,station-mirpur,OCTANE,37,2026-01-01T09:15:00,85.73,85.73,0.0
448,station-tongi,DIESEL,37,2026-01-01T09:15:00,235.571,235.571,0.0
449,station-tongi,PETROL,37,2026-01-01T09:15:00,71.642,71.642,0.0
450,station-tongi,OCTANE,37,2026-01-01T09:15:00,33.874,33.874,0.0
451,station-karnaphuli,DIESEL,37,2026-01-01T09:15:00,166.937,166.937,0.0
452,station-karnaphuli,PETROL,37,2026-01-01T09:15:00,152.664,152.664,0.0
453,station-karnaphuli,OCTANE,37,2026-01-01T09:15:00,86.864,86.864,0.0
454,station-coxsbazar,DIESEL,37,2026-01-01T09:15:00,109.93,109.93,0.0
455,station-coxsbazar,PETROL,37,2026-01-01T09:15:00,107.657,107.657,0.0
456,station-coxsbazar,OCTANE,37,2026-01-01T09:15:00,50.87,50.87,0.0
457,station-mirpur,DIESEL,38,2026-01-01T09:30:00,116.951,116.951,0.0
458,station-mirpur,PETROL,38,2026-01-01T09:30:00,152.231,152.231,0.0
459,station-mirpur,OCTANE,38,2026-01-01T09:30:00,77.928,77.928,0.0
460,station-tongi,DIESEL,38,2026-01-01T09:30:00,217.864,217.864,0.0
461,station-tongi,PETROL,38,2026-01-01T09:30:00,70.194,70.194,0.0
462,station-tongi,OCTANE,38,2026-01-01T09:30:00,33.926,33.926,0.0
463,station-karnaphuli,DIESEL,38,2026-01-01T09:30:00,170.073,170.073,0.0
464,station-karnaphuli,PETROL,38,2026-01-01T09:30:00,155.799,155.799,0.0
465,station-karnaphuli,OCTANE,38,2026-01-01T09:30:00,97.164,97.164,0.0
466,station-coxsbazar,DIESEL,38,2026-01-01T09:30:00,96.469,96.469,0.0
467,station-coxsbazar,PETROL,38,2026-01-01T09:30:00,112.718,112.718,0.0
468,station-coxsbazar,OCTANE,38,2026-01-01T09:30:00,53.152,53.152,0.0
469,station-mirpur,DIESEL,39,2026-01-01T09:45:00,119.118,119.118,0.0
470,station-mirpur,PETROL,39,2026-01-01T09:45:00,150.921,150.921,0.0
471,station-mirpur,OCTANE,39,2026-01-01T09:45:00,89.093,89.093,0.0
472,station-tongi,DIESEL,39,2026-01-01T09:45:00,232.758,232.758,0.0
473,station-tongi,PETROL,39,2026-01-01T09:45:00,73.381,73.381,0.0
474,station-tongi,OCTANE,39,2026-01-01T09:45:00,37.725,37.725,0.0
475,station-karnaphuli,DIESEL,39,2026-01-01T09:45:00,153.576,153.576,0.0
476,station-karnaphuli,PETROL,39,2026-01-01T09:45:00,147.737,147.737,0.0
477,station-karnaphuli,OCTANE,39,2026-01-01T09:45:00,102.375,102.375,0.0
478,station-coxsbazar,DIESEL,39,2026-01-01T09:45:00,97.095,97.095,0.0
479,station-coxsbazar,PETROL,39,2026-01-01T09:45:00,103.124,103.124,0.0
480,station-coxsbazar,OCTANE,39,2026-01-01T09:45:00,45.641,45.641,0.0
481,station-mirpur,DIESEL,40,2026-01-01T10:00:00,64.641,64.641,0.0
482,station-mirpur,PETROL,40,2026-01-01T10:00:00,83.164,83.164,0.0
483,station-mirpur,OCTANE,40,2026-01-01T10:00:00,40.332,40.332,0.0
484,station-tongi,DIESEL,40,2026-01-01T10:00:00,212.129,212.129,0.0
485,station-tongi,PETROL,40,2026-01-01T10:00:00,77.876,77.876,0.0
486,station-tongi,OCTANE,40,2026-01-01T10:00:00,32.928,32.928,0.0
487,station-karnaphuli,DIESEL,40,2026-01-01T10:00:00,83.468,83.468,0.0
488,station-karnaphuli,PETROL,40,2026-01-01T10:00:00,100.697,100.697,0.0
489,station-karnaphuli,OCTANE,40,2026-01-01T10:00:00,48.812,48.812,0.0
490,station-coxsbazar,DIESEL,40,2026-01-01T10:00:00,105.196,105.196,0.0
491,station-coxsbazar,PETROL,40,2026-01-01T10:00:00,109.629,109.629,0.0
492,station-coxsbazar,OCTANE,40,2026-01-01T10:00:00,53.656,53.656,0.0
493,station-mirpur,DIESEL,41,2026-01-01T10:15:00,58.176,58.176,0.0
494,station-mirpur,PETROL,41,2026-01-01T10:15:00,72.262,72.262,0.0
495,station-mirpur,OCTANE,41,2026-01-01T10:15:00,37.071,37.071,0.0
496,station-tongi,DIESEL,41,2026-01-01T10:15:00,219.036,219.036,0.0
497,station-tongi,PETROL,41,2026-01-01T10:15:00,71.485,71.485,0.0
498,station-tongi,OCTANE,41,2026-01-01T10:15:00,36.913,36.913,0.0
499,station-karnaphuli,DIESEL,41,2026-01-01T10:15:00,89.925,89.925,0.0
500,station-karnaphuli,PETROL,41,2026-01-01T10:15:00,87.226,87.226,0.0
501,station-karnaphuli,OCTANE,41,2026-01-01T10:15:00,49.674,49.674,0.0
502,station-coxsbazar,DIESEL,41,2026-01-01T10:15:00,107.986,107.986,0.0
503,station-coxsbazar,PETROL,41,2026-01-01T10:15:00,113.171,113.171,0.0
504,station-coxsbazar,OCTANE,41,2026-01-01T10:15:00,46.389,46.389,0.0
505,station-mirpur,DIESEL,42,2026-01-01T10:30:00,63.006,63.006,0.0
506,station-mirpur,PETROL,42,2026-01-01T10:30:00,82.841,82.841,0.0
507,station-mirpur,OCTANE,42,2026-01-01T10:30:00,39.45,39.45,0.0
508,station-tongi,DIESEL,42,2026-01-01T10:30:00,214.701,214.701,0.0
509,station-tongi,PETROL,42,2026-01-01T10:30:00,71.092,71.092,0.0
510,station-tongi,OCTANE,42,2026-01-01T10:30:00,36.994,36.994,0.0
511,station-karnaphuli,DIESEL,42,2026-01-01T10:30:00,82.415,82.415,0.0
512,station-karnaphuli,PETROL,42,2026-01-01T10:30:00,86.769,86.769,0.0
513,station-karnaphuli,OCTANE,42,2026-01-01T10:30:00,49.166,49.166,0.0
514,station-coxsbazar,DIESEL,42,2026-01-01T10:30:00,95.007,95.007,0.0
515,station-coxsbazar,PETROL,42,2026-01-01T10:30:00,102.285,102.285,0.0
516,station-coxsbazar,OCTANE,42,2026-01-01T10:30:00,51.533,51.533,0.0
517,station-mirpur,DIESEL,43,2026-01-01T10:45:00,64.697,64.697,0.0
518,station-mirpur,PETROL,43,2026-01-01T10:45:00,74.683,74.683,0.0
519,station-mirpur,OCTANE,43,2026-01-01T10:45:00,42.005,42.005,0.0
520,station-tongi,DIESEL,43,2026-01-01T10:45:00,231.029,231.029,0.0
521,station-tongi,PETROL,43,2026-01-01T10:45:00,72.121,72.121,0.0
522,station-tongi,OCTANE,43,2026-01-01T10:45:00,37.045,37.045,0.0
523,station-karnaphuli,DIESEL,43,2026-01-01T10:45:00,96.379,96.379,0.0
524,station-karnaphuli,PETROL,43,2026-01-01T10:45:00,82.991,82.991,0.0
525,station-karnaphuli,OCTANE,43,2026-01-01T10:45:00,53.774,53.774,0.0
526,station-coxsbazar,DIESEL,43,2026-01-01T10:45:00,101.603,101.603,0.0
527,station-coxsbazar,PETROL,43,2026-01-01T10:45:00,105.042,105.042,0.0
528,station-coxsbazar,OCTANE,43,2026-01-01T10:45:00,50.384,50.384,0.0
529,station-mirpur,DIESEL,44,2026-01-01T11:00:00,60.06,60.06,0.0
530,station-mirpur,PETROL,44,2026-01-01T11:00:00,79.112,79.112,0.0
531,station-mirpur,OCTANE,44,2026-01-01T11:00:00,39.683,39.683,0.0
532,station-tongi,DIESEL,44,2026-01-01T11:00:00,235.754,235.754,0.0
533,station-tongi,PETROL,44,2026-01-01T11:00:00,69.91,69.91,0.0
534,station-tongi,OCTANE,44,2026-01-01T11:00:00,38.049,38.049,0.0
535,station-karnaphuli,DIESEL,44,2026-01-01T11:00:00,96.129,96.129,0.0
536,station-karnaphuli,PETROL,44,2026-01-01T11:00:00,84.519,84.519,0.0
537,station-karnaphuli,OCTANE,44,2026-01-01T11:00:00,49.519,49.519,0.0
538,station-coxsbazar,DIESEL,44,2026-01-01T11:00:00,95.453,95.453,0.0
539,station-coxsbazar,PETROL,44,2026-01-01T11:00:00,105.091,105.091,0.0
540,station-coxsbazar,OCTANE,44,2026-01-01T11:00:00,54.299,54.299,0.0
541,station-mirpur,DIESEL,45,2026-01-01T11:15:00,66.079,66.079,0.0
542,station-mirpur,PETROL,45,2026-01-01T11:15:00,79.043,79.043,0.0
543,station-mirpur,OCTANE,45,2026-01-01T11:15:00,41.275,41.275,0.0
544,station-tongi,DIESEL,45,2026-01-01T11:15:00,242.211,242.211,0.0
545,station-tongi,PETROL,45,2026-01-01T11:15:00,71.038,71.038,0.0
546,station-tongi,OCTANE,45,2026-01-01T11:15:00,34.336,34.336,0.0
547,station-karnaphuli,DIESEL,45,2026-01-01T11:15:00,91.817,91.817,0.0
548,station-karnaphuli,PETROL,45,2026-01-01T11:15:00,92.263,92.263,0.0
549,station-karnaphuli,OCTANE,45,2026-01-01T11:15:00,51.67,51.67,0.0
550,station-coxsbazar,DIESEL,45,2026-01-01T11:15:00,100.467,100.467,0.0
551,station-coxsbazar,PETROL,45,2026-01-01T11:15:00,115.21,115.21,0.0
552,station-coxsbazar,OCTANE,45,2026-01-01T11:15:00,54.797,54.797,0.0
553,station-mirpur,DIESEL,46,2026-01-01T11:30:00,59.906,59.906,0.0
554,station-mirpur,PETROL,46,2026-01-01T11:30:00,73.071,73.071,0.0
555,station-mirpur,OCTANE,46,2026-01-01T11:30:00,40.051,40.051,0.0
556,station-tongi,DIESEL,46,2026-01-01T11:30:00,244.056,244.056,0.0
557,station-tongi,PETROL,46,2026-01-01T11:30:00,76.493,76.493,0.0
558,station-tongi,OCTANE,46,2026-01-01T11:30:00,34.157,34.157,0.0
559,station-karnaphuli,DIESEL,46,2026-01-01T11:30:00,94.663,94.663,0.0
560,station-karnaphuli,PETROL,46,2026-01-01T11:30:00,98.096,98.096,0.0
561,station-karnaphuli,OCTANE,46,2026-01-01T11:30:00,47.424,47.424,0.0
562,station-coxsbazar,DIESEL,46,2026-01-01T11:30:00,104.272,104.272,0.0
563,station-coxsbazar,PETROL,46,2026-01-01T11:30:00,104.905,104.905,0.0
564,station-coxsbazar,OCTANE,46,2026-01-01T11:30:00,48.62,48.62,0.0
565,station-mirpur,DIESEL,47,2026-01-01T11:45:00,59.596,59.596,0.0
566,station-mirpur,PETROL,47,2026-01-01T11:45:00,69.065,69.065,0.0
567,station-mirpur,OCTANE,47,2026-01-01T11:45:00,43.747,43.747,0.0
568,station-tongi,DIESEL,47,2026-01-01T11:45:00,241.54,241.54,0.0
569,station-tongi,PETROL,47,2026-01-01T11:45:00,77.456,77.456,0.0
570,station-tongi,OCTANE,47,2026-01-01T11:45:00,34.637,34.637,0.0
571,station-karnaphuli,DIESEL,47,2026-01-01T11:45:00,81.9,81.9,0.0
572,station-karnaphuli,PETROL,47,2026-01-01T11:45:00,83.417,83.417,0.0
573,station-karnaphuli,OCTANE,47,2026-01-01T11:45:00,46.471,46.471,0.0
574,station-coxsbazar,DIESEL,47,2026-01-01T11:45:00,100.606,100.606,0.0
575,station-coxsbazar,PETROL,47,2026-01-01T11:45:00,110.096,110.096,0.0
576,station-coxsbazar,OCTANE,47,2026-01-01T11:45:00,47.451,47.451,0.0
577,station-mirpur,DIESEL,48,2026-01-01T12:00:00,61.433,61.433,0.0
578,station-mirpur,PETROL,48,2026-01-01T12:00:00,80.019,80.019,0.0
579,station-mirpur,OCTANE,48,2026-01-01T12:00:00,44.057,44.057,0.0
580,station-tongi,DIESEL,48,2026-01-01T12:00:00,225.297,225.297,0.0
581,station-tongi,PETROL,48,2026-01-01T12:00:00,71.896,71.896,0.0
582,station-tongi,OCTANE,48,2026-01-01T12:00:00,36.137,36.137,0.0
583,station-karnaphuli,DIESEL,48,2026-01-01T12:00:00,97.719,97.719,0.0
584,station-karnaphuli,PETROL,48,2026-01-01T12:00:00,91.143,91.143,0.0
585,station-karnaphuli,OCTANE,48,2026-01-01T12:00:00,48.684,48.684,0.0
586,station-coxsbazar,DIESEL,48,2026-01-01T12:00:00,110.613,110.613,0.0
587,station-coxsbazar,PETROL,48,2026-01-01T12:00:00,97.292,97.292,0.0
588,station-coxsbazar,OCTANE,48,2026-01-01T12:00:00,53.914,53.914,0.0
589,station-mirpur,DIESEL,49,2026-01-01T12:15:00,57.725,57.725,0.0
590,station-mirpur,PETROL,49,2026-01-01T12:15:00,72.479,72.479,0.0
591,station-mirpur,OCTANE,49,2026-01-01T12:15:00,38.802,38.802,0.0
592,station-tongi,DIESEL,49,2026-01-01T12:15:00,226.215,226.215,0.0
593,station-tongi,PETROL,49,2026-01-01T12:15:00,71.534,71.534,0.0
594,station-tongi,OCTANE,49,2026-01-01T12:15:00,37.567,37.567,0.0
595,station-karnaphuli,DIESEL,49,2026-01-01T12:15:00,84.58,84.58,0.0
596,station-karnaphuli,PETROL,49,2026-01-01T12:15:00,92.447,92.447,0.0
597,station-karnaphuli,OCTANE,49,2026-01-01T12:15:00,57.075,57.075,0.0
598,station-coxsbazar,DIESEL,49,2026-01-01T12:15:00,106.687,106.687,0.0
599,station-coxsbazar,PETROL,49,2026-01-01T12:15:00,99.088,99.088,0.0
600,station-coxsbazar,OCTANE,49,2026-01-01T12:15:00,55.278,55.278,0.0
601,station-mirpur,DIESEL,50,2026-01-01T12:30:00,60.851,60.851,0.0
602,station-mirpur,PETROL,50,2026-01-01T12:30:00,82.947,82.947,0.0
603,station-mirpur,OCTANE,50,2026-01-01T12:30:00,40.013,40.013,0.0
604,station-tongi,DIESEL,50,2026-01-01T12:30:00,223.25,223.25,0.0
605,station-tongi,PETROL,50,2026-01-01T12:30:00,70.23,70.23,0.0
606,station-tongi,OCTANE,50,2026-01-01T12:30:00,38.309,38.309,0.0
607,station-karnaphuli,DIESEL,50,2026-01-01T12:30:00,84.205,84.205,0.0
608,station-karnaphuli,PETROL,50,2026-01-01T12:30:00,85.082,85.082,0.0
609,station-karnaphuli,OCTANE,50,2026-01-01T12:30:00,48.197,48.197,0.0
610,station-coxsbazar,DIESEL,50,2026-01-01T12:30:00,104.377,104.377,0.0
611,station-coxsbazar,PETROL,50,2026-01-01T12:30:00,105.022,105.022,0.0
612,station-coxsbazar,OCTANE,50,2026-01-01T12:30:00,48.206,48.206,0.0
613,station-mirpur,DIESEL,51,2026-01-01T12:45:00,64.396,64.396,0.0
614,station-mirpur,PETROL,51,2026-01-01T12:45:00,72.616,72.616,0.0
615,station-mirpur,OCTANE,51,2026-01-01T12:45:00,44.874,44.874,0.0
616,station-tongi,DIESEL,51,2026-01-01T12:45:00,220.475,220.475,0.0
617,station-tongi,PETROL,51,2026-01-01T12:45:00,78.463,78.463,0.0
618,station-tongi,OCTANE,51,2026-01-01T12:45:00,35.266,35.266,0.0
619,station-karnaphuli,DIESEL,51,2026-01-01T12:45:00,82.134,82.134,0.0
620,station-karnaphuli,PETROL,51,2026-01-01T12:45:00,90.847,90.847,0.0
621,station-karnaphuli,OCTANE,51,2026-01-01T12:45:00,46.8,46.8,0.0
622,station-coxsbazar,DIESEL,51,2026-01-01T12:45:00,96.826,96.826,0.0
623,station-coxsbazar,PETROL,51,2026-01-01T12:45:00,117.15,117.15,0.0
624,station-coxsbazar,OCTANE,51,2026-01-01T12:45:00,45.957,45.957,0.0
625,station-mirpur,DIESEL,52,2026-01-01T13:00:00,59.454,59.454,0.0
626,station-mirpur,PETROL,52,2026-01-01T13:00:00,78.843,78.843,0.0
627,station-mirpur,OCTANE,52,2026-01-01T13:00:00,40.977,40.977,0.0
628,station-tongi,DIESEL,52,2026-01-01T13:00:00,212.169,212.169,0.0
629,station-tongi,PETROL,52,2026-01-01T13:00:00,77.003,77.003,0.0
630,station-tongi,OCTANE,52,2026-01-01T13:00:00,36.838,36.838,0.0
631,station-karnaphuli,DIESEL,52,2026-01-01T13:00:00,80.127,80.127,0.0
632,station-karnaphuli,PETROL,52,2026-01-01T13:00:00,96.976,96.976,0.0
633,station-karnaphuli,OCTANE,52,2026-01-01T13:00:00,56.275,56.275,0.0
634,station-coxsbazar,DIESEL,52,2026-01-01T13:00:00,103.342,103.342,0.0
635,station-coxsbazar,PETROL,52,2026-01-01T13:00:00,98.241,98.241,0.0
636,station-coxsbazar,OCTANE,52,2026-01-01T13:00:00,47.706,47.706,0.0
637,station-mirpur,DIESEL,53,2026-01-01T13:15:00,55.799,55.799,0.0
638,station-mirpur,PETROL,53,2026-01-01T13:15:00,79.07,79.07,0.0
639,station-mirpur,OCTANE,53,2026-01-01T13:15:00,39.408,39.408,0.0
640,station-tongi,DIESEL,53,2026-01-01T13:15:00,223.935,223.935,0.0
641,station-tongi,PETROL,53,2026-01-01T13:15:00,70.569,70.569,0.0
642,station-tongi,OCTANE,53,2026-01-01T13:15:00,33.219,33.219,0.0
643,station-karnaphuli,DIESEL,53,2026-01-01T13:15:00,92.815,92.815,0.0
644,station-karnaphuli,PETROL,53,2026-01-01T13:15:00,100.337,100.337,0.0
645,station-karnaphuli,OCTANE,53,2026-01-01T13:15:00,49.864,49.864,0.0
646,station-coxsbazar,DIESEL,53,2026-01-01T13:15:00,96.685,96.685,0.0
647,station-coxsbazar,PETROL,53,2026-01-01T13:15:00,107.838,107.838,0.0
648,station-coxsbazar,OCTANE,53,2026-01-01T13:15:00,48.849,48.849,0.0
649,station-mirpur,DIESEL,54,2026-01-01T13:30:00,67.612,67.612,0.0
650,station-mirpur,PETROL,54,2026-01-01T13:30:00,76.195,76.195,0.0
651,station-mirpur,OCTANE,54,2026-01-01T13:30:00,38.042,38.042,0.0
652,station-tongi,DIESEL,54,2026-01-01T13:30:00,213.205,213.205,0.0
653,station-tongi,PETROL,54,2026-01-01T13:30:00,72.17,72.17,0.0
654,station-tongi,OCTANE,54,2026-01-01T13:30:00,35.04,35.04,0.0
655,station-karnaphuli,DIESEL,54,2026-01-01T13:30:00,91.682,91.682,0.0
656,station-karnaphuli,PETROL,54,2026-01-01T13:30:00,85.74,85.74,0.0
657,station-karnaphuli,OCTANE,54,2026-01-01T13:30:00,54.698,54.698,0.0
658,station-coxsbazar,DIESEL,54,2026-01-01T13:30:00,111.121,111.121,0.0
659,station-coxsbazar,PETROL,54,2026-01-01T13:30:00,102.371,102.371,0.0
660,station-coxsbazar,OCTANE,54,2026-01-01T13:30:00,52.345,52.345,0.0
661,station-mirpur,DIESEL,55,2026-01-01T13:45:00,58.133,58.133,0.0
662,station-mirpur,PETROL,55,2026-01-01T13:45:00,70.527,70.527,0.0
663,station-mirpur,OCTANE,55,2026-01-01T13:45:00,40.955,40.955,0.0
664,station-tongi,DIESEL,55,2026-01-01T13:45:00,236.2,236.2,0.0
665,station-tongi,PETROL,55,2026-01-01T13:45:00,67.215,67.215,0.0
666,station-tongi,OCTANE,55,2026-01-01T13:45:00,36.26,36.26,0.0
667,station-karnaphuli,DIESEL,55,2026-01-01T13:45:00,82.732,82.732,0.0
668,station-karnaphuli,PETROL,55,2026-01-01T13:45:00,94.362,94.362,0.0
669,station-karnaphuli,OCTANE,55,2026-01-01T13:45:00,46.134,46.134,0.0
670,station-coxsbazar,DIESEL,55,2026-01-01T13:45:00,108.051,108.051,0.0
671,station-coxsbazar,PETROL,55,2026-01-01T13:45:00,96.3,96.3,0.0
672,station-coxsbazar,OCTANE,55,2026-01-01T13:45:00,53.807,53.807,0.0
673,station-mirpur,DIESEL,56,2026-01-01T14:00:00,63.111,63.111,0.0
674,station-mirpur,PETROL,56,2026-01-01T14:00:00,69.341,69.341,0.0
675,station-mirpur,OCTANE,56,2026-01-01T14:00:00,40.496,40.496,0.0
676,station-tongi,DIESEL,56,2026-01-01T14:00:00,212.923,212.923,0.0
677,station-tongi,PETROL,56,2026-01-01T14:00:00,75.284,75.284,0.0
678,station-tongi,OCTANE,56,2026-01-01T14:00:00,36.182,36.182,0.0
679,station-karnaphuli,DIESEL,56,2026-01-01T14:00:00,91.292,91.292,0.0
680,station-karnaphuli,PETROL,56,2026-01-01T14:00:00,84.875,84.875,0.0
681,station-karnaphuli,OCTANE,56,2026-01-01T14:00:00,57.603,57.603,0.0
682,station-coxsbazar,DIESEL,56,2026-01-01T14:00:00,93.991,93.991,0.0
683,station-coxsbazar,PETROL,56,2026-01-01T14:00:00,111.103,111.103,0.0
684,station-coxsbazar,OCTANE,56,2026-01-01T14:00:00,53.103,53.103,0.0
685,station-mirpur,DIESEL,57,2026-01-01T14:15:00,61.798,61.798,0.0
686,station-mirpur,PETROL,57,2026-01-01T14:15:00,81.611,81.611,0.0
687,station-mirpur,OCTANE,57,2026-01-01T14:15:00,37.295,37.295,0.0
688,station-tongi,DIESEL,57,2026-01-01T14:15:00,214.463,214.463,0.0
689,station-tongi,PETROL,57,2026-01-01T14:15:00,73.434,73.434,0.0
690,station-tongi,OCTANE,57,2026-01-01T14:15:00,36.372,36.372,0.0
691,station-karnaphuli,DIESEL,57,2026-01-01T14:15:00,84.323,84.323,0.0
692,station-karnaphuli,PETROL,57,2026-01-01T14:15:00,86.678,86.678,0.0
693,station-karnaphuli,OCTANE,57,2026-01-01T14:15:00,58.086,58.086,0.0
694,station-coxsbazar,DIESEL,57,2026-01-01T14:15:00,102.846,102.846,0.0
695,station-coxsbazar,PETROL,57,2026-01-01T14:15:00,102.548,102.548,0.0
696,station-coxsbazar,OCTANE,57,2026-01-01T14:15:00,46.696,46.696,0.0
697,station-mirpur,DIESEL,58,2026-01-01T14:30:00,66.249,66.249,0.0
698,station-mirpur,PETROL,58,2026-01-01T14:30:00,78.012,78.012,0.0
699,station-mirpur,OCTANE,58,2026-01-01T14:30:00,42.776,42.776,0.0
700,station-tongi,DIESEL,58,2026-01-01T14:30:00,215.213,215.213,0.0
701,station-tongi,PETROL,58,2026-01-01T14:30:00,74.123,74.123,0.0
702,station-tongi,OCTANE,58,2026-01-01T14:30:00,36.843,36.843,0.0
703,station-karnaphuli,DIESEL,58,2026-01-01T14:30:00,79.972,79.972,0.0
704,station-karnaphuli,PETROL,58,2026-01-01T14:30:00,90.559,90.559,0.0
705,station-karnaphuli,OCTANE,58,2026-01-01T14:30:00,52.951,52.951,0.0
706,station-coxsbazar,DIESEL,58,2026-01-01T14:30:00,97.31,97.31,0.0
707,station-coxsbazar,PETROL,58,2026-01-01T14:30:00,112.596,112.596,0.0
708,station-coxsbazar,OCTANE,58,2026-01-01T14:30:00,48.456,48.456,0.0
709,station-mirpur,DIESEL,59,2026-01-01T14:45:00,61.827,61.827,0.0
710,station-mirpur,PETROL,59,2026-01-01T14:45:00,73.81,73.81,0.0
711,station-mirpur,OCTANE,59,2026-01-01T14:45:00,41.313,41.313,0.0
712,station-tongi,DIESEL,59,2026-01-01T14:45:00,221.341,221.341,0.0
713,station-tongi,PETROL,59,2026-01-01T14:45:00,74.261,74.261,0.0
714,station-tongi,OCTANE,59,2026-01-01T14:45:00,33.209,33.209,0.0
715,station-karnaphuli,DIESEL,59,2026-01-01T14:45:00,91.003,91.003,0.0
716,station-karnaphuli,PETROL,59,2026-01-01T14:45:00,102.744,102.744,0.0
717,station-karnaphuli,OCTANE,59,2026-01-01T14:45:00,55.147,55.147,0.0
718,station-coxsbazar,DIESEL,59,2026-01-01T14:45:00,96.745,96.745,0.0
719,station-coxsbazar,PETROL,59,2026-01-01T14:45:00,100.435,100.435,0.0
720,station-coxsbazar,OCTANE,59,2026-01-01T14:45:00,50.275,50.275,0.0
721,station-mirpur,DIESEL,60,2026-01-01T15:00:00,57.645,57.645,0.0
722,station-mirpur,PETROL,60,2026-01-01T15:00:00,69.012,69.012,0.0
723,station-mirpur,OCTANE,60,2026-01-01T15:00:00,42.987,42.987,0.0
724,station-tongi,DIESEL,60,2026-01-01T15:00:00,239.607,239.607,0.0
725,station-tongi,PETROL,60,2026-01-01T15:00:00,67.85,67.85,0.0
726,station-tongi,OCTANE,60,2026-01-01T15:00:00,33.594,33.594,0.0
727,station-karnaphuli,DIESEL,60,2026-01-01T15:00:00,93.106,93.106,0.0
728,station-karnaphuli,PETROL,60,2026-01-01T15:00:00,101.992,101.992,0.0
729,station-karnaphuli,OCTANE,60,2026-01-01T15:00:00,57.915,57.915,0.0
730,station-coxsbazar,DIESEL,60,2026-01-01T15:00:00,111.02,111.02,0.0
731,station-coxsbazar,PETROL,60,2026-01-01T15:00:00,110.963,110.963,0.0
732,station-coxsbazar,OCTANE,60,2026-01-01T15:00:00,49.975,49.975,0.0
733,station-mirpur,DIESEL,61,2026-01-01T15:15:00,67.306,67.306,0.0
734,station-mirpur,PETROL,61,2026-01-01T15:15:00,72.36,72.36,0.0
735,station-mirpur,OCTANE,61,2026-01-01T15:15:00,36.854,36.854,0.0
736,station-tongi,DIESEL,61,2026-01-01T15:15:00,223.68,223.68,0.0
737,station-tongi,PETROL,61,2026-01-01T15:15:00,76.561,76.561,0.0
738,station-tongi,OCTANE,61,2026-01-01T15:15:00,36.713,36.713,0.0
739,station-karnaphuli,DIESEL,61,2026-01-01T15:15:00,98.338,98.338,0.0
740,station-karnaphuli,PETROL,61,2026-01-01T15:15:00,97.654,97.654,0.0
741,station-karnaphuli,OCTANE,61,2026-01-01T15:15:00,48.429,48.429,0.0
742,station-coxsbazar,DIESEL,61,2026-01-01T15:15:00,106.137,106.137,0.0
743,station-coxsbazar,PETROL,61,2026-01-01T15:15:00,116.731,116.731,0.0
744,station-coxsbazar,OCTANE,61,2026-01-01T15:15:00,54.039,54.039,0.0
745,station-mirpur,DIESEL,62,2026-01-01T15:30:00,62.956,62.956,0.0
746,station-mirpur,PETROL,62,2026-01-01T15:30:00,81.637,81.637,0.0
747,station-mirpur,OCTANE,62,2026-01-01T15:30:00,42.484,42.484,0.0
748,station-tongi,DIESEL,62,2026-01-01T15:30:00,231.599,231.599,0.0
749,station-tongi,PETROL,62,2026-01-01T15:30:00,73.346,73.346,0.0
750,station-tongi,OCTANE,62,2026-01-01T15:30:00,36.631,36.631,0.0
751,station-karnaphuli,DIESEL,62,2026-01-01T15:30:00,93.473,93.473,0.0
752,station-karnaphuli,PETROL,62,2026-01-01T15:30:00,95.533,95.533,0.0
753,station-karnaphuli,OCTANE,62,2026-01-01T15:30:00,53.482,53.482,0.0
754,station-coxsbazar,DIESEL,62,2026-01-01T15:30:00,100.71,100.71,0.0
755,station-coxsbazar,PETROL,62,2026-01-01T15:30:00,117.026,117.026,0.0
756,station-coxsbazar,OCTANE,62,2026-01-01T15:30:00,50.983,50.983,0.0
757,station-mirpur,DIESEL,63,2026-01-01T15:45:00,61.226,61.226,0.0
758,station-mirpur,PETROL,63,2026-01-01T15:45:00,81.516,81.516,0.0
759,station-mirpur,OCTANE,63,2026-01-01T15:45:00,38.492,38.492,0.0
760,station-tongi,DIESEL,63,2026-01-01T15:45:00,209.3,209.3,0.0
761,station-tongi,PETROL,63,2026-01-01T15:45:00,71.89,71.89,0.0
762,station-tongi,OCTANE,63,2026-01-01T15:45:00,34.469,34.469,0.0
763,station-karnaphuli,DIESEL,63,2026-01-01T15:45:00,97.502,97.502,0.0
764,station-karnaphuli,PETROL,63,2026-01-01T15:45:00,98.405,98.405,0.0
765,station-karnaphuli,OCTANE,63,2026-01-01T15:45:00,47.536,47.536,0.0
766,station-coxsbazar,DIESEL,63,2026-01-01T15:45:00,104.121,104.121,0.0
767,station-coxsbazar,PETROL,63,2026-01-01T15:45:00,111.806,111.806,0.0
768,station-coxsbazar,OCTANE,63,2026-01-01T15:45:00,55.339,55.339,0.0
769,station-mirpur,DIESEL,64,2026-01-01T16:00:00,117.481,117.481,0.0
770,station-mirpur,PETROL,64,2026-01-01T16:00:00,160.666,160.666,0.0
771,station-mirpur,OCTANE,64,2026-01-01T16:00:00,83.18,83.18,0.0
772,station-tongi,DIESEL,64,2026-01-01T16:00:00,230.977,230.977,0.0
773,station-tongi,PETROL,64,2026-01-01T16:00:00,72.188,72.188,0.0
774,station-tongi,OCTANE,64,2026-01-01T16:00:00,34.849,34.849,0.0
775,station-karnaphuli,DIESEL,64,2026-01-01T16:00:00,151.86,151.86,0.0
776,station-karnaphuli,PETROL,64,2026-01-01T16:00:00,154.18,154.18,0.0
777,station-karnaphuli,OCTANE,64,2026-01-01T16:00:00,102.216,102.216,0.0
778,station-coxsbazar,DIESEL,64,2026-01-01T16:00:00,98.604,98.604,0.0
779,station-coxsbazar,PETROL,64,2026-01-01T16:00:00,106.726,106.726,0.0
780,station-coxsbazar,OCTANE,64,2026-01-01T16:00:00,50.783,50.783,0.0
781,station-mirpur,DIESEL,65,2026-01-01T16:15:00,117.473,117.473,0.0
782,station-mirpur,PETROL,65,2026-01-01T16:15:00,163.457,163.457,0.0
783,station-mirpur,OCTANE,65,2026-01-01T16:15:00,91.452,91.452,0.0
784,station-tongi,DIESEL,65,2026-01-01T16:15:00,225.005,217.537,7.468
785,station-tongi,PETROL,65,2026-01-01T16:15:00,75.729,75.729,0.0
786,station-tongi,OCTANE,65,2026-01-01T16:15:00,34.45,34.45,0.0
787,station-karnaphuli,DIESEL,65,2026-01-01T16:15:00,177.265,177.265,0.0
788,station-karnaphuli,PETROL,65,2026-01-01T16:15:00,156.348,156.348,0.0
789,station-karnaphuli,OCTANE,65,2026-01-01T16:15:00,84.717,84.717,0.0
790,station-coxsbazar,DIESEL,65,2026-01-01T16:15:00,106.476,106.476,0.0
791,station-coxsbazar,PETROL,65,2026-01-01T16:15:00,107.246,107.246,0.0
792,station-coxsbazar,OCTANE,65,2026-01-01T16:15:00,53.497,53.497,0.0
793,station-mirpur,DIESEL,66,2026-01-01T16:30:00,129.969,129.969,0.0
794,station-mirpur,PETROL,66,2026-01-01T16:30:00,159.766,159.766,0.0
795,station-mirpur,OCTANE,66,2026-01-01T16:30:00,85.997,85.997,0.0
796,station-tongi,DIESEL,66,2026-01-01T16:30:00,233.918,0.0,233.918
797,station-tongi,PETROL,66,2026-01-01T16:30:00,70.201,70.201,0.0
798,station-tongi,OCTANE,66,2026-01-01T16:30:00,36.109,36.109,0.0
799,station-karnaphuli,DIESEL,66,2026-01-01T16:30:00,140.984,140.984,0.0
800,station-karnaphuli,PETROL,66,2026-01-01T16:30:00,173.685,173.685,0.0
801,station-karnaphuli,OCTANE,66,2026-01-01T16:30:00,89.526,89.526,0.0
802,station-coxsbazar,DIESEL,66,2026-01-01T16:30:00,100.819,100.819,0.0
803,station-coxsbazar,PETROL,66,2026-01-01T16:30:00,116.825,116.825,0.0
804,station-coxsbazar,OCTANE,66,2026-01-01T16:30:00,54.522,54.522,0.0
805,station-mirpur,DIESEL,67,2026-01-01T16:45:00,128.964,128.964,0.0
806,station-mirpur,PETROL,67,2026-01-01T16:45:00,158.861,158.861,0.0
807,station-mirpur,OCTANE,67,2026-01-01T16:45:00,81.462,81.462,0.0
808,station-tongi,DIESEL,67,2026-01-01T16:45:00,231.664,0.0,231.664
809,station-tongi,PETROL,67,2026-01-01T16:45:00,67.912,67.912,0.0
810,station-tongi,OCTANE,67,2026-01-01T16:45:00,35.103,35.103,0.0
811,station-karnaphuli,DIESEL,67,2026-01-01T16:45:00,159.176,159.176,0.0
812,station-karnaphuli,PETROL,67,2026-01-01T16:45:00,150.701,150.701,0.0
813,station-karnaphuli,OCTANE,67,2026-01-01T16:45:00,86.474,86.474,0.0
814,station-coxsbazar,DIESEL,67,2026-01-01T16:45:00,94.084,94.084,0.0
815,station-coxsbazar,PETROL,67,2026-01-01T16:45:00,104.416,104.416,0.0
816,station-coxsbazar,OCTANE,67,2026-01-01T16:45:00,55.282,55.282,0.0
817,station-mirpur,DIESEL,68,2026-01-01T17:00:00,139.576,139.576,0.0
818,station-mirpur,PETROL,68,2026-01-01T17:00:00,144.861,144.861,0.0
819,station-mirpur,OCTANE,68,2026-01-01T17:00:00,85.002,85.002,0.0
820,station-tongi,DIESEL,68,2026-01-01T17:00:00,227.415,0.0,227.415
821,station-tongi,PETROL,68,2026-01-01T17:00:00,78.191,78.191,0.0
822,station-tongi,OCTANE,68,2026-01-01T17:00:00,34.06,34.06,0.0
823,station-karnaphuli,DIESEL,68,2026-01-01T17:00:00,173.195,173.195,0.0
824,station-karnaphuli,PETROL,68,2026-01-01T17:00:00,149.421,149.421,0.0
825,station-karnaphuli,OCTANE,68,2026-01-01T17:00:00,104.231,104.231,0.0
826,station-coxsbazar,DIESEL,68,2026-01-01T17:00:00,111.336,111.336,0.0
827,station-coxsbazar,PETROL,68,2026-01-01T17:00:00,101.25,101.25,0.0
828,station-coxsbazar,OCTANE,68,2026-01-01T17:00:00,52.403,52.403,0.0
829,station-mirpur,DIESEL,69,2026-01-01T17:15:00,138.956,138.956,0.0
830,station-mirpur,PETROL,69,2026-01-01T17:15:00,148.213,148.213,0.0
831,station-mirpur,OCTANE,69,2026-01-01T17:15:00,90.515,90.515,0.0
832,station-tongi,DIESEL,69,2026-01-01T17:15:00,229.907,0.0,229.907
833,station-tongi,PETROL,69,2026-01-01T17:15:00,77.303,77.303,0.0
834,station-tongi,OCTANE,69,2026-01-01T17:15:00,33.249,33.249,0.0
835,station-karnaphuli,DIESEL,69,2026-01-01T17:15:00,153.369,153.369,0.0
836,station-karnaphuli,PETROL,69,2026-01-01T17:15:00,153.042,153.042,0.0
837,station-karnaphuli,OCTANE,69,2026-01-01T17:15:00,103.507,103.507,0.0
838,station-coxsbazar,DIESEL,69,2026-01-01T17:15:00,101.5,101.5,0.0
839,station-coxsbazar,PETROL,69,2026-01-01T17:15:00,113.48,113.48,0.0
840,station-coxsbazar,OCTANE,69,2026-01-01T17:15:00,47.567,47.567,0.0
841,station-mirpur,DIESEL,70,2026-01-01T17:30:00,126.387,126.387,0.0
842,station-mirpur,PETROL,70,2026-01-01T17:30:00,145.376,145.376,0.0
843,station-mirpur,OCTANE,70,2026-01-01T17:30:00,79.264,79.264,0.0
844,station-tongi,DIESEL,70,2026-01-01T17:30:00,234.009,0.0,234.009
845,station-tongi,PETROL,70,2026-01-01T17:30:00,73.32,73.32,0.0
846,station-tongi,OCTANE,70,2026-01-01T17:30:00,36.573,36.573,0.0
847,station-karnaphuli,DIESEL,70,2026-01-01T17:30:00,178.08,178.08,0.0
848,station-karnaphuli,PETROL,70,2026-01-01T17:30:00,158.801,158.801,0.0
849,station-karnaphuli,OCTANE,70,2026-01-01T17:30:00,104.595,104.595,0.0
850,station-coxsbazar,DIESEL,70,2026-01-01T17:30:00,91.42,91.42,0.0
851,station-coxsbazar,PETROL,70,2026-01-01T17:30:00,97.756,97.756,0.0
852,station-coxsbazar,OCTANE,70,2026-01-01T17:30:00,48.995,48.995,0.0
853,station-mirpur,DIESEL,71,2026-01-01T17:45:00,125.591,125.591,0.0
854,station-mirpur,PETROL,71,2026-01-01T17:45:00,159.453,159.453,0.0
855,station-mirpur,OCTANE,71,2026-01-01T17:45:00,76.47,76.47,0.0
856,station-tongi,DIESEL,71,2026-01-01T17:45:00,243.811,0.0,243.811
857,station-tongi,PETROL,71,2026-01-01T17:45:00,70.727,70.727,0.0
858,station-tongi,OCTANE,71,2026-01-01T17:45:00,38.328,38.328,0.0
859,station-karnaphuli,DIESEL,71,2026-01-01T17:45:00,150.734,150.734,0.0
860,station-karnaphuli,PETROL,71,2026-01-01T17:45:00,170.408,170.408,0.0
861,station-karnaphuli,OCTANE,71,2026-01-01T17:45:00,101.647,101.647,0.0
862,station-coxsbazar,DIESEL,71,2026-01-01T17:45:00,100.6,100.6,0.0
863,station-coxsbazar,PETROL,71,2026-01-01T17:45:00,108.3,108.3,0.0
864,station-coxsbazar,OCTANE,71,2026-01-01T17:45:00,46.56,46.56,0.0
865,station-mirpur,DIESEL,72,2026-01-01T18:00:00,139.19,139.19,0.0
866,station-mirpur,PETROL,72,2026-01-01T18:00:00,151.558,151.558,0.0
867,station-mirpur,OCTANE,72,2026-01-01T18:00:00,90.555,90.555,0.0
868,station-tongi,DIESEL,72,2026-01-01T18:00:00,65.163,0.0,65.163
869,station-tongi,PETROL,72,2026-01-01T18:00:00,22.07,22.07,0.0
870,station-tongi,OCTANE,72,2026-01-01T18:00:00,10.4,10.4,0.0
871,station-karnaphuli,DIESEL,72,2026-01-01T18:00:00,162.937,162.937,0.0
872,station-karnaphuli,PETROL,72,2026-01-01T18:00:00,153.381,153.381,0.0
873,station-karnaphuli,OCTANE,72,2026-01-01T18:00:00,86.755,86.755,0.0
874,station-coxsbazar,DIESEL,72,2026-01-01T18:00:00,98.625,98.625,0.0
875,station-coxsbazar,PETROL,72,2026-01-01T18:00:00,109.247,109.247,0.0
876,station-coxsbazar,OCTANE,72,2026-01-01T18:00:00,47.28,47.28,0.0
877,station-mirpur,DIESEL,73,2026-01-01T18:15:00,132.694,132.694,0.0
878,station-mirpur,PETROL,73,2026-01-01T18:15:00,152.018,152.018,0.0
879,station-mirpur,OCTANE,73,2026-01-01T18:15:00,90.919,90.919,0.0
880,station-tongi,DIESEL,73,2026-01-01T18:15:00,66.364,0.0,66.364
881,station-tongi,PETROL,73,2026-01-01T18:15:00,20.276,20.276,0.0
882,station-tongi,OCTANE,73,2026-01-01T18:15:00,10.122,10.122,0.0
883,station-karnaphuli,DIESEL,73,2026-01-01T18:15:00,146.933,146.933,0.0
884,station-karnaphuli,PETROL,73,2026-01-01T18:15:00,185.966,185.966,0.0
885,station-karnaphuli,OCTANE,73,2026-01-01T18:15:00,91.689,91.689,0.0
886,station-coxsbazar,DIESEL,73,2026-01-01T18:15:00,99.996,99.996,0.0
887,station-coxsbazar,PETROL,73,2026-01-01T18:15:00,106.491,106.491,0.0
888,station-coxsbazar,OCTANE,73,2026-01-01T18:15:00,54.184,54.184,0.0
889,station-mirpur,DIESEL,74,2026-01-01T18:30:00,124.233,124.233,0.0
890,station-mirpur,PETROL,74,2026-01-01T18:30:00,144.858,144.858,0.0
891,station-mirpur,OCTANE,74,2026-01-01T18:30:00,91.415,91.415,0.0
892,station-tongi,DIESEL,74,2026-01-01T18:30:00,61.876,0.0,61.876
893,station-tongi,PETROL,74,2026-01-01T18:30:00,22.539,22.539,0.0
894,station-tongi,OCTANE,74,2026-01-01T18:30:00,11.067,11.067,0.0
895,station-karnaphuli,DIESEL,74,2026-01-01T18:30:00,173.083,89.132,83.951
896,station-karnaphuli,PETROL,74,2026-01-01T18:30:00,158.699,158.699,0.0
897,station-karnaphuli,OCTANE,74,2026-01-01T18:30:00,87.461,87.461,0.0
898,station-coxsbazar,DIESEL,74,2026-01-01T18:30:00,91.905,91.905,0.0
899,station-coxsbazar,PETROL,74,2026-01-01T18:30:00,116.245,116.245,0.0
900,station-coxsbazar,OCTANE,74,2026-01-01T18:30:00,48.722,48.722,0.0
901,station-mirpur,DIESEL,75,2026-01-01T18:45:00,134.755,134.755,0.0
902,station-mirpur,PETROL,75,2026-01-01T18:45:00,171.568,171.568,0.0
903,station-mirpur,OCTANE,75,2026-01-01T18:45:00,91.888,91.888,0.0
904,station-tongi,DIESEL,75,2026-01-01T18:45:00,68.865,0.0,68.865
905,station-tongi,PETROL,75,2026-01-01T18:45:00,21.82,21.82,0.0
906,station-tongi,OCTANE,75,2026-01-01T18:45:00,9.964,9.964,0.0
907,station-karnaphuli,DIESEL,75,2026-01-01T18:45:00,178.578,0.0,178.578
908,station-karnaphuli,PETROL,75,2026-01-01T18:45:00,164.376,164.376,0.0
909,station-karnaphuli,OCTANE,75,2026-01-01T18:45:00,92.117,92.117,0.0
910,station-coxsbazar,DIESEL,75,2026-01-01T18:45:00,108.804,108.804,0.0
911,station-coxsbazar,PETROL,75,2026-01-01T18:45:00,115.11,115.11,0.0
912,station-coxsbazar,OCTANE,75,2026-01-01T18:45:00,52.23,52.23,0.0
913,station-mirpur,DIESEL,76,2026-01-01T19:00:00,131.757,131.757,0.0
914,station-mirpur,PETROL,76,2026-01-01T19:00:00,154.663,154.663,0.0
915,station-mirpur,OCTANE,76,2026-01-01T19:00:00,89.204,89.204,0.0
916,station-tongi,DIESEL,76,2026-01-01T19:00:00,60.592,0.0,60.592
917,station-tongi,PETROL,76,2026-01-01T19:00:00,19.878,19.878,0.0
918,station-tongi,OCTANE,76,2026-01-01T19:00:00,10.866,10.866,0.0
919,station-karnaphuli,DIESEL,76,2026-01-01T19:00:00,154.3,0.0,154.3
920,station-karnaphuli,PETROL,76,2026-01-01T19:00:00,183.018,183.018,0.0
921,station-karnaphuli,OCTANE,76,2026-01-01T19:00:00,94.427,51.159,43.268
922,station-coxsbazar,DIESEL,76,2026-01-01T19:00:00,95.747,95.747,0.0
923,station-coxsbazar,PETROL,76,2026-01-01T19:00:00,117.089,117.089,0.0
924,station-coxsbazar,OCTANE,76,2026-01-01T19:00:00,46.397,46.397,0.0
925,station-mirpur,DIESEL,77,2026-01-01T19:15:00,137.888,137.888,0.0
926,station-mirpur,PETROL,77,2026-01-01T19:15:00,162.871,162.871,0.0
927,station-mirpur,OCTANE,77,2026-01-01T19:15:00,86.291,86.291,0.0
928,station-tongi,DIESEL,77,2026-01-01T19:15:00,70.794,0.0,70.794
929,station-tongi,PETROL,77,2026-01-01T19:15:00,21.587,21.587,0.0
930,station-tongi,OCTANE,77,2026-01-01T19:15:00,10.458,10.458,0.0
931,station-karnaphuli,DIESEL,77,2026-01-01T19:15:00,169.799,0.0,169.799
932,station-karnaphuli,PETROL,77,2026-01-01T19:15:00,171.859,171.859,0.0
933,station-karnaphuli,OCTANE,77,2026-01-01T19:15:00,91.343,0.0,91.343
934,station-coxsbazar,DIESEL,77,2026-01-01T19:15:00,92.071,92.071,0.0
935,station-coxsbazar,PETROL,77,2026-01-01T19:15:00,108.732,108.732,0.0
936,station-coxsbazar,OCTANE,77,2026-01-01T19:15:00,49.798,49.798,0.0
937,station-mirpur,DIESEL,78,2026-01-01T19:30:00,140.597,140.597,0.0
938,station-mirpur,PETROL,78,2026-01-01T19:30:00,153.112,153.112,0.0
939,station-mirpur,OCTANE,78,2026-01-01T19:30:00,76.784,76.784,0.0
940,station-tongi,DIESEL,78,2026-01-01T19:30:00,69.198,0.0,69.198
941,station-tongi,PETROL,78,2026-01-01T19:30:00,19.59,19.59,0.0
942,station-tongi,OCTANE,78,2026-01-01T19:30:00,10.088,10.088,0.0
943,station-karnaphuli,DIESEL,78,2026-01-01T19:30:00,174.649,0.0,174.649
944,station-karnaphuli,PETROL,78,2026-01-01T19:30:00,152.496,152.496,0.0
945,station-karnaphuli,OCTANE,78,2026-01-01T19:30:00,85.06,0.0,85.06
946,station-coxsbazar,DIESEL,78,2026-01-01T19:30:00,105.863,105.863,0.0
947,station-coxsbazar,PETROL,78,2026-01-01T19:30:00,100.918,100.918,0.0
948,station-coxsbazar,OCTANE,78,2026-01-01T19:30:00,47.567,47.567,0.0
949,station-mirpur,DIESEL,79,2026-01-01T19:45:00,125.118,125.118,0.0
950,station-mirpur,PETROL,79,2026-01-01T19:45:00,167.076,167.076,0.0
951,station-mirpur,OCTANE,79,2026-01-01T19:45:00,85.298,85.298,0.0
952,station-tongi,DIESEL,79,2026-01-01T19:45:00,68.103,0.0,68.103
953,station-tongi,PETROL,79,2026-01-01T19:45:00,20.105,20.105,0.0
954,station-tongi,OCTANE,79,2026-01-01T19:45:00,10.672,10.672,0.0
955,station-karnaphuli,DIESEL,79,2026-01-01T19:45:00,170.654,0.0,170.654
956,station-karnaphuli,PETROL,79,2026-01-01T19:45:00,178.854,11.722,167.132
957,station-karnaphuli,OCTANE,79,2026-01-01T19:45:00,90.079,0.0,90.079
958,station-coxsbazar,DIESEL,79,2026-01-01T19:45:00,94.182,94.182,0.0
959,station-coxsbazar,PETROL,79,2026-01-01T19:45:00,99.048,99.048,0.0
960,station-coxsbazar,OCTANE,79,2026-01-01T19:45:00,52.857,52.857,0.0
961,station-mirpur,DIESEL,80,2026-01-01T20:00:00,129.119,129.119,0.0
962,station-mirpur,PETROL,80,2026-01-01T20:00:00,148.136,148.136,0.0
963,station-mirpur,OCTANE,80,2026-01-01T20:00:00,92.777,92.777,0.0
964,station-tongi,DIESEL,80,2026-01-01T20:00:00,66.864,0.0,66.864
965,station-tongi,PETROL,80,2026-01-01T20:00:00,21.154,21.154,0.0
966,station-tongi,OCTANE,80,2026-01-01T20:00:00,10.984,10.984,0.0
967,station-karnaphuli,DIESEL,80,2026-01-01T20:00:00,149.17,0.0,149.17
968,station-karnaphuli,PETROL,80,2026-01-01T20:00:00,183.434,0.0,183.434
969,station-karnaphuli,OCTANE,80,2026-01-01T20:00:00,96.558,0.0,96.558
970,station-coxsbazar,DIESEL,80,2026-01-01T20:00:00,103.356,103.356,0.0
971,station-coxsbazar,PETROL,80,2026-01-01T20:00:00,104.925,104.925,0.0
972,station-coxsbazar,OCTANE,80,2026-01-01T20:00:00,54.16,54.16,0.0
973,station-mirpur,DIESEL,81,2026-01-01T20:15:00,125.122,125.122,0.0
974,station-mirpur,PETROL,81,2026-01-01T20:15:00,165.702,165.702,0.0
975,station-mirpur,OCTANE,81,2026-01-01T20:15:00,79.053,79.053,0.0
976,station-tongi,DIESEL,81,2026-01-01T20:15:00,61.502,0.0,61.502
977,station-tongi,PETROL,81,2026-01-01T20:15:00,21.772,21.772,0.0
978,station-tongi,OCTANE,81,2026-01-01T20:15:00,10.648,10.648,0.0
979,station-karnaphuli,DIESEL,81,2026-01-01T20:15:00,144.869,0.0,144.869
980,station-karnaphuli,PETROL,81,2026-01-01T20:15:00,159.136,0.0,159.136
981,station-karnaphuli,OCTANE,81,2026-01-01T20:15:00,96.79,0.0,96.79
982,station-coxsbazar,DIESEL,81,2026-01-01T20:15:00,98.357,98.357,0.0
983,station-coxsbazar,PETROL,81,2026-01-01T20:15:00,113.632,113.632,0.0
984,station-coxsbazar,OCTANE,81,2026-01-01T20:15:00,52.516,52.516,0.0
985,station-mirpur,DIESEL,82,2026-01-01T20:30:00,117.559,117.559,0.0
986,station-mirpur,PETROL,82,2026-01-01T20:30:00,163.646,163.646,0.0
987,station-mirpur,OCTANE,82,2026-01-01T20:30:00,84.858,84.858,0.0
988,station-tongi,DIESEL,82,2026-01-01T20:30:00,62.539,0.0,62.539
989,station-tongi,PETROL,82,2026-01-01T20:30:00,21.696,21.696,0.0
990,station-tongi,OCTANE,82,2026-01-01T20:30:00,10.99,10.99,0.0
991,station-karnaphuli,DIESEL,82,2026-01-01T20:30:00,153.402,0.0,153.402
992,station-karnaphuli,PETROL,82,2026-01-01T20:30:00,183.25,0.0,183.25
993,station-karnaphuli,OCTANE,82,2026-01-01T20:30:00,100.566,0.0,100.566
994,station-coxsbazar,DIESEL,82,2026-01-01T20:30:00,108.415,108.415,0.0
995,station-coxsbazar,PETROL,82,2026-01-01T20:30:00,113.885,75.294,38.591
996,station-coxsbazar,OCTANE,82,2026-01-01T20:30:00,53.388,53.388,0.0
997,station-mirpur,DIESEL,83,2026-01-01T20:45:00,133.731,133.731,0.0
998,station-mirpur,PETROL,83,2026-01-01T20:45:00,145.63,130.618,15.012
999,station-mirpur,OCTANE,83,2026-01-01T20:45:00,89.697,89.697,0.0
1000,station-tongi,DIESEL,83,2026-01-01T20:45:00,67.53,0.0,67.53
1001,station-tongi,PETROL,83,2026-01-01T20:45:00,20.187,20.187,0.0
1002,station-tongi,OCTANE,83,2026-01-01T20:45:00,10.093,10.093,0.0
1003,station-karnaphuli,DIESEL,83,2026-01-01T20:45:00,151.678,0.0,151.678
1004,station-karnaphuli,PETROL,83,2026-01-01T20:45:00,186.604,0.0,186.604
1005,station-karnaphuli,OCTANE,83,2026-01-01T20:45:00,102.25,0.0,102.25
1006,station-coxsbazar,DIESEL,83,2026-01-01T20:45:00,98.526,98.526,0.0
1007,station-coxsbazar,PETROL,83,2026-01-01T20:45:00,114.989,0.0,114.989
1008,station-coxsbazar,OCTANE,83,2026-01-01T20:45:00,48.286,48.286,0.0
1009,station-mirpur,DIESEL,84,2026-01-01T21:00:00,56.241,56.241,0.0
1010,station-mirpur,PETROL,84,2026-01-01T21:00:00,74.427,0.0,74.427
1011,station-mirpur,OCTANE,84,2026-01-01T21:00:00,38.099,38.099,0.0
1012,station-tongi,DIESEL,84,2026-01-01T21:00:00,70.814,0.0,70.814
1013,station-tongi,PETROL,84,2026-01-01T21:00:00,21.658,21.658,0.0
1014,station-tongi,OCTANE,84,2026-01-01T21:00:00,10.375,10.375,0.0
1015,station-karnaphuli,DIESEL,84,2026-01-01T21:00:00,87.723,0.0,87.723
1016,station-karnaphuli,PETROL,84,2026-01-01T21:00:00,95.293,0.0,95.293
1017,station-karnaphuli,OCTANE,84,2026-01-01T21:00:00,47.887,0.0,47.887
1018,station-coxsbazar,DIESEL,84,2026-01-01T21:00:00,49.177,49.177,0.0
1019,station-coxsbazar,PETROL,84,2026-01-01T21:00:00,53.952,0.0,53.952
1020,station-coxsbazar,OCTANE,84,2026-01-01T21:00:00,26.862,26.862,0.0
1021,station-mirpur,DIESEL,85,2026-01-01T21:15:00,58.179,58.179,0.0
1022,station-mirpur,PETROL,85,2026-01-01T21:15:00,73.097,0.0,73.097
1023,station-mirpur,OCTANE,85,2026-01-01T21:15:00,43.666,43.666,0.0
1024,station-tongi,DIESEL,85,2026-01-01T21:15:00,67.23,0.0,67.23
1025,station-tongi,PETROL,85,2026-01-01T21:15:00,21.844,21.844,0.0
1026,station-tongi,OCTANE,85,2026-01-01T21:15:00,10.311,10.311,0.0
1027,station-karnaphuli,DIESEL,85,2026-01-01T21:15:00,95.848,0.0,95.848
1028,station-karnaphuli,PETROL,85,2026-01-01T21:15:00,95.103,0.0,95.103
1029,station-karnaphuli,OCTANE,85,2026-01-01T21:15:00,47.814,0.0,47.814
1030,station-coxsbazar,DIESEL,85,2026-01-01T21:15:00,53.941,53.941,0.0
1031,station-coxsbazar,PETROL,85,2026-01-01T21:15:00,53.529,0.0,53.529
1032,station-coxsbazar,OCTANE,85,2026-01-01T21:15:00,28.2,28.2,0.0
1033,station-mirpur,DIESEL,86,2026-01-01T21:30:00,58.039,58.039,0.0
1034,station-mirpur,PETROL,86,2026-01-01T21:30:00,83.7,0.0,83.7
1035,station-mirpur,OCTANE,86,2026-01-01T21:30:00,39.497,39.497,0.0
1036,station-tongi,DIESEL,86,2026-01-01T21:30:00,68.394,0.0,68.394
1037,station-tongi,PETROL,86,2026-01-01T21:30:00,19.788,19.788,0.0
1038,station-tongi,OCTANE,86,2026-01-01T21:30:00,10.341,10.341,0.0
1039,station-karnaphuli,DIESEL,86,2026-01-01T21:30:00,88.802,0.0,88.802
1040,station-karnaphuli,PETROL,86,2026-01-01T21:30:00,98.629,0.0,98.629
1041,station-karnaphuli,OCTANE,86,2026-01-01T21:30:00,53.512,0.0,53.512
1042,station-coxsbazar,DIESEL,86,2026-01-01T21:30:00,54.527,54.527,0.0
1043,station-coxsbazar,PETROL,86,2026-01-01T21:30:00,50.987,0.0,50.987
1044,station-coxsbazar,OCTANE,86,2026-01-01T21:30:00,27.988,27.988,0.0
1045,station-mirpur,DIESEL,87,2026-01-01T21:45:00,63.434,63.434,0.0
1046,station-mirpur,PETROL,87,2026-01-01T21:45:00,72.229,0.0,72.229
1047,station-mirpur,OCTANE,87,2026-01-01T21:45:00,42.219,39.206,3.013
1048,station-tongi,DIESEL,87,2026-01-01T21:45:00,69.42,0.0,69.42
1049,station-tongi,PETROL,87,2026-01-01T21:45:00,20.346,20.346,0.0
1050,station-tongi,OCTANE,87,2026-01-01T21:45:00,9.672,9.672,0.0
1051,station-karnaphuli,DIESEL,87,2026-01-01T21:45:00,78.787,0.0,78.787
1052,station-karnaphuli,PETROL,87,2026-01-01T21:45:00,99.807,0.0,99.807
1053,station-karnaphuli,OCTANE,87,2026-01-01T21:45:00,48.747,0.0,48.747
1054,station-coxsbazar,DIESEL,87,2026-01-01T21:45:00,49.436,49.436,0.0
1055,station-coxsbazar,PETROL,87,2026-01-01T21:45:00,56.57,0.0,56.57
1056,station-coxsbazar,OCTANE,87,2026-01-01T21:45:00,25.73,25.73,0.0
1057,station-mirpur,DIESEL,88,2026-01-01T22:00:00,58.435,58.435,0.0
1058,station-mirpur,PETROL,88,2026-01-01T22:00:00,82.522,0.0,82.522
1059,station-mirpur,OCTANE,88,2026-01-01T22:00:00,41.938,0.0,41.938
1060,station-tongi,DIESEL,88,2026-01-01T22:00:00,65.808,0.0,65.808
1061,station-tongi,PETROL,88,2026-01-01T22:00:00,22.738,22.738,0.0
1062,station-tongi,OCTANE,88,2026-01-01T22:00:00,9.985,9.985,0.0
1063,station-karnaphuli,DIESEL,88,2026-01-01T22:00:00,91.712,0.0,91.712
1064,station-karnaphuli,PETROL,88,2026-01-01T22:00:00,82.337,0.0,82.337
1065,station-karnaphuli,OCTANE,88,2026-01-01T22:00:00,47.409,0.0,47.409
1066,station-coxsbazar,DIESEL,88,2026-01-01T22:00:00,48.051,48.051,0.0
1067,station-coxsbazar,PETROL,88,2026-01-01T22:00:00,54.466,0.0,54.466
1068,station-coxsbazar,OCTANE,88,2026-01-01T22:00:00,25.059,25.059,0.0
1069,station-mirpur,DIESEL,89,2026-01-01T22:15:00,56.72,56.72,0.0
1070,station-mirpur,PETROL,89,2026-01-01T22:15:00,74.815,0.0,74.815
1071,station-mirpur,OCTANE,89,2026-01-01T22:15:00,37.933,0.0,37.933
1072,station-tongi,DIESEL,89,2026-01-01T22:15:00,64.022,0.0,64.022
1073,station-tongi,PETROL,89,2026-01-01T22:15:00,21.47,21.47,0.0
1074,station-tongi,OCTANE,89,2026-01-01T22:15:00,9.797,9.797,0.0
1075,station-karnaphuli,DIESEL,89,2026-01-01T22:15:00,82.228,0.0,82.228
1076,station-karnaphuli,PETROL,89,2026-01-01T22:15:00,81.707,0.0,81.707
1077,station-karnaphuli,OCTANE,89,2026-01-01T22:15:00,55.959,0.0,55.959
1078,station-coxsbazar,DIESEL,89,2026-01-01T22:15:00,53.238,53.238,0.0
1079,station-coxsbazar,PETROL,89,2026-01-01T22:15:00,59.871,0.0,59.871
1080,station-coxsbazar,OCTANE,89,2026-01-01T22:15:00,28.62,28.62,0.0
1081,station-mirpur,DIESEL,90,2026-01-01T22:30:00,58.032,58.032,0.0
1082,station-mirpur,PETROL,90,2026-01-01T22:30:00,78.478,0.0,78.478
1083,station-mirpur,OCTANE,90,2026-01-01T22:30:00,38.077,0.0,38.077
1084,station-tongi,DIESEL,90,2026-01-01T22:30:00,63.938,0.0,63.938
1085,station-tongi,PETROL,90,2026-01-01T22:30:00,21.505,21.505,0.0
1086,station-tongi,OCTANE,90,2026-01-01T22:30:00,10.178,10.178,0.0
1087,station-karnaphuli,DIESEL,90,2026-01-01T22:30:00,95.783,0.0,95.783
1088,station-karnaphuli,PETROL,90,2026-01-01T22:30:00,84.048,0.0,84.048
1089,station-karnaphuli,OCTANE,90,2026-01-01T22:30:00,52.703,0.0,52.703
1090,station-coxsbazar,DIESEL,90,2026-01-01T22:30:00,47.608,47.608,0.0
1091,station-coxsbazar,PETROL,90,2026-01-01T22:30:00,56.933,0.0,56.933
1092,station-coxsbazar,OCTANE,90,2026-01-01T22:30:00,25.999,25.999,0.0
1093,station-mirpur,DIESEL,91,2026-01-01T22:45:00,61.332,61.332,0.0
1094,station-mirpur,PETROL,91,2026-01-01T22:45:00,82.53,0.0,82.53
1095,station-mirpur,OCTANE,91,2026-01-01T22:45:00,39.848,0.0,39.848
1096,station-tongi,DIESEL,91,2026-01-01T22:45:00,67.77,0.0,67.77
1097,station-tongi,PETROL,91,2026-01-01T22:45:00,21.022,21.022,0.0
1098,station-tongi,OCTANE,91,2026-01-01T22:45:00,10.878,10.878,0.0
1099,station-karnaphuli,DIESEL,91,2026-01-01T22:45:00,99.218,0.0,99.218
1100,station-karnaphuli,PETROL,91,2026-01-01T22:45:00,83.327,0.0,83.327
1101,station-karnaphuli,OCTANE,91,2026-01-01T22:45:00,53.904,0.0,53.904
1102,station-coxsbazar,DIESEL,91,2026-01-01T22:45:00,48.516,5.678,42.838
1103,station-coxsbazar,PETROL,91,2026-01-01T22:45:00,57.905,0.0,57.905
1104,station-coxsbazar,OCTANE,91,2026-01-01T22:45:00,26.917,26.917,0.0
1105,station-mirpur,DIESEL,92,2026-01-01T23:00:00,57.678,57.678,0.0
1106,station-mirpur,PETROL,92,2026-01-01T23:00:00,73.693,0.0,73.693
1107,station-mirpur,OCTANE,92,2026-01-01T23:00:00,39.592,0.0,39.592
1108,station-tongi,DIESEL,92,2026-01-01T23:00:00,68.301,0.0,68.301
1109,station-tongi,PETROL,92,2026-01-01T23:00:00,19.415,19.415,0.0
1110,station-tongi,OCTANE,92,2026-01-01T23:00:00,11.089,11.089,0.0
1111,station-karnaphuli,DIESEL,92,2026-01-01T23:00:00,83.874,0.0,83.874
1112,station-karnaphuli,PETROL,92,2026-01-01T23:00:00,95.144,0.0,95.144
1113,station-karnaphuli,OCTANE,92,2026-01-01T23:00:00,55.932,0.0,55.932
1114,station-coxsbazar,DIESEL,92,2026-01-01T23:00:00,48.177,0.0,48.177
1115,station-coxsbazar,PETROL,92,2026-01-01T23:00:00,53.872,0.0,53.872
1116,station-coxsbazar,OCTANE,92,2026-01-01T23:00:00,24.994,24.994,0.0
1117,station-mirpur,DIESEL,93,2026-01-01T23:15:00,63.715,63.715,0.0
1118,station-mirpur,PETROL,93,2026-01-01T23:15:00,71.83,0.0,71.83
1119,station-mirpur,OCTANE,93,2026-01-01T23:15:00,37.023,0.0,37.023
1120,station-tongi,DIESEL,93,2026-01-01T23:15:00,70.497,0.0,70.497
1121,station-tongi,PETROL,93,2026-01-01T23:15:00,21.711,21.711,0.0
1122,station-tongi,OCTANE,93,2026-01-01T23:15:00,10.608,10.608,0.0
1123,station-karnaphuli,DIESEL,93,2026-01-01T23:15:00,88.053,0.0,88.053
1124,station-karnaphuli,PETROL,93,2026-01-01T23:15:00,86.439,0.0,86.439
1125,station-karnaphuli,OCTANE,93,2026-01-01T23:15:00,55.557,0.0,55.557
1126,station-coxsbazar,DIESEL,93,2026-01-01T23:15:00,51.294,0.0,51.294
1127,station-coxsbazar,PETROL,93,2026-01-01T23:15:00,58.653,0.0,58.653
1128,station-coxsbazar,OCTANE,93,2026-01-01T23:15:00,27.603,27.603,0.0
1129,station-mirpur,DIESEL,94,2026-01-01T23:30:00,57.583,57.583,0.0
1130,station-mirpur,PETROL,94,2026-01-01T23:30:00,79.568,0.0,79.568
1131,station-mirpur,OCTANE,94,2026-01-01T23:30:00,38.984,0.0,38.984
1132,station-tongi,DIESEL,94,2026-01-01T23:30:00,61.184,0.0,61.184
1133,station-tongi,PETROL,94,2026-01-01T23:30:00,21.29,21.29,0.0
1134,station-tongi,OCTANE,94,2026-01-01T23:30:00,10.684,10.684,0.0
1135,station-karnaphuli,DIESEL,94,2026-01-01T23:30:00,88.318,0.0,88.318
1136,station-karnaphuli,PETROL,94,2026-01-01T23:30:00,100.999,0.0,100.999
1137,station-karnaphuli,OCTANE,94,2026-01-01T23:30:00,51.501,0.0,51.501
1138,station-coxsbazar,DIESEL,94,2026-01-01T23:30:00,52.237,0.0,52.237
1139,station-coxsbazar,PETROL,94,2026-01-01T23:30:00,53.319,0.0,53.319
1140,station-coxsbazar,OCTANE,94,2026-01-01T23:30:00,25.141,25.141,0.0
1141,station-mirpur,DIESEL,95,2026-01-01T23:45:00,63.611,63.611,0.0
1142,station-mirpur,PETROL,95,2026-01-01T23:45:00,71.598,0.0,71.598
1143,station-mirpur,OCTANE,95,2026-01-01T23:45:00,43.938,0.0,43.938
1144,station-tongi,DIESEL,95,2026-01-01T23:45:00,67.907,0.0,67.907
1145,station-tongi,PETROL,95,2026-01-01T23:45:00,19.539,19.539,0.0
1146,station-tongi,OCTANE,95,2026-01-01T23:45:00,10.545,10.545,0.0
1147,station-karnaphuli,DIESEL,95,2026-01-01T23:45:00,98.913,0.0,98.913
1148,station-karnaphuli,PETROL,95,2026-01-01T23:45:00,92.772,0.0,92.772
1149,station-karnaphuli,OCTANE,95,2026-01-01T23:45:00,53.165,0.0,53.165
1150,station-coxsbazar,DIESEL,95,2026-01-01T23:45:00,56.367,0.0,56.367
1151,station-coxsbazar,PETROL,95,2026-01-01T23:45:00,58.112,0.0,58.112
1152,station-coxsbazar,OCTANE,95,2026-01-01T23:45:00,26.925,26.925,0.0
1153,station-mirpur,DIESEL,96,2026-01-02T00:00:00,61.668,61.668,0.0
1154,station-mirpur,PETROL,96,2026-01-02T00:00:00,80.582,0.0,80.582
1155,station-mirpur,OCTANE,96,2026-01-02T00:00:00,36.85,0.0,36.85
1156,station-tongi,DIESEL,96,2026-01-02T00:00:00,62.095,0.0,62.095
1157,station-tongi,PETROL,96,2026-01-02T00:00:00,20.086,20.086,0.0
1158,station-tongi,OCTANE,96,2026-01-02T00:00:00,10.686,10.686,0.0
1159,station-karnaphuli,DIESEL,96,2026-01-02T00:00:00,88.237,0.0,88.237
1160,station-karnaphuli,PETROL,96,2026-01-02T00:00:00,88.397,0.0,88.397
1161,station-karnaphuli,OCTANE,96,2026-01-02T00:00:00,50.742,0.0,50.742
1162,station-coxsbazar,DIESEL,96,2026-01-02T00:00:00,57.897,0.0,57.897
1163,station-coxsbazar,PETROL,96,2026-01-02T00:00:00,56.215,0.0,56.215
1164,station-coxsbazar,OCTANE,96,2026-01-02T00:00:00,27.226,27.226,0.0
1165,station-mirpur,DIESEL,97,2026-01-02T00:15:00,60.317,60.317,0.0
1166,station-mirpur,PETROL,97,2026-01-02T00:15:00,69.41,0.0,69.41
1167,station-mirpur,OCTANE,97,2026-01-02T00:15:00,43.652,0.0,43.652
1168,station-tongi,DIESEL,97,2026-01-02T00:15:00,67.293,0.0,67.293
1169,station-tongi,PETROL,97,2026-01-02T00:15:00,21.84,21.84,0.0
1170,station-tongi,OCTANE,97,2026-01-02T00:15:00,11.126,11.126,0.0
1171,station-karnaphuli,DIESEL,97,2026-01-02T00:15:00,98.184,0.0,98.184
1172,station-karnaphuli,PETROL,97,2026-01-02T00:15:00,85.452,0.0,85.452
1173,station-karnaphuli,OCTANE,97,2026-01-02T00:15:00,54.078,0.0,54.078
1174,station-coxsbazar,DIESEL,97,2026-01-02T00:15:00,48.756,0.0,48.756
1175,station-coxsbazar,PETROL,97,2026-01-02T00:15:00,54.517,0.0,54.517
1176,station-coxsbazar,OCTANE,97,2026-01-02T00:15:00,27.169,27.169,0.0
1177,station-mirpur,DIESEL,98,2026-01-02T00:30:00,65.041,65.041,0.0
1178,station-mirpur,PETROL,98,2026-01-02T00:30:00,80.078,0.0,80.078
1179,station-mirpur,OCTANE,98,2026-01-02T00:30:00,38.134,0.0,38.134
1180,station-tongi,DIESEL,98,2026-01-02T00:30:00,65.758,0.0,65.758
1181,station-tongi,PETROL,98,2026-01-02T00:30:00,21.852,21.852,0.0
1182,station-tongi,OCTANE,98,2026-01-02T00:30:00,10.211,10.211,0.0
1183,station-karnaphuli,DIESEL,98,2026-01-02T00:30:00,94.192,0.0,94.192
1184,station-karnaphuli,PETROL,98,2026-01-02T00:30:00,93.649,0.0,93.649
1185,station-karnaphuli,OCTANE,98,2026-01-02T00:30:00,47.722,0.0,47.722
1186,station-coxsbazar,DIESEL,98,2026-01-02T00:30:00,52.588,0.0,52.588
1187,station-coxsbazar,PETROL,98,2026-01-02T00:30:00,58.258,0.0,58.258
1188,station-coxsbazar,OCTANE,98,2026-01-02T00:30:00,26.27,26.27,0.0
1189,station-mirpur,DIESEL,99,2026-01-02T00:45:00,63.92,63.92,0.0
1190,station-mirpur,PETROL,99,2026-01-02T00:45:00,83.255,0.0,83.255
1191,station-mirpur,OCTANE,99,2026-01-02T00:45:00,36.812,0.0,36.812
1192,station-tongi,DIESEL,99,2026-01-02T00:45:00,67.623,0.0,67.623
1193,station-tongi,PETROL,99,2026-01-02T00:45:00,19.423,19.423,0.0
1194,station-tongi,OCTANE,99,2026-01-02T00:45:00,10.098,10.098,0.0
1195,station-karnaphuli,DIESEL,99,2026-01-02T00:45:00,88.778,0.0,88.778
1196,station-karnaphuli,PETROL,99,2026-01-02T00:45:00,94.761,0.0,94.761
1197,station-karnaphuli,OCTANE,99,2026-01-02T00:45:00,58.211,0.0,58.211
1198,station-coxsbazar,DIESEL,99,2026-01-02T00:45:00,52.603,0.0,52.603
1199,station-coxsbazar,PETROL,99,2026-01-02T00:45:00,50.248,0.0,50.248
1200,station-coxsbazar,OCTANE,99,2026-01-02T00:45:00,28.204,28.204,0.0
1201,station-mirpur,DIESEL,100,2026-01-02T01:00:00,65.898,65.898,0.0
1202,station-mirpur,PETROL,100,2026-01-02T01:00:00,78.045,0.0,78.045
1203,station-mirpur,OCTANE,100,2026-01-02T01:00:00,38.074,0.0,38.074
1204,station-tongi,DIESEL,100,2026-01-02T01:00:00,65.153,0.0,65.153
1205,station-tongi,PETROL,100,2026-01-02T01:00:00,20.875,20.875,0.0
1206,station-tongi,OCTANE,100,2026-01-02T01:00:00,10.533,10.533,0.0
1207,station-karnaphuli,DIESEL,100,2026-01-02T01:00:00,90.787,0.0,90.787
1208,station-karnaphuli,PETROL,100,2026-01-02T01:00:00,92.937,0.0,92.937
1209,station-karnaphuli,OCTANE,100,2026-01-02T01:00:00,47.009,0.0,47.009
1210,station-coxsbazar,DIESEL,100,2026-01-02T01:00:00,56.127,0.0,56.127
1211,station-coxsbazar,PETROL,100,2026-01-02T01:00:00,54.959,0.0,54.959
1212,station-coxsbazar,OCTANE,100,2026-01-02T01:00:00,25.647,25.647,0.0
1213,station-mirpur,DIESEL,101,2026-01-02T01:15:00,56.909,56.909,0.0
1214,station-mirpur,PETROL,101,2026-01-02T01:15:00,70.697,0.0,70.697
1215,station-mirpur,OCTANE,101,2026-01-02T01:15:00,44.051,0.0,44.051
1216,station-tongi,DIESEL,101,2026-01-02T01:15:00,68.883,0.0,68.883
1217,station-tongi,PETROL,101,2026-01-02T01:15:00,22.177,22.177,0.0
1218,station-tongi,OCTANE,101,2026-01-02T01:15:00,10.983,10.983,0.0
1219,station-karnaphuli,DIESEL,101,2026-01-02T01:15:00,83.752,0.0,83.752
1220,station-karnaphuli,PETROL,101,2026-01-02T01:15:00,101.189,0.0,101.189
1221,station-karnaphuli,OCTANE,101,2026-01-02T01:15:00,49.72,0.0,49.72
1222,station-coxsbazar,DIESEL,101,2026-01-02T01:15:00,56.305,0.0,56.305
1223,station-coxsbazar,PETROL,101,2026-01-02T01:15:00,54.728,0.0,54.728
1224,station-coxsbazar,OCTANE,101,2026-01-02T01:15:00,24.739,24.739,0.0
1225,station-mirpur,DIESEL,102,2026-01-02T01:30:00,67.491,67.491,0.0
1226,station-mirpur,PETROL,102,2026-01-02T01:30:00,74.697,0.0,74.697
1227,station-mirpur,OCTANE,102,2026-01-02T01:30:00,38.98,0.0,38.98
1228,station-tongi,DIESEL,102,2026-01-02T01:30:00,68.952,0.0,68.952
1229,station-tongi,PETROL,102,2026-01-02T01:30:00,22.059,22.059,0.0
1230,station-tongi,OCTANE,102,2026-01-02T01:30:00,9.533,9.533,0.0
1231,station-karnaphuli,DIESEL,102,2026-01-02T01:30:00,84.7,0.0,84.7
1232,station-karnaphuli,PETROL,102,2026-01-02T01:30:00,93.392,0.0,93.392
1233,station-karnaphuli,OCTANE,102,2026-01-02T01:30:00,50.064,0.0,50.064
1234,station-coxsbazar,DIESEL,102,2026-01-02T01:30:00,48.838,0.0,48.838
1235,station-coxsbazar,PETROL,102,2026-01-02T01:30:00,57.814,0.0,57.814
1236,station-coxsbazar,OCTANE,102,2026-01-02T01:30:00,26.759,26.759,0.0
1237,station-mirpur,DIESEL,103,2026-01-02T01:45:00,62.312,62.312,0.0
1238,station-mirpur,PETROL,103,2026-01-02T01:45:00,79.621,0.0,79.621
1239,station-mirpur,OCTANE,103,2026-01-02T01:45:00,41.23,0.0,41.23
1240,station-tongi,DIESEL,103,2026-01-02T01:45:00,60.594,0.0,60.594
1241,station-tongi,PETROL,103,2026-01-02T01:45:00,20.035,20.035,0.0
1242,station-tongi,OCTANE,103,2026-01-02T01:45:00,10.082,10.082,0.0
1243,station-karnaphuli,DIESEL,103,2026-01-02T01:45:00,80.265,0.0,80.265
1244,station-karnaphuli,PETROL,103,2026-01-02T01:45:00,101.641,0.0,101.641
1245,station-karnaphuli,OCTANE,103,2026-01-02T01:45:00,49.232,0.0,49.232
1246,station-coxsbazar,DIESEL,103,2026-01-02T01:45:00,54.686,0.0,54.686
1247,station-coxsbazar,PETROL,103,2026-01-02T01:45:00,58.042,0.0,58.042
1248,station-coxsbazar,OCTANE,103,2026-01-02T01:45:00,27.388,27.388,0.0
1249,station-mirpur,DIESEL,104,2026-01-02T02:00:00,67.116,67.116,0.0
1250,station-mirpur,PETROL,104,2026-01-02T02:00:00,70.172,0.0,70.172
1251,station-mirpur,OCTANE,104,2026-01-02T02:00:00,38.541,0.0,38.541
1252,station-tongi,DIESEL,104,2026-01-02T02:00:00,67.764,0.0,67.764
1253,station-tongi,PETROL,104,2026-01-02T02:00:00,21.302,21.302,0.0
1254,station-tongi,OCTANE,104,2026-01-02T02:00:00,9.717,9.717,0.0
1255,station-karnaphuli,DIESEL,104,2026-01-02T02:00:00,97.968,0.0,97.968
1256,station-karnaphuli,PETROL,104,2026-01-02T02:00:00,83.922,0.0,83.922
1257,station-karnaphuli,OCTANE,104,2026-01-02T02:00:00,52.293,0.0,52.293
1258,station-coxsbazar,DIESEL,104,2026-01-02T02:00:00,56.071,0.0,56.071
1259,station-coxsbazar,PETROL,104,2026-01-02T02:00:00,54.255,0.0,54.255
1260,station-coxsbazar,OCTANE,104,2026-01-02T02:00:00,27.662,27.662,0.0
1261,station-mirpur,DIESEL,105,2026-01-02T02:15:00,65.862,65.862,0.0
1262,station-mirpur,PETROL,105,2026-01-02T02:15:00,77.498,0.0,77.498
1263,station-mirpur,OCTANE,105,2026-01-02T02:15:00,43.114,0.0,43.114
1264,station-tongi,DIESEL,105,2026-01-02T02:15:00,61.994,0.0,61.994
1265,station-tongi,PETROL,105,2026-01-02T02:15:00,21.774,21.774,0.0
1266,station-tongi,OCTANE,105,2026-01-02T02:15:00,10.81,10.81,0.0
1267,station-karnaphuli,DIESEL,105,2026-01-02T02:15:00,90.71,0.0,90.71
1268,station-karnaphuli,PETROL,105,2026-01-02T02:15:00,90.261,0.0,90.261
1269,station-karnaphuli,OCTANE,105,2026-01-02T02:15:00,53.139,0.0,53.139
1270,station-coxsbazar,DIESEL,105,2026-01-02T02:15:00,52.968,0.0,52.968
1271,station-coxsbazar,PETROL,105,2026-01-02T02:15:00,51.152,0.0,51.152
1272,station-coxsbazar,OCTANE,105,2026-01-02T02:15:00,26.959,26.959,0.0
1273,station-mirpur,DIESEL,106,2026-01-02T02:30:00,57.632,57.632,0.0
1274,station-mirpur,PETROL,106,2026-01-02T02:30:00,73.408,0.0,73.408
1275,station-mirpur,OCTANE,106,2026-01-02T02:30:00,40.829,0.0,40.829
1276,station-tongi,DIESEL,106,2026-01-02T02:30:00,64.839,0.0,64.839
1277,station-tongi,PETROL,106,2026-01-02T02:30:00,20.184,20.184,0.0
1278,station-tongi,OCTANE,106,2026-01-02T02:30:00,9.779,9.779,0.0
1279,station-karnaphuli,DIESEL,106,2026-01-02T02:30:00,87.181,0.0,87.181
1280,station-karnaphuli,PETROL,106,2026-01-02T02:30:00,93.023,0.0,93.023
1281,station-karnaphuli,OCTANE,106,2026-01-02T02:30:00,51.235,0.0,51.235
1282,station-coxsbazar,DIESEL,106,2026-01-02T02:30:00,49.897,0.0,49.897
1283,station-coxsbazar,PETROL,106,2026-01-02T02:30:00,53.389,0.0,53.389
1284,station-coxsbazar,OCTANE,106,2026-01-02T02:30:00,26.792,26.792,0.0
1285,station-mirpur,DIESEL,107,2026-01-02T02:45:00,61.629,61.629,0.0
1286,station-mirpur,PETROL,107,2026-01-02T02:45:00,80.245,0.0,80.245
1287,station-mirpur,OCTANE,107,2026-01-02T02:45:00,39.371,0.0,39.371
1288,station-tongi,DIESEL,107,2026-01-02T02:45:00,65.099,0.0,65.099
1289,station-tongi,PETROL,107,2026-01-02T02:45:00,22.439,22.439,0.0
1290,station-tongi,OCTANE,107,2026-01-02T02:45:00,10.228,10.228,0.0
1291,station-karnaphuli,DIESEL,107,2026-01-02T02:45:00,91.714,0.0,91.714
1292,station-karnaphuli,PETROL,107,2026-01-02T02:45:00,96.559,0.0,96.559
1293,station-karnaphuli,OCTANE,107,2026-01-02T02:45:00,53.33,0.0,53.33
1294,station-coxsbazar,DIESEL,107,2026-01-02T02:45:00,49.942,0.0,49.942
1295,station-coxsbazar,PETROL,107,2026-01-02T02:45:00,56.005,0.0,56.005
1296,station-coxsbazar,OCTANE,107,2026-01-02T02:45:00,26.357,26.357,0.0
1297,station-mirpur,DIESEL,108,2026-01-02T03:00:00,67.336,67.336,0.0
1298,station-mirpur,PETROL,108,2026-01-02T03:00:00,78.067,0.0,78.067
1299,station-mirpur,OCTANE,108,2026-01-02T03:00:00,39.019,0.0,39.019
1300,station-tongi,DIESEL,108,2026-01-02T03:00:00,64.889,0.0,64.889
1301,station-tongi,PETROL,108,2026-01-02T03:00:00,22.688,22.688,0.0
1302,station-tongi,OCTANE,108,2026-01-02T03:00:00,10.412,10.412,0.0
1303,station-karnaphuli,DIESEL,108,2026-01-02T03:00:00,91.572,0.0,91.572
1304,station-karnaphuli,PETROL,108,2026-01-02T03:00:00,102.952,0.0,102.952
1305,station-karnaphuli,OCTANE,108,2026-01-02T03:00:00,46.055,0.0,46.055
1306,station-coxsbazar,DIESEL,108,2026-01-02T03:00:00,55.154,0.0,55.154
1307,station-coxsbazar,PETROL,108,2026-01-02T03:00:00,55.319,0.0,55.319
1308,station-coxsbazar,OCTANE,108,2026-01-02T03:00:00,24.448,1.92,22.528
1309,station-mirpur,DIESEL,109,2026-01-02T03:15:00,59.211,59.211,0.0
1310,station-mirpur,PETROL,109,2026-01-02T03:15:00,79.911,0.0,79.911
1311,station-mirpur,OCTANE,109,2026-01-02T03:15:00,42.122,0.0,42.122
1312,station-tongi,DIESEL,109,2026-01-02T03:15:00,61.882,0.0,61.882
1313,station-tongi,PETROL,109,2026-01-02T03:15:00,21.022,21.022,0.0
1314,station-tongi,OCTANE,109,2026-01-02T03:15:00,9.492,9.492,0.0
1315,station-karnaphuli,DIESEL,109,2026-01-02T03:15:00,89.224,0.0,89.224
1316,station-karnaphuli,PETROL,109,2026-01-02T03:15:00,83.509,0.0,83.509
1317,station-karnaphuli,OCTANE,109,2026-01-02T03:15:00,47.981,0.0,47.981
1318,station-coxsbazar,DIESEL,109,2026-01-02T03:15:00,48.588,0.0,48.588
1319,station-coxsbazar,PETROL,109,2026-01-02T03:15:00,54.747,0.0,54.747
1320,station-coxsbazar,OCTANE,109,2026-01-02T03:15:00,25.629,0.0,25.629
1321,station-mirpur,DIESEL,110,2026-01-02T03:30:00,57.435,57.435,0.0
1322,station-mirpur,PETROL,110,2026-01-02T03:30:00,72.709,0.0,72.709
1323,station-mirpur,OCTANE,110,2026-01-02T03:30:00,43.765,0.0,43.765
1324,station-tongi,DIESEL,110,2026-01-02T03:30:00,70.068,0.0,70.068
1325,station-tongi,PETROL,110,2026-01-02T03:30:00,21.943,21.943,0.0
1326,station-tongi,OCTANE,110,2026-01-02T03:30:00,10.245,10.245,0.0
1327,station-karnaphuli,DIESEL,110,2026-01-02T03:30:00,94.311,0.0,94.311
1328,station-karnaphuli,PETROL,110,2026-01-02T03:30:00,90.404,0.0,90.404
1329,station-karnaphuli,OCTANE,110,2026-01-02T03:30:00,57.377,0.0,57.377
1330,station-coxsbazar,DIESEL,110,2026-01-02T03:30:00,57.145,0.0,57.145
1331,station-coxsbazar,PETROL,110,2026-01-02T03:30:00,59.506,0.0,59.506
1332,station-coxsbazar,OCTANE,110,2026-01-02T03:30:00,26.838,0.0,26.838
1333,station-mirpur,DIESEL,111,2026-01-02T03:45:00,60.876,37.925,22.951
1334,station-mirpur,PETROL,111,2026-01-02T03:45:00,74.545,0.0,74.545
1335,station-mirpur,OCTANE,111,2026-01-02T03:45:00,38.752,0.0,38.752
1336,station-tongi,DIESEL,111,2026-01-02T03:45:00,66.253,0.0,66.253
1337,station-tongi,PETROL,111,2026-01-02T03:45:00,19.676,19.676,0.0
1338,station-tongi,OCTANE,111,2026-01-02T03:45:00,10.961,10.961,0.0
1339,station-karnaphuli,DIESEL,111,2026-01-02T03:45:00,91.388,0.0,91.388
1340,station-karnaphuli,PETROL,111,2026-01-02T03:45:00,86.42,0.0,86.42
1341,station-karnaphuli,OCTANE,111,2026-01-02T03:45:00,47.526,0.0,47.526
1342,station-coxsbazar,DIESEL,111,2026-01-02T03:45:00,50.461,0.0,50.461
1343,station-coxsbazar,PETROL,111,2026-01-02T03:45:00,50.933,0.0,50.933
1344,station-coxsbazar,OCTANE,111,2026-01-02T03:45:00,27.905,0.0,27.905
1345,station-mirpur,DIESEL,112,2026-01-02T04:00:00,64.842,0.0,64.842
1346,station-mirpur,PETROL,112,2026-01-02T04:00:00,70.355,0.0,70.355
1347,station-mirpur,OCTANE,112,2026-01-02T04:00:00,42.649,0.0,42.649
1348,station-tongi,DIESEL,112,2026-01-02T04:00:00,65.889,0.0,65.889
1349,station-tongi,PETROL,112,2026-01-02T04:00:00,20.003,20.003,0.0
1350,station-tongi,OCTANE,112,2026-01-02T04:00:00,10.13,10.13,0.0
1351,station-karnaphuli,DIESEL,112,2026-01-02T04:00:00,84.06,0.0,84.06
1352,station-karnaphuli,PETROL,112,2026-01-02T04:00:00,94.455,0.0,94.455
1353,station-karnaphuli,OCTANE,112,2026-01-02T04:00:00,53.126,0.0,53.126
1354,station-coxsbazar,DIESEL,112,2026-01-02T04:00:00,48.863,0.0,48.863
1355,station-coxsbazar,PETROL,112,2026-01-02T04:00:00,57.707,0.0,57.707
1356,station-coxsbazar,OCTANE,112,2026-01-02T04:00:00,24.842,0.0,24.842
1357,station-mirpur,DIESEL,113,2026-01-02T04:15:00,58.691,0.0,58.691
1358,station-mirpur,PETROL,113,2026-01-02T04:15:00,70.891,0.0,70.891
1359,station-mirpur,OCTANE,113,2026-01-02T04:15:00,37.94,0.0,37.94
1360,station-tongi,DIESEL,113,2026-01-02T04:15:00,62.354,0.0,62.354
1361,station-tongi,PETROL,113,2026-01-02T04:15:00,22.581,22.581,0.0
1362,station-tongi,OCTANE,113,2026-01-02T04:15:00,10.704,10.704,0.0
1363,station-karnaphuli,DIESEL,113,2026-01-02T04:15:00,84.924,0.0,84.924
1364,station-karnaphuli,PETROL,113,2026-01-02T04:15:00,92.064,0.0,92.064
1365,station-karnaphuli,OCTANE,113,2026-01-02T04:15:00,56.483,0.0,56.483
1366,station-coxsbazar,DIESEL,113,2026-01-02T04:15:00,54.605,0.0,54.605
1367,station-coxsbazar,PETROL,113,2026-01-02T04:15:00,60.981,0.0,60.981
1368,station-coxsbazar,OCTANE,113,2026-01-02T04:15:00,27.388,0.0,27.388
1369,station-mirpur,DIESEL,114,2026-01-02T04:30:00,65.97,0.0,65.97
1370,station-mirpur,PETROL,114,2026-01-02T04:30:00,72.42,0.0,72.42
1371,station-mirpur,OCTANE,114,2026-01-02T04:30:00,37.57,0.0,37.57
1372,station-tongi,DIESEL,114,2026-01-02T04:30:00,65.677,0.0,65.677
1373,station-tongi,PETROL,114,2026-01-02T04:30:00,21.554,21.554,0.0
1374,station-tongi,OCTANE,114,2026-01-02T04:30:00,10.822,10.822,0.0
1375,station-karnaphuli,DIESEL,114,2026-01-02T04:30:00,94.835,0.0,94.835
1376,station-karnaphuli,PETROL,114,2026-01-02T04:30:00,88.889,0.0,88.889
1377,station-karnaphuli,OCTANE,114,2026-01-02T04:30:00,46.71,0.0,46.71
1378,station-coxsbazar,DIESEL,114,2026-01-02T04:30:00,54.778,0.0,54.778
1379,station-coxsbazar,PETROL,114,2026-01-02T04:30:00,50.59,0.0,50.59
1380,station-coxsbazar,OCTANE,114,2026-01-02T04:30:00,27.512,0.0,27.512
1381,station-mirpur,DIESEL,115,2026-01-02T04:45:00,56.965,0.0,56.965
1382,station-mirpur,PETROL,115,2026-01-02T04:45:00,71.985,0.0,71.985
1383,station-mirpur,OCTANE,115,2026-01-02T04:45:00,38.577,0.0,38.577
1384,station-tongi,DIESEL,115,2026-01-02T04:45:00,64.156,0.0,64.156
1385,station-tongi,PETROL,115,2026-01-02T04:45:00,22.716,22.716,0.0
1386,station-tongi,OCTANE,115,2026-01-02T04:45:00,10.352,10.352,0.0
1387,station-karnaphuli,DIESEL,115,2026-01-02T04:45:00,83.798,0.0,83.798
1388,station-karnaphuli,PETROL,115,2026-01-02T04:45:00,100.817,0.0,100.817
1389,station-karnaphuli,OCTANE,115,2026-01-02T04:45:00,47.178,0.0,47.178
1390,station-coxsbazar,DIESEL,115,2026-01-02T04:45:00,52.595,0.0,52.595
1391,station-coxsbazar,PETROL,115,2026-01-02T04:45:00,59.692,0.0,59.692
1392,station-coxsbazar,OCTANE,115,2026-01-02T04:45:00,26.741,0.0,26.741
1393,station-mirpur,DIESEL,116,2026-01-02T05:00:00,68.035,0.0,68.035
1394,station-mirpur,PETROL,116,2026-01-02T05:00:00,82.145,0.0,82.145
1395,station-mirpur,OCTANE,116,2026-01-02T05:00:00,42.65,0.0,42.65
1396,station-tongi,DIESEL,116,2026-01-02T05:00:00,68.729,0.0,68.729
1397,station-tongi,PETROL,116,2026-01-02T05:00:00,22.76,22.76,0.0
1398,station-tongi,OCTANE,116,2026-01-02T05:00:00,10.561,10.561,0.0
1399,station-karnaphuli,DIESEL,116,2026-01-02T05:00:00,78.878,0.0,78.878
1400,station-karnaphuli,PETROL,116,2026-01-02T05:00:00,88.004,0.0,88.004
1401,station-karnaphuli,OCTANE,116,2026-01-02T05:00:00,48.876,0.0,48.876
1402,station-coxsbazar,DIESEL,116,2026-01-02T05:00:00,49.521,0.0,49.521
1403,station-coxsbazar,PETROL,116,2026-01-02T05:00:00,58.383,0.0,58.383
1404,station-coxsbazar,OCTANE,116,2026-01-02T05:00:00,25.006,0.0,25.006
1405,station-mirpur,DIESEL,117,2026-01-02T05:15:00,64.653,0.0,64.653
1406,station-mirpur,PETROL,117,2026-01-02T05:15:00,74.56,0.0,74.56
1407,station-mirpur,OCTANE,117,2026-01-02T05:15:00,43.829,0.0,43.829
1408,station-tongi,DIESEL,117,2026-01-02T05:15:00,61.855,0.0,61.855
1409,station-tongi,PETROL,117,2026-01-02T05:15:00,20.281,20.281,0.0
1410,station-tongi,OCTANE,117,2026-01-02T05:15:00,10.712,10.712,0.0
1411,station-karnaphuli,DIESEL,117,2026-01-02T05:15:00,81.065,0.0,81.065
1412,station-karnaphuli,PETROL,117,2026-01-02T05:15:00,82.102,0.0,82.102
1413,station-karnaphuli,OCTANE,117,2026-01-02T05:15:00,46.214,0.0,46.214
1414,station-coxsbazar,DIESEL,117,2026-01-02T05:15:00,53.158,0.0,53.158
1415,station-coxsbazar,PETROL,117,2026-01-02T05:15:00,55.837,0.0,55.837
1416,station-coxsbazar,OCTANE,117,2026-01-02T05:15:00,27.826,0.0,27.826
1417,station-mirpur,DIESEL,118,2026-01-02T05:30:00,63.739,0.0,63.739
1418,station-mirpur,PETROL,118,2026-01-02T05:30:00,75.276,0.0,75.276
1419,station-mirpur,OCTANE,118,2026-01-02T05:30:00,40.783,0.0,40.783
1420,station-tongi,DIESEL,118,2026-01-02T05:30:00,70.503,0.0,70.503
1421,station-tongi,PETROL,118,2026-01-02T05:30:00,19.985,19.985,0.0
1422,station-tongi,OCTANE,118,2026-01-02T05:30:00,10.721,10.721,0.0
1423,station-karnaphuli,DIESEL,118,2026-01-02T05:30:00,83.791,0.0,83.791
1424,station-karnaphuli,PETROL,118,2026-01-02T05:30:00,89.624,0.0,89.624
1425,station-karnaphuli,OCTANE,118,2026-01-02T05:30:00,48.221,0.0,48.221
1426,station-coxsbazar,DIESEL,118,2026-01-02T05:30:00,56.213,0.0,56.213
1427,station-coxsbazar,PETROL,118,2026-01-02T05:30:00,57.606,0.0,57.606
1428,station-coxsbazar,OCTANE,118,2026-01-02T05:30:00,24.012,0.0,24.012
1429,station-mirpur,DIESEL,119,2026-01-02T05:45:00,63.598,0.0,63.598
1430,station-mirpur,PETROL,119,2026-01-02T05:45:00,76.033,0.0,76.033
1431,station-mirpur,OCTANE,119,2026-01-02T05:45:00,37.665,0.0,37.665
1432,station-tongi,DIESEL,119,2026-01-02T05:45:00,61.084,0.0,61.084
1433,station-tongi,PETROL,119,2026-01-02T05:45:00,21.929,21.929,0.0
1434,station-tongi,OCTANE,119,2026-01-02T05:45:00,10.341,10.341,0.0
1435,station-karnaphuli,DIESEL,119,2026-01-02T05:45:00,85.675,0.0,85.675
1436,station-karnaphuli,PETROL,119,2026-01-02T05:45:00,96.524,0.0,96.524
1437,station-karnaphuli,OCTANE,119,2026-01-02T05:45:00,46.968,0.0,46.968
1438,station-coxsbazar,DIESEL,119,2026-01-02T05:45:00,56.703,0.0,56.703
1439,station-coxsbazar,PETROL,119,2026-01-02T05:45:00,50.523,0.0,50.523
1440,station-coxsbazar,OCTANE,119,2026-01-02T05:45:00,27.432,0.0,27.432
1441,station-mirpur,DIESEL,120,2026-01-02T06:00:00,60.266,0.0,60.266
1442,station-mirpur,PETROL,120,2026-01-02T06:00:00,71.209,0.0,71.209
1443,station-mirpur,OCTANE,120,2026-01-02T06:00:00,41.869,0.0,41.869
1444,station-tongi,DIESEL,120,2026-01-02T06:00:00,224.767,0.0,224.767
1445,station-tongi,PETROL,120,2026-01-02T06:00:00,72.764,72.764,0.0
1446,station-tongi,OCTANE,120,2026-01-02T06:00:00,37.083,37.083,0.0
1447,station-karnaphuli,DIESEL,120,2026-01-02T06:00:00,160.59,0.0,160.59
1448,station-karnaphuli,PETROL,120,2026-01-02T06:00:00,152.033,0.0,152.033
1449,station-karnaphuli,OCTANE,120,2026-01-02T06:00:00,102.256,0.0,102.256
1450,station-coxsbazar,DIESEL,120,2026-01-02T06:00:00,51.635,0.0,51.635
1451,station-coxsbazar,PETROL,120,2026-01-02T06:00:00,57.401,0.0,57.401
1452,station-coxsbazar,OCTANE,120,2026-01-02T06:00:00,26.837,0.0,26.837
1453,station-mirpur,DIESEL,121,2026-01-02T06:15:00,64.454,0.0,64.454
1454,station-mirpur,PETROL,121,2026-01-02T06:15:00,83.466,0.0,83.466
1455,station-mirpur,OCTANE,121,2026-01-02T06:15:00,44.36,0.0,44.36
1456,station-tongi,DIESEL,121,2026-01-02T06:15:00,222.919,0.0,222.919
1457,station-tongi,PETROL,121,2026-01-02T06:15:00,70.67,70.67,0.0
1458,station-tongi,OCTANE,121,2026-01-02T06:15:00,35.465,35.465,0.0
1459,station-karnaphuli,DIESEL,121,2026-01-02T06:15:00,140.787,0.0,140.787
1460,station-karnaphuli,PETROL,121,2026-01-02T06:15:00,165.46,0.0,165.46
1461,station-karnaphuli,OCTANE,121,2026-01-02T06:15:00,101.555,0.0,101.555
1462,station-coxsbazar,DIESEL,121,2026-01-02T06:15:00,54.735,0.0,54.735
1463,station-coxsbazar,PETROL,121,2026-01-02T06:15:00,52.434,0.0,52.434
1464,station-coxsbazar,OCTANE,121,2026-01-02T06:15:00,23.75,0.0,23.75
1465,station-mirpur,DIESEL,122,2026-01-02T06:30:00,61.91,0.0,61.91
1466,station-mirpur,PETROL,122,2026-01-02T06:30:00,77.068,0.0,77.068
1467,station-mirpur,OCTANE,122,2026-01-02T06:30:00,41.185,0.0,41.185
1468,station-tongi,DIESEL,122,2026-01-02T06:30:00,240.15,0.0,240.15
1469,station-tongi,PETROL,122,2026-01-02T06:30:00,77.152,77.152,0.0
1470,station-tongi,OCTANE,122,2026-01-02T06:30:00,34.536,34.536,0.0
1471,station-karnaphuli,DIESEL,122,2026-01-02T06:30:00,156.597,0.0,156.597
1472,station-karnaphuli,PETROL,122,2026-01-02T06:30:00,159.687,0.0,159.687
1473,station-karnaphuli,OCTANE,122,2026-01-02T06:30:00,98.941,0.0,98.941
1474,station-coxsbazar,DIESEL,122,2026-01-02T06:30:00,50.835,0.0,50.835
1475,station-coxsbazar,PETROL,122,2026-01-02T06:30:00,50.14,0.0,50.14
1476,station-coxsbazar,OCTANE,122,2026-01-02T06:30:00,25.673,0.0,25.673
1477,station-mirpur,DIESEL,123,2026-01-02T06:45:00,68.009,0.0,68.009
1478,station-mirpur,PETROL,123,2026-01-02T06:45:00,81.745,0.0,81.745
1479,station-mirpur,OCTANE,123,2026-01-02T06:45:00,40.513,0.0,40.513
1480,station-tongi,DIESEL,123,2026-01-02T06:45:00,239.573,0.0,239.573
1481,station-tongi,PETROL,123,2026-01-02T06:45:00,78.029,78.029,0.0
1482,station-tongi,OCTANE,123,2026-01-02T06:45:00,37.645,37.645,0.0
1483,station-karnaphuli,DIESEL,123,2026-01-02T06:45:00,154.273,0.0,154.273
1484,station-karnaphuli,PETROL,123,2026-01-02T06:45:00,153.685,0.0,153.685
1485,station-karnaphuli,OCTANE,123,2026-01-02T06:45:00,87.015,0.0,87.015
1486,station-coxsbazar,DIESEL,123,2026-01-02T06:45:00,54.858,0.0,54.858
1487,station-coxsbazar,PETROL,123,2026-01-02T06:45:00,59.993,0.0,59.993
1488,station-coxsbazar,OCTANE,123,2026-01-02T06:45:00,27.07,0.0,27.07
1489,station-mirpur,DIESEL,124,2026-01-02T07:00:00,121.019,0.0,121.019
1490,station-mirpur,PETROL,124,2026-01-02T07:00:00,159.328,0.0,159.328
1491,station-mirpur,OCTANE,124,2026-01-02T07:00:00,92.695,0.0,92.695
1492,station-tongi,DIESEL,124,2026-01-02T07:00:00,230.583,0.0,230.583
1493,station-tongi,PETROL,124,2026-01-02T07:00:00,75.123,75.123,0.0
1494,station-tongi,OCTANE,124,2026-01-02T07:00:00,36.124,36.124,0.0
1495,station-karnaphuli,DIESEL,124,2026-01-02T07:00:00,145.521,0.0,145.521
1496,station-karnaphuli,PETROL,124,2026-01-02T07:00:00,167.305,0.0,167.305
1497,station-karnaphuli,OCTANE,124,2026-01-02T07:00:00,102.244,0.0,102.244
1498,station-coxsbazar,DIESEL,124,2026-01-02T07:00:00,92.468,0.0,92.468
1499,station-coxsbazar,PETROL,124,2026-01-02T07:00:00,117.102,0.0,117.102
1500,station-coxsbazar,OCTANE,124,2026-01-02T07:00:00,53.957,0.0,53.957
1501,station-mirpur,DIESEL,125,2026-01-02T07:15:00,115.756,0.0,115.756
1502,station-mirpur,PETROL,125,2026-01-02T07:15:00,153.235,0.0,153.235
1503,station-mirpur,OCTANE,125,2026-01-02T07:15:00,76.953,0.0,76.953
1504,station-tongi,DIESEL,125,2026-01-02T07:15:00,240.28,0.0,240.28
1505,station-tongi,PETROL,125,2026-01-02T07:15:00,77.99,77.99,0.0
1506,station-tongi,OCTANE,125,2026-01-02T07:15:00,37.981,37.981,0.0
1507,station-karnaphuli,DIESEL,125,2026-01-02T07:15:00,165.151,0.0,165.151
1508,station-karnaphuli,PETROL,125,2026-01-02T07:15:00,171.78,0.0,171.78
1509,station-karnaphuli,OCTANE,125,2026-01-02T07:15:00,100.348,0.0,100.348
1510,station-coxsbazar,DIESEL,125,2026-01-02T07:15:00,104.317,0.0,104.317
1511,station-coxsbazar,PETROL,125,2026-01-02T07:15:00,110.458,0.0,110.458
1512,station-coxsbazar,OCTANE,125,2026-01-02T07:15:00,48.911,0.0,48.911
1513,station-mirpur,DIESEL,126,2026-01-02T07:30:00,134.567,0.0,134.567
1514,station-mirpur,PETROL,126,2026-01-02T07:30:00,168.448,0.0,168.448
1515,station-mirpur,OCTANE,126,2026-01-02T07:30:00,92.968,0.0,92.968
1516,station-tongi,DIESEL,126,2026-01-02T07:30:00,224.844,0.0,224.844
1517,station-tongi,PETROL,126,2026-01-02T07:30:00,72.514,72.514,0.0
1518,station-tongi,OCTANE,126,2026-01-02T07:30:00,35.571,35.571,0.0
1519,station-karnaphuli,DIESEL,126,2026-01-02T07:30:00,172.451,0.0,172.451
1520,station-karnaphuli,PETROL,126,2026-01-02T07:30:00,169.283,0.0,169.283
1521,station-karnaphuli,OCTANE,126,2026-01-02T07:30:00,103.683,0.0,103.683
1522,station-coxsbazar,DIESEL,126,2026-01-02T07:30:00,105.415,0.0,105.415
1523,station-coxsbazar,PETROL,126,2026-01-02T07:30:00,98.808,0.0,98.808
1524,station-coxsbazar,OCTANE,126,2026-01-02T07:30:00,54.669,0.0,54.669
1525,station-mirpur,DIESEL,127,2026-01-02T07:45:00,128.293,0.0,128.293
1526,station-mirpur,PETROL,127,2026-01-02T07:45:00,171.997,0.0,171.997
1527,station-mirpur,OCTANE,127,2026-01-02T07:45:00,91.878,0.0,91.878
1528,station-tongi,DIESEL,127,2026-01-02T07:45:00,236.585,0.0,236.585
1529,station-tongi,PETROL,127,2026-01-02T07:45:00,71.628,71.628,0.0
1530,station-tongi,OCTANE,127,2026-01-02T07:45:00,36.364,36.364,0.0
1531,station-karnaphuli,DIESEL,127,2026-01-02T07:45:00,152.042,0.0,152.042
1532,station-karnaphuli,PETROL,127,2026-01-02T07:45:00,185.689,0.0,185.689
1533,station-karnaphuli,OCTANE,127,2026-01-02T07:45:00,100.631,0.0,100.631
1534,station-coxsbazar,DIESEL,127,2026-01-02T07:45:00,96.656,0.0,96.656
1535,station-coxsbazar,PETROL,127,2026-01-02T07:45:00,103.407,0.0,103.407
1536,station-coxsbazar,OCTANE,127,2026-01-02T07:45:00,53.838,0.0,53.838
1537,station-mirpur,DIESEL,128,2026-01-02T08:00:00,122.481,0.0,122.481
1538,station-mirpur,PETROL,128,2026-01-02T08:00:00,144.055,0.0,144.055
1539,station-mirpur,OCTANE,128,2026-01-02T08:00:00,83.309,0.0,83.309
1540,station-tongi,DIESEL,128,2026-01-02T08:00:00,223.307,0.0,223.307
1541,station-tongi,PETROL,128,2026-01-02T08:00:00,76.255,76.255,0.0
1542,station-tongi,OCTANE,128,2026-01-02T08:00:00,35.426,35.426,0.0
1543,station-karnaphuli,DIESEL,128,2026-01-02T08:00:00,177.795,0.0,177.795
1544,station-karnaphuli,PETROL,128,2026-01-02T08:00:00,173.221,0.0,173.221
1545,station-karnaphuli,OCTANE,128,2026-01-02T08:00:00,94.283,0.0,94.283
1546,station-coxsbazar,DIESEL,128,2026-01-02T08:00:00,94.236,0.0,94.236
1547,station-coxsbazar,PETROL,128,2026-01-02T08:00:00,104.967,0.0,104.967
1548,station-coxsbazar,OCTANE,128,2026-01-02T08:00:00,53.292,0.0,53.292
1549,station-mirpur,DIESEL,129,2026-01-02T08:15:00,120.275,0.0,120.275
1550,station-mirpur,PETROL,129,2026-01-02T08:15:00,160.01,0.0,160.01
1551,station-mirpur,OCTANE,129,2026-01-02T08:15:00,81.737,0.0,81.737
1552,station-tongi,DIESEL,129,2026-01-02T08:15:00,216.226,0.0,216.226
1553,station-tongi,PETROL,129,2026-01-02T08:15:00,72.814,72.814,0.0
1554,station-tongi,OCTANE,129,2026-01-02T08:15:00,35.732,35.732,0.0
1555,station-karnaphuli,DIESEL,129,2026-01-02T08:15:00,176.604,0.0,176.604
1556,station-karnaphuli,PETROL,129,2026-01-02T08:15:00,170.125,0.0,170.125
1557,station-karnaphuli,OCTANE,129,2026-01-02T08:15:00,98.585,0.0,98.585
1558,station-coxsbazar,DIESEL,129,2026-01-02T08:15:00,98.538,0.0,98.538
1559,station-coxsbazar,PETROL,129,2026-01-02T08:15:00,105.267,0.0,105.267
1560,station-coxsbazar,OCTANE,129,2026-01-02T08:15:00,52.386,0.0,52.386
1561,station-mirpur,DIESEL,130,2026-01-02T08:30:00,135.695,0.0,135.695
1562,station-mirpur,PETROL,130,2026-01-02T08:30:00,166.931,0.0,166.931
1563,station-mirpur,OCTANE,130,2026-01-02T08:30:00,79.824,0.0,79.824
1564,station-tongi,DIESEL,130,2026-01-02T08:30:00,235.731,0.0,235.731
1565,station-tongi,PETROL,130,2026-01-02T08:30:00,75.448,75.448,0.0
1566,station-tongi,OCTANE,130,2026-01-02T08:30:00,34.542,34.542,0.0
1567,station-karnaphuli,DIESEL,130,2026-01-02T08:30:00,143.588,0.0,143.588
1568,station-karnaphuli,PETROL,130,2026-01-02T08:30:00,178.84,0.0,178.84
1569,station-karnaphuli,OCTANE,130,2026-01-02T08:30:00,88.288,0.0,88.288
1570,station-coxsbazar,DIESEL,130,2026-01-02T08:30:00,94.798,0.0,94.798
1571,station-coxsbazar,PETROL,130,2026-01-02T08:30:00,101.239,0.0,101.239
1572,station-coxsbazar,OCTANE,130,2026-01-02T08:30:00,51.785,0.0,51.785
1573,station-mirpur,DIESEL,131,2026-01-02T08:45:00,134.787,0.0,134.787
1574,station-mirpur,PETROL,131,2026-01-02T08:45:00,166.093,0.0,166.093
1575,station-mirpur,OCTANE,131,2026-01-02T08:45:00,85.43,0.0,85.43
1576,station-tongi,DIESEL,131,2026-01-02T08:45:00,242.321,0.0,242.321
1577,station-tongi,PETROL,131,2026-01-02T08:45:00,76.576,76.576,0.0
1578,station-tongi,OCTANE,131,2026-01-02T08:45:00,35.69,35.69,0.0
1579,station-karnaphuli,DIESEL,131,2026-01-02T08:45:00,154.145,0.0,154.145
1580,station-karnaphuli,PETROL,131,2026-01-02T08:45:00,158.749,0.0,158.749
1581,station-karnaphuli,OCTANE,131,2026-01-02T08:45:00,94.932,0.0,94.932
1582,station-coxsbazar,DIESEL,131,2026-01-02T08:45:00,108.799,0.0,108.799
1583,station-coxsbazar,PETROL,131,2026-01-02T08:45:00,101.708,0.0,101.708
1584,station-coxsbazar,OCTANE,131,2026-01-02T08:45:00,54.334,0.0,54.334
1585,station-mirpur,DIESEL,132,2026-01-02T09:00:00,137.137,0.0,137.137
1586,station-mirpur,PETROL,132,2026-01-02T09:00:00,155.137,0.0,155.137
1587,station-mirpur,OCTANE,132,2026-01-02T09:00:00,77.495,0.0,77.495
1588,station-tongi,DIESEL,132,2026-01-02T09:00:00,219.362,0.0,219.362
1589,station-tongi,PETROL,132,2026-01-02T09:00:00,74.849,74.849,0.0
1590,station-tongi,OCTANE,132,2026-01-02T09:00:00,37.496,37.496,0.0
1591,station-karnaphuli,DIESEL,132,2026-01-02T09:00:00,160.488,0.0,160.488
1592,station-karnaphuli,PETROL,132,2026-01-02T09:00:00,169.268,0.0,169.268
1593,station-karnaphuli,OCTANE,132,2026-01-02T09:00:00,101.362,0.0,101.362
1594,station-coxsbazar,DIESEL,132,2026-01-02T09:00:00,97.322,0.0,97.322
1595,station-coxsbazar,PETROL,132,2026-01-02T09:00:00,111.577,0.0,111.577
1596,station-coxsbazar,OCTANE,132,2026-01-02T09:00:00,47.746,0.0,47.746
1597,station-mirpur,DIESEL,133,2026-01-02T09:15:00,117.891,0.0,117.891
1598,station-mirpur,PETROL,133,2026-01-02T09:15:00,169.721,0.0,169.721
1599,station-mirpur,OCTANE,133,2026-01-02T09:15:00,88.147,0.0,88.147
1600,station-tongi,DIESEL,133,2026-01-02T09:15:00,225.723,0.0,225.723
1601,station-tongi,PETROL,133,2026-01-02T09:15:00,77.436,13.71,63.726
1602,station-tongi,OCTANE,133,2026-01-02T09:15:00,33.856,33.856,0.0
1603,station-karnaphuli,DIESEL,133,2026-01-02T09:15:00,145.897,0.0,145.897
1604,station-karnaphuli,PETROL,133,2026-01-02T09:15:00,166.287,0.0,166.287
1605,station-karnaphuli,OCTANE,133,2026-01-02T09:15:00,103.298,0.0,103.298
1606,station-coxsbazar,DIESEL,133,2026-01-02T09:15:00,94.465,0.0,94.465
1607,station-coxsbazar,PETROL,133,2026-01-02T09:15:00,104.888,0.0,104.888
1608,station-coxsbazar,OCTANE,133,2026-01-02T09:15:00,48.1,0.0,48.1
1609,station-mirpur,DIESEL,134,2026-01-02T09:30:00,139.714,0.0,139.714
1610,station-mirpur,PETROL,134,2026-01-02T09:30:00,156.794,0.0,156.794
1611,station-mirpur,OCTANE,134,2026-01-02T09:30:00,80.248,0.0,80.248
1612,station-tongi,DIESEL,134,2026-01-02T09:30:00,217.813,0.0,217.813
1613,station-tongi,PETROL,134,2026-01-02T09:30:00,70.222,0.0,70.222
1614,station-tongi,OCTANE,134,2026-01-02T09:30:00,33.572,33.572,0.0
1615,station-karnaphuli,DIESEL,134,2026-01-02T09:30:00,159.139,0.0,159.139
1616,station-karnaphuli,PETROL,134,2026-01-02T09:30:00,149.418,0.0,149.418
1617,station-karnaphuli,OCTANE,134,2026-01-02T09:30:00,98.222,0.0,98.222
1618,station-coxsbazar,DIESEL,134,2026-01-02T09:30:00,93.812,0.0,93.812
1619,station-coxsbazar,PETROL,134,2026-01-02T09:30:00,111.797,0.0,111.797
1620,station-coxsbazar,OCTANE,134,2026-01-02T09:30:00,50.119,0.0,50.119
1621,station-mirpur,DIESEL,135,2026-01-02T09:45:00,125.433,0.0,125.433
1622,station-mirpur,PETROL,135,2026-01-02T09:45:00,171.306,0.0,171.306
1623,station-mirpur,OCTANE,135,2026-01-02T09:45:00,84.616,0.0,84.616
1624,station-tongi,DIESEL,135,2026-01-02T09:45:00,243.782,0.0,243.782
1625,station-tongi,PETROL,135,2026-01-02T09:45:00,73.006,0.0,73.006
1626,station-tongi,OCTANE,135,2026-01-02T09:45:00,35.975,35.975,0.0
1627,station-karnaphuli,DIESEL,135,2026-01-02T09:45:00,163.787,0.0,163.787
1628,station-karnaphuli,PETROL,135,2026-01-02T09:45:00,153.458,0.0,153.458
1629,station-karnaphuli,OCTANE,135,2026-01-02T09:45:00,105.107,0.0,105.107
1630,station-coxsbazar,DIESEL,135,2026-01-02T09:45:00,107.184,0.0,107.184
1631,station-coxsbazar,PETROL,135,2026-01-02T09:45:00,100.096,0.0,100.096
1632,station-coxsbazar,OCTANE,135,2026-01-02T09:45:00,49.709,0.0,49.709
1633,station-mirpur,DIESEL,136,2026-01-02T10:00:00,67.919,0.0,67.919
1634,station-mirpur,PETROL,136,2026-01-02T10:00:00,75.72,0.0,75.72
1635,station-mirpur,OCTANE,136,2026-01-02T10:00:00,43.389,0.0,43.389
1636,station-tongi,DIESEL,136,2026-01-02T10:00:00,231.433,0.0,231.433
1637,station-tongi,PETROL,136,2026-01-02T10:00:00,74.032,0.0,74.032
1638,station-tongi,OCTANE,136,2026-01-02T10:00:00,36.094,36.094,0.0
1639,station-karnaphuli,DIESEL,136,2026-01-02T10:00:00,79.459,0.0,79.459
1640,station-karnaphuli,PETROL,136,2026-01-02T10:00:00,88.675,0.0,88.675
1641,station-karnaphuli,OCTANE,136,2026-01-02T10:00:00,47.13,0.0,47.13
1642,station-coxsbazar,DIESEL,136,2026-01-02T10:00:00,104.084,0.0,104.084
1643,station-coxsbazar,PETROL,136,2026-01-02T10:00:00,103.625,0.0,103.625
1644,station-coxsbazar,OCTANE,136,2026-01-02T10:00:00,50.251,0.0,50.251
1645,station-mirpur,DIESEL,137,2026-01-02T10:15:00,67.125,0.0,67.125
1646,station-mirpur,PETROL,137,2026-01-02T10:15:00,73.507,0.0,73.507
1647,station-mirpur,OCTANE,137,2026-01-02T10:15:00,37.205,0.0,37.205
1648,station-tongi,DIESEL,137,2026-01-02T10:15:00,232.099,0.0,232.099
1649,station-tongi,PETROL,137,2026-01-02T10:15:00,67.637,0.0,67.637
1650,station-tongi,OCTANE,137,2026-01-02T10:15:00,36.232,36.232,0.0
1651,station-karnaphuli,DIESEL,137,2026-01-02T10:15:00,86.367,0.0,86.367
1652,station-karnaphuli,PETROL,137,2026-01-02T10:15:00,90.341,0.0,90.341
1653,station-karnaphuli,OCTANE,137,2026-01-02T10:15:00,50.289,0.0,50.289
1654,station-coxsbazar,DIESEL,137,2026-01-02T10:15:00,109.003,0.0,109.003
1655,station-coxsbazar,PETROL,137,2026-01-02T10:15:00,104.398,0.0,104.398
1656,station-coxsbazar,OCTANE,137,2026-01-02T10:15:00,55.13,0.0,55.13
1657,station-mirpur,DIESEL,138,2026-01-02T10:30:00,63.922,0.0,63.922
1658,station-mirpur,PETROL,138,2026-01-02T10:30:00,84.127,0.0,84.127
1659,station-mirpur,OCTANE,138,2026-01-02T10:30:00,39.003,0.0,39.003
1660,station-tongi,DIESEL,138,2026-01-02T10:30:00,221.313,0.0,221.313
1661,station-tongi,PETROL,138,2026-01-02T10:30:00,68.954,0.0,68.954
1662,station-tongi,OCTANE,138,2026-01-02T10:30:00,34.252,34.252,0.0
1663,station-karnaphuli,DIESEL,138,2026-01-02T10:30:00,97.645,0.0,97.645
1664,station-karnaphuli,PETROL,138,2026-01-02T10:30:00,103.216,0.0,103.216
1665,station-karnaphuli,OCTANE,138,2026-01-02T10:30:00,46.936,0.0,46.936
1666,station-coxsbazar,DIESEL,138,2026-01-02T10:30:00,101.466,0.0,101.466
1667,station-coxsbazar,PETROL,138,2026-01-02T10:30:00,103.172,0.0,103.172
1668,station-coxsbazar,OCTANE,138,2026-01-02T10:30:00,49.586,0.0,49.586
1669,station-mirpur,DIESEL,139,2026-01-02T10:45:00,64.412,0.0,64.412
1670,station-mirpur,PETROL,139,2026-01-02T10:45:00,70.866,0.0,70.866
1671,station-mirpur,OCTANE,139,2026-01-02T10:45:00,44.808,0.0,44.808
1672,station-tongi,DIESEL,139,2026-01-02T10:45:00,221.013,0.0,221.013
1673,station-tongi,PETROL,139,2026-01-02T10:45:00,72.917,0.0,72.917
1674,station-tongi,OCTANE,139,2026-01-02T10:45:00,35.4,35.4,0.0
1675,station-karnaphuli,DIESEL,139,2026-01-02T10:45:00,90.476,0.0,90.476
1676,station-karnaphuli,PETROL,139,2026-01-02T10:45:00,89.741,0.0,89.741
1677,station-karnaphuli,OCTANE,139,2026-01-02T10:45:00,57.957,0.0,57.957
1678,station-coxsbazar,DIESEL,139,2026-01-02T10:45:00,96.72,0.0,96.72
1679,station-coxsbazar,PETROL,139,2026-01-02T10:45:00,106.061,0.0,106.061
1680,station-coxsbazar,OCTANE,139,2026-01-02T10:45:00,47.588,0.0,47.588
1681,station-mirpur,DIESEL,140,2026-01-02T11:00:00,60.01,0.0,60.01
1682,station-mirpur,PETROL,140,2026-01-02T11:00:00,69.578,0.0,69.578
1683,station-mirpur,OCTANE,140,2026-01-02T11:00:00,37.085,0.0,37.085
1684,station-tongi,DIESEL,140,2026-01-02T11:00:00,228.233,0.0,228.233
1685,station-tongi,PETROL,140,2026-01-02T11:00:00,68.362,0.0,68.362
1686,station-tongi,OCTANE,140,2026-01-02T11:00:00,37.737,37.737,0.0
1687,station-karnaphuli,DIESEL,140,2026-01-02T11:00:00,80.748,0.0,80.748
1688,station-karnaphuli,PETROL,140,2026-01-02T11:00:00,103.641,0.0,103.641
1689,station-karnaphuli,OCTANE,140,2026-01-02T11:00:00,52.275,0.0,52.275
1690,station-coxsbazar,DIESEL,140,2026-01-02T11:00:00,107.995,0.0,107.995
1691,station-coxsbazar,PETROL,140,2026-01-02T11:00:00,103.703,0.0,103.703
1692,station-coxsbazar,OCTANE,140,2026-01-02T11:00:00,46.451,0.0,46.451
1693,station-mirpur,DIESEL,141,2026-01-02T11:15:00,61.019,0.0,61.019
1694,station-mirpur,PETROL,141,2026-01-02T11:15:00,69.724,0.0,69.724
1695,station-mirpur,OCTANE,141,2026-01-02T11:15:00,42.508,0.0,42.508
1696,station-tongi,DIESEL,141,2026-01-02T11:15:00,241.805,0.0,241.805
1697,station-tongi,PETROL,141,2026-01-02T11:15:00,68.478,0.0,68.478
1698,station-tongi,OCTANE,141,2026-01-02T11:15:00,37.543,37.543,0.0
1699,station-karnaphuli,DIESEL,141,2026-01-02T11:15:00,97.682,0.0,97.682
1700,station-karnaphuli,PETROL,141,2026-01-02T11:15:00,96.373,0.0,96.373
1701,station-karnaphuli,OCTANE,141,2026-01-02T11:15:00,51.791,0.0,51.791
1702,station-coxsbazar,DIESEL,141,2026-01-02T11:15:00,97.072,0.0,97.072
1703,station-coxsbazar,PETROL,141,2026-01-02T11:15:00,115.547,0.0,115.547
1704,station-coxsbazar,OCTANE,141,2026-01-02T11:15:00,47.074,0.0,47.074
1705,station-mirpur,DIESEL,142,2026-01-02T11:30:00,68.135,0.0,68.135
1706,station-mirpur,PETROL,142,2026-01-02T11:30:00,74.107,0.0,74.107
1707,station-mirpur,OCTANE,142,2026-01-02T11:30:00,39.426,0.0,39.426
1708,station-tongi,DIESEL,142,2026-01-02T11:30:00,238.267,0.0,238.267
1709,station-tongi,PETROL,142,2026-01-02T11:30:00,70.336,0.0,70.336
1710,station-tongi,OCTANE,142,2026-01-02T11:30:00,37.372,37.372,0.0
1711,station-karnaphuli,DIESEL,142,2026-01-02T11:30:00,81.271,0.0,81.271
1712,station-karnaphuli,PETROL,142,2026-01-02T11:30:00,91.405,0.0,91.405
1713,station-karnaphuli,OCTANE,142,2026-01-02T11:30:00,57.06,0.0,57.06
1714,station-coxsbazar,DIESEL,142,2026-01-02T11:30:00,108.09,0.0,108.09
1715,station-coxsbazar,PETROL,142,2026-01-02T11:30:00,110.779,0.0,110.779
1716,station-coxsbazar,OCTANE,142,2026-01-02T11:30:00,45.638,0.0,45.638
1717,station-mirpur,DIESEL,143,2026-01-02T11:45:00,57.846,0.0,57.846
1718,station-mirpur,PETROL,143,2026-01-02T11:45:00,79.251,0.0,79.251
1719,station-mirpur,OCTANE,143,2026-01-02T11:45:00,40.878,0.0,40.878
1720,station-tongi,DIESEL,143,2026-01-02T11:45:00,208.836,0.0,208.836
1721,station-tongi,PETROL,143,2026-01-02T11:45:00,75.351,0.0,75.351
1722,station-tongi,OCTANE,143,2026-01-02T11:45:00,34.705,34.705,0.0
1723,station-karnaphuli,DIESEL,143,2026-01-02T11:45:00,90.108,0.0,90.108
1724,station-karnaphuli,PETROL,143,2026-01-02T11:45:00,91.711,0.0,91.711
1725,station-karnaphuli,OCTANE,143,2026-01-02T11:45:00,53.54,0.0,53.54
1726,station-coxsbazar,DIESEL,143,2026-01-02T11:45:00,102.247,0.0,102.247
1727,station-coxsbazar,PETROL,143,2026-01-02T11:45:00,99.104,0.0,99.104
1728,station-coxsbazar,OCTANE,143,2026-01-02T11:45:00,52.681,0.0,52.681
1729,station-mirpur,DIESEL,144,2026-01-02T12:00:00,65.463,0.0,65.463
1730,station-mirpur,PETROL,144,2026-01-02T12:00:00,69.842,0.0,69.842
1731,station-mirpur,OCTANE,144,2026-01-02T12:00:00,44.552,0.0,44.552
1732,station-tongi,DIESEL,144,2026-01-02T12:00:00,215.023,0.0,215.023
1733,station-tongi,PETROL,144,2026-01-02T12:00:00,73.591,0.0,73.591
1734,station-tongi,OCTANE,144,2026-01-02T12:00:00,32.772,32.772,0.0
1735,station-karnaphuli,DIESEL,144,2026-01-02T12:00:00,98.977,0.0,98.977
1736,station-karnaphuli,PETROL,144,2026-01-02T12:00:00,100.566,0.0,100.566
1737,station-karnaphuli,OCTANE,144,2026-01-02T12:00:00,55.594,0.0,55.594
1738,station-coxsbazar,DIESEL,144,2026-01-02T12:00:00,106.068,0.0,106.068
1739,station-coxsbazar,PETROL,144,2026-01-02T12:00:00,102.298,0.0,102.298
1740,station-coxsbazar,OCTANE,144,2026-01-02T12:00:00,45.587,0.0,45.587
1741,station-mirpur,DIESEL,145,2026-01-02T12:15:00,66.435,0.0,66.435
1742,station-mirpur,PETROL,145,2026-01-02T12:15:00,70.017,0.0,70.017
1743,station-mirpur,OCTANE,145,2026-01-02T12:15:00,42.461,0.0,42.461
1744,station-tongi,DIESEL,145,2026-01-02T12:15:00,226.588,0.0,226.588
1745,station-tongi,PETROL,145,2026-01-02T12:15:00,69.824,0.0,69.824
1746,station-tongi,OCTANE,145,2026-01-02T12:15:00,38.125,38.125,0.0
1747,station-karnaphuli,DIESEL,145,2026-01-02T12:15:00,96.455,0.0,96.455
1748,station-karnaphuli,PETROL,145,2026-01-02T12:15:00,103.926,0.0,103.926
1749,station-karnaphuli,OCTANE,145,2026-01-02T12:15:00,48.987,0.0,48.987
1750,station-coxsbazar,DIESEL,145,2026-01-02T12:15:00,99.441,0.0,99.441
1751,station-coxsbazar,PETROL,145,2026-01-02T12:15:00,105.298,0.0,105.298
1752,station-coxsbazar,OCTANE,145,2026-01-02T12:15:00,51.907,0.0,51.907
1753,station-mirpur,DIESEL,146,2026-01-02T12:30:00,62.148,0.0,62.148
1754,station-mirpur,PETROL,146,2026-01-02T12:30:00,76.48,0.0,76.48
1755,station-mirpur,OCTANE,146,2026-01-02T12:30:00,42.234,0.0,42.234
1756,station-tongi,DIESEL,146,2026-01-02T12:30:00,240.999,0.0,240.999
1757,station-tongi,PETROL,146,2026-01-02T12:30:00,78.101,0.0,78.101
1758,station-tongi,OCTANE,146,2026-01-02T12:30:00,36.942,36.942,0.0
1759,station-karnaphuli,DIESEL,146,2026-01-02T12:30:00,79.959,0.0,79.959
1760,station-karnaphuli,PETROL,146,2026-01-02T12:30:00,89.385,0.0,89.385
1761,station-karnaphuli,OCTANE,146,2026-01-02T12:30:00,54.238,0.0,54.238
1762,station-coxsbazar,DIESEL,146,2026-01-02T12:30:00,109.174,0.0,109.174
1763,station-coxsbazar,PETROL,146,2026-01-02T12:30:00,107.091,0.0,107.091
1764,station-coxsbazar,OCTANE,146,2026-01-02T12:30:00,46.286,0.0,46.286
1765,station-mirpur,DIESEL,147,2026-01-02T12:45:00,56.317,0.0,56.317
1766,station-mirpur,PETROL,147,2026-01-02T12:45:00,80.642,0.0,80.642
1767,station-mirpur,OCTANE,147,2026-01-02T12:45:00,37.946,0.0,37.946
1768,station-tongi,DIESEL,147,2026-01-02T12:45:00,223.271,0.0,223.271
1769,station-tongi,PETROL,147,2026-01-02T12:45:00,77.287,0.0,77.287
1770,station-tongi,OCTANE,147,2026-01-02T12:45:00,34.888,34.888,0.0
1771,station-karnaphuli,DIESEL,147,2026-01-02T12:45:00,84.102,0.0,84.102
1772,station-karnaphuli,PETROL,147,2026-01-02T12:45:00,95.55,0.0,95.55
1773,station-karnaphuli,OCTANE,147,2026-01-02T12:45:00,55.064,0.0,55.064
1774,station-coxsbazar,DIESEL,147,2026-01-02T12:45:00,109.228,0.0,109.228
1775,station-coxsbazar,PETROL,147,2026-01-02T12:45:00,100.866,0.0,100.866
1776,station-coxsbazar,OCTANE,147,2026-01-02T12:45:00,49.245,0.0,49.245
1777,station-mirpur,DIESEL,148,2026-01-02T13:00:00,63.845,0.0,63.845
1778,station-mirpur,PETROL,148,2026-01-02T13:00:00,80.061,0.0,80.061
1779,station-mirpur,OCTANE,148,2026-01-02T13:00:00,43.163,0.0,43.163
1780,station-tongi,DIESEL,148,2026-01-02T13:00:00,222.345,0.0,222.345
1781,station-tongi,PETROL,148,2026-01-02T13:00:00,71.723,0.0,71.723
1782,station-tongi,OCTANE,148,2026-01-02T13:00:00,37.494,37.494,0.0
1783,station-karnaphuli,DIESEL,148,2026-01-02T13:00:00,97.334,0.0,97.334
1784,station-karnaphuli,PETROL,148,2026-01-02T13:00:00,90.998,0.0,90.998
1785,station-karnaphuli,OCTANE,148,2026-01-02T13:00:00,54.328,0.0,54.328
1786,station-coxsbazar,DIESEL,148,2026-01-02T13:00:00,105.004,0.0,105.004
1787,station-coxsbazar,PETROL,148,2026-01-02T13:00:00,104.725,0.0,104.725
1788,station-coxsbazar,OCTANE,148,2026-01-02T13:00:00,53.128,0.0,53.128
1789,station-mirpur,DIESEL,149,2026-01-02T13:15:00,59.355,0.0,59.355
1790,station-mirpur,PETROL,149,2026-01-02T13:15:00,83.411,0.0,83.411
1791,station-mirpur,OCTANE,149,2026-01-02T13:15:00,43.242,0.0,43.242
1792,station-tongi,DIESEL,149,2026-01-02T13:15:00,234.921,0.0,234.921
1793,station-tongi,PETROL,149,2026-01-02T13:15:00,68.617,0.0,68.617
1794,station-tongi,OCTANE,149,2026-01-02T13:15:00,34.463,1.537,32.926
1795,station-karnaphuli,DIESEL,149,2026-01-02T13:15:00,78.221,0.0,78.221
1796,station-karnaphuli,PETROL,149,2026-01-02T13:15:00,91.609,0.0,91.609
1797,station-karnaphuli,OCTANE,149,2026-01-02T13:15:00,57.559,0.0,57.559
1798,station-coxsbazar,DIESEL,149,2026-01-02T13:15:00,94.733,0.0,94.733
1799,station-coxsbazar,PETROL,149,2026-01-02T13:15:00,105.468,0.0,105.468
1800,station-coxsbazar,OCTANE,149,2026-01-02T13:15:00,48.553,0.0,48.553
1801,station-mirpur,DIESEL,150,2026-01-02T13:30:00,65.572,0.0,65.572
1802,station-mirpur,PETROL,150,2026-01-02T13:30:00,82.053,0.0,82.053
1803,station-mirpur,OCTANE,150,2026-01-02T13:30:00,41.196,0.0,41.196
1804,station-tongi,DIESEL,150,2026-01-02T13:30:00,236.989,0.0,236.989
1805,station-tongi,PETROL,150,2026-01-02T13:30:00,73.289,0.0,73.289
1806,station-tongi,OCTANE,150,2026-01-02T13:30:00,36.236,0.0,36.236
1807,station-karnaphuli,DIESEL,150,2026-01-02T13:30:00,98.123,0.0,98.123
1808,station-karnaphuli,PETROL,150,2026-01-02T13:30:00,103.168,0.0,103.168
1809,station-karnaphuli,OCTANE,150,2026-01-02T13:30:00,53.813,0.0,53.813
1810,station-coxsbazar,DIESEL,150,2026-01-02T13:30:00,105.879,0.0,105.879
1811,station-coxsbazar,PETROL,150,2026-01-02T13:30:00,112.797,0.0,112.797
1812,station-coxsbazar,OCTANE,150,2026-01-02T13:30:00,50.028,0.0,50.028
1813,station-mirpur,DIESEL,151,2026-01-02T13:45:00,62.741,0.0,62.741
1814,station-mirpur,PETROL,151,2026-01-02T13:45:00,75.7,0.0,75.7
1815,station-mirpur,OCTANE,151,2026-01-02T13:45:00,42.423,0.0,42.423
1816,station-tongi,DIESEL,151,2026-01-02T13:45:00,211.87,0.0,211.87
1817,station-tongi,PETROL,151,2026-01-02T13:45:00,74.118,0.0,74.118
1818,station-tongi,OCTANE,151,2026-01-02T13:45:00,36.286,0.0,36.286
1819,station-karnaphuli,DIESEL,151,2026-01-02T13:45:00,92.36,0.0,92.36
1820,station-karnaphuli,PETROL,151,2026-01-02T13:45:00,86.95,0.0,86.95
1821,station-karnaphuli,OCTANE,151,2026-01-02T13:45:00,51.681,0.0,51.681
1822,station-coxsbazar,DIESEL,151,2026-01-02T13:45:00,99.764,0.0,99.764
1823,station-coxsbazar,PETROL,151,2026-01-02T13:45:00,115.02,0.0,115.02
1824,station-coxsbazar,OCTANE,151,2026-01-02T13:45:00,55.404,0.0,55.404
1825,station-mirpur,DIESEL,152,2026-01-02T14:00:00,64.27,0.0,64.27
1826,station-mirpur,PETROL,152,2026-01-02T14:00:00,80.038,0.0,80.038
1827,station-mirpur,OCTANE,152,2026-01-02T14:00:00,41.903,0.0,41.903
1828,station-tongi,DIESEL,152,2026-01-02T14:00:00,214.738,0.0,214.738
1829,station-tongi,PETROL,152,2026-01-02T14:00:00,72.208,0.0,72.208
1830,station-tongi,OCTANE,152,2026-01-02T14:00:00,37.736,0.0,37.736
1831,station-karnaphuli,DIESEL,152,2026-01-02T14:00:00,85.663,0.0,85.663
1832,station-karnaphuli,PETROL,152,2026-01-02T14:00:00,87.691,0.0,87.691
1833,station-karnaphuli,OCTANE,152,2026-01-02T14:00:00,55.225,0.0,55.225
1834,station-coxsbazar,DIESEL,152,2026-01-02T14:00:00,95.355,0.0,95.355
1835,station-coxsbazar,PETROL,152,2026-01-02T14:00:00,99.494,0.0,99.494
1836,station-coxsbazar,OCTANE,152,2026-01-02T14:00:00,51.584,0.0,51.584
1837,station-mirpur,DIESEL,153,2026-01-02T14:15:00,63.091,0.0,63.091
1838,station-mirpur,PETROL,153,2026-01-02T14:15:00,73.685,0.0,73.685
1839,station-mirpur,OCTANE,153,2026-01-02T14:15:00,39.641,0.0,39.641
1840,station-tongi,DIESEL,153,2026-01-02T14:15:00,210.604,0.0,210.604
1841,station-tongi,PETROL,153,2026-01-02T14:15:00,71.374,0.0,71.374
1842,station-tongi,OCTANE,153,2026-01-02T14:15:00,33.019,0.0,33.019
1843,station-karnaphuli,DIESEL,153,2026-01-02T14:15:00,80.643,0.0,80.643
1844,station-karnaphuli,PETROL,153,2026-01-02T14:15:00,91.561,0.0,91.561
1845,station-karnaphuli,OCTANE,153,2026-01-02T14:15:00,46.207,0.0,46.207
1846,station-coxsbazar,DIESEL,153,2026-01-02T14:15:00,109.039,0.0,109.039
1847,station-coxsbazar,PETROL,153,2026-01-02T14:15:00,99.28,0.0,99.28
1848,station-coxsbazar,OCTANE,153,2026-01-02T14:15:00,46.115,0.0,46.115
1849,station-mirpur,DIESEL,154,2026-01-02T14:30:00,67.525,0.0,67.525
1850,station-mirpur,PETROL,154,2026-01-02T14:30:00,76.6,0.0,76.6
1851,station-mirpur,OCTANE,154,2026-01-02T14:30:00,40.539,0.0,40.539
1852,station-tongi,DIESEL,154,2026-01-02T14:30:00,241.253,0.0,241.253
1853,station-tongi,PETROL,154,2026-01-02T14:30:00,72.329,0.0,72.329
1854,station-tongi,OCTANE,154,2026-01-02T14:30:00,36.009,0.0,36.009
1855,station-karnaphuli,DIESEL,154,2026-01-02T14:30:00,84.634,0.0,84.634
1856,station-karnaphuli,PETROL,154,2026-01-02T14:30:00,103.528,0.0,103.528
1857,station-karnaphuli,OCTANE,154,2026-01-02T14:30:00,55.146,0.0,55.146
1858,station-coxsbazar,DIESEL,154,2026-01-02T14:30:00,108.263,0.0,108.263
1859,station-coxsbazar,PETROL,154,2026-01-02T14:30:00,116.868,0.0,116.868
1860,station-coxsbazar,OCTANE,154,2026-01-02T14:30:00,46.611,0.0,46.611
1861,station-mirpur,DIESEL,155,2026-01-02T14:45:00,61.248,0.0,61.248
1862,station-mirpur,PETROL,155,2026-01-02T14:45:00,79.975,0.0,79.975
1863,station-mirpur,OCTANE,155,2026-01-02T14:45:00,39.987,0.0,39.987
1864,station-tongi,DIESEL,155,2026-01-02T14:45:00,214.091,0.0,214.091
1865,station-tongi,PETROL,155,2026-01-02T14:45:00,75.088,0.0,75.088
1866,station-tongi,OCTANE,155,2026-01-02T14:45:00,35.397,0.0,35.397
1867,station-karnaphuli,DIESEL,155,2026-01-02T14:45:00,82.864,0.0,82.864
1868,station-karnaphuli,PETROL,155,2026-01-02T14:45:00,85.113,0.0,85.113
1869,station-karnaphuli,OCTANE,155,2026-01-02T14:45:00,46.35,0.0,46.35
1870,station-coxsbazar,DIESEL,155,2026-01-02T14:45:00,103.673,0.0,103.673
1871,station-coxsbazar,PETROL,155,2026-01-02T14:45:00,103.354,0.0,103.354
1872,station-coxsbazar,OCTANE,155,2026-01-02T14:45:00,50.883,0.0,50.883
1873,station-mirpur,DIESEL,156,2026-01-02T15:00:00,57.137,0.0,57.137
1874,station-mirpur,PETROL,156,2026-01-02T15:00:00,70.834,0.0,70.834
1875,station-mirpur,OCTANE,156,2026-01-02T15:00:00,36.988,0.0,36.988
1876,station-tongi,DIESEL,156,2026-01-02T15:00:00,216.737,0.0,216.737
1877,station-tongi,PETROL,156,2026-01-02T15:00:00,70.009,0.0,70.009
1878,station-tongi,OCTANE,156,2026-01-02T15:00:00,35.217,0.0,35.217
1879,station-karnaphuli,DIESEL,156,2026-01-02T15:00:00,85.181,0.0,85.181
1880,station-karnaphuli,PETROL,156,2026-01-02T15:00:00,91.506,0.0,91.506
1881,station-karnaphuli,OCTANE,156,2026-01-02T15:00:00,48.749,0.0,48.749
1882,station-coxsbazar,DIESEL,156,2026-01-02T15:00:00,102.462,0.0,102.462
1883,station-coxsbazar,PETROL,156,2026-01-02T15:00:00,114.017,0.0,114.017
1884,station-coxsbazar,OCTANE,156,2026-01-02T15:00:00,54.304,0.0,54.304
1885,station-mirpur,DIESEL,157,2026-01-02T15:15:00,67.277,0.0,67.277
1886,station-mirpur,PETROL,157,2026-01-02T15:15:00,77.431,0.0,77.431
1887,station-mirpur,OCTANE,157,2026-01-02T15:15:00,38.717,0.0,38.717
1888,station-tongi,DIESEL,157,2026-01-02T15:15:00,236.407,0.0,236.407
1889,station-tongi,PETROL,157,2026-01-02T15:15:00,66.964,0.0,66.964
1890,station-tongi,OCTANE,157,2026-01-02T15:15:00,36.479,0.0,36.479
1891,station-karnaphuli,DIESEL,157,2026-01-02T15:15:00,81.767,0.0,81.767
1892,station-karnaphuli,PETROL,157,2026-01-02T15:15:00,102.749,0.0,102.749
1893,station-karnaphuli,OCTANE,157,2026-01-02T15:15:00,52.564,0.0,52.564
1894,station-coxsbazar,DIESEL,157,2026-01-02T15:15:00,110.648,0.0,110.648
1895,station-coxsbazar,PETROL,157,2026-01-02T15:15:00,107.033,0.0,107.033
1896,station-coxsbazar,OCTANE,157,2026-01-02T15:15:00,51.876,0.0,51.876
1897,station-mirpur,DIESEL,158,2026-01-02T15:30:00,59.481,0.0,59.481
1898,station-mirpur,PETROL,158,2026-01-02T15:30:00,84.079,0.0,84.079
1899,station-mirpur,OCTANE,158,2026-01-02T15:30:00,44.079,0.0,44.079
1900,station-tongi,DIESEL,158,2026-01-02T15:30:00,216.941,0.0,216.941
1901,station-tongi,PETROL,158,2026-01-02T15:30:00,66.97,0.0,66.97
1902,station-tongi,OCTANE,158,2026-01-02T15:30:00,33.118,0.0,33.118
1903,station-karnaphuli,DIESEL,158,2026-01-02T15:30:00,91.017,0.0,91.017
1904,station-karnaphuli,PETROL,158,2026-01-02T15:30:00,97.167,0.0,97.167
1905,station-karnaphuli,OCTANE,158,2026-01-02T15:30:00,52.957,0.0,52.957
1906,station-coxsbazar,DIESEL,158,2026-01-02T15:30:00,108.15,0.0,108.15
1907,station-coxsbazar,PETROL,158,2026-01-02T15:30:00,100.837,0.0,100.837
1908,station-coxsbazar,OCTANE,158,2026-01-02T15:30:00,46.821,0.0,46.821
1909,station-mirpur,DIESEL,159,2026-01-02T15:45:00,67.176,0.0,67.176
1910,station-mirpur,PETROL,159,2026-01-02T15:45:00,83.671,0.0,83.671
1911,station-mirpur,OCTANE,159,2026-01-02T15:45:00,43.864,0.0,43.864
1912,station-tongi,DIESEL,159,2026-01-02T15:45:00,241.762,0.0,241.762
1913,station-tongi,PETROL,159,2026-01-02T15:45:00,71.962,0.0,71.962
1914,station-tongi,OCTANE,159,2026-01-02T15:45:00,33.853,0.0,33.853
1915,station-karnaphuli,DIESEL,159,2026-01-02T15:45:00,90.015,0.0,90.015
1916,station-karnaphuli,PETROL,159,2026-01-02T15:45:00,96.01,0.0,96.01
1917,station-karnaphuli,OCTANE,159,2026-01-02T15:45:00,57.058,0.0,57.058
1918,station-coxsbazar,DIESEL,159,2026-01-02T15:45:00,108.724,0.0,108.724
1919,station-coxsbazar,PETROL,159,2026-01-02T15:45:00,114.562,0.0,114.562
1920,station-coxsbazar,OCTANE,159,2026-01-02T15:45:00,46.774,0.0,46.774
1921,station-mirpur,DIESEL,160,2026-01-02T16:00:00,138.263,0.0,138.263
1922,station-mirpur,PETROL,160,2026-01-02T16:00:00,170.911,0.0,170.911
1923,station-mirpur,OCTANE,160,2026-01-02T16:00:00,85.04,0.0,85.04
1924,station-tongi,DIESEL,160,2026-01-02T16:00:00,218.759,0.0,218.759
1925,station-tongi,PETROL,160,2026-01-02T16:00:00,70.729,0.0,70.729
1926,station-tongi,OCTANE,160,2026-01-02T16:00:00,37.008,0.0,37.008
1927,station-karnaphuli,DIESEL,160,2026-01-02T16:00:00,168.53,0.0,168.53
1928,station-karnaphuli,PETROL,160,2026-01-02T16:00:00,180.371,0.0,180.371
1929,station-karnaphuli,OCTANE,160,2026-01-02T16:00:00,100.898,0.0,100.898
1930,station-coxsbazar,DIESEL,160,2026-01-02T16:00:00,99.3,0.0,99.3
1931,station-coxsbazar,PETROL,160,2026-01-02T16:00:00,112.176,0.0,112.176
1932,station-coxsbazar,OCTANE,160,2026-01-02T16:00:00,52.377,0.0,52.377
1933,station-mirpur,DIESEL,161,2026-01-02T16:15:00,137.32,0.0,137.32
1934,station-mirpur,PETROL,161,2026-01-02T16:15:00,165.952,0.0,165.952
1935,station-mirpur,OCTANE,161,2026-01-02T16:15:00,77.886,0.0,77.886
1936,station-tongi,DIESEL,161,2026-01-02T16:15:00,228.276,0.0,228.276
1937,station-tongi,PETROL,161,2026-01-02T16:15:00,74.943,0.0,74.943
1938,station-tongi,OCTANE,161,2026-01-02T16:15:00,38.15,0.0,38.15
1939,station-karnaphuli,DIESEL,161,2026-01-02T16:15:00,156.271,0.0,156.271
1940,station-karnaphuli,PETROL,161,2026-01-02T16:15:00,172.321,0.0,172.321
1941,station-karnaphuli,OCTANE,161,2026-01-02T16:15:00,97.207,0.0,97.207
1942,station-coxsbazar,DIESEL,161,2026-01-02T16:15:00,111.015,0.0,111.015
1943,station-coxsbazar,PETROL,161,2026-01-02T16:15:00,97.394,0.0,97.394
1944,station-coxsbazar,OCTANE,161,2026-01-02T16:15:00,53.108,0.0,53.108
1945,station-mirpur,DIESEL,162,2026-01-02T16:30:00,134.767,0.0,134.767
1946,station-mirpur,PETROL,162,2026-01-02T16:30:00,157.579,0.0,157.579
1947,station-mirpur,OCTANE,162,2026-01-02T16:30:00,87.236,0.0,87.236
1948,station-tongi,DIESEL,162,2026-01-02T16:30:00,219.563,0.0,219.563
1949,station-tongi,PETROL,162,2026-01-02T16:30:00,69.255,0.0,69.255
1950,station-tongi,OCTANE,162,2026-01-02T16:30:00,34.058,0.0,34.058
1951,station-karnaphuli,DIESEL,162,2026-01-02T16:30:00,150.231,0.0,150.231
1952,station-karnaphuli,PETROL,162,2026-01-02T16:30:00,177.766,0.0,177.766
1953,station-karnaphuli,OCTANE,162,2026-01-02T16:30:00,102.277,0.0,102.277
1954,station-coxsbazar,DIESEL,162,2026-01-02T16:30:00,102.414,0.0,102.414
1955,station-coxsbazar,PETROL,162,2026-01-02T16:30:00,114.857,0.0,114.857
1956,station-coxsbazar,OCTANE,162,2026-01-02T16:30:00,55.486,0.0,55.486
1957,station-mirpur,DIESEL,163,2026-01-02T16:45:00,134.991,0.0,134.991
1958,station-mirpur,PETROL,163,2026-01-02T16:45:00,159.322,0.0,159.322
1959,station-mirpur,OCTANE,163,2026-01-02T16:45:00,82.874,0.0,82.874
1960,station-tongi,DIESEL,163,2026-01-02T16:45:00,241.94,0.0,241.94
1961,station-tongi,PETROL,163,2026-01-02T16:45:00,70.32,0.0,70.32
1962,station-tongi,OCTANE,163,2026-01-02T16:45:00,33.357,0.0,33.357
1963,station-karnaphuli,DIESEL,163,2026-01-02T16:45:00,146.621,0.0,146.621
1964,station-karnaphuli,PETROL,163,2026-01-02T16:45:00,155.713,0.0,155.713
1965,station-karnaphuli,OCTANE,163,2026-01-02T16:45:00,96.982,0.0,96.982
1966,station-coxsbazar,DIESEL,163,2026-01-02T16:45:00,105.213,0.0,105.213
1967,station-coxsbazar,PETROL,163,2026-01-02T16:45:00,107.649,0.0,107.649
1968,station-coxsbazar,OCTANE,163,2026-01-02T16:45:00,50.159,0.0,50.159
1969,station-mirpur,DIESEL,164,2026-01-02T17:00:00,129.651,0.0,129.651
1970,station-mirpur,PETROL,164,2026-01-02T17:00:00,163.555,0.0,163.555
1971,station-mirpur,OCTANE,164,2026-01-02T17:00:00,79.643,0.0,79.643
1972,station-tongi,DIESEL,164,2026-01-02T17:00:00,229.307,0.0,229.307
1973,station-tongi,PETROL,164,2026-01-02T17:00:00,74.353,0.0,74.353
1974,station-tongi,OCTANE,164,2026-01-02T17:00:00,38.302,0.0,38.302
1975,station-karnaphuli,DIESEL,164,2026-01-02T17:00:00,160.859,0.0,160.859
1976,station-karnaphuli,PETROL,164,2026-01-02T17:00:00,174.867,0.0,174.867
1977,station-karnaphuli,OCTANE,164,2026-01-02T17:00:00,99.756,0.0,99.756
1978,station-coxsbazar,DIESEL,164,2026-01-02T17:00:00,99.762,0.0,99.762
1979,station-coxsbazar,PETROL,164,2026-01-02T17:00:00,96.746,0.0,96.746
1980,station-coxsbazar,OCTANE,164,2026-01-02T17:00:00,47.249,0.0,47.249
1981,station-mirpur,DIESEL,165,2026-01-02T17:15:00,130.163,0.0,130.163
1982,station-mirpur,PETROL,165,2026-01-02T17:15:00,164.236,0.0,164.236
1983,station-mirpur,OCTANE,165,2026-01-02T17:15:00,84.684,0.0,84.684
1984,station-tongi,DIESEL,165,2026-01-02T17:15:00,238.25,0.0,238.25
1985,station-tongi,PETROL,165,2026-01-02T17:15:00,68.839,0.0,68.839
1986,station-tongi,OCTANE,165,2026-01-02T17:15:00,37.5,0.0,37.5
1987,station-karnaphuli,DIESEL,165,2026-01-02T17:15:00,155.22,0.0,155.22
1988,station-karnaphuli,PETROL,165,2026-01-02T17:15:00,157.751,0.0,157.751
1989,station-karnaphuli,OCTANE,165,2026-01-02T17:15:00,84.896,0.0,84.896
1990,station-coxsbazar,DIESEL,165,2026-01-02T17:15:00,92.211,0.0,92.211
1991,station-coxsbazar,PETROL,165,2026-01-02T17:15:00,97.074,0.0,97.074
1992,station-coxsbazar,OCTANE,165,2026-01-02T17:15:00,52.882,0.0,52.882
1993,station-mirpur,DIESEL,166,2026-01-02T17:30:00,120.873,0.0,120.873
1994,station-mirpur,PETROL,166,2026-01-02T17:30:00,146.518,0.0,146.518
1995,station-mirpur,OCTANE,166,2026-01-02T17:30:00,91.861,0.0,91.861
1996,station-tongi,DIESEL,166,2026-01-02T17:30:00,226.519,0.0,226.519
1997,station-tongi,PETROL,166,2026-01-02T17:30:00,67.065,0.0,67.065
1998,station-tongi,OCTANE,166,2026-01-02T17:30:00,34.751,0.0,34.751
1999,station-karnaphuli,DIESEL,166,2026-01-02T17:30:00,170.858,0.0,170.858
2000,station-karnaphuli,PETROL,166,2026-01-02T17:30:00,184.245,0.0,184.245
2001,station-karnaphuli,OCTANE,166,2026-01-02T17:30:00,86.205,0.0,86.205
2002,station-coxsbazar,DIESEL,166,2026-01-02T17:30:00,106.879,0.0,106.879
2003,station-coxsbazar,PETROL,166,2026-01-02T17:30:00,105.509,0.0,105.509
2004,station-coxsbazar,OCTANE,166,2026-01-02T17:30:00,54.12,0.0,54.12
2005,station-mirpur,DIESEL,167,2026-01-02T17:45:00,134.92,0.0,134.92
2006,station-mirpur,PETROL,167,2026-01-02T17:45:00,143.041,0.0,143.041
2007,station-mirpur,OCTANE,167,2026-01-02T17:45:00,77.991,0.0,77.991
2008,station-tongi,DIESEL,167,2026-01-02T17:45:00,212.761,0.0,212.761
2009,station-tongi,PETROL,167,2026-01-02T17:45:00,74.936,0.0,74.936
2010,station-tongi,OCTANE,167,2026-01-02T17:45:00,34.546,0.0,34.546
2011,station-karnaphuli,DIESEL,167,2026-01-02T17:45:00,156.418,0.0,156.418
2012,station-karnaphuli,PETROL,167,2026-01-02T17:45:00,155.636,0.0,155.636
2013,station-karnaphuli,OCTANE,167,2026-01-02T17:45:00,101.126,0.0,101.126
2014,station-coxsbazar,DIESEL,167,2026-01-02T17:45:00,98.123,0.0,98.123
2015,station-coxsbazar,PETROL,167,2026-01-02T17:45:00,100.322,0.0,100.322
2016,station-coxsbazar,OCTANE,167,2026-01-02T17:45:00,46.524,0.0,46.524
2017,station-mirpur,DIESEL,168,2026-01-02T18:00:00,121.425,0.0,121.425
2018,station-mirpur,PETROL,168,2026-01-02T18:00:00,153.159,0.0,153.159
2019,station-mirpur,OCTANE,168,2026-01-02T18:00:00,92.348,0.0,92.348
2020,station-tongi,DIESEL,168,2026-01-02T18:00:00,60.965,0.0,60.965
2021,station-tongi,PETROL,168,2026-01-02T18:00:00,21.771,0.0,21.771
2022,station-tongi,OCTANE,168,2026-01-02T18:00:00,11.108,0.0,11.108
2023,station-karnaphuli,DIESEL,168,2026-01-02T18:00:00,175.485,0.0,175.485
2024,station-karnaphuli,PETROL,168,2026-01-02T18:00:00,181.081,0.0,181.081
2025,station-karnaphuli,OCTANE,168,2026-01-02T18:00:00,85.735,0.0,85.735
2026,station-coxsbazar,DIESEL,168,2026-01-02T18:00:00,93.211,0.0,93.211
2027,station-coxsbazar,PETROL,168,2026-01-02T18:00:00,112.996,0.0,112.996
2028,station-coxsbazar,OCTANE,168,2026-01-02T18:00:00,47.874,0.0,47.874
2029,station-mirpur,DIESEL,169,2026-01-02T18:15:00,134.459,0.0,134.459
2030,station-mirpur,PETROL,169,2026-01-02T18:15:00,154.699,0.0,154.699
2031,station-mirpur,OCTANE,169,2026-01-02T18:15:00,84.717,0.0,84.717
2032,station-tongi,DIESEL,169,2026-01-02T18:15:00,62.998,0.0,62.998
2033,station-tongi,PETROL,169,2026-01-02T18:15:00,22.173,0.0,22.173
2034,station-tongi,OCTANE,169,2026-01-02T18:15:00,9.938,0.0,9.938
2035,station-karnaphuli,DIESEL,169,2026-01-02T18:15:00,154.403,0.0,154.403
2036,station-karnaphuli,PETROL,169,2026-01-02T18:15:00,164.562,0.0,164.562
2037,station-karnaphuli,OCTANE,169,2026-01-02T18:15:00,86.696,0.0,86.696
2038,station-coxsbazar,DIESEL,169,2026-01-02T18:15:00,105.183,0.0,105.183
2039,station-coxsbazar,PETROL,169,2026-01-02T18:15:00,112.47,0.0,112.47
2040,station-coxsbazar,OCTANE,169,2026-01-02T18:15:00,55.498,0.0,55.498
2041,station-mirpur,DIESEL,170,2026-01-02T18:30:00,133.393,0.0,133.393
2042,station-mirpur,PETROL,170,2026-01-02T18:30:00,143.856,0.0,143.856
2043,station-mirpur,OCTANE,170,2026-01-02T18:30:00,85.194,0.0,85.194
2044,station-tongi,DIESEL,170,2026-01-02T18:30:00,64.443,0.0,64.443
2045,station-tongi,PETROL,170,2026-01-02T18:30:00,21.789,0.0,21.789
2046,station-tongi,OCTANE,170,2026-01-02T18:30:00,9.784,0.0,9.784
2047,station-karnaphuli,DIESEL,170,2026-01-02T18:30:00,143.999,0.0,143.999
2048,station-karnaphuli,PETROL,170,2026-01-02T18:30:00,155.738,0.0,155.738
2049,station-karnaphuli,OCTANE,170,2026-01-02T18:30:00,92.853,0.0,92.853
2050,station-coxsbazar,DIESEL,170,2026-01-02T18:30:00,108.298,0.0,108.298
2051,station-coxsbazar,PETROL,170,2026-01-02T18:30:00,114.655,0.0,114.655
2052,station-coxsbazar,OCTANE,170,2026-01-02T18:30:00,48.598,0.0,48.598
2053,station-mirpur,DIESEL,171,2026-01-02T18:45:00,125.452,0.0,125.452
2054,station-mirpur,PETROL,171,2026-01-02T18:45:00,168.475,0.0,168.475
2055,station-mirpur,OCTANE,171,2026-01-02T18:45:00,88.113,0.0,88.113
2056,station-tongi,DIESEL,171,2026-01-02T18:45:00,64.096,0.0,64.096
2057,station-tongi,PETROL,171,2026-01-02T18:45:00,21.982,0.0,21.982
2058,station-tongi,OCTANE,171,2026-01-02T18:45:00,10.282,0.0,10.282
2059,station-karnaphuli,DIESEL,171,2026-01-02T18:45:00,159.086,0.0,159.086
2060,station-karnaphuli,PETROL,171,2026-01-02T18:45:00,149.12,0.0,149.12
2061,station-karnaphuli,OCTANE,171,2026-01-02T18:45:00,90.193,0.0,90.193
2062,station-coxsbazar,DIESEL,171,2026-01-02T18:45:00,109.083,0.0,109.083
2063,station-coxsbazar,PETROL,171,2026-01-02T18:45:00,102.24,0.0,102.24
2064,station-coxsbazar,OCTANE,171,2026-01-02T18:45:00,49.598,0.0,49.598
2065,station-mirpur,DIESEL,172,2026-01-02T19:00:00,117.453,0.0,117.453
2066,station-mirpur,PETROL,172,2026-01-02T19:00:00,173.724,0.0,173.724
2067,station-mirpur,OCTANE,172,2026-01-02T19:00:00,81.101,0.0,81.101
2068,station-tongi,DIESEL,172,2026-01-02T19:00:00,70.139,0.0,70.139
2069,station-tongi,PETROL,172,2026-01-02T19:00:00,20.05,0.0,20.05
2070,station-tongi,OCTANE,172,2026-01-02T19:00:00,11.125,0.0,11.125
2071,station-karnaphuli,DIESEL,172,2026-01-02T19:00:00,140.348,0.0,140.348
2072,station-karnaphuli,PETROL,172,2026-01-02T19:00:00,159.008,0.0,159.008
2073,station-karnaphuli,OCTANE,172,2026-01-02T19:00:00,96.541,0.0,96.541
2074,station-coxsbazar,DIESEL,172,2026-01-02T19:00:00,98.932,0.0,98.932
2075,station-coxsbazar,PETROL,172,2026-01-02T19:00:00,104.591,0.0,104.591
2076,station-coxsbazar,OCTANE,172,2026-01-02T19:00:00,47.543,0.0,47.543
2077,station-mirpur,DIESEL,173,2026-01-02T19:15:00,132.946,0.0,132.946
2078,station-mirpur,PETROL,173,2026-01-02T19:15:00,156.932,0.0,156.932
2079,station-mirpur,OCTANE,173,2026-01-02T19:15:00,86.557,0.0,86.557
2080,station-tongi,DIESEL,173,2026-01-02T19:15:00,62.778,0.0,62.778
2081,station-tongi,PETROL,173,2026-01-02T19:15:00,20.811,0.0,20.811
2082,station-tongi,OCTANE,173,2026-01-02T19:15:00,10.825,0.0,10.825
2083,station-karnaphuli,DIESEL,173,2026-01-02T19:15:00,143.071,0.0,143.071
2084,station-karnaphuli,PETROL,173,2026-01-02T19:15:00,185.709,0.0,185.709
2085,station-karnaphuli,OCTANE,173,2026-01-02T19:15:00,92.774,0.0,92.774
2086,station-coxsbazar,DIESEL,173,2026-01-02T19:15:00,100.687,0.0,100.687
2087,station-coxsbazar,PETROL,173,2026-01-02T19:15:00,116.09,0.0,116.09
2088,station-coxsbazar,OCTANE,173,2026-01-02T19:15:00,49.815,0.0,49.815
2089,station-mirpur,DIESEL,174,2026-01-02T19:30:00,127.729,0.0,127.729
2090,station-mirpur,PETROL,174,2026-01-02T19:30:00,170.077,0.0,170.077
2091,station-mirpur,OCTANE,174,2026-01-02T19:30:00,78.572,0.0,78.572
2092,station-tongi,DIESEL,174,2026-01-02T19:30:00,70.142,0.0,70.142
2093,station-tongi,PETROL,174,2026-01-02T19:30:00,19.785,0.0,19.785
2094,station-tongi,OCTANE,174,2026-01-02T19:30:00,10.577,0.0,10.577
2095,station-karnaphuli,DIESEL,174,2026-01-02T19:30:00,163.289,0.0,163.289
2096,station-karnaphuli,PETROL,174,2026-01-02T19:30:00,159.408,0.0,159.408
2097,station-karnaphuli,OCTANE,174,2026-01-02T19:30:00,84.628,0.0,84.628
2098,station-coxsbazar,DIESEL,174,2026-01-02T19:30:00,109.603,0.0,109.603
2099,station-coxsbazar,PETROL,174,2026-01-02T19:30:00,117.311,0.0,117.311
2100,station-coxsbazar,OCTANE,174,2026-01-02T19:30:00,47.073,0.0,47.073
2101,station-mirpur,DIESEL,175,2026-01-02T19:45:00,126.705,0.0,126.705
2102,station-mirpur,PETROL,175,2026-01-02T19:45:00,159.523,0.0,159.523
2103,station-mirpur,OCTANE,175,2026-01-02T19:45:00,77.093,0.0,77.093
2104,station-tongi,DIESEL,175,2026-01-02T19:45:00,63.626,0.0,63.626
2105,station-tongi,PETROL,175,2026-01-02T19:45:00,19.479,0.0,19.479
2106,station-tongi,OCTANE,175,2026-01-02T19:45:00,11.108,0.0,11.108
2107,station-karnaphuli,DIESEL,175,2026-01-02T19:45:00,162.106,0.0,162.106
2108,station-karnaphuli,PETROL,175,2026-01-02T19:45:00,155.238,0.0,155.238
2109,station-karnaphuli,OCTANE,175,2026-01-02T19:45:00,90.072,0.0,90.072
2110,station-coxsbazar,DIESEL,175,2026-01-02T19:45:00,92.345,0.0,92.345
2111,station-coxsbazar,PETROL,175,2026-01-02T19:45:00,112.927,0.0,112.927
2112,station-coxsbazar,OCTANE,175,2026-01-02T19:45:00,53.689,0.0,53.689
2113,station-mirpur,DIESEL,176,2026-01-02T20:00:00,116.887,0.0,116.887
2114,station-mirpur,PETROL,176,2026-01-02T20:00:00,164.567,0.0,164.567
2115,station-mirpur,OCTANE,176,2026-01-02T20:00:00,80.344,0.0,80.344
2116,station-tongi,DIESEL,176,2026-01-02T20:00:00,65.705,0.0,65.705
2117,station-tongi,PETROL,176,2026-01-02T20:00:00,20.883,0.0,20.883
2118,station-tongi,OCTANE,176,2026-01-02T20:00:00,10.72,0.0,10.72
2119,station-karnaphuli,DIESEL,176,2026-01-02T20:00:00,159.807,0.0,159.807
2120,station-karnaphuli,PETROL,176,2026-01-02T20:00:00,166.925,0.0,166.925
2121,station-karnaphuli,OCTANE,176,2026-01-02T20:00:00,96.088,0.0,96.088
2122,station-coxsbazar,DIESEL,176,2026-01-02T20:00:00,104.241,0.0,104.241
2123,station-coxsbazar,PETROL,176,2026-01-02T20:00:00,100.453,0.0,100.453
2124,station-coxsbazar,OCTANE,176,2026-01-02T20:00:00,54.559,0.0,54.559
2125,station-mirpur,DIESEL,177,2026-01-02T20:15:00,137.36,0.0,137.36
2126,station-mirpur,PETROL,177,2026-01-02T20:15:00,146.386,0.0,146.386
2127,station-mirpur,OCTANE,177,2026-01-02T20:15:00,88.368,0.0,88.368
2128,station-tongi,DIESEL,177,2026-01-02T20:15:00,64.575,0.0,64.575
2129,station-tongi,PETROL,177,2026-01-02T20:15:00,19.972,0.0,19.972
2130,station-tongi,OCTANE,177,2026-01-02T20:15:00,10.894,0.0,10.894
2131,station-karnaphuli,DIESEL,177,2026-01-02T20:15:00,178.468,0.0,178.468
2132,station-karnaphuli,PETROL,177,2026-01-02T20:15:00,172.181,0.0,172.181
2133,station-karnaphuli,OCTANE,177,2026-01-02T20:15:00,100.942,0.0,100.942
2134,station-coxsbazar,DIESEL,177,2026-01-02T20:15:00,111.12,0.0,111.12
2135,station-coxsbazar,PETROL,177,2026-01-02T20:15:00,112.822,0.0,112.822
2136,station-coxsbazar,OCTANE,177,2026-01-02T20:15:00,55.394,0.0,55.394
2137,station-mirpur,DIESEL,178,2026-01-02T20:30:00,139.122,0.0,139.122
2138,station-mirpur,PETROL,178,2026-01-02T20:30:00,148.991,0.0,148.991
2139,station-mirpur,OCTANE,178,2026-01-02T20:30:00,88.291,0.0,88.291
2140,station-tongi,DIESEL,178,2026-01-02T20:30:00,68.991,0.0,68.991
2141,station-tongi,PETROL,178,2026-01-02T20:30:00,22.395,0.0,22.395
2142,station-tongi,OCTANE,178,2026-01-02T20:30:00,10.815,0.0,10.815
2143,station-karnaphuli,DIESEL,178,2026-01-02T20:30:00,150.704,0.0,150.704
2144,station-karnaphuli,PETROL,178,2026-01-02T20:30:00,179.798,0.0,179.798
2145,station-karnaphuli,OCTANE,178,2026-01-02T20:30:00,92.221,0.0,92.221
2146,station-coxsbazar,DIESEL,178,2026-01-02T20:30:00,103.01,0.0,103.01
2147,station-coxsbazar,PETROL,178,2026-01-02T20:30:00,105.053,0.0,105.053
2148,station-coxsbazar,OCTANE,178,2026-01-02T20:30:00,53.071,0.0,53.071
2149,station-mirpur,DIESEL,179,2026-01-02T20:45:00,116.284,0.0,116.284
2150,station-mirpur,PETROL,179,2026-01-02T20:45:00,169.68,0.0,169.68
2151,station-mirpur,OCTANE,179,2026-01-02T20:45:00,78.683,0.0,78.683
2152,station-tongi,DIESEL,179,2026-01-02T20:45:00,70.513,0.0,70.513
2153,station-tongi,PETROL,179,2026-01-02T20:45:00,21.632,0.0,21.632
2154,station-tongi,OCTANE,179,2026-01-02T20:45:00,9.999,0.0,9.999
2155,station-karnaphuli,DIESEL,179,2026-01-02T20:45:00,146.013,0.0,146.013
2156,station-karnaphuli,PETROL,179,2026-01-02T20:45:00,153.849,0.0,153.849
2157,station-karnaphuli,OCTANE,179,2026-01-02T20:45:00,89.797,0.0,89.797
2158,station-coxsbazar,DIESEL,179,2026-01-02T20:45:00,101.299,0.0,101.299
2159,station-coxsbazar,PETROL,179,2026-01-02T20:45:00,98.842,0.0,98.842
2160,station-coxsbazar,OCTANE,179,2026-01-02T20:45:00,51.383,0.0,51.383
2161,station-mirpur,DIESEL,180,2026-01-02T21:00:00,60.608,0.0,60.608
2162,station-mirpur,PETROL,180,2026-01-02T21:00:00,69.021,0.0,69.021
2163,station-mirpur,OCTANE,180,2026-01-02T21:00:00,41.711,0.0,41.711
2164,station-tongi,DIESEL,180,2026-01-02T21:00:00,64.216,0.0,64.216
2165,station-tongi,PETROL,180,2026-01-02T21:00:00,22.536,0.0,22.536
2166,station-tongi,OCTANE,180,2026-01-02T21:00:00,10.786,0.0,10.786
2167,station-karnaphuli,DIESEL,180,2026-01-02T21:00:00,97.251,0.0,97.251
2168,station-karnaphuli,PETROL,180,2026-01-02T21:00:00,88.729,0.0,88.729
2169,station-karnaphuli,OCTANE,180,2026-01-02T21:00:00,48.749,0.0,48.749
2170,station-coxsbazar,DIESEL,180,2026-01-02T21:00:00,50.094,0.0,50.094
2171,station-coxsbazar,PETROL,180,2026-01-02T21:00:00,55.012,0.0,55.012
2172,station-coxsbazar,OCTANE,180,2026-01-02T21:00:00,24.887,0.0,24.887
2173,station-mirpur,DIESEL,181,2026-01-02T21:15:00,66.466,0.0,66.466
2174,station-mirpur,PETROL,181,2026-01-02T21:15:00,73.616,0.0,73.616
2175,station-mirpur,OCTANE,181,2026-01-02T21:15:00,43.729,0.0,43.729
2176,station-tongi,DIESEL,181,2026-01-02T21:15:00,65.545,0.0,65.545
2177,station-tongi,PETROL,181,2026-01-02T21:15:00,21.774,0.0,21.774
2178,station-tongi,OCTANE,181,2026-01-02T21:15:00,10.209,0.0,10.209
2179,station-karnaphuli,DIESEL,181,2026-01-02T21:15:00,81.659,0.0,81.659
2180,station-karnaphuli,PETROL,181,2026-01-02T21:15:00,91.17,0.0,91.17
2181,station-karnaphuli,OCTANE,181,2026-01-02T21:15:00,52.803,0.0,52.803
2182,station-coxsbazar,DIESEL,181,2026-01-02T21:15:00,54.449,0.0,54.449
2183,station-coxsbazar,PETROL,181,2026-01-02T21:15:00,51.942,0.0,51.942
2184,station-coxsbazar,OCTANE,181,2026-01-02T21:15:00,26.562,0.0,26.562
2185,station-mirpur,DIESEL,182,2026-01-02T21:30:00,59.718,0.0,59.718
2186,station-mirpur,PETROL,182,2026-01-02T21:30:00,80.249,0.0,80.249
2187,station-mirpur,OCTANE,182,2026-01-02T21:30:00,37.112,0.0,37.112
2188,station-tongi,DIESEL,182,2026-01-02T21:30:00,61.757,0.0,61.757
2189,station-tongi,PETROL,182,2026-01-02T21:30:00,19.659,0.0,19.659
2190,station-tongi,OCTANE,182,2026-01-02T21:30:00,9.688,0.0,9.688
2191,station-karnaphuli,DIESEL,182,2026-01-02T21:30:00,95.461,0.0,95.461
2192,station-karnaphuli,PETROL,182,2026-01-02T21:30:00,99.201,0.0,99.201
2193,station-karnaphuli,OCTANE,182,2026-01-02T21:30:00,49.243,0.0,49.243
2194,station-coxsbazar,DIESEL,182,2026-01-02T21:30:00,49.221,0.0,49.221
2195,station-coxsbazar,PETROL,182,2026-01-02T21:30:00,58.336,0.0,58.336
2196,station-coxsbazar,OCTANE,182,2026-01-02T21:30:00,28.813,0.0,28.813
2197,station-mirpur,DIESEL,183,2026-01-02T21:45:00,62.158,0.0,62.158
2198,station-mirpur,PETROL,183,2026-01-02T21:45:00,78.687,0.0,78.687
2199,station-mirpur,OCTANE,183,2026-01-02T21:45:00,42.266,0.0,42.266
2200,station-tongi,DIESEL,183,2026-01-02T21:45:00,61.383,0.0,61.383
2201,station-tongi,PETROL,183,2026-01-02T21:45:00,22.372,0.0,22.372
2202,station-tongi,OCTANE,183,2026-01-02T21:45:00,10.419,0.0,10.419
2203,station-karnaphuli,DIESEL,183,2026-01-02T21:45:00,86.985,0.0,86.985
2204,station-karnaphuli,PETROL,183,2026-01-02T21:45:00,103.177,0.0,103.177
2205,station-karnaphuli,OCTANE,183,2026-01-02T21:45:00,55.929,0.0,55.929
2206,station-coxsbazar,DIESEL,183,2026-01-02T21:45:00,47.531,0.0,47.531
2207,station-coxsbazar,PETROL,183,2026-01-02T21:45:00,53.142,0.0,53.142
2208,station-coxsbazar,OCTANE,183,2026-01-02T21:45:00,24.186,0.0,24.186
2209,station-mirpur,DIESEL,184,2026-01-02T22:00:00,55.989,0.0,55.989
2210,station-mirpur,PETROL,184,2026-01-02T22:00:00,77.454,0.0,77.454
2211,station-mirpur,OCTANE,184,2026-01-02T22:00:00,41.136,0.0,41.136
2212,station-tongi,DIESEL,184,2026-01-02T22:00:00,69.216,0.0,69.216
2213,station-tongi,PETROL,184,2026-01-02T22:00:00,21.366,0.0,21.366
2214,station-tongi,OCTANE,184,2026-01-02T22:00:00,9.549,0.0,9.549
2215,station-karnaphuli,DIESEL,184,2026-01-02T22:00:00,85.168,0.0,85.168
2216,station-karnaphuli,PETROL,184,2026-01-02T22:00:00,102.218,0.0,102.218
2217,station-karnaphuli,OCTANE,184,2026-01-02T22:00:00,49.151,0.0,49.151
2218,station-coxsbazar,DIESEL,184,2026-01-02T22:00:00,55.662,0.0,55.662
2219,station-coxsbazar,PETROL,184,2026-01-02T22:00:00,56.637,0.0,56.637
2220,station-coxsbazar,OCTANE,184,2026-01-02T22:00:00,28.528,0.0,28.528
2221,station-mirpur,DIESEL,185,2026-01-02T22:15:00,62.668,0.0,62.668
2222,station-mirpur,PETROL,185,2026-01-02T22:15:00,81.021,0.0,81.021
2223,station-mirpur,OCTANE,185,2026-01-02T22:15:00,42.967,0.0,42.967
2224,station-tongi,DIESEL,185,2026-01-02T22:15:00,70.79,0.0,70.79
2225,station-tongi,PETROL,185,2026-01-02T22:15:00,19.587,0.0,19.587
2226,station-tongi,OCTANE,185,2026-01-02T22:15:00,10.402,0.0,10.402
2227,station-karnaphuli,DIESEL,185,2026-01-02T22:15:00,83.459,0.0,83.459
2228,station-karnaphuli,PETROL,185,2026-01-02T22:15:00,91.895,0.0,91.895
2229,station-karnaphuli,OCTANE,185,2026-01-02T22:15:00,51.683,0.0,51.683
2230,station-coxsbazar,DIESEL,185,2026-01-02T22:15:00,51.81,0.0,51.81
2231,station-coxsbazar,PETROL,185,2026-01-02T22:15:00,55.251,0.0,55.251
2232,station-coxsbazar,OCTANE,185,2026-01-02T22:15:00,27.319,0.0,27.319
2233,station-mirpur,DIESEL,186,2026-01-02T22:30:00,64.891,0.0,64.891
2234,station-mirpur,PETROL,186,2026-01-02T22:30:00,82.708,0.0,82.708
2235,station-mirpur,OCTANE,186,2026-01-02T22:30:00,43.897,0.0,43.897
2236,station-tongi,DIESEL,186,2026-01-02T22:30:00,64.096,0.0,64.096
2237,station-tongi,PETROL,186,2026-01-02T22:30:00,20.149,0.0,20.149
2238,station-tongi,OCTANE,186,2026-01-02T22:30:00,10.297,0.0,10.297
2239,station-karnaphuli,DIESEL,186,2026-01-02T22:30:00,90.434,0.0,90.434
2240,station-karnaphuli,PETROL,186,2026-01-02T22:30:00,88.889,0.0,88.889
2241,station-karnaphuli,OCTANE,186,2026-01-02T22:30:00,47.385,0.0,47.385
2242,station-coxsbazar,DIESEL,186,2026-01-02T22:30:00,57.168,0.0,57.168
2243,station-coxsbazar,PETROL,186,2026-01-02T22:30:00,56.314,0.0,56.314
2244,station-coxsbazar,OCTANE,186,2026-01-02T22:30:00,24.309,0.0,24.309
2245,station-mirpur,DIESEL,187,2026-01-02T22:45:00,63.348,0.0,63.348
2246,station-mirpur,PETROL,187,2026-01-02T22:45:00,71.247,0.0,71.247
2247,station-mirpur,OCTANE,187,2026-01-02T22:45:00,44.117,0.0,44.117
2248,station-tongi,DIESEL,187,2026-01-02T22:45:00,61.349,0.0,61.349
2249,station-tongi,PETROL,187,2026-01-02T22:45:00,21.29,0.0,21.29
2250,station-tongi,OCTANE,187,2026-01-02T22:45:00,10.156,0.0,10.156
2251,station-karnaphuli,DIESEL,187,2026-01-02T22:45:00,89.33,0.0,89.33
2252,station-karnaphuli,PETROL,187,2026-01-02T22:45:00,88.256,0.0,88.256
2253,station-karnaphuli,OCTANE,187,2026-01-02T22:45:00,46.823,0.0,46.823
2254,station-coxsbazar,DIESEL,187,2026-01-02T22:45:00,49.342,0.0,49.342
2255,station-coxsbazar,PETROL,187,2026-01-02T22:45:00,60.244,0.0,60.244
2256,station-coxsbazar,OCTANE,187,2026-01-02T22:45:00,25.421,0.0,25.421
2257,station-mirpur,DIESEL,188,2026-01-02T23:00:00,61.099,0.0,61.099
2258,station-mirpur,PETROL,188,2026-01-02T23:00:00,82.416,0.0,82.416
2259,station-mirpur,OCTANE,188,2026-01-02T23:00:00,44.798,0.0,44.798
2260,station-tongi,DIESEL,188,2026-01-02T23:00:00,63.651,0.0,63.651
2261,station-tongi,PETROL,188,2026-01-02T23:00:00,21.589,0.0,21.589
2262,station-tongi,OCTANE,188,2026-01-02T23:00:00,9.507,0.0,9.507
2263,station-karnaphuli,DIESEL,188,2026-01-02T23:00:00,96.824,0.0,96.824
2264,station-karnaphuli,PETROL,188,2026-01-02T23:00:00,101.887,0.0,101.887
2265,station-karnaphuli,OCTANE,188,2026-01-02T23:00:00,52.324,0.0,52.324
2266,station-coxsbazar,DIESEL,188,2026-01-02T23:00:00,54.625,0.0,54.625
2267,station-coxsbazar,PETROL,188,2026-01-02T23:00:00,59.247,0.0,59.247
2268,station-coxsbazar,OCTANE,188,2026-01-02T23:00:00,24.321,0.0,24.321
2269,station-mirpur,DIESEL,189,2026-01-02T23:15:00,58.528,0.0,58.528
2270,station-mirpur,PETROL,189,2026-01-02T23:15:00,75.771,0.0,75.771
2271,station-mirpur,OCTANE,189,2026-01-02T23:15:00,41.091,0.0,41.091
2272,station-tongi,DIESEL,189,2026-01-02T23:15:00,62.096,0.0,62.096
2273,station-tongi,PETROL,189,2026-01-02T23:15:00,20.978,0.0,20.978
2274,station-tongi,OCTANE,189,2026-01-02T23:15:00,10.511,0.0,10.511
2275,station-karnaphuli,DIESEL,189,2026-01-02T23:15:00,78.74,0.0,78.74
2276,station-karnaphuli,PETROL,189,2026-01-02T23:15:00,93.491,0.0,93.491
2277,station-karnaphuli,OCTANE,189,2026-01-02T23:15:00,56.678,0.0,56.678
2278,station-coxsbazar,DIESEL,189,2026-01-02T23:15:00,47.877,0.0,47.877
2279,station-coxsbazar,PETROL,189,2026-01-02T23:15:00,56.142,0.0,56.142
2280,station-coxsbazar,OCTANE,189,2026-01-02T23:15:00,26.366,0.0,26.366
2281,station-mirpur,DIESEL,190,2026-01-02T23:30:00,63.791,0.0,63.791
2282,station-mirpur,PETROL,190,2026-01-02T23:30:00,78.028,0.0,78.028
2283,station-mirpur,OCTANE,190,2026-01-02T23:30:00,38.159,0.0,38.159
2284,station-tongi,DIESEL,190,2026-01-02T23:30:00,60.495,0.0,60.495
2285,station-tongi,PETROL,190,2026-01-02T23:30:00,20.664,0.0,20.664
2286,station-tongi,OCTANE,190,2026-01-02T23:30:00,9.722,0.0,9.722
2287,station-karnaphuli,DIESEL,190,2026-01-02T23:30:00,96.722,0.0,96.722
2288,station-karnaphuli,PETROL,190,2026-01-02T23:30:00,82.638,0.0,82.638
2289,station-karnaphuli,OCTANE,190,2026-01-02T23:30:00,49.836,0.0,49.836
2290,station-coxsbazar,DIESEL,190,2026-01-02T23:30:00,52.249,0.0,52.249
2291,station-coxsbazar,PETROL,190,2026-01-02T23:30:00,59.667,0.0,59.667
2292,station-coxsbazar,OCTANE,190,2026-01-02T23:30:00,25.791,0.0,25.791
2293,station-mirpur,DIESEL,191,2026-01-02T23:45:00,59.302,0.0,59.302
2294,station-mirpur,PETROL,191,2026-01-02T23:45:00,78.311,0.0,78.311
2295,station-mirpur,OCTANE,191,2026-01-02T23:45:00,44.71,0.0,44.71
2296,station-tongi,DIESEL,191,2026-01-02T23:45:00,63.069,0.0,63.069
2297,station-tongi,PETROL,191,2026-01-02T23:45:00,20.263,0.0,20.263
2298,station-tongi,OCTANE,191,2026-01-02T23:45:00,11.033,0.0,11.033
2299,station-karnaphuli,DIESEL,191,2026-01-02T23:45:00,97.547,0.0,97.547
2300,station-karnaphuli,PETROL,191,2026-01-02T23:45:00,103.031,0.0,103.031
2301,station-karnaphuli,OCTANE,191,2026-01-02T23:45:00,47.31,0.0,47.31
2302,station-coxsbazar,DIESEL,191,2026-01-02T23:45:00,50.967,0.0,50.967
2303,station-coxsbazar,PETROL,191,2026-01-02T23:45:00,54.313,0.0,54.313
2304,station-coxsbazar,OCTANE,191,2026-01-02T23:45:00,24.204,0.0,24.204
2305,station-mirpur,DIESEL,192,2026-01-03T00:00:00,60.619,0.0,60.619
2306,station-mirpur,PETROL,192,2026-01-03T00:00:00,84.154,0.0,84.154
2307,station-mirpur,OCTANE,192,2026-01-03T00:00:00,37.747,0.0,37.747
2308,station-tongi,DIESEL,192,2026-01-03T00:00:00,67.335,0.0,67.335
2309,station-tongi,PETROL,192,2026-01-03T00:00:00,20.018,0.0,20.018
2310,station-tongi,OCTANE,192,2026-01-03T00:00:00,9.581,0.0,9.581
2311,station-karnaphuli,DIESEL,192,2026-01-03T00:00:00,89.712,0.0,89.712
2312,station-karnaphuli,PETROL,192,2026-01-03T00:00:00,90.963,0.0,90.963
2313,station-karnaphuli,OCTANE,192,2026-01-03T00:00:00,58.242,0.0,58.242
2314,station-coxsbazar,DIESEL,192,2026-01-03T00:00:00,52.221,0.0,52.221
2315,station-coxsbazar,PETROL,192,2026-01-03T00:00:00,54.691,0.0,54.691
2316,station-coxsbazar,OCTANE,192,2026-01-03T00:00:00,28.73,0.0,28.73
2317,station-mirpur,DIESEL,193,2026-01-03T00:15:00,66.311,0.0,66.311
2318,station-mirpur,PETROL,193,2026-01-03T00:15:00,73.344,0.0,73.344
2319,station-mirpur,OCTANE,193,2026-01-03T00:15:00,41.669,0.0,41.669
2320,station-tongi,DIESEL,193,2026-01-03T00:15:00,69.933,0.0,69.933
2321,station-tongi,PETROL,193,2026-01-03T00:15:00,19.833,0.0,19.833
2322,station-tongi,OCTANE,193,2026-01-03T00:15:00,10.059,0.0,10.059
2323,station-karnaphuli,DIESEL,193,2026-01-03T00:15:00,85.571,0.0,85.571
2324,station-karnaphuli,PETROL,193,2026-01-03T00:15:00,91.749,0.0,91.749
2325,station-karnaphuli,OCTANE,193,2026-01-03T00:15:00,46.062,0.0,46.062
2326,station-coxsbazar,DIESEL,193,2026-01-03T00:15:00,50.032,0.0,50.032
2327,station-coxsbazar,PETROL,193,2026-01-03T00:15:00,56.366,0.0,56.366
2328,station-coxsbazar,OCTANE,193,2026-01-03T00:15:00,25.036,0.0,25.036
2329,station-mirpur,DIESEL,194,2026-01-03T00:30:00,66.767,0.0,66.767
2330,station-mirpur,PETROL,194,2026-01-03T00:30:00,81.231,0.0,81.231
2331,station-mirpur,OCTANE,194,2026-01-03T00:30:00,37.139,0.0,37.139
2332,station-tongi,DIESEL,194,2026-01-03T00:30:00,70.492,0.0,70.492
2333,station-tongi,PETROL,194,2026-01-03T00:30:00,19.994,0.0,19.994
2334,station-tongi,OCTANE,194,2026-01-03T00:30:00,9.983,0.0,9.983
2335,station-karnaphuli,DIESEL,194,2026-01-03T00:30:00,90.858,0.0,90.858
2336,station-karnaphuli,PETROL,194,2026-01-03T00:30:00,93.638,0.0,93.638
2337,station-karnaphuli,OCTANE,194,2026-01-03T00:30:00,46.11,0.0,46.11
2338,station-coxsbazar,DIESEL,194,2026-01-03T00:30:00,48.449,0.0,48.449
2339,station-coxsbazar,PETROL,194,2026-01-03T00:30:00,55.766,0.0,55.766
2340,station-coxsbazar,OCTANE,194,2026-01-03T00:30:00,27.973,0.0,27.973
2341,station-mirpur,DIESEL,195,2026-01-03T00:45:00,63.121,0.0,63.121
2342,station-mirpur,PETROL,195,2026-01-03T00:45:00,73.31,0.0,73.31
2343,station-mirpur,OCTANE,195,2026-01-03T00:45:00,42.726,0.0,42.726
2344,station-tongi,DIESEL,195,2026-01-03T00:45:00,69.598,0.0,69.598
2345,station-tongi,PETROL,195,2026-01-03T00:45:00,21.697,0.0,21.697
2346,station-tongi,OCTANE,195,2026-01-03T00:45:00,10.25,0.0,10.25
2347,station-karnaphuli,DIESEL,195,2026-01-03T00:45:00,93.509,0.0,93.509
2348,station-karnaphuli,PETROL,195,2026-01-03T00:45:00,81.728,0.0,81.728
2349,station-karnaphuli,OCTANE,195,2026-01-03T00:45:00,46.529,0.0,46.529
2350,station-coxsbazar,DIESEL,195,2026-01-03T00:45:00,56.915,0.0,56.915
2351,station-coxsbazar,PETROL,195,2026-01-03T00:45:00,57.92,0.0,57.92
2352,station-coxsbazar,OCTANE,195,2026-01-03T00:45:00,28.392,0.0,28.392
2353,station-mirpur,DIESEL,196,2026-01-03T01:00:00,65.898,0.0,65.898
2354,station-mirpur,PETROL,196,2026-01-03T01:00:00,71.224,0.0,71.224
2355,station-mirpur,OCTANE,196,2026-01-03T01:00:00,37.918,0.0,37.918
2356,station-tongi,DIESEL,196,2026-01-03T01:00:00,64.612,0.0,64.612
2357,station-tongi,PETROL,196,2026-01-03T01:00:00,20.822,0.0,20.822
2358,station-tongi,OCTANE,196,2026-01-03T01:00:00,10.84,0.0,10.84
2359,station-karnaphuli,DIESEL,196,2026-01-03T01:00:00,88.794,0.0,88.794
2360,station-karnaphuli,PETROL,196,2026-01-03T01:00:00,97.271,0.0,97.271
2361,station-karnaphuli,OCTANE,196,2026-01-03T01:00:00,48.742,0.0,48.742
2362,station-coxsbazar,DIESEL,196,2026-01-03T01:00:00,55.158,0.0,55.158
2363,station-coxsbazar,PETROL,196,2026-01-03T01:00:00,56.882,0.0,56.882
2364,station-coxsbazar,OCTANE,196,2026-01-03T01:00:00,27.014,0.0,27.014
2365,station-mirpur,DIESEL,197,2026-01-03T01:15:00,61.861,0.0,61.861
2366,station-mirpur,PETROL,197,2026-01-03T01:15:00,69.441,0.0,69.441
2367,station-mirpur,OCTANE,197,2026-01-03T01:15:00,38.804,0.0,38.804
2368,station-tongi,DIESEL,197,2026-01-03T01:15:00,63.656,0.0,63.656
2369,station-tongi,PETROL,197,2026-01-03T01:15:00,20.838,0.0,20.838
2370,station-tongi,OCTANE,197,2026-01-03T01:15:00,9.591,0.0,9.591
2371,station-karnaphuli,DIESEL,197,2026-01-03T01:15:00,80.5,0.0,80.5
2372,station-karnaphuli,PETROL,197,2026-01-03T01:15:00,93.918,0.0,93.918
2373,station-karnaphuli,OCTANE,197,2026-01-03T01:15:00,49.901,0.0,49.901
2374,station-coxsbazar,DIESEL,197,2026-01-03T01:15:00,57.236,0.0,57.236
2375,station-coxsbazar,PETROL,197,2026-01-03T01:15:00,58.051,0.0,58.051
2376,station-coxsbazar,OCTANE,197,2026-01-03T01:15:00,23.797,0.0,23.797
2377,station-mirpur,DIESEL,198,2026-01-03T01:30:00,61.945,0.0,61.945
2378,station-mirpur,PETROL,198,2026-01-03T01:30:00,70.217,0.0,70.217
2379,station-mirpur,OCTANE,198,2026-01-03T01:30:00,38.15,0.0,38.15
2380,station-tongi,DIESEL,198,2026-01-03T01:30:00,65.643,0.0,65.643
2381,station-tongi,PETROL,198,2026-01-03T01:30:00,20.793,0.0,20.793
2382,station-tongi,OCTANE,198,2026-01-03T01:30:00,11.086,0.0,11.086
2383,station-karnaphuli,DIESEL,198,2026-01-03T01:30:00,84.402,0.0,84.402
2384,station-karnaphuli,PETROL,198,2026-01-03T01:30:00,97.845,0.0,97.845
2385,station-karnaphuli,OCTANE,198,2026-01-03T01:30:00,49.402,0.0,49.402
2386,station-coxsbazar,DIESEL,198,2026-01-03T01:30:00,51.679,0.0,51.679
2387,station-coxsbazar,PETROL,198,2026-01-03T01:30:00,55.183,0.0,55.183
2388,station-coxsbazar,OCTANE,198,2026-01-03T01:30:00,23.9,0.0,23.9
2389,station-mirpur,DIESEL,199,2026-01-03T01:45:00,65.622,0.0,65.622
2390,station-mirpur,PETROL,199,2026-01-03T01:45:00,83.024,0.0,83.024
2391,station-mirpur,OCTANE,199,2026-01-03T01:45:00,43.376,0.0,43.376
2392,station-tongi,DIESEL,199,2026-01-03T01:45:00,66.372,0.0,66.372
2393,station-tongi,PETROL,199,2026-01-03T01:45:00,21.239,0.0,21.239
2394,station-tongi,OCTANE,199,2026-01-03T01:45:00,10.117,0.0,10.117
2395,station-karnaphuli,DIESEL,199,2026-01-03T01:45:00,89.525,0.0,89.525
2396,station-karnaphuli,PETROL,199,2026-01-03T01:45:00,90.464,0.0,90.464
2397,station-karnaphuli,OCTANE,199,2026-01-03T01:45:00,55.533,0.0,55.533
2398,station-coxsbazar,DIESEL,199,2026-01-03T01:45:00,47.728,0.0,47.728
2399,station-coxsbazar,PETROL,199,2026-01-03T01:45:00,56.206,0.0,56.206
2400,station-coxsbazar,OCTANE,199,2026-01-03T01:45:00,25.205,0.0,25.205
2401,station-mirpur,DIESEL,200,2026-01-03T02:00:00,63.514,0.0,63.514
2402,station-mirpur,PETROL,200,2026-01-03T02:00:00,77.508,0.0,77.508
2403,station-mirpur,OCTANE,200,2026-01-03T02:00:00,37.09,0.0,37.09
2404,station-tongi,DIESEL,200,2026-01-03T02:00:00,61.312,0.0,61.312
2405,station-tongi,PETROL,200,2026-01-03T02:00:00,21.095,0.0,21.095
2406,station-tongi,OCTANE,200,2026-01-03T02:00:00,9.69,0.0,9.69
2407,station-karnaphuli,DIESEL,200,2026-01-03T02:00:00,83.724,0.0,83.724
2408,station-karnaphuli,PETROL,200,2026-01-03T02:00:00,103.395,0.0,103.395
2409,station-karnaphuli,OCTANE,200,2026-01-03T02:00:00,53.174,0.0,53.174
2410,station-coxsbazar,DIESEL,200,2026-01-03T02:00:00,57.513,0.0,57.513
2411,station-coxsbazar,PETROL,200,2026-01-03T02:00:00,59.461,0.0,59.461
2412,station-coxsbazar,OCTANE,200,2026-01-03T02:00:00,24.281,0.0,24.281
2413,station-mirpur,DIESEL,201,2026-01-03T02:15:00,56.734,0.0,56.734
2414,station-mirpur,PETROL,201,2026-01-03T02:15:00,72.802,0.0,72.802
2415,station-mirpur,OCTANE,201,2026-01-03T02:15:00,39.811,0.0,39.811
2416,station-tongi,DIESEL,201,2026-01-03T02:15:00,62.74,0.0,62.74
2417,station-tongi,PETROL,201,2026-01-03T02:15:00,21.481,0.0,21.481
2418,station-tongi,OCTANE,201,2026-01-03T02:15:00,10.792,0.0,10.792
2419,station-karnaphuli,DIESEL,201,2026-01-03T02:15:00,86.434,0.0,86.434
2420,station-karnaphuli,PETROL,201,2026-01-03T02:15:00,95.207,0.0,95.207
2421,station-karnaphuli,OCTANE,201,2026-01-03T02:15:00,56.572,0.0,56.572
2422,station-coxsbazar,DIESEL,201,2026-01-03T02:15:00,55.202,0.0,55.202
2423,station-coxsbazar,PETROL,201,2026-01-03T02:15:00,58.892,0.0,58.892
2424,station-coxsbazar,OCTANE,201,2026-01-03T02:15:00,25.156,0.0,25.156
2425,station-mirpur,DIESEL,202,2026-01-03T02:30:00,60.373,0.0,60.373
2426,station-mirpur,PETROL,202,2026-01-03T02:30:00,79.214,0.0,79.214
2427,station-mirpur,OCTANE,202,2026-01-03T02:30:00,41.631,0.0,41.631
2428,station-tongi,DIESEL,202,2026-01-03T02:30:00,64.72,0.0,64.72
2429,station-tongi,PETROL,202,2026-01-03T02:30:00,20.488,0.0,20.488
2430,station-tongi,OCTANE,202,2026-01-03T02:30:00,10.798,0.0,10.798
2431,station-karnaphuli,DIESEL,202,2026-01-03T02:30:00,83.94,0.0,83.94
2432,station-karnaphuli,PETROL,202,2026-01-03T02:30:00,103.774,0.0,103.774
2433,station-karnaphuli,OCTANE,202,2026-01-03T02:30:00,54.986,0.0,54.986
2434,station-coxsbazar,DIESEL,202,2026-01-03T02:30:00,47.856,0.0,47.856
2435,station-coxsbazar,PETROL,202,2026-01-03T02:30:00,58.672,0.0,58.672
2436,station-coxsbazar,OCTANE,202,2026-01-03T02:30:00,26.223,0.0,26.223
2437,station-mirpur,DIESEL,203,2026-01-03T02:45:00,61.663,0.0,61.663
2438,station-mirpur,PETROL,203,2026-01-03T02:45:00,80.9,0.0,80.9
2439,station-mirpur,OCTANE,203,2026-01-03T02:45:00,40.387,0.0,40.387
2440,station-tongi,DIESEL,203,2026-01-03T02:45:00,62.871,0.0,62.871
2441,station-tongi,PETROL,203,2026-01-03T02:45:00,21.703,0.0,21.703
2442,station-tongi,OCTANE,203,2026-01-03T02:45:00,10.616,0.0,10.616
2443,station-karnaphuli,DIESEL,203,2026-01-03T02:45:00,92.794,0.0,92.794
2444,station-karnaphuli,PETROL,203,2026-01-03T02:45:00,86.435,0.0,86.435
2445,station-karnaphuli,OCTANE,203,2026-01-03T02:45:00,46.944,0.0,46.944
2446,station-coxsbazar,DIESEL,203,2026-01-03T02:45:00,55.841,0.0,55.841
2447,station-coxsbazar,PETROL,203,2026-01-03T02:45:00,59.266,0.0,59.266
2448,station-coxsbazar,OCTANE,203,2026-01-03T02:45:00,28.523,0.0,28.523
2449,station-mirpur,DIESEL,204,2026-01-03T03:00:00,64.274,0.0,64.274
2450,station-mirpur,PETROL,204,2026-01-03T03:00:00,72.81,0.0,72.81
2451,station-mirpur,OCTANE,204,2026-01-03T03:00:00,38.877,0.0,38.877
2452,station-tongi,DIESEL,204,2026-01-03T03:00:00,62.781,0.0,62.781
2453,station-tongi,PETROL,204,2026-01-03T03:00:00,22.44,0.0,22.44
2454,station-tongi,OCTANE,204,2026-01-03T03:00:00,10.286,0.0,10.286
2455,station-karnaphuli,DIESEL,204,2026-01-03T03:00:00,99.021,0.0,99.021
2456,station-karnaphuli,PETROL,204,2026-01-03T03:00:00,82.686,0.0,82.686
2457,station-karnaphuli,OCTANE,204,2026-01-03T03:00:00,49.939,0.0,49.939
2458,station-coxsbazar,DIESEL,204,2026-01-03T03:00:00,52.775,0.0,52.775
2459,station-coxsbazar,PETROL,204,2026-01-03T03:00:00,52.423,0.0,52.423
2460,station-coxsbazar,OCTANE,204,2026-01-03T03:00:00,28.046,0.0,28.046
2461,station-mirpur,DIESEL,205,2026-01-03T03:15:00,65.986,0.0,65.986
2462,station-mirpur,PETROL,205,2026-01-03T03:15:00,73.378,0.0,73.378
2463,station-mirpur,OCTANE,205,2026-01-03T03:15:00,39.011,0.0,39.011
2464,station-tongi,DIESEL,205,2026-01-03T03:15:00,65.348,0.0,65.348
2465,station-tongi,PETROL,205,2026-01-03T03:15:00,21.262,0.0,21.262
2466,station-tongi,OCTANE,205,2026-01-03T03:15:00,10.641,0.0,10.641
2467,station-karnaphuli,DIESEL,205,2026-01-03T03:15:00,80.35,0.0,80.35
2468,station-karnaphuli,PETROL,205,2026-01-03T03:15:00,102.987,0.0,102.987
2469,station-karnaphuli,OCTANE,205,2026-01-03T03:15:00,54.665,0.0,54.665
2470,station-coxsbazar,DIESEL,205,2026-01-03T03:15:00,51.784,0.0,51.784
2471,station-coxsbazar,PETROL,205,2026-01-03T03:15:00,59.051,0.0,59.051
2472,station-coxsbazar,OCTANE,205,2026-01-03T03:15:00,24.238,0.0,24.238
2473,station-mirpur,DIESEL,206,2026-01-03T03:30:00,60.314,0.0,60.314
2474,station-mirpur,PETROL,206,2026-01-03T03:30:00,76.492,0.0,76.492
2475,station-mirpur,OCTANE,206,2026-01-03T03:30:00,38.78,0.0,38.78
2476,station-tongi,DIESEL,206,2026-01-03T03:30:00,69.911,0.0,69.911
2477,station-tongi,PETROL,206,2026-01-03T03:30:00,20.339,0.0,20.339
2478,station-tongi,OCTANE,206,2026-01-03T03:30:00,10.059,0.0,10.059
2479,station-karnaphuli,DIESEL,206,2026-01-03T03:30:00,85.717,0.0,85.717
2480,station-karnaphuli,PETROL,206,2026-01-03T03:30:00,102.434,0.0,102.434
2481,station-karnaphuli,OCTANE,206,2026-01-03T03:30:00,51.247,0.0,51.247
2482,station-coxsbazar,DIESEL,206,2026-01-03T03:30:00,56.689,0.0,56.689
2483,station-coxsbazar,PETROL,206,2026-01-03T03:30:00,55.906,0.0,55.906
2484,station-coxsbazar,OCTANE,206,2026-01-03T03:30:00,24.315,0.0,24.315
2485,station-mirpur,DIESEL,207,2026-01-03T03:45:00,61.168,0.0,61.168
2486,station-mirpur,PETROL,207,2026-01-03T03:45:00,70.024,0.0,70.024
2487,station-mirpur,OCTANE,207,2026-01-03T03:45:00,41.763,0.0,41.763
2488,station-tongi,DIESEL,207,2026-01-03T03:45:00,65.632,0.0,65.632
2489,station-tongi,PETROL,207,2026-01-03T03:45:00,20.032,0.0,20.032
2490,station-tongi,OCTANE,207,2026-01-03T03:45:00,10.176,0.0,10.176
2491,station-karnaphuli,DIESEL,207,2026-01-03T03:45:00,90.104,0.0,90.104
2492,station-karnaphuli,PETROL,207,2026-01-03T03:45:00,91.719,0.0,91.719
2493,station-karnaphuli,OCTANE,207,2026-01-03T03:45:00,48.786,0.0,48.786
2494,station-coxsbazar,DIESEL,207,2026-01-03T03:45:00,49.41,0.0,49.41
2495,station-coxsbazar,PETROL,207,2026-01-03T03:45:00,57.626,0.0,57.626
2496,station-coxsbazar,OCTANE,207,2026-01-03T03:45:00,25.403,0.0,25.403
2497,station-mirpur,DIESEL,208,2026-01-03T04:00:00,59.705,0.0,59.705
2498,station-mirpur,PETROL,208,2026-01-03T04:00:00,71.914,0.0,71.914
2499,station-mirpur,OCTANE,208,2026-01-03T04:00:00,44.338,0.0,44.338
2500,station-tongi,DIESEL,208,2026-01-03T04:00:00,62.524,0.0,62.524
2501,station-tongi,PETROL,208,2026-01-03T04:00:00,22.452,0.0,22.452
2502,station-tongi,OCTANE,208,2026-01-03T04:00:00,9.659,0.0,9.659
2503,station-karnaphuli,DIESEL,208,2026-01-03T04:00:00,96.13,0.0,96.13
2504,station-karnaphuli,PETROL,208,2026-01-03T04:00:00,87.218,0.0,87.218
2505,station-karnaphuli,OCTANE,208,2026-01-03T04:00:00,48.155,0.0,48.155
2506,station-coxsbazar,DIESEL,208,2026-01-03T04:00:00,57.671,0.0,57.671
2507,station-coxsbazar,PETROL,208,2026-01-03T04:00:00,60.499,0.0,60.499
2508,station-coxsbazar,OCTANE,208,2026-01-03T04:00:00,26.726,0.0,26.726
2509,station-mirpur,DIESEL,209,2026-01-03T04:15:00,61.336,0.0,61.336
2510,station-mirpur,PETROL,209,2026-01-03T04:15:00,71.598,0.0,71.598
2511,station-mirpur,OCTANE,209,2026-01-03T04:15:00,40.283,0.0,40.283
2512,station-tongi,DIESEL,209,2026-01-03T04:15:00,63.999,0.0,63.999
2513,station-tongi,PETROL,209,2026-01-03T04:15:00,21.724,0.0,21.724
2514,station-tongi,OCTANE,209,2026-01-03T04:15:00,9.702,0.0,9.702
2515,station-karnaphuli,DIESEL,209,2026-01-03T04:15:00,83.989,0.0,83.989
2516,station-karnaphuli,PETROL,209,2026-01-03T04:15:00,100.204,0.0,100.204
2517,station-karnaphuli,OCTANE,209,2026-01-03T04:15:00,48.616,0.0,48.616
2518,station-coxsbazar,DIESEL,209,2026-01-03T04:15:00,57.843,0.0,57.843
2519,station-coxsbazar,PETROL,209,2026-01-03T04:15:00,57.035,0.0,57.035
2520,station-coxsbazar,OCTANE,209,2026-01-03T04:15:00,25.32,0.0,25.32
2521,station-mirpur,DIESEL,210,2026-01-03T04:30:00,63.449,0.0,63.449
2522,station-mirpur,PETROL,210,2026-01-03T04:30:00,75.428,0.0,75.428
2523,station-mirpur,OCTANE,210,2026-01-03T04:30:00,40.29,0.0,40.29
2524,station-tongi,DIESEL,210,2026-01-03T04:30:00,62.253,0.0,62.253
2525,station-tongi,PETROL,210,2026-01-03T04:30:00,21.931,0.0,21.931
2526,station-tongi,OCTANE,210,2026-01-03T04:30:00,10.251,0.0,10.251
2527,station-karnaphuli,DIESEL,210,2026-01-03T04:30:00,84.749,0.0,84.749
2528,station-karnaphuli,PETROL,210,2026-01-03T04:30:00,87.315,0.0,87.315
2529,station-karnaphuli,OCTANE,210,2026-01-03T04:30:00,50.173,0.0,50.173
2530,station-coxsbazar,DIESEL,210,2026-01-03T04:30:00,49.291,0.0,49.291
2531,station-coxsbazar,PETROL,210,2026-01-03T04:30:00,59.795,0.0,59.795
2532,station-coxsbazar,OCTANE,210,2026-01-03T04:30:00,25.194,0.0,25.194
2533,station-mirpur,DIESEL,211,2026-01-03T04:45:00,63.309,0.0,63.309
2534,station-mirpur,PETROL,211,2026-01-03T04:45:00,77.817,0.0,77.817
2535,station-mirpur,OCTANE,211,2026-01-03T04:45:00,38.118,0.0,38.118
2536,station-tongi,DIESEL,211,2026-01-03T04:45:00,70.325,0.0,70.325
2537,station-tongi,PETROL,211,2026-01-03T04:45:00,19.955,0.0,19.955
2538,station-tongi,OCTANE,211,2026-01-03T04:45:00,10.799,0.0,10.799
2539,station-karnaphuli,DIESEL,211,2026-01-03T04:45:00,93.776,0.0,93.776
2540,station-karnaphuli,PETROL,211,2026-01-03T04:45:00,94.62,0.0,94.62
2541,station-karnaphuli,OCTANE,211,2026-01-03T04:45:00,50.197,0.0,50.197
2542,station-coxsbazar,DIESEL,211,2026-01-03T04:45:00,54.193,0.0,54.193
2543,station-coxsbazar,PETROL,211,2026-01-03T04:45:00,51.738,0.0,51.738
2544,station-coxsbazar,OCTANE,211,2026-01-03T04:45:00,27.151,0.0,27.151
2545,station-mirpur,DIESEL,212,2026-01-03T05:00:00,59.702,0.0,59.702
2546,station-mirpur,PETROL,212,2026-01-03T05:00:00,79.154,0.0,79.154
2547,station-mirpur,OCTANE,212,2026-01-03T05:00:00,36.954,0.0,36.954
2548,station-tongi,DIESEL,212,2026-01-03T05:00:00,70.188,0.0,70.188
2549,station-tongi,PETROL,212,2026-01-03T05:00:00,19.565,0.0,19.565
2550,station-tongi,OCTANE,212,2026-01-03T05:00:00,11.038,0.0,11.038
2551,station-karnaphuli,DIESEL,212,2026-01-03T05:00:00,97.83,0.0,97.83
2552,station-karnaphuli,PETROL,212,2026-01-03T05:00:00,98.905,0.0,98.905
2553,station-karnaphuli,OCTANE,212,2026-01-03T05:00:00,48.879,0.0,48.879
2554,station-coxsbazar,DIESEL,212,2026-01-03T05:00:00,51.926,0.0,51.926
2555,station-coxsbazar,PETROL,212,2026-01-03T05:00:00,50.924,0.0,50.924
2556,station-coxsbazar,OCTANE,212,2026-01-03T05:00:00,24.768,0.0,24.768
2557,station-mirpur,DIESEL,213,2026-01-03T05:15:00,68.134,0.0,68.134
2558,station-mirpur,PETROL,213,2026-01-03T05:15:00,77.735,0.0,77.735
2559,station-mirpur,OCTANE,213,2026-01-03T05:15:00,37.635,0.0,37.635
2560,station-tongi,DIESEL,213,2026-01-03T05:15:00,70.805,0.0,70.805
2561,station-tongi,PETROL,213,2026-01-03T05:15:00,21.1,0.0,21.1
2562,station-tongi,OCTANE,213,2026-01-03T05:15:00,10.276,0.0,10.276
2563,station-karnaphuli,DIESEL,213,2026-01-03T05:15:00,83.634,0.0,83.634
2564,station-karnaphuli,PETROL,213,2026-01-03T05:15:00,101.958,0.0,101.958
2565,station-karnaphuli,OCTANE,213,2026-01-03T05:15:00,49.757,0.0,49.757
2566,station-coxsbazar,DIESEL,213,2026-01-03T05:15:00,52.312,0.0,52.312
2567,station-coxsbazar,PETROL,213,2026-01-03T05:15:00,60.042,0.0,60.042
2568,station-coxsbazar,OCTANE,213,2026-01-03T05:15:00,26.544,0.0,26.544
2569,station-mirpur,DIESEL,214,2026-01-03T05:30:00,65.775,0.0,65.775
2570,station-mirpur,PETROL,214,2026-01-03T05:30:00,70.39,0.0,70.39
2571,station-mirpur,OCTANE,214,2026-01-03T05:30:00,37.861,0.0,37.861
2572,station-tongi,DIESEL,214,2026-01-03T05:30:00,69.262,0.0,69.262
2573,station-tongi,PETROL,214,2026-01-03T05:30:00,20.503,0.0,20.503
2574,station-tongi,OCTANE,214,2026-01-03T05:30:00,9.611,0.0,9.611
2575,station-karnaphuli,DIESEL,214,2026-01-03T05:30:00,82.17,0.0,82.17
2576,station-karnaphuli,PETROL,214,2026-01-03T05:30:00,93.054,0.0,93.054
2577,station-karnaphuli,OCTANE,214,2026-01-03T05:30:00,58.327,0.0,58.327
2578,station-coxsbazar,DIESEL,214,2026-01-03T05:30:00,48.74,0.0,48.74
2579,station-coxsbazar,PETROL,214,2026-01-03T05:30:00,52.851,0.0,52.851
2580,station-coxsbazar,OCTANE,214,2026-01-03T05:30:00,26.376,0.0,26.376
2581,station-mirpur,DIESEL,215,2026-01-03T05:45:00,61.685,0.0,61.685
2582,station-mirpur,PETROL,215,2026-01-03T05:45:00,71.62,0.0,71.62
2583,station-mirpur,OCTANE,215,2026-01-03T05:45:00,44.28,0.0,44.28
2584,station-tongi,DIESEL,215,2026-01-03T05:45:00,67.543,0.0,67.543
2585,station-tongi,PETROL,215,2026-01-03T05:45:00,20.001,0.0,20.001
2586,station-tongi,OCTANE,215,2026-01-03T05:45:00,9.958,0.0,9.958
2587,station-karnaphuli,DIESEL,215,2026-01-03T05:45:00,86.256,0.0,86.256
2588,station-karnaphuli,PETROL,215,2026-01-03T05:45:00,85.3,0.0,85.3
2589,station-karnaphuli,OCTANE,215,2026-01-03T05:45:00,55.91,0.0,55.91
2590,station-coxsbazar,DIESEL,215,2026-01-03T05:45:00,54.396,0.0,54.396
2591,station-coxsbazar,PETROL,215,2026-01-03T05:45:00,53.642,0.0,53.642
2592,station-coxsbazar,OCTANE,215,2026-01-03T05:45:00,25.112,0.0,25.112
2593,station-mirpur,DIESEL,216,2026-01-03T06:00:00,58.528,0.0,58.528
2594,station-mirpur,PETROL,216,2026-01-03T06:00:00,82.921,0.0,82.921
2595,station-mirpur,OCTANE,216,2026-01-03T06:00:00,38.874,0.0,38.874
2596,station-tongi,DIESEL,216,2026-01-03T06:00:00,216.624,0.0,216.624
2597,station-tongi,PETROL,216,2026-01-03T06:00:00,76.52,0.0,76.52
2598,station-tongi,OCTANE,216,2026-01-03T06:00:00,34.332,0.0,34.332
2599,station-karnaphuli,DIESEL,216,2026-01-03T06:00:00,168.896,0.0,168.896
2600,station-karnaphuli,PETROL,216,2026-01-03T06:00:00,163.107,0.0,163.107
2601,station-karnaphuli,OCTANE,216,2026-01-03T06:00:00,87.41,0.0,87.41
2602,station-coxsbazar,DIESEL,216,2026-01-03T06:00:00,48.984,0.0,48.984
2603,station-coxsbazar,PETROL,216,2026-01-03T06:00:00,56.831,0.0,56.831
2604,station-coxsbazar,OCTANE,216,2026-01-03T06:00:00,28.476,0.0,28.476
2605,station-mirpur,DIESEL,217,2026-01-03T06:15:00,59.599,0.0,59.599
2606,station-mirpur,PETROL,217,2026-01-03T06:15:00,74.681,0.0,74.681
2607,station-mirpur,OCTANE,217,2026-01-03T06:15:00,37.354,0.0,37.354
2608,station-tongi,DIESEL,217,2026-01-03T06:15:00,236.184,0.0,236.184
2609,station-tongi,PETROL,217,2026-01-03T06:15:00,68.589,0.0,68.589
2610,station-tongi,OCTANE,217,2026-01-03T06:15:00,37.101,0.0,37.101
2611,station-karnaphuli,DIESEL,217,2026-01-03T06:15:00,170.511,0.0,170.511
2612,station-karnaphuli,PETROL,217,2026-01-03T06:15:00,159.126,0.0,159.126
2613,station-karnaphuli,OCTANE,217,2026-01-03T06:15:00,101.106,0.0,101.106
2614,station-coxsbazar,DIESEL,217,2026-01-03T06:15:00,47.756,0.0,47.756
2615,station-coxsbazar,PETROL,217,2026-01-03T06:15:00,53.314,0.0,53.314
2616,station-coxsbazar,OCTANE,217,2026-01-03T06:15:00,24.121,0.0,24.121
2617,station-mirpur,DIESEL,218,2026-01-03T06:30:00,62.545,0.0,62.545
2618,station-mirpur,PETROL,218,2026-01-03T06:30:00,70.77,0.0,70.77
2619,station-mirpur,OCTANE,218,2026-01-03T06:30:00,41.721,0.0,41.721
2620,station-tongi,DIESEL,218,2026-01-03T06:30:00,232.984,0.0,232.984
2621,station-tongi,PETROL,218,2026-01-03T06:30:00,71.978,0.0,71.978
2622,station-tongi,OCTANE,218,2026-01-03T06:30:00,36.868,0.0,36.868
2623,station-karnaphuli,DIESEL,218,2026-01-03T06:30:00,172.484,0.0,172.484
2624,station-karnaphuli,PETROL,218,2026-01-03T06:30:00,163.083,0.0,163.083
2625,station-karnaphuli,OCTANE,218,2026-01-03T06:30:00,88.941,0.0,88.941
2626,station-coxsbazar,DIESEL,218,2026-01-03T06:30:00,53.605,0.0,53.605
2627,station-coxsbazar,PETROL,218,2026-01-03T06:30:00,56.427,0.0,56.427
2628,station-coxsbazar,OCTANE,218,2026-01-03T06:30:00,28.922,0.0,28.922
2629,station-mirpur,DIESEL,219,2026-01-03T06:45:00,65.017,0.0,65.017
2630,station-mirpur,PETROL,219,2026-01-03T06:45:00,69.068,0.0,69.068
2631,station-mirpur,OCTANE,219,2026-01-03T06:45:00,42.08,0.0,42.08
2632,station-tongi,DIESEL,219,2026-01-03T06:45:00,224.64,0.0,224.64
2633,station-tongi,PETROL,219,2026-01-03T06:45:00,76.181,0.0,76.181
2634,station-tongi,OCTANE,219,2026-01-03T06:45:00,33.67,0.0,33.67
2635,station-karnaphuli,DIESEL,219,2026-01-03T06:45:00,161.204,0.0,161.204
2636,station-karnaphuli,PETROL,219,2026-01-03T06:45:00,177.027,0.0,177.027
2637,station-karnaphuli,OCTANE,219,2026-01-03T06:45:00,105.404,0.0,105.404
2638,station-coxsbazar,DIESEL,219,2026-01-03T06:45:00,56.398,0.0,56.398
2639,station-coxsbazar,PETROL,219,2026-01-03T06:45:00,53.308,0.0,53.308
2640,station-coxsbazar,OCTANE,219,2026-01-03T06:45:00,26.046,0.0,26.046
2641,station-mirpur,DIESEL,220,2026-01-03T07:00:00,137.914,0.0,137.914
2642,station-mirpur,PETROL,220,2026-01-03T07:00:00,174.301,0.0,174.301
2643,station-mirpur,OCTANE,220,2026-01-03T07:00:00,81.114,0.0,81.114
2644,station-tongi,DIESEL,220,2026-01-03T07:00:00,223.382,0.0,223.382
2645,station-tongi,PETROL,220,2026-01-03T07:00:00,69.067,0.0,69.067
2646,station-tongi,OCTANE,220,2026-01-03T07:00:00,34.712,0.0,34.712
2647,station-karnaphuli,DIESEL,220,2026-01-03T07:00:00,158.626,0.0,158.626
2648,station-karnaphuli,PETROL,220,2026-01-03T07:00:00,182.113,0.0,182.113
2649,station-karnaphuli,OCTANE,220,2026-01-03T07:00:00,93.43,0.0,93.43
2650,station-coxsbazar,DIESEL,220,2026-01-03T07:00:00,91.519,0.0,91.519
2651,station-coxsbazar,PETROL,220,2026-01-03T07:00:00,102.562,0.0,102.562
2652,station-coxsbazar,OCTANE,220,2026-01-03T07:00:00,50.311,0.0,50.311
2653,station-mirpur,DIESEL,221,2026-01-03T07:15:00,135.542,0.0,135.542
2654,station-mirpur,PETROL,221,2026-01-03T07:15:00,174.4,0.0,174.4
2655,station-mirpur,OCTANE,221,2026-01-03T07:15:00,78.945,0.0,78.945
2656,station-tongi,DIESEL,221,2026-01-03T07:15:00,240.937,0.0,240.937
2657,station-tongi,PETROL,221,2026-01-03T07:15:00,75.043,0.0,75.043
2658,station-tongi,OCTANE,221,2026-01-03T07:15:00,36.323,0.0,36.323
2659,station-karnaphuli,DIESEL,221,2026-01-03T07:15:00,161.826,0.0,161.826
2660,station-karnaphuli,PETROL,221,2026-01-03T07:15:00,153.602,0.0,153.602
2661,station-karnaphuli,OCTANE,221,2026-01-03T07:15:00,100.848,0.0,100.848
2662,station-coxsbazar,DIESEL,221,2026-01-03T07:15:00,102.065,0.0,102.065
2663,station-coxsbazar,PETROL,221,2026-01-03T07:15:00,106.709,0.0,106.709
2664,station-coxsbazar,OCTANE,221,2026-01-03T07:15:00,49.73,0.0,49.73
2665,station-mirpur,DIESEL,222,2026-01-03T07:30:00,128.024,0.0,128.024
2666,station-mirpur,PETROL,222,2026-01-03T07:30:00,160.301,0.0,160.301
2667,station-mirpur,OCTANE,222,2026-01-03T07:30:00,83.982,0.0,83.982
2668,station-tongi,DIESEL,222,2026-01-03T07:30:00,232.408,0.0,232.408
2669,station-tongi,PETROL,222,2026-01-03T07:30:00,78.116,0.0,78.116
2670,station-tongi,OCTANE,222,2026-01-03T07:30:00,38.068,0.0,38.068
2671,station-karnaphuli,DIESEL,222,2026-01-03T07:30:00,172.589,0.0,172.589
2672,station-karnaphuli,PETROL,222,2026-01-03T07:30:00,151.848,0.0,151.848
2673,station-karnaphuli,OCTANE,222,2026-01-03T07:30:00,86.816,0.0,86.816
2674,station-coxsbazar,DIESEL,222,2026-01-03T07:30:00,92.265,0.0,92.265
2675,station-coxsbazar,PETROL,222,2026-01-03T07:30:00,104.852,0.0,104.852
2676,station-coxsbazar,OCTANE,222,2026-01-03T07:30:00,50.741,0.0,50.741
2677,station-mirpur,DIESEL,223,2026-01-03T07:45:00,128.086,0.0,128.086
2678,station-mirpur,PETROL,223,2026-01-03T07:45:00,167.736,0.0,167.736
2679,station-mirpur,OCTANE,223,2026-01-03T07:45:00,83.236,0.0,83.236
2680,station-tongi,DIESEL,223,2026-01-03T07:45:00,240.205,0.0,240.205
2681,station-tongi,PETROL,223,2026-01-03T07:45:00,69.153,0.0,69.153
2682,station-tongi,OCTANE,223,2026-01-03T07:45:00,37.337,0.0,37.337
2683,station-karnaphuli,DIESEL,223,2026-01-03T07:45:00,145.611,0.0,145.611
2684,station-karnaphuli,PETROL,223,2026-01-03T07:45:00,165.968,0.0,165.968
2685,station-karnaphuli,OCTANE,223,2026-01-03T07:45:00,104.606,0.0,104.606
2686,station-coxsbazar,DIESEL,223,2026-01-03T07:45:00,107.045,0.0,107.045
2687,station-coxsbazar,PETROL,223,2026-01-03T07:45:00,104.766,0.0,104.766
2688,station-coxsbazar,OCTANE,223,2026-01-03T07:45:00,51.593,0.0,51.593
2689,station-mirpur,DIESEL,224,2026-01-03T08:00:00,122.809,0.0,122.809
2690,station-mirpur,PETROL,224,2026-01-03T08:00:00,166.658,0.0,166.658
2691,station-mirpur,OCTANE,224,2026-01-03T08:00:00,76.419,0.0,76.419
2692,station-tongi,DIESEL,224,2026-01-03T08:00:00,230.423,0.0,230.423
2693,station-tongi,PETROL,224,2026-01-03T08:00:00,69.158,0.0,69.158
2694,station-tongi,OCTANE,224,2026-01-03T08:00:00,36.97,0.0,36.97
2695,station-karnaphuli,DIESEL,224,2026-01-03T08:00:00,154.386,0.0,154.386
2696,station-karnaphuli,PETROL,224,2026-01-03T08:00:00,179.597,0.0,179.597
2697,station-karnaphuli,OCTANE,224,2026-01-03T08:00:00,88.435,0.0,88.435
2698,station-coxsbazar,DIESEL,224,2026-01-03T08:00:00,93.862,0.0,93.862
2699,station-coxsbazar,PETROL,224,2026-01-03T08:00:00,111.742,0.0,111.742
2700,station-coxsbazar,OCTANE,224,2026-01-03T08:00:00,48.575,0.0,48.575
2701,station-mirpur,DIESEL,225,2026-01-03T08:15:00,120.62,0.0,120.62
2702,station-mirpur,PETROL,225,2026-01-03T08:15:00,165.774,0.0,165.774
2703,station-mirpur,OCTANE,225,2026-01-03T08:15:00,83.271,0.0,83.271
2704,station-tongi,DIESEL,225,2026-01-03T08:15:00,227.807,0.0,227.807
2705,station-tongi,PETROL,225,2026-01-03T08:15:00,77.474,0.0,77.474
2706,station-tongi,OCTANE,225,2026-01-03T08:15:00,36.662,0.0,36.662
2707,station-karnaphuli,DIESEL,225,2026-01-03T08:15:00,155.911,0.0,155.911
2708,station-karnaphuli,PETROL,225,2026-01-03T08:15:00,170.725,0.0,170.725
2709,station-karnaphuli,OCTANE,225,2026-01-03T08:15:00,99.651,0.0,99.651
2710,station-coxsbazar,DIESEL,225,2026-01-03T08:15:00,111.258,0.0,111.258
2711,station-coxsbazar,PETROL,225,2026-01-03T08:15:00,98.27,0.0,98.27
2712,station-coxsbazar,OCTANE,225,2026-01-03T08:15:00,47.683,0.0,47.683
2713,station-mirpur,DIESEL,226,2026-01-03T08:30:00,135.064,0.0,135.064
2714,station-mirpur,PETROL,226,2026-01-03T08:30:00,161.811,0.0,161.811
2715,station-mirpur,OCTANE,226,2026-01-03T08:30:00,85.114,0.0,85.114
2716,station-tongi,DIESEL,226,2026-01-03T08:30:00,217.094,0.0,217.094
2717,station-tongi,PETROL,226,2026-01-03T08:30:00,74.241,0.0,74.241
2718,station-tongi,OCTANE,226,2026-01-03T08:30:00,37.784,0.0,37.784
2719,station-karnaphuli,DIESEL,226,2026-01-03T08:30:00,154.827,0.0,154.827
2720,station-karnaphuli,PETROL,226,2026-01-03T08:30:00,172.37,0.0,172.37
2721,station-karnaphuli,OCTANE,226,2026-01-03T08:30:00,101.464,0.0,101.464
2722,station-coxsbazar,DIESEL,226,2026-01-03T08:30:00,94.344,0.0,94.344
2723,station-coxsbazar,PETROL,226,2026-01-03T08:30:00,96.377,0.0,96.377
2724,station-coxsbazar,OCTANE,226,2026-01-03T08:30:00,49.951,0.0,49.951
2725,station-mirpur,DIESEL,227,2026-01-03T08:45:00,121.665,0.0,121.665
2726,station-mirpur,PETROL,227,2026-01-03T08:45:00,168.42,0.0,168.42
2727,station-mirpur,OCTANE,227,2026-01-03T08:45:00,85.134,0.0,85.134
2728,station-tongi,DIESEL,227,2026-01-03T08:45:00,213.802,0.0,213.802
2729,station-tongi,PETROL,227,2026-01-03T08:45:00,74.843,0.0,74.843
2730,station-tongi,OCTANE,227,2026-01-03T08:45:00,34.68,0.0,34.68
2731,station-karnaphuli,DIESEL,227,2026-01-03T08:45:00,149.222,0.0,149.222
2732,station-karnaphuli,PETROL,227,2026-01-03T08:45:00,152.778,0.0,152.778
2733,station-karnaphuli,OCTANE,227,2026-01-03T08:45:00,95.38,0.0,95.38
2734,station-coxsbazar,DIESEL,227,2026-01-03T08:45:00,109.166,0.0,109.166
2735,station-coxsbazar,PETROL,227,2026-01-03T08:45:00,108.321,0.0,108.321
2736,station-coxsbazar,OCTANE,227,2026-01-03T08:45:00,48.83,0.0,48.83
2737,station-mirpur,DIESEL,228,2026-01-03T09:00:00,132.884,0.0,132.884
2738,station-mirpur,PETROL,228,2026-01-03T09:00:00,143.02,0.0,143.02
2739,station-mirpur,OCTANE,228,2026-01-03T09:00:00,89.531,0.0,89.531
2740,station-tongi,DIESEL,228,2026-01-03T09:00:00,221.788,0.0,221.788
2741,station-tongi,PETROL,228,2026-01-03T09:00:00,66.87,0.0,66.87
2742,station-tongi,OCTANE,228,2026-01-03T09:00:00,37.061,0.0,37.061
2743,station-karnaphuli,DIESEL,228,2026-01-03T09:00:00,176.84,0.0,176.84
2744,station-karnaphuli,PETROL,228,2026-01-03T09:00:00,181.692,0.0,181.692
2745,station-karnaphuli,OCTANE,228,2026-01-03T09:00:00,84.087,0.0,84.087
2746,station-coxsbazar,DIESEL,228,2026-01-03T09:00:00,103.284,0.0,103.284
2747,station-coxsbazar,PETROL,228,2026-01-03T09:00:00,101.528,0.0,101.528
2748,station-coxsbazar,OCTANE,228,2026-01-03T09:00:00,55.111,0.0,55.111
2749,station-mirpur,DIESEL,229,2026-01-03T09:15:00,126.189,0.0,126.189
2750,station-mirpur,PETROL,229,2026-01-03T09:15:00,156.951,0.0,156.951
2751,station-mirpur,OCTANE,229,2026-01-03T09:15:00,89.645,0.0,89.645
2752,station-tongi,DIESEL,229,2026-01-03T09:15:00,215.785,0.0,215.785
2753,station-tongi,PETROL,229,2026-01-03T09:15:00,67.29,0.0,67.29
2754,station-tongi,OCTANE,229,2026-01-03T09:15:00,37.916,0.0,37.916
2755,station-karnaphuli,DIESEL,229,2026-01-03T09:15:00,164.63,0.0,164.63
2756,station-karnaphuli,PETROL,229,2026-01-03T09:15:00,185.938,0.0,185.938
2757,station-karnaphuli,OCTANE,229,2026-01-03T09:15:00,104.127,0.0,104.127
2758,station-coxsbazar,DIESEL,229,2026-01-03T09:15:00,109.259,0.0,109.259
2759,station-coxsbazar,PETROL,229,2026-01-03T09:15:00,103.875,0.0,103.875
2760,station-coxsbazar,OCTANE,229,2026-01-03T09:15:00,53.047,0.0,53.047
2761,station-mirpur,DIESEL,230,2026-01-03T09:30:00,130.156,0.0,130.156
2762,station-mirpur,PETROL,230,2026-01-03T09:30:00,145.483,0.0,145.483
2763,station-mirpur,OCTANE,230,2026-01-03T09:30:00,83.143,0.0,83.143
2764,station-tongi,DIESEL,230,2026-01-03T09:30:00,218.027,0.0,218.027
2765,station-tongi,PETROL,230,2026-01-03T09:30:00,72.826,0.0,72.826
2766,station-tongi,OCTANE,230,2026-01-03T09:30:00,36.302,0.0,36.302
2767,station-karnaphuli,DIESEL,230,2026-01-03T09:30:00,155.295,0.0,155.295
2768,station-karnaphuli,PETROL,230,2026-01-03T09:30:00,171.23,0.0,171.23
2769,station-karnaphuli,OCTANE,230,2026-01-03T09:30:00,92.165,0.0,92.165
2770,station-coxsbazar,DIESEL,230,2026-01-03T09:30:00,95.875,0.0,95.875
2771,station-coxsbazar,PETROL,230,2026-01-03T09:30:00,102.641,0.0,102.641
2772,station-coxsbazar,OCTANE,230,2026-01-03T09:30:00,51.046,0.0,51.046
2773,station-mirpur,DIESEL,231,2026-01-03T09:45:00,134.582,0.0,134.582
2774,station-mirpur,PETROL,231,2026-01-03T09:45:00,159.236,0.0,159.236
2775,station-mirpur,OCTANE,231,2026-01-03T09:45:00,89.887,0.0,89.887
2776,station-tongi,DIESEL,231,2026-01-03T09:45:00,223.617,0.0,223.617
2777,station-tongi,PETROL,231,2026-01-03T09:45:00,72.082,0.0,72.082
2778,station-tongi,OCTANE,231,2026-01-03T09:45:00,33.365,0.0,33.365
2779,station-karnaphuli,DIESEL,231,2026-01-03T09:45:00,143.111,0.0,143.111
2780,station-karnaphuli,PETROL,231,2026-01-03T09:45:00,163.878,0.0,163.878
2781,station-karnaphuli,OCTANE,231,2026-01-03T09:45:00,92.807,0.0,92.807
2782,station-coxsbazar,DIESEL,231,2026-01-03T09:45:00,97.228,0.0,97.228
2783,station-coxsbazar,PETROL,231,2026-01-03T09:45:00,97.201,0.0,97.201
2784,station-coxsbazar,OCTANE,231,2026-01-03T09:45:00,49.242,0.0,49.242
2785,station-mirpur,DIESEL,232,2026-01-03T10:00:00,61.001,0.0,61.001
2786,station-mirpur,PETROL,232,2026-01-03T10:00:00,77.807,0.0,77.807
2787,station-mirpur,OCTANE,232,2026-01-03T10:00:00,42.161,0.0,42.161
2788,station-tongi,DIESEL,232,2026-01-03T10:00:00,236.221,0.0,236.221
2789,station-tongi,PETROL,232,2026-01-03T10:00:00,68.085,0.0,68.085
2790,station-tongi,OCTANE,232,2026-01-03T10:00:00,33.053,0.0,33.053
2791,station-karnaphuli,DIESEL,232,2026-01-03T10:00:00,84.989,0.0,84.989
2792,station-karnaphuli,PETROL,232,2026-01-03T10:00:00,94.673,0.0,94.673
2793,station-karnaphuli,OCTANE,232,2026-01-03T10:00:00,50.171,0.0,50.171
2794,station-coxsbazar,DIESEL,232,2026-01-03T10:00:00,110.997,0.0,110.997
2795,station-coxsbazar,PETROL,232,2026-01-03T10:00:00,101.634,0.0,101.634
2796,station-coxsbazar,OCTANE,232,2026-01-03T10:00:00,54.472,0.0,54.472
2797,station-mirpur,DIESEL,233,2026-01-03T10:15:00,67.214,0.0,67.214
2798,station-mirpur,PETROL,233,2026-01-03T10:15:00,82.275,0.0,82.275
2799,station-mirpur,OCTANE,233,2026-01-03T10:15:00,42.737,0.0,42.737
2800,station-tongi,DIESEL,233,2026-01-03T10:15:00,210.816,0.0,210.816
2801,station-tongi,PETROL,233,2026-01-03T10:15:00,67.77,0.0,67.77
2802,station-tongi,OCTANE,233,2026-01-03T10:15:00,36.742,0.0,36.742
2803,station-karnaphuli,DIESEL,233,2026-01-03T10:15:00,98.389,0.0,98.389
2804,station-karnaphuli,PETROL,233,2026-01-03T10:15:00,98.216,0.0,98.216
2805,station-karnaphuli,OCTANE,233,2026-01-03T10:15:00,50.104,0.0,50.104
2806,station-coxsbazar,DIESEL,233,2026-01-03T10:15:00,110.224,0.0,110.224
2807,station-coxsbazar,PETROL,233,2026-01-03T10:15:00,107.163,0.0,107.163
2808,station-coxsbazar,OCTANE,233,2026-01-03T10:15:00,46.835,0.0,46.835
2809,station-mirpur,DIESEL,234,2026-01-03T10:30:00,63.217,0.0,63.217
2810,station-mirpur,PETROL,234,2026-01-03T10:30:00,75.83,0.0,75.83
2811,station-mirpur,OCTANE,234,2026-01-03T10:30:00,42.628,0.0,42.628
2812,station-tongi,DIESEL,234,2026-01-03T10:30:00,215.137,0.0,215.137
2813,station-tongi,PETROL,234,2026-01-03T10:30:00,70.263,0.0,70.263
2814,station-tongi,OCTANE,234,2026-01-03T10:30:00,34.067,0.0,34.067
2815,station-karnaphuli,DIESEL,234,2026-01-03T10:30:00,80.693,0.0,80.693
2816,station-karnaphuli,PETROL,234,2026-01-03T10:30:00,99.189,0.0,99.189
2817,station-karnaphuli,OCTANE,234,2026-01-03T10:30:00,51.632,0.0,51.632
2818,station-coxsbazar,DIESEL,234,2026-01-03T10:30:00,100.904,0.0,100.904
2819,station-coxsbazar,PETROL,234,2026-01-03T10:30:00,112.444,0.0,112.444
2820,station-coxsbazar,OCTANE,234,2026-01-03T10:30:00,47.04,0.0,47.04
2821,station-mirpur,DIESEL,235,2026-01-03T10:45:00,60.943,0.0,60.943
2822,station-mirpur,PETROL,235,2026-01-03T10:45:00,74.001,0.0,74.001
2823,station-mirpur,OCTANE,235,2026-01-03T10:45:00,37.886,0.0,37.886
2824,station-tongi,DIESEL,235,2026-01-03T10:45:00,223.009,0.0,223.009
2825,station-tongi,PETROL,235,2026-01-03T10:45:00,75.337,0.0,75.337
2826,station-tongi,OCTANE,235,2026-01-03T10:45:00,37.002,0.0,37.002
2827,station-karnaphuli,DIESEL,235,2026-01-03T10:45:00,83.959,0.0,83.959
2828,station-karnaphuli,PETROL,235,2026-01-03T10:45:00,95.764,0.0,95.764
2829,station-karnaphuli,OCTANE,235,2026-01-03T10:45:00,54.248,0.0,54.248
2830,station-coxsbazar,DIESEL,235,2026-01-03T10:45:00,102.459,0.0,102.459
2831,station-coxsbazar,PETROL,235,2026-01-03T10:45:00,102.138,0.0,102.138
2832,station-coxsbazar,OCTANE,235,2026-01-03T10:45:00,45.921,0.0,45.921
2833,station-mirpur,DIESEL,236,2026-01-03T11:00:00,57.434,0.0,57.434
2834,station-mirpur,PETROL,236,2026-01-03T11:00:00,71.646,0.0,71.646
2835,station-mirpur,OCTANE,236,2026-01-03T11:00:00,43.638,0.0,43.638
2836,station-tongi,DIESEL,236,2026-01-03T11:00:00,219.328,0.0,219.328
2837,station-tongi,PETROL,236,2026-01-03T11:00:00,72.027,0.0,72.027
2838,station-tongi,OCTANE,236,2026-01-03T11:00:00,37.359,0.0,37.359
2839,station-karnaphuli,DIESEL,236,2026-01-03T11:00:00,86.517,0.0,86.517
2840,station-karnaphuli,PETROL,236,2026-01-03T11:00:00,100.286,0.0,100.286
2841,station-karnaphuli,OCTANE,236,2026-01-03T11:00:00,54.028,0.0,54.028
2842,station-coxsbazar,DIESEL,236,2026-01-03T11:00:00,110.467,0.0,110.467
2843,station-coxsbazar,PETROL,236,2026-01-03T11:00:00,96.333,0.0,96.333
2844,station-coxsbazar,OCTANE,236,2026-01-03T11:00:00,45.625,0.0,45.625
2845,station-mirpur,DIESEL,237,2026-01-03T11:15:00,59.523,0.0,59.523
2846,station-mirpur,PETROL,237,2026-01-03T11:15:00,73.493,0.0,73.493
2847,station-mirpur,OCTANE,237,2026-01-03T11:15:00,41.849,0.0,41.849
2848,station-tongi,DIESEL,237,2026-01-03T11:15:00,225.307,0.0,225.307
2849,station-tongi,PETROL,237,2026-01-03T11:15:00,74.577,0.0,74.577
2850,station-tongi,OCTANE,237,2026-01-03T11:15:00,34.69,0.0,34.69
2851,station-karnaphuli,DIESEL,237,2026-01-03T11:15:00,87.653,0.0,87.653
2852,station-karnaphuli,PETROL,237,2026-01-03T11:15:00,88.543,0.0,88.543
2853,station-karnaphuli,OCTANE,237,2026-01-03T11:15:00,58.397,0.0,58.397
2854,station-coxsbazar,DIESEL,237,2026-01-03T11:15:00,106.762,0.0,106.762
2855,station-coxsbazar,PETROL,237,2026-01-03T11:15:00,111.443,0.0,111.443
2856,station-coxsbazar,OCTANE,237,2026-01-03T11:15:00,47.589,0.0,47.589
2857,station-mirpur,DIESEL,238,2026-01-03T11:30:00,57.365,0.0,57.365
2858,station-mirpur,PETROL,238,2026-01-03T11:30:00,74.109,0.0,74.109
2859,station-mirpur,OCTANE,238,2026-01-03T11:30:00,39.54,0.0,39.54
2860,station-tongi,DIESEL,238,2026-01-03T11:30:00,231.48,0.0,231.48
2861,station-tongi,PETROL,238,2026-01-03T11:30:00,68.571,0.0,68.571
2862,station-tongi,OCTANE,238,2026-01-03T11:30:00,32.738,0.0,32.738
2863,station-karnaphuli,DIESEL,238,2026-01-03T11:30:00,84.699,0.0,84.699
2864,station-karnaphuli,PETROL,238,2026-01-03T11:30:00,84.17,0.0,84.17
2865,station-karnaphuli,OCTANE,238,2026-01-03T11:30:00,53.926,0.0,53.926
2866,station-coxsbazar,DIESEL,238,2026-01-03T11:30:00,104.726,0.0,104.726
2867,station-coxsbazar,PETROL,238,2026-01-03T11:30:00,108.812,0.0,108.812
2868,station-coxsbazar,OCTANE,238,2026-01-03T11:30:00,51.39,0.0,51.39
2869,station-mirpur,DIESEL,239,2026-01-03T11:45:00,58.163,0.0,58.163
2870,station-mirpur,PETROL,239,2026-01-03T11:45:00,76.378,0.0,76.378
2871,station-mirpur,OCTANE,239,2026-01-03T11:45:00,44.799,0.0,44.799
2872,station-tongi,DIESEL,239,2026-01-03T11:45:00,243.623,0.0,243.623
2873,station-tongi,PETROL,239,2026-01-03T11:45:00,67.805,0.0,67.805
2874,station-tongi,OCTANE,239,2026-01-03T11:45:00,36.551,0.0,36.551
2875,station-karnaphuli,DIESEL,239,2026-01-03T11:45:00,91.161,0.0,91.161
2876,station-karnaphuli,PETROL,239,2026-01-03T11:45:00,86.459,0.0,86.459
2877,station-karnaphuli,OCTANE,239,2026-01-03T11:45:00,58.458,0.0,58.458
2878,station-coxsbazar,DIESEL,239,2026-01-03T11:45:00,110.248,0.0,110.248
2879,station-coxsbazar,PETROL,239,2026-01-03T11:45:00,99.888,0.0,99.888
2880,station-coxsbazar,OCTANE,239,2026-01-03T11:45:00,46.07,0.0,46.07
2881,station-mirpur,DIESEL,240,2026-01-03T12:00:00,57.235,0.0,57.235
2882,station-mirpur,PETROL,240,2026-01-03T12:00:00,70.109,0.0,70.109
2883,station-mirpur,OCTANE,240,2026-01-03T12:00:00,39.616,0.0,39.616
2884,station-tongi,DIESEL,240,2026-01-03T12:00:00,213.172,0.0,213.172
2885,station-tongi,PETROL,240,2026-01-03T12:00:00,72.284,0.0,72.284
2886,station-tongi,OCTANE,240,2026-01-03T12:00:00,33.477,0.0,33.477
2887,station-karnaphuli,DIESEL,240,2026-01-03T12:00:00,93.121,0.0,93.121
2888,station-karnaphuli,PETROL,240,2026-01-03T12:00:00,99.77,0.0,99.77
2889,station-karnaphuli,OCTANE,240,2026-01-03T12:00:00,49.118,0.0,49.118
2890,station-coxsbazar,DIESEL,240,2026-01-03T12:00:00,107.111,0.0,107.111
2891,station-coxsbazar,PETROL,240,2026-01-03T12:00:00,106.454,0.0,106.454
2892,station-coxsbazar,OCTANE,240,2026-01-03T12:00:00,50.118,0.0,50.118
2893,station-mirpur,DIESEL,241,2026-01-03T12:15:00,59.271,0.0,59.271
2894,station-mirpur,PETROL,241,2026-01-03T12:15:00,74.543,0.0,74.543
2895,station-mirpur,OCTANE,241,2026-01-03T12:15:00,37.8,0.0,37.8
2896,station-tongi,DIESEL,241,2026-01-03T12:15:00,228.855,0.0,228.855
2897,station-tongi,PETROL,241,2026-01-03T12:15:00,74.769,0.0,74.769
2898,station-tongi,OCTANE,241,2026-01-03T12:15:00,36.992,0.0,36.992
2899,station-karnaphuli,DIESEL,241,2026-01-03T12:15:00,89.133,0.0,89.133
2900,station-karnaphuli,PETROL,241,2026-01-03T12:15:00,98.31,0.0,98.31
2901,station-karnaphuli,OCTANE,241,2026-01-03T12:15:00,52.03,0.0,52.03
2902,station-coxsbazar,DIESEL,241,2026-01-03T12:15:00,98.027,0.0,98.027
2903,station-coxsbazar,PETROL,241,2026-01-03T12:15:00,105.306,0.0,105.306
2904,station-coxsbazar,OCTANE,241,2026-01-03T12:15:00,46.215,0.0,46.215
2905,station-mirpur,DIESEL,242,2026-01-03T12:30:00,63.335,0.0,63.335
2906,station-mirpur,PETROL,242,2026-01-03T12:30:00,69.0,0.0,69.0
2907,station-mirpur,OCTANE,242,2026-01-03T12:30:00,42.28,0.0,42.28
2908,station-tongi,DIESEL,242,2026-01-03T12:30:00,240.503,0.0,240.503
2909,station-tongi,PETROL,242,2026-01-03T12:30:00,77.363,0.0,77.363
2910,station-tongi,OCTANE,242,2026-01-03T12:30:00,34.141,0.0,34.141
2911,station-karnaphuli,DIESEL,242,2026-01-03T12:30:00,90.333,0.0,90.333
2912,station-karnaphuli,PETROL,242,2026-01-03T12:30:00,81.977,0.0,81.977
2913,station-karnaphuli,OCTANE,242,2026-01-03T12:30:00,58.103,0.0,58.103
2914,station-coxsbazar,DIESEL,242,2026-01-03T12:30:00,97.847,0.0,97.847
2915,station-coxsbazar,PETROL,242,2026-01-03T12:30:00,99.384,0.0,99.384
2916,station-coxsbazar,OCTANE,242,2026-01-03T12:30:00,50.269,0.0,50.269
2917,station-mirpur,DIESEL,243,2026-01-03T12:45:00,65.115,0.0,65.115
2918,station-mirpur,PETROL,243,2026-01-03T12:45:00,73.895,0.0,73.895
2919,station-mirpur,OCTANE,243,2026-01-03T12:45:00,43.83,0.0,43.83
2920,station-tongi,DIESEL,243,2026-01-03T12:45:00,241.172,0.0,241.172
2921,station-tongi,PETROL,243,2026-01-03T12:45:00,75.12,0.0,75.12
2922,station-tongi,OCTANE,243,2026-01-03T12:45:00,36.554,0.0,36.554
2923,station-karnaphuli,DIESEL,243,2026-01-03T12:45:00,92.688,0.0,92.688
2924,station-karnaphuli,PETROL,243,2026-01-03T12:45:00,101.679,0.0,101.679
2925,station-karnaphuli,OCTANE,243,2026-01-03T12:45:00,50.001,0.0,50.001
2926,station-coxsbazar,DIESEL,243,2026-01-03T12:45:00,109.258,0.0,109.258
2927,station-coxsbazar,PETROL,243,2026-01-03T12:45:00,96.609,0.0,96.609
2928,station-coxsbazar,OCTANE,243,2026-01-03T12:45:00,46.4,0.0,46.4
2929,station-mirpur,DIESEL,244,2026-01-03T13:00:00,60.507,0.0,60.507
2930,station-mirpur,PETROL,244,2026-01-03T13:00:00,70.549,0.0,70.549
2931,station-mirpur,OCTANE,244,2026-01-03T13:00:00,38.945,0.0,38.945
2932,station-tongi,DIESEL,244,2026-01-03T13:00:00,234.455,0.0,234.455
2933,station-tongi,PETROL,244,2026-01-03T13:00:00,73.38,0.0,73.38
2934,station-tongi,OCTANE,244,2026-01-03T13:00:00,34.098,0.0,34.098
2935,station-karnaphuli,DIESEL,244,2026-01-03T13:00:00,87.684,0.0,87.684
2936,station-karnaphuli,PETROL,244,2026-01-03T13:00:00,102.409,0.0,102.409
2937,station-karnaphuli,OCTANE,244,2026-01-03T13:00:00,50.81,0.0,50.81
2938,station-coxsbazar,DIESEL,244,2026-01-03T13:00:00,100.216,0.0,100.216
2939,station-coxsbazar,PETROL,244,2026-01-03T13:00:00,108.04,0.0,108.04
2940,station-coxsbazar,OCTANE,244,2026-01-03T13:00:00,55.572,0.0,55.572
2941,station-mirpur,DIESEL,245,2026-01-03T13:15:00,67.386,0.0,67.386
2942,station-mirpur,PETROL,245,2026-01-03T13:15:00,78.342,0.0,78.342
2943,station-mirpur,OCTANE,245,2026-01-03T13:15:00,38.602,0.0,38.602
2944,station-tongi,DIESEL,245,2026-01-03T13:15:00,213.75,0.0,213.75
2945,station-tongi,PETROL,245,2026-01-03T13:15:00,68.439,0.0,68.439
2946,station-tongi,OCTANE,245,2026-01-03T13:15:00,34.092,0.0,34.092
2947,station-karnaphuli,DIESEL,245,2026-01-03T13:15:00,84.327,0.0,84.327
2948,station-karnaphuli,PETROL,245,2026-01-03T13:15:00,87.069,0.0,87.069
2949,station-karnaphuli,OCTANE,245,2026-01-03T13:15:00,46.508,0.0,46.508
2950,station-coxsbazar,DIESEL,245,2026-01-03T13:15:00,98.971,0.0,98.971
2951,station-coxsbazar,PETROL,245,2026-01-03T13:15:00,97.947,0.0,97.947
2952,station-coxsbazar,OCTANE,245,2026-01-03T13:15:00,53.381,0.0,53.381
2953,station-mirpur,DIESEL,246,2026-01-03T13:30:00,61.023,0.0,61.023
2954,station-mirpur,PETROL,246,2026-01-03T13:30:00,84.128,0.0,84.128
2955,station-mirpur,OCTANE,246,2026-01-03T13:30:00,39.977,0.0,39.977
2956,station-tongi,DIESEL,246,2026-01-03T13:30:00,215.685,0.0,215.685
2957,station-tongi,PETROL,246,2026-01-03T13:30:00,74.267,0.0,74.267
2958,station-tongi,OCTANE,246,2026-01-03T13:30:00,36.517,0.0,36.517
2959,station-karnaphuli,DIESEL,246,2026-01-03T13:30:00,95.753,0.0,95.753
2960,station-karnaphuli,PETROL,246,2026-01-03T13:30:00,95.678,0.0,95.678
2961,station-karnaphuli,OCTANE,246,2026-01-03T13:30:00,57.898,0.0,57.898
2962,station-coxsbazar,DIESEL,246,2026-01-03T13:30:00,109.199,0.0,109.199
2963,station-coxsbazar,PETROL,246,2026-01-03T13:30:00,97.714,0.0,97.714
2964,station-coxsbazar,OCTANE,246,2026-01-03T13:30:00,46.667,0.0,46.667
2965,station-mirpur,DIESEL,247,2026-01-03T13:45:00,67.602,0.0,67.602
2966,station-mirpur,PETROL,247,2026-01-03T13:45:00,69.768,0.0,69.768
2967,station-mirpur,OCTANE,247,2026-01-03T13:45:00,37.493,0.0,37.493
2968,station-tongi,DIESEL,247,2026-01-03T13:45:00,223.433,0.0,223.433
2969,station-tongi,PETROL,247,2026-01-03T13:45:00,66.9,0.0,66.9
2970,station-tongi,OCTANE,247,2026-01-03T13:45:00,37.774,0.0,37.774
2971,station-karnaphuli,DIESEL,247,2026-01-03T13:45:00,83.516,0.0,83.516
2972,station-karnaphuli,PETROL,247,2026-01-03T13:45:00,93.431,0.0,93.431
2973,station-karnaphuli,OCTANE,247,2026-01-03T13:45:00,48.704,0.0,48.704
2974,station-coxsbazar,DIESEL,247,2026-01-03T13:45:00,103.683,0.0,103.683
2975,station-coxsbazar,PETROL,247,2026-01-03T13:45:00,113.353,0.0,113.353
2976,station-coxsbazar,OCTANE,247,2026-01-03T13:45:00,48.36,0.0,48.36
2977,station-mirpur,DIESEL,248,2026-01-03T14:00:00,56.379,0.0,56.379
2978,station-mirpur,PETROL,248,2026-01-03T14:00:00,79.954,0.0,79.954
2979,station-mirpur,OCTANE,248,2026-01-03T14:00:00,37.451,0.0,37.451
2980,station-tongi,DIESEL,248,2026-01-03T14:00:00,235.613,0.0,235.613
2981,station-tongi,PETROL,248,2026-01-03T14:00:00,73.279,0.0,73.279
2982,station-tongi,OCTANE,248,2026-01-03T14:00:00,36.498,0.0,36.498
2983,station-karnaphuli,DIESEL,248,2026-01-03T14:00:00,93.699,0.0,93.699
2984,station-karnaphuli,PETROL,248,2026-01-03T14:00:00,92.052,0.0,92.052
2985,station-karnaphuli,OCTANE,248,2026-01-03T14:00:00,56.329,0.0,56.329
2986,station-coxsbazar,DIESEL,248,2026-01-03T14:00:00,111.125,0.0,111.125
2987,station-coxsbazar,PETROL,248,2026-01-03T14:00:00,111.163,0.0,111.163
2988,station-coxsbazar,OCTANE,248,2026-01-03T14:00:00,47.656,0.0,47.656
2989,station-mirpur,DIESEL,249,2026-01-03T14:15:00,62.366,0.0,62.366
2990,station-mirpur,PETROL,249,2026-01-03T14:15:00,71.952,0.0,71.952
2991,station-mirpur,OCTANE,249,2026-01-03T14:15:00,41.857,0.0,41.857
2992,station-tongi,DIESEL,249,2026-01-03T14:15:00,227.214,0.0,227.214
2993,station-tongi,PETROL,249,2026-01-03T14:15:00,74.907,0.0,74.907
2994,station-tongi,OCTANE,249,2026-01-03T14:15:00,36.29,0.0,36.29
2995,station-karnaphuli,DIESEL,249,2026-01-03T14:15:00,89.805,0.0,89.805
2996,station-karnaphuli,PETROL,249,2026-01-03T14:15:00,88.005,0.0,88.005
2997,station-karnaphuli,OCTANE,249,2026-01-03T14:15:00,48.754,0.0,48.754
2998,station-coxsbazar,DIESEL,249,2026-01-03T14:15:00,96.767,0.0,96.767
2999,station-coxsbazar,PETROL,249,2026-01-03T14:15:00,105.712,0.0,105.712
3000,station-coxsbazar,OCTANE,249,2026-01-03T14:15:00,50.336,0.0,50.336
3001,station-mirpur,DIESEL,250,2026-01-03T14:30:00,62.978,0.0,62.978
3002,station-mirpur,PETROL,250,2026-01-03T14:30:00,77.716,0.0,77.716
3003,station-mirpur,OCTANE,250,2026-01-03T14:30:00,43.922,0.0,43.922
3004,station-tongi,DIESEL,250,2026-01-03T14:30:00,235.98,0.0,235.98
3005,station-tongi,PETROL,250,2026-01-03T14:30:00,71.613,0.0,71.613
3006,station-tongi,OCTANE,250,2026-01-03T14:30:00,37.118,0.0,37.118
3007,station-karnaphuli,DIESEL,250,2026-01-03T14:30:00,87.245,0.0,87.245
3008,station-karnaphuli,PETROL,250,2026-01-03T14:30:00,86.827,0.0,86.827
3009,station-karnaphuli,OCTANE,250,2026-01-03T14:30:00,47.156,0.0,47.156
3010,station-coxsbazar,DIESEL,250,2026-01-03T14:30:00,105.293,0.0,105.293
3011,station-coxsbazar,PETROL,250,2026-01-03T14:30:00,97.728,0.0,97.728
3012,station-coxsbazar,OCTANE,250,2026-01-03T14:30:00,47.595,0.0,47.595
3013,station-mirpur,DIESEL,251,2026-01-03T14:45:00,56.543,0.0,56.543
3014,station-mirpur,PETROL,251,2026-01-03T14:45:00,83.353,0.0,83.353
3015,station-mirpur,OCTANE,251,2026-01-03T14:45:00,41.073,0.0,41.073
3016,station-tongi,DIESEL,251,2026-01-03T14:45:00,225.479,0.0,225.479
3017,station-tongi,PETROL,251,2026-01-03T14:45:00,70.369,0.0,70.369
3018,station-tongi,OCTANE,251,2026-01-03T14:45:00,34.545,0.0,34.545
3019,station-karnaphuli,DIESEL,251,2026-01-03T14:45:00,81.949,0.0,81.949
3020,station-karnaphuli,PETROL,251,2026-01-03T14:45:00,95.504,0.0,95.504
3021,station-karnaphuli,OCTANE,251,2026-01-03T14:45:00,46.546,0.0,46.546
3022,station-coxsbazar,DIESEL,251,2026-01-03T14:45:00,97.04,0.0,97.04
3023,station-coxsbazar,PETROL,251,2026-01-03T14:45:00,97.836,0.0,97.836
3024,station-coxsbazar,OCTANE,251,2026-01-03T14:45:00,51.762,0.0,51.762
3025,station-mirpur,DIESEL,252,2026-01-03T15:00:00,62.017,0.0,62.017
3026,station-mirpur,PETROL,252,2026-01-03T15:00:00,69.739,0.0,69.739
3027,station-mirpur,OCTANE,252,2026-01-03T15:00:00,39.631,0.0,39.631
3028,station-tongi,DIESEL,252,2026-01-03T15:00:00,218.468,0.0,218.468
3029,station-tongi,PETROL,252,2026-01-03T15:00:00,68.421,0.0,68.421
3030,station-tongi,OCTANE,252,2026-01-03T15:00:00,36.347,0.0,36.347
3031,station-karnaphuli,DIESEL,252,2026-01-03T15:00:00,92.169,0.0,92.169
3032,station-karnaphuli,PETROL,252,2026-01-03T15:00:00,98.87,0.0,98.87
3033,station-karnaphuli,OCTANE,252,2026-01-03T15:00:00,50.968,0.0,50.968
3034,station-coxsbazar,DIESEL,252,2026-01-03T15:00:00,99.696,0.0,99.696
3035,station-coxsbazar,PETROL,252,2026-01-03T15:00:00,101.328,0.0,101.328
3036,station-coxsbazar,OCTANE,252,2026-01-03T15:00:00,51.411,0.0,51.411
3037,station-mirpur,DIESEL,253,2026-01-03T15:15:00,63.014,0.0,63.014
3038,station-mirpur,PETROL,253,2026-01-03T15:15:00,70.117,0.0,70.117
3039,station-mirpur,OCTANE,253,2026-01-03T15:15:00,40.863,0.0,40.863
3040,station-tongi,DIESEL,253,2026-01-03T15:15:00,209.568,0.0,209.568
3041,station-tongi,PETROL,253,2026-01-03T15:15:00,68.225,0.0,68.225
3042,station-tongi,OCTANE,253,2026-01-03T15:15:00,37.694,0.0,37.694
3043,station-karnaphuli,DIESEL,253,2026-01-03T15:15:00,98.112,0.0,98.112
3044,station-karnaphuli,PETROL,253,2026-01-03T15:15:00,88.477,0.0,88.477
3045,station-karnaphuli,OCTANE,253,2026-01-03T15:15:00,50.502,0.0,50.502
3046,station-coxsbazar,DIESEL,253,2026-01-03T15:15:00,104.934,0.0,104.934
3047,station-coxsbazar,PETROL,253,2026-01-03T15:15:00,97.294,0.0,97.294
3048,station-coxsbazar,OCTANE,253,2026-01-03T15:15:00,51.484,0.0,51.484
3049,station-mirpur,DIESEL,254,2026-01-03T15:30:00,65.636,0.0,65.636
3050,station-mirpur,PETROL,254,2026-01-03T15:30:00,69.297,0.0,69.297
3051,station-mirpur,OCTANE,254,2026-01-03T15:30:00,37.941,0.0,37.941
3052,station-tongi,DIESEL,254,2026-01-03T15:30:00,233.463,0.0,233.463
3053,station-tongi,PETROL,254,2026-01-03T15:30:00,67.55,0.0,67.55
3054,station-tongi,OCTANE,254,2026-01-03T15:30:00,34.55,0.0,34.55
3055,station-karnaphuli,DIESEL,254,2026-01-03T15:30:00,80.978,0.0,80.978
3056,station-karnaphuli,PETROL,254,2026-01-03T15:30:00,101.57,0.0,101.57
3057,station-karnaphuli,OCTANE,254,2026-01-03T15:30:00,52.705,0.0,52.705
3058,station-coxsbazar,DIESEL,254,2026-01-03T15:30:00,102.679,0.0,102.679
3059,station-coxsbazar,PETROL,254,2026-01-03T15:30:00,104.922,0.0,104.922
3060,station-coxsbazar,OCTANE,254,2026-01-03T15:30:00,53.481,0.0,53.481
3061,station-mirpur,DIESEL,255,2026-01-03T15:45:00,62.919,0.0,62.919
3062,station-mirpur,PETROL,255,2026-01-03T15:45:00,75.79,0.0,75.79
3063,station-mirpur,OCTANE,255,2026-01-03T15:45:00,42.367,0.0,42.367
3064,station-tongi,DIESEL,255,2026-01-03T15:45:00,211.585,0.0,211.585
3065,station-tongi,PETROL,255,2026-01-03T15:45:00,68.164,0.0,68.164
3066,station-tongi,OCTANE,255,2026-01-03T15:45:00,37.52,0.0,37.52
3067,station-karnaphuli,DIESEL,255,2026-01-03T15:45:00,86.183,0.0,86.183
3068,station-karnaphuli,PETROL,255,2026-01-03T15:45:00,99.973,0.0,99.973
3069,station-karnaphuli,OCTANE,255,2026-01-03T15:45:00,49.939,0.0,49.939
3070,station-coxsbazar,DIESEL,255,2026-01-03T15:45:00,98.341,0.0,98.341
3071,station-coxsbazar,PETROL,255,2026-01-03T15:45:00,103.793,0.0,103.793
3072,station-coxsbazar,OCTANE,255,2026-01-03T15:45:00,48.45,0.0,48.45
3073,station-mirpur,DIESEL,256,2026-01-03T16:00:00,124.965,0.0,124.965
3074,station-mirpur,PETROL,256,2026-01-03T16:00:00,165.043,0.0,165.043
3075,station-mirpur,OCTANE,256,2026-01-03T16:00:00,82.138,0.0,82.138
3076,station-tongi,DIESEL,256,2026-01-03T16:00:00,232.247,0.0,232.247
3077,station-tongi,PETROL,256,2026-01-03T16:00:00,78.066,0.0,78.066
3078,station-tongi,OCTANE,256,2026-01-03T16:00:00,35.421,0.0,35.421
3079,station-karnaphuli,DIESEL,256,2026-01-03T16:00:00,153.69,0.0,153.69
3080,station-karnaphuli,PETROL,256,2026-01-03T16:00:00,182.978,0.0,182.978
3081,station-karnaphuli,OCTANE,256,2026-01-03T16:00:00,86.74,0.0,86.74
3082,station-coxsbazar,DIESEL,256,2026-01-03T16:00:00,92.226,0.0,92.226
3083,station-coxsbazar,PETROL,256,2026-01-03T16:00:00,96.763,0.0,96.763
3084,station-coxsbazar,OCTANE,256,2026-01-03T16:00:00,54.725,0.0,54.725
3085,station-mirpur,DIESEL,257,2026-01-03T16:15:00,125.369,0.0,125.369
3086,station-mirpur,PETROL,257,2026-01-03T16:15:00,163.057,0.0,163.057
3087,station-mirpur,OCTANE,257,2026-01-03T16:15:00,81.132,0.0,81.132
3088,station-tongi,DIESEL,257,2026-01-03T16:15:00,225.994,0.0,225.994
3089,station-tongi,PETROL,257,2026-01-03T16:15:00,73.955,0.0,73.955
3090,station-tongi,OCTANE,257,2026-01-03T16:15:00,35.051,0.0,35.051
3091,station-karnaphuli,DIESEL,257,2026-01-03T16:15:00,155.941,0.0,155.941
3092,station-karnaphuli,PETROL,257,2026-01-03T16:15:00,181.291,0.0,181.291
3093,station-karnaphuli,OCTANE,257,2026-01-03T16:15:00,96.554,0.0,96.554
3094,station-coxsbazar,DIESEL,257,2026-01-03T16:15:00,107.893,0.0,107.893
3095,station-coxsbazar,PETROL,257,2026-01-03T16:15:00,106.085,0.0,106.085
3096,station-coxsbazar,OCTANE,257,2026-01-03T16:15:00,53.364,0.0,53.364
3097,station-mirpur,DIESEL,258,2026-01-03T16:30:00,118.213,0.0,118.213
3098,station-mirpur,PETROL,258,2026-01-03T16:30:00,168.901,0.0,168.901
3099,station-mirpur,OCTANE,258,2026-01-03T16:30:00,76.67,0.0,76.67
3100,station-tongi,DIESEL,258,2026-01-03T16:30:00,226.48,0.0,226.48
3101,station-tongi,PETROL,258,2026-01-03T16:30:00,77.971,0.0,77.971
3102,station-tongi,OCTANE,258,2026-01-03T16:30:00,35.939,0.0,35.939
3103,station-karnaphuli,DIESEL,258,2026-01-03T16:30:00,149.081,0.0,149.081
3104,station-karnaphuli,PETROL,258,2026-01-03T16:30:00,163.49,0.0,163.49
3105,station-karnaphuli,OCTANE,258,2026-01-03T16:30:00,103.931,0.0,103.931
3106,station-coxsbazar,DIESEL,258,2026-01-03T16:30:00,104.803,0.0,104.803
3107,station-coxsbazar,PETROL,258,2026-01-03T16:30:00,103.341,0.0,103.341
3108,station-coxsbazar,OCTANE,258,2026-01-03T16:30:00,54.955,0.0,54.955
3109,station-mirpur,DIESEL,259,2026-01-03T16:45:00,125.44,0.0,125.44
3110,station-mirpur,PETROL,259,2026-01-03T16:45:00,145.289,0.0,145.289
3111,station-mirpur,OCTANE,259,2026-01-03T16:45:00,85.808,0.0,85.808
3112,station-tongi,DIESEL,259,2026-01-03T16:45:00,217.758,0.0,217.758
3113,station-tongi,PETROL,259,2026-01-03T16:45:00,72.967,0.0,72.967
3114,station-tongi,OCTANE,259,2026-01-03T16:45:00,36.203,0.0,36.203
3115,station-karnaphuli,DIESEL,259,2026-01-03T16:45:00,141.374,0.0,141.374
3116,station-karnaphuli,PETROL,259,2026-01-03T16:45:00,171.987,0.0,171.987
3117,station-karnaphuli,OCTANE,259,2026-01-03T16:45:00,99.224,0.0,99.224
3118,station-coxsbazar,DIESEL,259,2026-01-03T16:45:00,91.82,0.0,91.82
3119,station-coxsbazar,PETROL,259,2026-01-03T16:45:00,110.116,0.0,110.116
3120,station-coxsbazar,OCTANE,259,2026-01-03T16:45:00,48.704,0.0,48.704
3121,station-mirpur,DIESEL,260,2026-01-03T17:00:00,139.916,0.0,139.916
3122,station-mirpur,PETROL,260,2026-01-03T17:00:00,154.879,0.0,154.879
3123,station-mirpur,OCTANE,260,2026-01-03T17:00:00,89.202,0.0,89.202
3124,station-tongi,DIESEL,260,2026-01-03T17:00:00,225.642,0.0,225.642
3125,station-tongi,PETROL,260,2026-01-03T17:00:00,70.21,0.0,70.21
3126,station-tongi,OCTANE,260,2026-01-03T17:00:00,35.97,0.0,35.97
3127,station-karnaphuli,DIESEL,260,2026-01-03T17:00:00,145.238,0.0,145.238
3128,station-karnaphuli,PETROL,260,2026-01-03T17:00:00,177.399,0.0,177.399
3129,station-karnaphuli,OCTANE,260,2026-01-03T17:00:00,82.984,0.0,82.984
3130,station-coxsbazar,DIESEL,260,2026-01-03T17:00:00,92.355,0.0,92.355
3131,station-coxsbazar,PETROL,260,2026-01-03T17:00:00,103.771,0.0,103.771
3132,station-coxsbazar,OCTANE,260,2026-01-03T17:00:00,48.084,0.0,48.084
3133,station-mirpur,DIESEL,261,2026-01-03T17:15:00,134.385,0.0,134.385
3134,station-mirpur,PETROL,261,2026-01-03T17:15:00,143.165,0.0,143.165
3135,station-mirpur,OCTANE,261,2026-01-03T17:15:00,80.585,0.0,80.585
3136,station-tongi,DIESEL,261,2026-01-03T17:15:00,230.801,0.0,230.801
3137,station-tongi,PETROL,261,2026-01-03T17:15:00,68.803,0.0,68.803
3138,station-tongi,OCTANE,261,2026-01-03T17:15:00,38.282,0.0,38.282
3139,station-karnaphuli,DIESEL,261,2026-01-03T17:15:00,170.066,0.0,170.066
3140,station-karnaphuli,PETROL,261,2026-01-03T17:15:00,179.388,0.0,179.388
3141,station-karnaphuli,OCTANE,261,2026-01-03T17:15:00,88.994,0.0,88.994
3142,station-coxsbazar,DIESEL,261,2026-01-03T17:15:00,98.818,0.0,98.818
3143,station-coxsbazar,PETROL,261,2026-01-03T17:15:00,96.412,0.0,96.412
3144,station-coxsbazar,OCTANE,261,2026-01-03T17:15:00,53.561,0.0,53.561
3145,station-mirpur,DIESEL,262,2026-01-03T17:30:00,141.151,0.0,141.151
3146,station-mirpur,PETROL,262,2026-01-03T17:30:00,167.108,0.0,167.108
3147,station-mirpur,OCTANE,262,2026-01-03T17:30:00,82.904,0.0,82.904
3148,station-tongi,DIESEL,262,2026-01-03T17:30:00,217.959,0.0,217.959
3149,station-tongi,PETROL,262,2026-01-03T17:30:00,67.819,0.0,67.819
3150,station-tongi,OCTANE,262,2026-01-03T17:30:00,37.938,0.0,37.938
3151,station-karnaphuli,DIESEL,262,2026-01-03T17:30:00,171.285,0.0,171.285
3152,station-karnaphuli,PETROL,262,2026-01-03T17:30:00,164.282,0.0,164.282
3153,station-karnaphuli,OCTANE,262,2026-01-03T17:30:00,101.365,0.0,101.365
3154,station-coxsbazar,DIESEL,262,2026-01-03T17:30:00,92.559,0.0,92.559
3155,station-coxsbazar,PETROL,262,2026-01-03T17:30:00,109.771,0.0,109.771
3156,station-coxsbazar,OCTANE,262,2026-01-03T17:30:00,50.083,0.0,50.083
3157,station-mirpur,DIESEL,263,2026-01-03T17:45:00,137.184,0.0,137.184
3158,station-mirpur,PETROL,263,2026-01-03T17:45:00,154.988,0.0,154.988
3159,station-mirpur,OCTANE,263,2026-01-03T17:45:00,79.811,0.0,79.811
3160,station-tongi,DIESEL,263,2026-01-03T17:45:00,223.549,0.0,223.549
3161,station-tongi,PETROL,263,2026-01-03T17:45:00,71.61,0.0,71.61
3162,station-tongi,OCTANE,263,2026-01-03T17:45:00,37.694,0.0,37.694
3163,station-karnaphuli,DIESEL,263,2026-01-03T17:45:00,166.035,0.0,166.035
3164,station-karnaphuli,PETROL,263,2026-01-03T17:45:00,165.834,0.0,165.834
3165,station-karnaphuli,OCTANE,263,2026-01-03T17:45:00,100.706,0.0,100.706
3166,station-coxsbazar,DIESEL,263,2026-01-03T17:45:00,107.241,0.0,107.241
3167,station-coxsbazar,PETROL,263,2026-01-03T17:45:00,103.818,0.0,103.818
3168,station-coxsbazar,OCTANE,263,2026-01-03T17:45:00,49.505,0.0,49.505
3169,station-mirpur,DIESEL,264,2026-01-03T18:00:00,120.227,0.0,120.227
3170,station-mirpur,PETROL,264,2026-01-03T18:00:00,164.987,0.0,164.987
3171,station-mirpur,OCTANE,264,2026-01-03T18:00:00,87.173,0.0,87.173
3172,station-tongi,DIESEL,264,2026-01-03T18:00:00,65.464,0.0,65.464
3173,station-tongi,PETROL,264,2026-01-03T18:00:00,21.378,0.0,21.378
3174,station-tongi,OCTANE,264,2026-01-03T18:00:00,10.763,0.0,10.763
3175,station-karnaphuli,DIESEL,264,2026-01-03T18:00:00,155.318,0.0,155.318
3176,station-karnaphuli,PETROL,264,2026-01-03T18:00:00,163.762,0.0,163.762
3177,station-karnaphuli,OCTANE,264,2026-01-03T18:00:00,90.297,0.0,90.297
3178,station-coxsbazar,DIESEL,264,2026-01-03T18:00:00,109.326,0.0,109.326
3179,station-coxsbazar,PETROL,264,2026-01-03T18:00:00,100.858,0.0,100.858
3180,station-coxsbazar,OCTANE,264,2026-01-03T18:00:00,47.598,0.0,47.598
3181,station-mirpur,DIESEL,265,2026-01-03T18:15:00,116.35,0.0,116.35
3182,station-mirpur,PETROL,265,2026-01-03T18:15:00,173.531,0.0,173.531
3183,station-mirpur,OCTANE,265,2026-01-03T18:15:00,87.529,0.0,87.529
3184,station-tongi,DIESEL,265,2026-01-03T18:15:00,61.343,0.0,61.343
3185,station-tongi,PETROL,265,2026-01-03T18:15:00,22.566,0.0,22.566
3186,station-tongi,OCTANE,265,2026-01-03T18:15:00,10.716,0.0,10.716
3187,station-karnaphuli,DIESEL,265,2026-01-03T18:15:00,146.232,0.0,146.232
3188,station-karnaphuli,PETROL,265,2026-01-03T18:15:00,176.325,0.0,176.325
3189,station-karnaphuli,OCTANE,265,2026-01-03T18:15:00,87.838,0.0,87.838
3190,station-coxsbazar,DIESEL,265,2026-01-03T18:15:00,92.155,0.0,92.155
3191,station-coxsbazar,PETROL,265,2026-01-03T18:15:00,99.677,0.0,99.677
3192,station-coxsbazar,OCTANE,265,2026-01-03T18:15:00,51.863,0.0,51.863
3193,station-mirpur,DIESEL,266,2026-01-03T18:30:00,118.968,0.0,118.968
3194,station-mirpur,PETROL,266,2026-01-03T18:30:00,143.213,0.0,143.213
3195,station-mirpur,OCTANE,266,2026-01-03T18:30:00,82.423,0.0,82.423
3196,station-tongi,DIESEL,266,2026-01-03T18:30:00,67.014,0.0,67.014
3197,station-tongi,PETROL,266,2026-01-03T18:30:00,20.654,0.0,20.654
3198,station-tongi,OCTANE,266,2026-01-03T18:30:00,9.497,0.0,9.497
3199,station-karnaphuli,DIESEL,266,2026-01-03T18:30:00,158.633,0.0,158.633
3200,station-karnaphuli,PETROL,266,2026-01-03T18:30:00,170.711,0.0,170.711
3201,station-karnaphuli,OCTANE,266,2026-01-03T18:30:00,93.0,0.0,93.0
3202,station-coxsbazar,DIESEL,266,2026-01-03T18:30:00,103.582,0.0,103.582
3203,station-coxsbazar,PETROL,266,2026-01-03T18:30:00,113.702,0.0,113.702
3204,station-coxsbazar,OCTANE,266,2026-01-03T18:30:00,55.126,0.0,55.126
3205,station-mirpur,DIESEL,267,2026-01-03T18:45:00,136.641,0.0,136.641
3206,station-mirpur,PETROL,267,2026-01-03T18:45:00,150.426,0.0,150.426
3207,station-mirpur,OCTANE,267,2026-01-03T18:45:00,81.816,0.0,81.816
3208,station-tongi,DIESEL,267,2026-01-03T18:45:00,67.784,0.0,67.784
3209,station-tongi,PETROL,267,2026-01-03T18:45:00,21.953,0.0,21.953
3210,station-tongi,OCTANE,267,2026-01-03T18:45:00,9.898,0.0,9.898
3211,station-karnaphuli,DIESEL,267,2026-01-03T18:45:00,151.721,0.0,151.721
3212,station-karnaphuli,PETROL,267,2026-01-03T18:45:00,185.853,0.0,185.853
3213,station-karnaphuli,OCTANE,267,2026-01-03T18:45:00,99.978,0.0,99.978
3214,station-coxsbazar,DIESEL,267,2026-01-03T18:45:00,100.972,0.0,100.972
3215,station-coxsbazar,PETROL,267,2026-01-03T18:45:00,117.27,0.0,117.27
3216,station-coxsbazar,OCTANE,267,2026-01-03T18:45:00,54.406,0.0,54.406
3217,station-mirpur,DIESEL,268,2026-01-03T19:00:00,138.511,0.0,138.511
3218,station-mirpur,PETROL,268,2026-01-03T19:00:00,145.514,0.0,145.514
3219,station-mirpur,OCTANE,268,2026-01-03T19:00:00,84.707,0.0,84.707
3220,station-tongi,DIESEL,268,2026-01-03T19:00:00,64.965,0.0,64.965
3221,station-tongi,PETROL,268,2026-01-03T19:00:00,20.61,0.0,20.61
3222,station-tongi,OCTANE,268,2026-01-03T19:00:00,9.82,0.0,9.82
3223,station-karnaphuli,DIESEL,268,2026-01-03T19:00:00,162.856,0.0,162.856
3224,station-karnaphuli,PETROL,268,2026-01-03T19:00:00,149.689,0.0,149.689
3225,station-karnaphuli,OCTANE,268,2026-01-03T19:00:00,104.76,0.0,104.76
3226,station-coxsbazar,DIESEL,268,2026-01-03T19:00:00,98.145,0.0,98.145
3227,station-coxsbazar,PETROL,268,2026-01-03T19:00:00,107.209,0.0,107.209
3228,station-coxsbazar,OCTANE,268,2026-01-03T19:00:00,47.205,0.0,47.205
3229,station-mirpur,DIESEL,269,2026-01-03T19:15:00,121.769,0.0,121.769
3230,station-mirpur,PETROL,269,2026-01-03T19:15:00,158.986,0.0,158.986
3231,station-mirpur,OCTANE,269,2026-01-03T19:15:00,91.265,0.0,91.265
3232,station-tongi,DIESEL,269,2026-01-03T19:15:00,62.136,0.0,62.136
3233,station-tongi,PETROL,269,2026-01-03T19:15:00,22.74,0.0,22.74
3234,station-tongi,OCTANE,269,2026-01-03T19:15:00,10.512,0.0,10.512
3235,station-karnaphuli,DIESEL,269,2026-01-03T19:15:00,173.161,0.0,173.161
3236,station-karnaphuli,PETROL,269,2026-01-03T19:15:00,183.79,0.0,183.79
3237,station-karnaphuli,OCTANE,269,2026-01-03T19:15:00,88.503,0.0,88.503
3238,station-coxsbazar,DIESEL,269,2026-01-03T19:15:00,99.947,0.0,99.947
3239,station-coxsbazar,PETROL,269,2026-01-03T19:15:00,105.259,0.0,105.259
3240,station-coxsbazar,OCTANE,269,2026-01-03T19:15:00,46.417,0.0,46.417
3241,station-mirpur,DIESEL,270,2026-01-03T19:30:00,135.285,0.0,135.285
3242,station-mirpur,PETROL,270,2026-01-03T19:30:00,174.352,0.0,174.352
3243,station-mirpur,OCTANE,270,2026-01-03T19:30:00,91.607,0.0,91.607
3244,station-tongi,DIESEL,270,2026-01-03T19:30:00,66.927,0.0,66.927
3245,station-tongi,PETROL,270,2026-01-03T19:30:00,22.238,0.0,22.238
3246,station-tongi,OCTANE,270,2026-01-03T19:30:00,10.308,0.0,10.308
3247,station-karnaphuli,DIESEL,270,2026-01-03T19:30:00,156.872,0.0,156.872
3248,station-karnaphuli,PETROL,270,2026-01-03T19:30:00,162.743,0.0,162.743
3249,station-karnaphuli,OCTANE,270,2026-01-03T19:30:00,88.3,0.0,88.3
3250,station-coxsbazar,DIESEL,270,2026-01-03T19:30:00,107.803,0.0,107.803
3251,station-coxsbazar,PETROL,270,2026-01-03T19:30:00,103.471,0.0,103.471
3252,station-coxsbazar,OCTANE,270,2026-01-03T19:30:00,51.941,0.0,51.941
3253,station-mirpur,DIESEL,271,2026-01-03T19:45:00,130.103,0.0,130.103
3254,station-mirpur,PETROL,271,2026-01-03T19:45:00,170.596,0.0,170.596
3255,station-mirpur,OCTANE,271,2026-01-03T19:45:00,85.354,0.0,85.354
3256,station-tongi,DIESEL,271,2026-01-03T19:45:00,65.849,0.0,65.849
3257,station-tongi,PETROL,271,2026-01-03T19:45:00,21.647,0.0,21.647
3258,station-tongi,OCTANE,271,2026-01-03T19:45:00,10.884,0.0,10.884
3259,station-karnaphuli,DIESEL,271,2026-01-03T19:45:00,168.419,0.0,168.419
3260,station-karnaphuli,PETROL,271,2026-01-03T19:45:00,160.18,0.0,160.18
3261,station-karnaphuli,OCTANE,271,2026-01-03T19:45:00,96.051,0.0,96.051
3262,station-coxsbazar,DIESEL,271,2026-01-03T19:45:00,107.559,0.0,107.559
3263,station-coxsbazar,PETROL,271,2026-01-03T19:45:00,109.862,0.0,109.862
3264,station-coxsbazar,OCTANE,271,2026-01-03T19:45:00,47.306,0.0,47.306
3265,station-mirpur,DIESEL,272,2026-01-03T20:00:00,140.123,0.0,140.123
3266,station-mirpur,PETROL,272,2026-01-03T20:00:00,166.066,0.0,166.066
3267,station-mirpur,OCTANE,272,2026-01-03T20:00:00,83.956,0.0,83.956
3268,station-tongi,DIESEL,272,2026-01-03T20:00:00,67.419,0.0,67.419
3269,station-tongi,PETROL,272,2026-01-03T20:00:00,21.386,0.0,21.386
3270,station-tongi,OCTANE,272,2026-01-03T20:00:00,10.948,0.0,10.948
3271,station-karnaphuli,DIESEL,272,2026-01-03T20:00:00,149.924,0.0,149.924
3272,station-karnaphuli,PETROL,272,2026-01-03T20:00:00,184.981,0.0,184.981
3273,station-karnaphuli,OCTANE,272,2026-01-03T20:00:00,83.338,0.0,83.338
3274,station-coxsbazar,DIESEL,272,2026-01-03T20:00:00,99.372,0.0,99.372
3275,station-coxsbazar,PETROL,272,2026-01-03T20:00:00,102.943,0.0,102.943
3276,station-coxsbazar,OCTANE,272,2026-01-03T20:00:00,47.641,0.0,47.641
3277,station-mirpur,DIESEL,273,2026-01-03T20:15:00,137.393,0.0,137.393
3278,station-mirpur,PETROL,273,2026-01-03T20:15:00,168.25,0.0,168.25
3279,station-mirpur,OCTANE,273,2026-01-03T20:15:00,80.7,0.0,80.7
3280,station-tongi,DIESEL,273,2026-01-03T20:15:00,67.852,0.0,67.852
3281,station-tongi,PETROL,273,2026-01-03T20:15:00,19.428,0.0,19.428
3282,station-tongi,OCTANE,273,2026-01-03T20:15:00,10.088,0.0,10.088
3283,station-karnaphuli,DIESEL,273,2026-01-03T20:15:00,176.103,0.0,176.103
3284,station-karnaphuli,PETROL,273,2026-01-03T20:15:00,186.931,0.0,186.931
3285,station-karnaphuli,OCTANE,273,2026-01-03T20:15:00,97.873,0.0,97.873
3286,station-coxsbazar,DIESEL,273,2026-01-03T20:15:00,111.32,0.0,111.32
3287,station-coxsbazar,PETROL,273,2026-01-03T20:15:00,105.078,0.0,105.078
3288,station-coxsbazar,OCTANE,273,2026-01-03T20:15:00,49.388,0.0,49.388
3289,station-mirpur,DIESEL,274,2026-01-03T20:30:00,141.097,0.0,141.097
3290,station-mirpur,PETROL,274,2026-01-03T20:30:00,165.993,0.0,165.993
3291,station-mirpur,OCTANE,274,2026-01-03T20:30:00,81.955,0.0,81.955
3292,station-tongi,DIESEL,274,2026-01-03T20:30:00,60.997,0.0,60.997
3293,station-tongi,PETROL,274,2026-01-03T20:30:00,20.317,0.0,20.317
3294,station-tongi,OCTANE,274,2026-01-03T20:30:00,10.561,0.0,10.561
3295,station-karnaphuli,DIESEL,274,2026-01-03T20:30:00,160.777,0.0,160.777
3296,station-karnaphuli,PETROL,274,2026-01-03T20:30:00,160.115,0.0,160.115
3297,station-karnaphuli,OCTANE,274,2026-01-03T20:30:00,94.866,0.0,94.866
3298,station-coxsbazar,DIESEL,274,2026-01-03T20:30:00,95.174,0.0,95.174
3299,station-coxsbazar,PETROL,274,2026-01-03T20:30:00,110.744,0.0,110.744
3300,station-coxsbazar,OCTANE,274,2026-01-03T20:30:00,49.621,0.0,49.621
3301,station-mirpur,DIESEL,275,2026-01-03T20:45:00,139.782,0.0,139.782
3302,station-mirpur,PETROL,275,2026-01-03T20:45:00,147.631,0.0,147.631
3303,station-mirpur,OCTANE,275,2026-01-03T20:45:00,81.299,0.0,81.299
3304,station-tongi,DIESEL,275,2026-01-03T20:45:00,70.114,0.0,70.114
3305,station-tongi,PETROL,275,2026-01-03T20:45:00,19.562,0.0,19.562
3306,station-tongi,OCTANE,275,2026-01-03T20:45:00,10.791,0.0,10.791
3307,station-karnaphuli,DIESEL,275,2026-01-03T20:45:00,166.183,0.0,166.183
3308,station-karnaphuli,PETROL,275,2026-01-03T20:45:00,183.929,0.0,183.929
3309,station-karnaphuli,OCTANE,275,2026-01-03T20:45:00,100.117,0.0,100.117
3310,station-coxsbazar,DIESEL,275,2026-01-03T20:45:00,93.523,0.0,93.523
3311,station-coxsbazar,PETROL,275,2026-01-03T20:45:00,97.927,0.0,97.927
3312,station-coxsbazar,OCTANE,275,2026-01-03T20:45:00,47.804,0.0,47.804
3313,station-mirpur,DIESEL,276,2026-01-03T21:00:00,61.504,0.0,61.504
3314,station-mirpur,PETROL,276,2026-01-03T21:00:00,70.297,0.0,70.297
3315,station-mirpur,OCTANE,276,2026-01-03T21:00:00,41.177,0.0,41.177
3316,station-tongi,DIESEL,276,2026-01-03T21:00:00,66.674,0.0,66.674
3317,station-tongi,PETROL,276,2026-01-03T21:00:00,20.518,0.0,20.518
3318,station-tongi,OCTANE,276,2026-01-03T21:00:00,10.002,0.0,10.002
3319,station-karnaphuli,DIESEL,276,2026-01-03T21:00:00,96.778,0.0,96.778
3320,station-karnaphuli,PETROL,276,2026-01-03T21:00:00,82.277,0.0,82.277
3321,station-karnaphuli,OCTANE,276,2026-01-03T21:00:00,55.199,0.0,55.199
3322,station-coxsbazar,DIESEL,276,2026-01-03T21:00:00,55.275,0.0,55.275
3323,station-coxsbazar,PETROL,276,2026-01-03T21:00:00,52.857,0.0,52.857
3324,station-coxsbazar,OCTANE,276,2026-01-03T21:00:00,27.022,0.0,27.022
3325,station-mirpur,DIESEL,277,2026-01-03T21:15:00,65.136,0.0,65.136
3326,station-mirpur,PETROL,277,2026-01-03T21:15:00,73.911,0.0,73.911
3327,station-mirpur,OCTANE,277,2026-01-03T21:15:00,38.164,0.0,38.164
3328,station-tongi,DIESEL,277,2026-01-03T21:15:00,60.706,0.0,60.706
3329,station-tongi,PETROL,277,2026-01-03T21:15:00,22.139,0.0,22.139
3330,station-tongi,OCTANE,277,2026-01-03T21:15:00,9.655,0.0,9.655
3331,station-karnaphuli,DIESEL,277,2026-01-03T21:15:00,96.401,0.0,96.401
3332,station-karnaphuli,PETROL,277,2026-01-03T21:15:00,98.639,0.0,98.639
3333,station-karnaphuli,OCTANE,277,2026-01-03T21:15:00,56.67,0.0,56.67
3334,station-coxsbazar,DIESEL,277,2026-01-03T21:15:00,55.911,0.0,55.911
3335,station-coxsbazar,PETROL,277,2026-01-03T21:15:00,52.949,0.0,52.949
3336,station-coxsbazar,OCTANE,277,2026-01-03T21:15:00,27.492,0.0,27.492
3337,station-mirpur,DIESEL,278,2026-01-03T21:30:00,60.756,0.0,60.756
3338,station-mirpur,PETROL,278,2026-01-03T21:30:00,74.942,0.0,74.942
3339,station-mirpur,OCTANE,278,2026-01-03T21:30:00,38.887,0.0,38.887
3340,station-tongi,DIESEL,278,2026-01-03T21:30:00,65.551,0.0,65.551
3341,station-tongi,PETROL,278,2026-01-03T21:30:00,20.73,0.0,20.73
3342,station-tongi,OCTANE,278,2026-01-03T21:30:00,10.806,0.0,10.806
3343,station-karnaphuli,DIESEL,278,2026-01-03T21:30:00,96.269,0.0,96.269
3344,station-karnaphuli,PETROL,278,2026-01-03T21:30:00,90.598,0.0,90.598
3345,station-karnaphuli,OCTANE,278,2026-01-03T21:30:00,49.712,0.0,49.712
3346,station-coxsbazar,DIESEL,278,2026-01-03T21:30:00,55.21,0.0,55.21
3347,station-coxsbazar,PETROL,278,2026-01-03T21:30:00,54.744,0.0,54.744
3348,station-coxsbazar,OCTANE,278,2026-01-03T21:30:00,25.849,0.0,25.849
3349,station-mirpur,DIESEL,279,2026-01-03T21:45:00,65.337,0.0,65.337
3350,station-mirpur,PETROL,279,2026-01-03T21:45:00,82.035,0.0,82.035
3351,station-mirpur,OCTANE,279,2026-01-03T21:45:00,37.13,0.0,37.13
3352,station-tongi,DIESEL,279,2026-01-03T21:45:00,65.002,0.0,65.002
3353,station-tongi,PETROL,279,2026-01-03T21:45:00,20.953,0.0,20.953
3354,station-tongi,OCTANE,279,2026-01-03T21:45:00,10.7,0.0,10.7
3355,station-karnaphuli,DIESEL,279,2026-01-03T21:45:00,81.933,0.0,81.933
3356,station-karnaphuli,PETROL,279,2026-01-03T21:45:00,100.318,0.0,100.318
3357,station-karnaphuli,OCTANE,279,2026-01-03T21:45:00,58.229,0.0,58.229
3358,station-coxsbazar,DIESEL,279,2026-01-03T21:45:00,56.425,0.0,56.425
3359,station-coxsbazar,PETROL,279,2026-01-03T21:45:00,60.322,0.0,60.322
3360,station-coxsbazar,OCTANE,279,2026-01-03T21:45:00,24.732,0.0,24.732
3361,station-mirpur,DIESEL,280,2026-01-03T22:00:00,61.403,0.0,61.403
3362,station-mirpur,PETROL,280,2026-01-03T22:00:00,75.397,0.0,75.397
3363,station-mirpur,OCTANE,280,2026-01-03T22:00:00,41.904,0.0,41.904
3364,station-tongi,DIESEL,280,2026-01-03T22:00:00,62.792,0.0,62.792
3365,station-tongi,PETROL,280,2026-01-03T22:00:00,19.472,0.0,19.472
3366,station-tongi,OCTANE,280,2026-01-03T22:00:00,10.923,0.0,10.923
3367,station-karnaphuli,DIESEL,280,2026-01-03T22:00:00,92.27,0.0,92.27
3368,station-karnaphuli,PETROL,280,2026-01-03T22:00:00,84.504,0.0,84.504
3369,station-karnaphuli,OCTANE,280,2026-01-03T22:00:00,50.048,0.0,50.048
3370,station-coxsbazar,DIESEL,280,2026-01-03T22:00:00,52.729,0.0,52.729
3371,station-coxsbazar,PETROL,280,2026-01-03T22:00:00,58.548,0.0,58.548
3372,station-coxsbazar,OCTANE,280,2026-01-03T22:00:00,28.282,0.0,28.282
3373,station-mirpur,DIESEL,281,2026-01-03T22:15:00,59.13,0.0,59.13
3374,station-mirpur,PETROL,281,2026-01-03T22:15:00,69.041,0.0,69.041
3375,station-mirpur,OCTANE,281,2026-01-03T22:15:00,38.767,0.0,38.767
3376,station-tongi,DIESEL,281,2026-01-03T22:15:00,65.172,0.0,65.172
3377,station-tongi,PETROL,281,2026-01-03T22:15:00,20.007,0.0,20.007
3378,station-tongi,OCTANE,281,2026-01-03T22:15:00,10.265,0.0,10.265
3379,station-karnaphuli,DIESEL,281,2026-01-03T22:15:00,83.284,0.0,83.284
3380,station-karnaphuli,PETROL,281,2026-01-03T22:15:00,93.714,0.0,93.714
3381,station-karnaphuli,OCTANE,281,2026-01-03T22:15:00,56.74,0.0,56.74
3382,station-coxsbazar,DIESEL,281,2026-01-03T22:15:00,56.232,0.0,56.232
3383,station-coxsbazar,PETROL,281,2026-01-03T22:15:00,54.905,0.0,54.905
3384,station-coxsbazar,OCTANE,281,2026-01-03T22:15:00,28.377,0.0,28.377
3385,station-mirpur,DIESEL,282,2026-01-03T22:30:00,59.314,0.0,59.314
3386,station-mirpur,PETROL,282,2026-01-03T22:30:00,76.592,0.0,76.592
3387,station-mirpur,OCTANE,282,2026-01-03T22:30:00,41.074,0.0,41.074
3388,station-tongi,DIESEL,282,2026-01-03T22:30:00,68.937,0.0,68.937
3389,station-tongi,PETROL,282,2026-01-03T22:30:00,21.746,0.0,21.746
3390,station-tongi,OCTANE,282,2026-01-03T22:30:00,9.58,0.0,9.58
3391,station-karnaphuli,DIESEL,282,2026-01-03T22:30:00,80.57,0.0,80.57
3392,station-karnaphuli,PETROL,282,2026-01-03T22:30:00,101.57,0.0,101.57
3393,station-karnaphuli,OCTANE,282,2026-01-03T22:30:00,48.896,0.0,48.896
3394,station-coxsbazar,DIESEL,282,2026-01-03T22:30:00,55.42,0.0,55.42
3395,station-coxsbazar,PETROL,282,2026-01-03T22:30:00,60.773,0.0,60.773
3396,station-coxsbazar,OCTANE,282,2026-01-03T22:30:00,28.779,0.0,28.779
3397,station-mirpur,DIESEL,283,2026-01-03T22:45:00,59.112,0.0,59.112
3398,station-mirpur,PETROL,283,2026-01-03T22:45:00,79.641,0.0,79.641
3399,station-mirpur,OCTANE,283,2026-01-03T22:45:00,39.02,0.0,39.02
3400,station-tongi,DIESEL,283,2026-01-03T22:45:00,67.654,0.0,67.654
3401,station-tongi,PETROL,283,2026-01-03T22:45:00,20.196,0.0,20.196
3402,station-tongi,OCTANE,283,2026-01-03T22:45:00,9.769,0.0,9.769
3403,station-karnaphuli,DIESEL,283,2026-01-03T22:45:00,85.191,0.0,85.191
3404,station-karnaphuli,PETROL,283,2026-01-03T22:45:00,86.88,0.0,86.88
3405,station-karnaphuli,OCTANE,283,2026-01-03T22:45:00,48.927,0.0,48.927
3406,station-coxsbazar,DIESEL,283,2026-01-03T22:45:00,56.599,0.0,56.599
3407,station-coxsbazar,PETROL,283,2026-01-03T22:45:00,58.94,0.0,58.94
3408,station-coxsbazar,OCTANE,283,2026-01-03T22:45:00,25.041,0.0,25.041
3409,station-mirpur,DIESEL,284,2026-01-03T23:00:00,66.22,0.0,66.22
3410,station-mirpur,PETROL,284,2026-01-03T23:00:00,72.548,0.0,72.548
3411,station-mirpur,OCTANE,284,2026-01-03T23:00:00,43.839,0.0,43.839
3412,station-tongi,DIESEL,284,2026-01-03T23:00:00,62.973,0.0,62.973
3413,station-tongi,PETROL,284,2026-01-03T23:00:00,21.207,0.0,21.207
3414,station-tongi,OCTANE,284,2026-01-03T23:00:00,9.987,0.0,9.987
3415,station-karnaphuli,DIESEL,284,2026-01-03T23:00:00,87.309,0.0,87.309
3416,station-karnaphuli,PETROL,284,2026-01-03T23:00:00,99.137,0.0,99.137
3417,station-karnaphuli,OCTANE,284,2026-01-03T23:00:00,56.641,0.0,56.641
3418,station-coxsbazar,DIESEL,284,2026-01-03T23:00:00,54.022,0.0,54.022
3419,station-coxsbazar,PETROL,284,2026-01-03T23:00:00,52.937,0.0,52.937
3420,station-coxsbazar,OCTANE,284,2026-01-03T23:00:00,25.145,0.0,25.145
3421,station-mirpur,DIESEL,285,2026-01-03T23:15:00,57.858,0.0,57.858
3422,station-mirpur,PETROL,285,2026-01-03T23:15:00,81.823,0.0,81.823
3423,station-mirpur,OCTANE,285,2026-01-03T23:15:00,40.483,0.0,40.483
3424,station-tongi,DIESEL,285,2026-01-03T23:15:00,60.763,0.0,60.763
3425,station-tongi,PETROL,285,2026-01-03T23:15:00,22.511,0.0,22.511
3426,station-tongi,OCTANE,285,2026-01-03T23:15:00,10.379,0.0,10.379
3427,station-karnaphuli,DIESEL,285,2026-01-03T23:15:00,85.46,0.0,85.46
3428,station-karnaphuli,PETROL,285,2026-01-03T23:15:00,93.451,0.0,93.451
3429,station-karnaphuli,OCTANE,285,2026-01-03T23:15:00,53.494,0.0,53.494
3430,station-coxsbazar,DIESEL,285,2026-01-03T23:15:00,51.363,0.0,51.363
3431,station-coxsbazar,PETROL,285,2026-01-03T23:15:00,55.109,0.0,55.109
3432,station-coxsbazar,OCTANE,285,2026-01-03T23:15:00,24.114,0.0,24.114
3433,station-mirpur,DIESEL,286,2026-01-03T23:30:00,58.0,0.0,58.0
3434,station-mirpur,PETROL,286,2026-01-03T23:30:00,74.571,0.0,74.571
3435,station-mirpur,OCTANE,286,2026-01-03T23:30:00,37.485,0.0,37.485
3436,station-tongi,DIESEL,286,2026-01-03T23:30:00,60.836,0.0,60.836
3437,station-tongi,PETROL,286,2026-01-03T23:30:00,21.838,0.0,21.838
3438,station-tongi,OCTANE,286,2026-01-03T23:30:00,11.081,0.0,11.081
3439,station-karnaphuli,DIESEL,286,2026-01-03T23:30:00,81.982,0.0,81.982
3440,station-karnaphuli,PETROL,286,2026-01-03T23:30:00,100.185,0.0,100.185
3441,station-karnaphuli,OCTANE,286,2026-01-03T23:30:00,50.668,0.0,50.668
3442,station-coxsbazar,DIESEL,286,2026-01-03T23:30:00,51.914,0.0,51.914
3443,station-coxsbazar,PETROL,286,2026-01-03T23:30:00,53.958,0.0,53.958
3444,station-coxsbazar,OCTANE,286,2026-01-03T23:30:00,24.897,0.0,24.897
3445,station-mirpur,DIESEL,287,2026-01-03T23:45:00,66.595,0.0,66.595
3446,station-mirpur,PETROL,287,2026-01-03T23:45:00,76.459,0.0,76.459
3447,station-mirpur,OCTANE,287,2026-01-03T23:45:00,42.929,0.0,42.929
3448,station-tongi,DIESEL,287,2026-01-03T23:45:00,60.457,0.0,60.457
3449,station-tongi,PETROL,287,2026-01-03T23:45:00,21.126,0.0,21.126
3450,station-tongi,OCTANE,287,2026-01-03T23:45:00,11.124,0.0,11.124
3451,station-karnaphuli,DIESEL,287,2026-01-03T23:45:00,82.461,0.0,82.461
3452,station-karnaphuli,PETROL,287,2026-01-03T23:45:00,96.163,0.0,96.163
3453,station-karnaphuli,OCTANE,287,2026-01-03T23:45:00,53.08,0.0,53.08
3454,station-coxsbazar,DIESEL,287,2026-01-03T23:45:00,57.28,0.0,57.28
3455,station-coxsbazar,PETROL,287,2026-01-03T23:45:00,59.289,0.0,59.289
3456,station-coxsbazar,OCTANE,287,2026-01-03T23:45:00,28.244,0.0,28.244
3457,station-mirpur,DIESEL,288,2026-01-04T00:00:00,58.206,0.0,58.206
3458,station-mirpur,PETROL,288,2026-01-04T00:00:00,75.866,0.0,75.866
3459,station-mirpur,OCTANE,288,2026-01-04T00:00:00,37.034,0.0,37.034
3460,station-tongi,DIESEL,288,2026-01-04T00:00:00,63.93,0.0,63.93
3461,station-tongi,PETROL,288,2026-01-04T00:00:00,20.592,0.0,20.592
3462,station-tongi,OCTANE,288,2026-01-04T00:00:00,10.292,0.0,10.292
3463,station-karnaphuli,DIESEL,288,2026-01-04T00:00:00,89.278,0.0,89.278
3464,station-karnaphuli,PETROL,288,2026-01-04T00:00:00,89.403,0.0,89.403
3465,station-karnaphuli,OCTANE,288,2026-01-04T00:00:00,57.05,0.0,57.05
3466,station-coxsbazar,DIESEL,288,2026-01-04T00:00:00,49.689,0.0,49.689
3467,station-coxsbazar,PETROL,288,2026-01-04T00:00:00,60.705,0.0,60.705
3468,station-coxsbazar,OCTANE,288,2026-01-04T00:00:00,26.303,0.0,26.303
3469,station-mirpur,DIESEL,289,2026-01-04T00:15:00,64.08,0.0,64.08
3470,station-mirpur,PETROL,289,2026-01-04T00:15:00,70.749,0.0,70.749
3471,station-mirpur,OCTANE,289,2026-01-04T00:15:00,41.335,0.0,41.335
3472,station-tongi,DIESEL,289,2026-01-04T00:15:00,62.208,0.0,62.208
3473,station-tongi,PETROL,289,2026-01-04T00:15:00,21.613,0.0,21.613
3474,station-tongi,OCTANE,289,2026-01-04T00:15:00,10.217,0.0,10.217
3475,station-karnaphuli,DIESEL,289,2026-01-04T00:15:00,83.553,0.0,83.553
3476,station-karnaphuli,PETROL,289,2026-01-04T00:15:00,83.066,0.0,83.066
3477,station-karnaphuli,OCTANE,289,2026-01-04T00:15:00,54.508,0.0,54.508
3478,station-coxsbazar,DIESEL,289,2026-01-04T00:15:00,52.048,0.0,52.048
3479,station-coxsbazar,PETROL,289,2026-01-04T00:15:00,53.481,0.0,53.481
3480,station-coxsbazar,OCTANE,289,2026-01-04T00:15:00,26.343,0.0,26.343
3481,station-mirpur,DIESEL,290,2026-01-04T00:30:00,56.733,0.0,56.733
3482,station-mirpur,PETROL,290,2026-01-04T00:30:00,78.297,0.0,78.297
3483,station-mirpur,OCTANE,290,2026-01-04T00:30:00,40.007,0.0,40.007
3484,station-tongi,DIESEL,290,2026-01-04T00:30:00,67.255,0.0,67.255
3485,station-tongi,PETROL,290,2026-01-04T00:30:00,21.588,0.0,21.588
3486,station-tongi,OCTANE,290,2026-01-04T00:30:00,10.208,0.0,10.208
3487,station-karnaphuli,DIESEL,290,2026-01-04T00:30:00,84.412,0.0,84.412
3488,station-karnaphuli,PETROL,290,2026-01-04T00:30:00,97.16,0.0,97.16
3489,station-karnaphuli,OCTANE,290,2026-01-04T00:30:00,49.0,0.0,49.0
3490,station-coxsbazar,DIESEL,290,2026-01-04T00:30:00,50.062,0.0,50.062
3491,station-coxsbazar,PETROL,290,2026-01-04T00:30:00,60.786,0.0,60.786
3492,station-coxsbazar,OCTANE,290,2026-01-04T00:30:00,26.019,0.0,26.019
3493,station-mirpur,DIESEL,291,2026-01-04T00:45:00,65.904,0.0,65.904
3494,station-mirpur,PETROL,291,2026-01-04T00:45:00,74.691,0.0,74.691
3495,station-mirpur,OCTANE,291,2026-01-04T00:45:00,44.108,0.0,44.108
3496,station-tongi,DIESEL,291,2026-01-04T00:45:00,61.547,0.0,61.547
3497,station-tongi,PETROL,291,2026-01-04T00:45:00,22.285,0.0,22.285
3498,station-tongi,OCTANE,291,2026-01-04T00:45:00,10.982,0.0,10.982
3499,station-karnaphuli,DIESEL,291,2026-01-04T00:45:00,94.496,0.0,94.496
3500,station-karnaphuli,PETROL,291,2026-01-04T00:45:00,82.802,0.0,82.802
3501,station-karnaphuli,OCTANE,291,2026-01-04T00:45:00,54.655,0.0,54.655
3502,station-coxsbazar,DIESEL,291,2026-01-04T00:45:00,51.05,0.0,51.05
3503,station-coxsbazar,PETROL,291,2026-01-04T00:45:00,56.35,0.0,56.35
3504,station-coxsbazar,OCTANE,291,2026-01-04T00:45:00,24.231,0.0,24.231
3505,station-mirpur,DIESEL,292,2026-01-04T01:00:00,67.578,0.0,67.578
3506,station-mirpur,PETROL,292,2026-01-04T01:00:00,78.654,0.0,78.654
3507,station-mirpur,OCTANE,292,2026-01-04T01:00:00,37.784,0.0,37.784
3508,station-tongi,DIESEL,292,2026-01-04T01:00:00,66.409,0.0,66.409
3509,station-tongi,PETROL,292,2026-01-04T01:00:00,21.06,0.0,21.06
3510,station-tongi,OCTANE,292,2026-01-04T01:00:00,10.551,0.0,10.551
3511,station-karnaphuli,DIESEL,292,2026-01-04T01:00:00,86.217,0.0,86.217
3512,station-karnaphuli,PETROL,292,2026-01-04T01:00:00,100.539,0.0,100.539
3513,station-karnaphuli,OCTANE,292,2026-01-04T01:00:00,50.033,0.0,50.033
3514,station-coxsbazar,DIESEL,292,2026-01-04T01:00:00,55.589,0.0,55.589
3515,station-coxsbazar,PETROL,292,2026-01-04T01:00:00,57.873,0.0,57.873
3516,station-coxsbazar,OCTANE,292,2026-01-04T01:00:00,28.761,0.0,28.761
3517,station-mirpur,DIESEL,293,2026-01-04T01:15:00,59.443,0.0,59.443
3518,station-mirpur,PETROL,293,2026-01-04T01:15:00,72.918,0.0,72.918
3519,station-mirpur,OCTANE,293,2026-01-04T01:15:00,42.327,0.0,42.327
3520,station-tongi,DIESEL,293,2026-01-04T01:15:00,62.079,0.0,62.079
3521,station-tongi,PETROL,293,2026-01-04T01:15:00,20.096,0.0,20.096
3522,station-tongi,OCTANE,293,2026-01-04T01:15:00,10.921,0.0,10.921
3523,station-karnaphuli,DIESEL,293,2026-01-04T01:15:00,92.897,0.0,92.897
3524,station-karnaphuli,PETROL,293,2026-01-04T01:15:00,90.46,0.0,90.46
3525,station-karnaphuli,OCTANE,293,2026-01-04T01:15:00,55.264,0.0,55.264
3526,station-coxsbazar,DIESEL,293,2026-01-04T01:15:00,48.813,0.0,48.813
3527,station-coxsbazar,PETROL,293,2026-01-04T01:15:00,55.079,0.0,55.079
3528,station-coxsbazar,OCTANE,293,2026-01-04T01:15:00,25.307,0.0,25.307
3529,station-mirpur,DIESEL,294,2026-01-04T01:30:00,64.977,0.0,64.977
3530,station-mirpur,PETROL,294,2026-01-04T01:30:00,81.865,0.0,81.865
3531,station-mirpur,OCTANE,294,2026-01-04T01:30:00,41.906,0.0,41.906
3532,station-tongi,DIESEL,294,2026-01-04T01:30:00,69.344,0.0,69.344
3533,station-tongi,PETROL,294,2026-01-04T01:30:00,21.967,0.0,21.967
3534,station-tongi,OCTANE,294,2026-01-04T01:30:00,9.774,0.0,9.774
3535,station-karnaphuli,DIESEL,294,2026-01-04T01:30:00,88.789,0.0,88.789
3536,station-karnaphuli,PETROL,294,2026-01-04T01:30:00,86.612,0.0,86.612
3537,station-karnaphuli,OCTANE,294,2026-01-04T01:30:00,51.603,0.0,51.603
3538,station-coxsbazar,DIESEL,294,2026-01-04T01:30:00,50.869,0.0,50.869
3539,station-coxsbazar,PETROL,294,2026-01-04T01:30:00,50.175,0.0,50.175
3540,station-coxsbazar,OCTANE,294,2026-01-04T01:30:00,26.136,0.0,26.136
3541,station-mirpur,DIESEL,295,2026-01-04T01:45:00,61.103,0.0,61.103
3542,station-mirpur,PETROL,295,2026-01-04T01:45:00,72.556,0.0,72.556
3543,station-mirpur,OCTANE,295,2026-01-04T01:45:00,40.765,0.0,40.765
3544,station-tongi,DIESEL,295,2026-01-04T01:45:00,70.104,0.0,70.104
3545,station-tongi,PETROL,295,2026-01-04T01:45:00,19.68,0.0,19.68
3546,station-tongi,OCTANE,295,2026-01-04T01:45:00,9.992,0.0,9.992
3547,station-karnaphuli,DIESEL,295,2026-01-04T01:45:00,90.78,0.0,90.78
3548,station-karnaphuli,PETROL,295,2026-01-04T01:45:00,90.519,0.0,90.519
3549,station-karnaphuli,OCTANE,295,2026-01-04T01:45:00,57.117,0.0,57.117
3550,station-coxsbazar,DIESEL,295,2026-01-04T01:45:00,53.016,0.0,53.016
3551,station-coxsbazar,PETROL,295,2026-01-04T01:45:00,60.272,0.0,60.272
3552,station-coxsbazar,OCTANE,295,2026-01-04T01:45:00,25.775,0.0,25.775
3553,station-mirpur,DIESEL,296,2026-01-04T02:00:00,61.609,0.0,61.609
3554,station-mirpur,PETROL,296,2026-01-04T02:00:00,70.422,0.0,70.422
3555,station-mirpur,OCTANE,296,2026-01-04T02:00:00,43.375,0.0,43.375
3556,station-tongi,DIESEL,296,2026-01-04T02:00:00,67.005,0.0,67.005
3557,station-tongi,PETROL,296,2026-01-04T02:00:00,21.309,0.0,21.309
3558,station-tongi,OCTANE,296,2026-01-04T02:00:00,10.356,0.0,10.356
3559,station-karnaphuli,DIESEL,296,2026-01-04T02:00:00,95.695,0.0,95.695
3560,station-karnaphuli,PETROL,296,2026-01-04T02:00:00,98.625,0.0,98.625
3561,station-karnaphuli,OCTANE,296,2026-01-04T02:00:00,57.828,0.0,57.828
3562,station-coxsbazar,DIESEL,296,2026-01-04T02:00:00,55.624,0.0,55.624
3563,station-coxsbazar,PETROL,296,2026-01-04T02:00:00,52.532,0.0,52.532
3564,station-coxsbazar,OCTANE,296,2026-01-04T02:00:00,26.897,0.0,26.897
3565,station-mirpur,DIESEL,297,2026-01-04T02:15:00,64.259,0.0,64.259
3566,station-mirpur,PETROL,297,2026-01-04T02:15:00,75.754,0.0,75.754
3567,station-mirpur,OCTANE,297,2026-01-04T02:15:00,41.945,0.0,41.945
3568,station-tongi,DIESEL,297,2026-01-04T02:15:00,66.832,0.0,66.832
3569,station-tongi,PETROL,297,2026-01-04T02:15:00,19.53,0.0,19.53
3570,station-tongi,OCTANE,297,2026-01-04T02:15:00,9.909,0.0,9.909
3571,station-karnaphuli,DIESEL,297,2026-01-04T02:15:00,93.429,0.0,93.429
3572,station-karnaphuli,PETROL,297,2026-01-04T02:15:00,92.006,0.0,92.006
3573,station-karnaphuli,OCTANE,297,2026-01-04T02:15:00,50.076,0.0,50.076
3574,station-coxsbazar,DIESEL,297,2026-01-04T02:15:00,48.57,0.0,48.57
3575,station-coxsbazar,PETROL,297,2026-01-04T02:15:00,53.532,0.0,53.532
3576,station-coxsbazar,OCTANE,297,2026-01-04T02:15:00,23.812,0.0,23.812
3577,station-mirpur,DIESEL,298,2026-01-04T02:30:00,66.29,0.0,66.29
3578,station-mirpur,PETROL,298,2026-01-04T02:30:00,76.338,0.0,76.338
3579,station-mirpur,OCTANE,298,2026-01-04T02:30:00,37.114,0.0,37.114
3580,station-tongi,DIESEL,298,2026-01-04T02:30:00,70.123,0.0,70.123
3581,station-tongi,PETROL,298,2026-01-04T02:30:00,21.093,0.0,21.093
3582,station-tongi,OCTANE,298,2026-01-04T02:30:00,10.318,0.0,10.318
3583,station-karnaphuli,DIESEL,298,2026-01-04T02:30:00,79.933,0.0,79.933
3584,station-karnaphuli,PETROL,298,2026-01-04T02:30:00,86.574,0.0,86.574
3585,station-karnaphuli,OCTANE,298,2026-01-04T02:30:00,47.195,0.0,47.195
3586,station-coxsbazar,DIESEL,298,2026-01-04T02:30:00,53.39,0.0,53.39
3587,station-coxsbazar,PETROL,298,2026-01-04T02:30:00,57.005,0.0,57.005
3588,station-coxsbazar,OCTANE,298,2026-01-04T02:30:00,28.094,0.0,28.094
3589,station-mirpur,DIESEL,299,2026-01-04T02:45:00,57.461,0.0,57.461
3590,station-mirpur,PETROL,299,2026-01-04T02:45:00,82.541,0.0,82.541
3591,station-mirpur,OCTANE,299,2026-01-04T02:45:00,39.642,0.0,39.642
3592,station-tongi,DIESEL,299,2026-01-04T02:45:00,69.972,0.0,69.972
3593,station-tongi,PETROL,299,2026-01-04T02:45:00,20.4,0.0,20.4
3594,station-tongi,OCTANE,299,2026-01-04T02:45:00,10.507,0.0,10.507
3595,station-karnaphuli,DIESEL,299,2026-01-04T02:45:00,81.814,0.0,81.814
3596,station-karnaphuli,PETROL,299,2026-01-04T02:45:00,97.924,0.0,97.924
3597,station-karnaphuli,OCTANE,299,2026-01-04T02:45:00,54.504,0.0,54.504
3598,station-coxsbazar,DIESEL,299,2026-01-04T02:45:00,54.018,0.0,54.018
3599,station-coxsbazar,PETROL,299,2026-01-04T02:45:00,54.49,0.0,54.49
3600,station-coxsbazar,OCTANE,299,2026-01-04T02:45:00,27.516,0.0,27.516
3601,station-mirpur,DIESEL,300,2026-01-04T03:00:00,64.85,0.0,64.85
3602,station-mirpur,PETROL,300,2026-01-04T03:00:00,69.033,0.0,69.033
3603,station-mirpur,OCTANE,300,2026-01-04T03:00:00,41.885,0.0,41.885
3604,station-tongi,DIESEL,300,2026-01-04T03:00:00,66.292,0.0,66.292
3605,station-tongi,PETROL,300,2026-01-04T03:00:00,21.596,0.0,21.596
3606,station-tongi,OCTANE,300,2026-01-04T03:00:00,9.865,0.0,9.865
3607,station-karnaphuli,DIESEL,300,2026-01-04T03:00:00,95.821,0.0,95.821
3608,station-karnaphuli,PETROL,300,2026-01-04T03:00:00,101.388,0.0,101.388
3609,station-karnaphuli,OCTANE,300,2026-01-04T03:00:00,52.092,0.0,52.092
3610,station-coxsbazar,DIESEL,300,2026-01-04T03:00:00,57.357,0.0,57.357
3611,station-coxsbazar,PETROL,300,2026-01-04T03:00:00,57.057,0.0,57.057
3612,station-coxsbazar,OCTANE,300,2026-01-04T03:00:00,24.161,0.0,24.161
3613,station-mirpur,DIESEL,301,2026-01-04T03:15:00,61.381,0.0,61.381
3614,station-mirpur,PETROL,301,2026-01-04T03:15:00,74.338,0.0,74.338
3615,station-mirpur,OCTANE,301,2026-01-04T03:15:00,43.282,0.0,43.282
3616,station-tongi,DIESEL,301,2026-01-04T03:15:00,67.538,0.0,67.538
3617,station-tongi,PETROL,301,2026-01-04T03:15:00,21.809,0.0,21.809
3618,station-tongi,OCTANE,301,2026-01-04T03:15:00,10.315,0.0,10.315
3619,station-karnaphuli,DIESEL,301,2026-01-04T03:15:00,87.63,0.0,87.63
3620,station-karnaphuli,PETROL,301,2026-01-04T03:15:00,99.697,0.0,99.697
3621,station-karnaphuli,OCTANE,301,2026-01-04T03:15:00,56.449,0.0,56.449
3622,station-coxsbazar,DIESEL,301,2026-01-04T03:15:00,55.517,0.0,55.517
3623,station-coxsbazar,PETROL,301,2026-01-04T03:15:00,52.594,0.0,52.594
3624,station-coxsbazar,OCTANE,301,2026-01-04T03:15:00,24.382,0.0,24.382
3625,station-mirpur,DIESEL,302,2026-01-04T03:30:00,65.788,0.0,65.788
3626,station-mirpur,PETROL,302,2026-01-04T03:30:00,77.853,0.0,77.853
3627,station-mirpur,OCTANE,302,2026-01-04T03:30:00,40.528,0.0,40.528
3628,station-tongi,DIESEL,302,2026-01-04T03:30:00,63.637,0.0,63.637
3629,station-tongi,PETROL,302,2026-01-04T03:30:00,19.875,0.0,19.875
3630,station-tongi,OCTANE,302,2026-01-04T03:30:00,10.345,0.0,10.345
3631,station-karnaphuli,DIESEL,302,2026-01-04T03:30:00,84.543,0.0,84.543
3632,station-karnaphuli,PETROL,302,2026-01-04T03:30:00,86.821,0.0,86.821
3633,station-karnaphuli,OCTANE,302,2026-01-04T03:30:00,53.844,0.0,53.844
3634,station-coxsbazar,DIESEL,302,2026-01-04T03:30:00,56.383,0.0,56.383
3635,station-coxsbazar,PETROL,302,2026-01-04T03:30:00,53.96,0.0,53.96
3636,station-coxsbazar,OCTANE,302,2026-01-04T03:30:00,28.111,0.0,28.111
3637,station-mirpur,DIESEL,303,2026-01-04T03:45:00,57.041,0.0,57.041
3638,station-mirpur,PETROL,303,2026-01-04T03:45:00,82.274,0.0,82.274
3639,station-mirpur,OCTANE,303,2026-01-04T03:45:00,42.377,0.0,42.377
3640,station-tongi,DIESEL,303,2026-01-04T03:45:00,61.259,0.0,61.259
3641,station-tongi,PETROL,303,2026-01-04T03:45:00,20.415,0.0,20.415
3642,station-tongi,OCTANE,303,2026-01-04T03:45:00,10.819,0.0,10.819
3643,station-karnaphuli,DIESEL,303,2026-01-04T03:45:00,85.875,0.0,85.875
3644,station-karnaphuli,PETROL,303,2026-01-04T03:45:00,86.72,0.0,86.72
3645,station-karnaphuli,OCTANE,303,2026-01-04T03:45:00,52.207,0.0,52.207
3646,station-coxsbazar,DIESEL,303,2026-01-04T03:45:00,57.539,0.0,57.539
3647,station-coxsbazar,PETROL,303,2026-01-04T03:45:00,51.147,0.0,51.147
3648,station-coxsbazar,OCTANE,303,2026-01-04T03:45:00,28.305,0.0,28.305
3649,station-mirpur,DIESEL,304,2026-01-04T04:00:00,56.916,0.0,56.916
3650,station-mirpur,PETROL,304,2026-01-04T04:00:00,70.731,0.0,70.731
3651,station-mirpur,OCTANE,304,2026-01-04T04:00:00,44.314,0.0,44.314
3652,station-tongi,DIESEL,304,2026-01-04T04:00:00,61.429,0.0,61.429
3653,station-tongi,PETROL,304,2026-01-04T04:00:00,20.885,0.0,20.885
3654,station-tongi,OCTANE,304,2026-01-04T04:00:00,9.548,0.0,9.548
3655,station-karnaphuli,DIESEL,304,2026-01-04T04:00:00,89.784,0.0,89.784
3656,station-karnaphuli,PETROL,304,2026-01-04T04:00:00,84.086,0.0,84.086
3657,station-karnaphuli,OCTANE,304,2026-01-04T04:00:00,49.894,0.0,49.894
3658,station-coxsbazar,DIESEL,304,2026-01-04T04:00:00,51.914,0.0,51.914
3659,station-coxsbazar,PETROL,304,2026-01-04T04:00:00,54.732,0.0,54.732
3660,station-coxsbazar,OCTANE,304,2026-01-04T04:00:00,28.22,0.0,28.22
3661,station-mirpur,DIESEL,305,2026-01-04T04:15:00,63.097,0.0,63.097
3662,station-mirpur,PETROL,305,2026-01-04T04:15:00,81.25,0.0,81.25
3663,station-mirpur,OCTANE,305,2026-01-04T04:15:00,40.691,0.0,40.691
3664,station-tongi,DIESEL,305,2026-01-04T04:15:00,61.358,0.0,61.358
3665,station-tongi,PETROL,305,2026-01-04T04:15:00,22.288,0.0,22.288
3666,station-tongi,OCTANE,305,2026-01-04T04:15:00,9.983,0.0,9.983
3667,station-karnaphuli,DIESEL,305,2026-01-04T04:15:00,79.342,0.0,79.342
3668,station-karnaphuli,PETROL,305,2026-01-04T04:15:00,85.531,0.0,85.531
3669,station-karnaphuli,OCTANE,305,2026-01-04T04:15:00,52.923,0.0,52.923
3670,station-coxsbazar,DIESEL,305,2026-01-04T04:15:00,57.08,0.0,57.08
3671,station-coxsbazar,PETROL,305,2026-01-04T04:15:00,55.394,0.0,55.394
3672,station-coxsbazar,OCTANE,305,2026-01-04T04:15:00,28.624,0.0,28.624
3673,station-mirpur,DIESEL,306,2026-01-04T04:30:00,66.352,0.0,66.352
3674,station-mirpur,PETROL,306,2026-01-04T04:30:00,82.411,0.0,82.411
3675,station-mirpur,OCTANE,306,2026-01-04T04:30:00,41.378,0.0,41.378
3676,station-tongi,DIESEL,306,2026-01-04T04:30:00,62.808,0.0,62.808
3677,station-tongi,PETROL,306,2026-01-04T04:30:00,20.591,0.0,20.591
3678,station-tongi,OCTANE,306,2026-01-04T04:30:00,11.027,0.0,11.027
3679,station-karnaphuli,DIESEL,306,2026-01-04T04:30:00,81.152,0.0,81.152
3680,station-karnaphuli,PETROL,306,2026-01-04T04:30:00,99.847,0.0,99.847
3681,station-karnaphuli,OCTANE,306,2026-01-04T04:30:00,47.732,0.0,47.732
3682,station-coxsbazar,DIESEL,306,2026-01-04T04:30:00,52.049,0.0,52.049
3683,station-coxsbazar,PETROL,306,2026-01-04T04:30:00,59.57,0.0,59.57
3684,station-coxsbazar,OCTANE,306,2026-01-04T04:30:00,24.017,0.0,24.017
3685,station-mirpur,DIESEL,307,2026-01-04T04:45:00,59.616,0.0,59.616
3686,station-mirpur,PETROL,307,2026-01-04T04:45:00,82.641,0.0,82.641
3687,station-mirpur,OCTANE,307,2026-01-04T04:45:00,39.395,0.0,39.395
3688,station-tongi,DIESEL,307,2026-01-04T04:45:00,68.365,0.0,68.365
3689,station-tongi,PETROL,307,2026-01-04T04:45:00,20.018,0.0,20.018
3690,station-tongi,OCTANE,307,2026-01-04T04:45:00,9.767,0.0,9.767
3691,station-karnaphuli,DIESEL,307,2026-01-04T04:45:00,92.864,0.0,92.864
3692,station-karnaphuli,PETROL,307,2026-01-04T04:45:00,99.828,0.0,99.828
3693,station-karnaphuli,OCTANE,307,2026-01-04T04:45:00,54.134,0.0,54.134
3694,station-coxsbazar,DIESEL,307,2026-01-04T04:45:00,52.843,0.0,52.843
3695,station-coxsbazar,PETROL,307,2026-01-04T04:45:00,50.699,0.0,50.699
3696,station-coxsbazar,OCTANE,307,2026-01-04T04:45:00,24.91,0.0,24.91
3697,station-mirpur,DIESEL,308,2026-01-04T05:00:00,65.188,0.0,65.188
3698,station-mirpur,PETROL,308,2026-01-04T05:00:00,77.96,0.0,77.96
3699,station-mirpur,OCTANE,308,2026-01-04T05:00:00,40.64,0.0,40.64
3700,station-tongi,DIESEL,308,2026-01-04T05:00:00,66.627,0.0,66.627
3701,station-tongi,PETROL,308,2026-01-04T05:00:00,22.684,0.0,22.684
3702,station-tongi,OCTANE,308,2026-01-04T05:00:00,10.126,0.0,10.126
3703,station-karnaphuli,DIESEL,308,2026-01-04T05:00:00,94.018,0.0,94.018
3704,station-karnaphuli,PETROL,308,2026-01-04T05:00:00,99.532,0.0,99.532
3705,station-karnaphuli,OCTANE,308,2026-01-04T05:00:00,51.148,0.0,51.148
3706,station-coxsbazar,DIESEL,308,2026-01-04T05:00:00,50.241,0.0,50.241
3707,station-coxsbazar,PETROL,308,2026-01-04T05:00:00,58.604,0.0,58.604
3708,station-coxsbazar,OCTANE,308,2026-01-04T05:00:00,26.647,0.0,26.647
3709,station-mirpur,DIESEL,309,2026-01-04T05:15:00,66.187,0.0,66.187
3710,station-mirpur,PETROL,309,2026-01-04T05:15:00,82.066,0.0,82.066
3711,station-mirpur,OCTANE,309,2026-01-04T05:15:00,44.662,0.0,44.662
3712,station-tongi,DIESEL,309,2026-01-04T05:15:00,62.376,0.0,62.376
3713,station-tongi,PETROL,309,2026-01-04T05:15:00,20.993,0.0,20.993
3714,station-tongi,OCTANE,309,2026-01-04T05:15:00,10.181,0.0,10.181
3715,station-karnaphuli,DIESEL,309,2026-01-04T05:15:00,80.16,0.0,80.16
3716,station-karnaphuli,PETROL,309,2026-01-04T05:15:00,103.195,0.0,103.195
3717,station-karnaphuli,OCTANE,309,2026-01-04T05:15:00,56.085,0.0,56.085
3718,station-coxsbazar,DIESEL,309,2026-01-04T05:15:00,48.058,0.0,48.058
3719,station-coxsbazar,PETROL,309,2026-01-04T05:15:00,56.017,0.0,56.017
3720,station-coxsbazar,OCTANE,309,2026-01-04T05:15:00,27.875,0.0,27.875
3721,station-mirpur,DIESEL,310,2026-01-04T05:30:00,61.345,0.0,61.345
3722,station-mirpur,PETROL,310,2026-01-04T05:30:00,83.325,0.0,83.325
3723,station-mirpur,OCTANE,310,2026-01-04T05:30:00,41.417,0.0,41.417
3724,station-tongi,DIESEL,310,2026-01-04T05:30:00,68.218,0.0,68.218
3725,station-tongi,PETROL,310,2026-01-04T05:30:00,19.734,0.0,19.734
3726,station-tongi,OCTANE,310,2026-01-04T05:30:00,10.123,0.0,10.123
3727,station-karnaphuli,DIESEL,310,2026-01-04T05:30:00,94.53,0.0,94.53
3728,station-karnaphuli,PETROL,310,2026-01-04T05:30:00,98.214,0.0,98.214
3729,station-karnaphuli,OCTANE,310,2026-01-04T05:30:00,49.469,0.0,49.469
3730,station-coxsbazar,DIESEL,310,2026-01-04T05:30:00,54.485,0.0,54.485
3731,station-coxsbazar,PETROL,310,2026-01-04T05:30:00,59.257,0.0,59.257
3732,station-coxsbazar,OCTANE,310,2026-01-04T05:30:00,25.297,0.0,25.297
3733,station-mirpur,DIESEL,311,2026-01-04T05:45:00,64.368,0.0,64.368
3734,station-mirpur,PETROL,311,2026-01-04T05:45:00,81.362,0.0,81.362
3735,station-mirpur,OCTANE,311,2026-01-04T05:45:00,37.691,0.0,37.691
3736,station-tongi,DIESEL,311,2026-01-04T05:45:00,63.508,0.0,63.508
3737,station-tongi,PETROL,311,2026-01-04T05:45:00,22.32,0.0,22.32
3738,station-tongi,OCTANE,311,2026-01-04T05:45:00,10.992,0.0,10.992
3739,station-karnaphuli,DIESEL,311,2026-01-04T05:45:00,86.713,0.0,86.713
3740,station-karnaphuli,PETROL,311,2026-01-04T05:45:00,93.684,0.0,93.684
3741,station-karnaphuli,OCTANE,311,2026-01-04T05:45:00,47.135,0.0,47.135
3742,station-coxsbazar,DIESEL,311,2026-01-04T05:45:00,53.613,0.0,53.613
3743,station-coxsbazar,PETROL,311,2026-01-04T05:45:00,56.322,0.0,56.322
3744,station-coxsbazar,OCTANE,311,2026-01-04T05:45:00,27.507,0.0,27.507
3745,station-mirpur,DIESEL,312,2026-01-04T06:00:00,56.08,0.0,56.08
3746,station-mirpur,PETROL,312,2026-01-04T06:00:00,71.99,0.0,71.99
3747,station-mirpur,OCTANE,312,2026-01-04T06:00:00,39.877,0.0,39.877
3748,station-tongi,DIESEL,312,2026-01-04T06:00:00,224.231,0.0,224.231
3749,station-tongi,PETROL,312,2026-01-04T06:00:00,75.253,0.0,75.253
3750,station-tongi,OCTANE,312,2026-01-04T06:00:00,34.723,0.0,34.723
3751,station-karnaphuli,DIESEL,312,2026-01-04T06:00:00,168.233,0.0,168.233
3752,station-karnaphuli,PETROL,312,2026-01-04T06:00:00,150.856,0.0,150.856
3753,station-karnaphuli,OCTANE,312,2026-01-04T06:00:00,92.825,0.0,92.825
3754,station-coxsbazar,DIESEL,312,2026-01-04T06:00:00,54.248,0.0,54.248
3755,station-coxsbazar,PETROL,312,2026-01-04T06:00:00,56.566,0.0,56.566
3756,station-coxsbazar,OCTANE,312,2026-01-04T06:00:00,26.579,0.0,26.579
3757,station-mirpur,DIESEL,313,2026-01-04T06:15:00,65.731,0.0,65.731
3758,station-mirpur,PETROL,313,2026-01-04T06:15:00,71.5,0.0,71.5
3759,station-mirpur,OCTANE,313,2026-01-04T06:15:00,44.214,0.0,44.214
3760,station-tongi,DIESEL,313,2026-01-04T06:15:00,210.013,0.0,210.013
3761,station-tongi,PETROL,313,2026-01-04T06:15:00,66.965,0.0,66.965
3762,station-tongi,OCTANE,313,2026-01-04T06:15:00,33.004,0.0,33.004
3763,station-karnaphuli,DIESEL,313,2026-01-04T06:15:00,158.646,0.0,158.646
3764,station-karnaphuli,PETROL,313,2026-01-04T06:15:00,185.307,0.0,185.307
3765,station-karnaphuli,OCTANE,313,2026-01-04T06:15:00,101.228,0.0,101.228
3766,station-coxsbazar,DIESEL,313,2026-01-04T06:15:00,56.041,0.0,56.041
3767,station-coxsbazar,PETROL,313,2026-01-04T06:15:00,53.306,0.0,53.306
3768,station-coxsbazar,OCTANE,313,2026-01-04T06:15:00,28.068,0.0,28.068
3769,station-mirpur,DIESEL,314,2026-01-04T06:30:00,66.068,0.0,66.068
3770,station-mirpur,PETROL,314,2026-01-04T06:30:00,70.476,0.0,70.476
3771,station-mirpur,OCTANE,314,2026-01-04T06:30:00,41.744,0.0,41.744
3772,station-tongi,DIESEL,314,2026-01-04T06:30:00,217.417,0.0,217.417
3773,station-tongi,PETROL,314,2026-01-04T06:30:00,72.786,0.0,72.786
3774,station-tongi,OCTANE,314,2026-01-04T06:30:00,35.647,0.0,35.647
3775,station-karnaphuli,DIESEL,314,2026-01-04T06:30:00,173.805,0.0,173.805
3776,station-karnaphuli,PETROL,314,2026-01-04T06:30:00,149.149,0.0,149.149
3777,station-karnaphuli,OCTANE,314,2026-01-04T06:30:00,82.882,0.0,82.882
3778,station-coxsbazar,DIESEL,314,2026-01-04T06:30:00,53.795,0.0,53.795
3779,station-coxsbazar,PETROL,314,2026-01-04T06:30:00,53.504,0.0,53.504
3780,station-coxsbazar,OCTANE,314,2026-01-04T06:30:00,25.789,0.0,25.789
3781,station-mirpur,DIESEL,315,2026-01-04T06:45:00,58.164,0.0,58.164
3782,station-mirpur,PETROL,315,2026-01-04T06:45:00,71.591,0.0,71.591
3783,station-mirpur,OCTANE,315,2026-01-04T06:45:00,42.581,0.0,42.581
3784,station-tongi,DIESEL,315,2026-01-04T06:45:00,217.307,0.0,217.307
3785,station-tongi,PETROL,315,2026-01-04T06:45:00,68.835,0.0,68.835
3786,station-tongi,OCTANE,315,2026-01-04T06:45:00,36.339,0.0,36.339
3787,station-karnaphuli,DIESEL,315,2026-01-04T06:45:00,146.358,0.0,146.358
3788,station-karnaphuli,PETROL,315,2026-01-04T06:45:00,170.226,0.0,170.226
3789,station-karnaphuli,OCTANE,315,2026-01-04T06:45:00,92.66,0.0,92.66
3790,station-coxsbazar,DIESEL,315,2026-01-04T06:45:00,55.33,0.0,55.33
3791,station-coxsbazar,PETROL,315,2026-01-04T06:45:00,57.765,0.0,57.765
3792,station-coxsbazar,OCTANE,315,2026-01-04T06:45:00,28.25,0.0,28.25
3793,station-mirpur,DIESEL,316,2026-01-04T07:00:00,136.633,0.0,136.633
3794,station-mirpur,PETROL,316,2026-01-04T07:00:00,147.765,0.0,147.765
3795,station-mirpur,OCTANE,316,2026-01-04T07:00:00,91.136,0.0,91.136
3796,station-tongi,DIESEL,316,2026-01-04T07:00:00,208.757,0.0,208.757
3797,station-tongi,PETROL,316,2026-01-04T07:00:00,76.315,0.0,76.315
3798,station-tongi,OCTANE,316,2026-01-04T07:00:00,35.061,0.0,35.061
3799,station-karnaphuli,DIESEL,316,2026-01-04T07:00:00,141.814,0.0,141.814
3800,station-karnaphuli,PETROL,316,2026-01-04T07:00:00,149.897,0.0,149.897
3801,station-karnaphuli,OCTANE,316,2026-01-04T07:00:00,84.586,0.0,84.586
3802,station-coxsbazar,DIESEL,316,2026-01-04T07:00:00,98.999,0.0,98.999
3803,station-coxsbazar,PETROL,316,2026-01-04T07:00:00,117.042,0.0,117.042
3804,station-coxsbazar,OCTANE,316,2026-01-04T07:00:00,46.226,0.0,46.226
3805,station-mirpur,DIESEL,317,2026-01-04T07:15:00,128.703,0.0,128.703
3806,station-mirpur,PETROL,317,2026-01-04T07:15:00,151.056,0.0,151.056
3807,station-mirpur,OCTANE,317,2026-01-04T07:15:00,92.442,0.0,92.442
3808,station-tongi,DIESEL,317,2026-01-04T07:15:00,232.042,0.0,232.042
3809,station-tongi,PETROL,317,2026-01-04T07:15:00,78.369,0.0,78.369
3810,station-tongi,OCTANE,317,2026-01-04T07:15:00,37.496,0.0,37.496
3811,station-karnaphuli,DIESEL,317,2026-01-04T07:15:00,143.603,0.0,143.603
3812,station-karnaphuli,PETROL,317,2026-01-04T07:15:00,168.907,0.0,168.907
3813,station-karnaphuli,OCTANE,317,2026-01-04T07:15:00,90.394,0.0,90.394
3814,station-coxsbazar,DIESEL,317,2026-01-04T07:15:00,108.327,0.0,108.327
3815,station-coxsbazar,PETROL,317,2026-01-04T07:15:00,106.27,0.0,106.27
3816,station-coxsbazar,OCTANE,317,2026-01-04T07:15:00,47.7,0.0,47.7
3817,station-mirpur,DIESEL,318,2026-01-04T07:30:00,118.655,0.0,118.655
3818,station-mirpur,PETROL,318,2026-01-04T07:30:00,147.334,0.0,147.334
3819,station-mirpur,OCTANE,318,2026-01-04T07:30:00,87.079,0.0,87.079
3820,station-tongi,DIESEL,318,2026-01-04T07:30:00,223.866,0.0,223.866
3821,station-tongi,PETROL,318,2026-01-04T07:30:00,71.476,0.0,71.476
3822,station-tongi,OCTANE,318,2026-01-04T07:30:00,34.32,0.0,34.32
3823,station-karnaphuli,DIESEL,318,2026-01-04T07:30:00,161.524,0.0,161.524
3824,station-karnaphuli,PETROL,318,2026-01-04T07:30:00,155.852,0.0,155.852
3825,station-karnaphuli,OCTANE,318,2026-01-04T07:30:00,85.128,0.0,85.128
3826,station-coxsbazar,DIESEL,318,2026-01-04T07:30:00,101.561,0.0,101.561
3827,station-coxsbazar,PETROL,318,2026-01-04T07:30:00,98.452,0.0,98.452
3828,station-coxsbazar,OCTANE,318,2026-01-04T07:30:00,47.222,0.0,47.222
3829,station-mirpur,DIESEL,319,2026-01-04T07:45:00,117.044,0.0,117.044
3830,station-mirpur,PETROL,319,2026-01-04T07:45:00,145.79,0.0,145.79
3831,station-mirpur,OCTANE,319,2026-01-04T07:45:00,85.245,0.0,85.245
3832,station-tongi,DIESEL,319,2026-01-04T07:45:00,208.316,0.0,208.316
3833,station-tongi,PETROL,319,2026-01-04T07:45:00,70.22,0.0,70.22
3834,station-tongi,OCTANE,319,2026-01-04T07:45:00,34.216,0.0,34.216
3835,station-karnaphuli,DIESEL,319,2026-01-04T07:45:00,175.973,0.0,175.973
3836,station-karnaphuli,PETROL,319,2026-01-04T07:45:00,159.752,0.0,159.752
3837,station-karnaphuli,OCTANE,319,2026-01-04T07:45:00,86.381,0.0,86.381
3838,station-coxsbazar,DIESEL,319,2026-01-04T07:45:00,106.322,0.0,106.322
3839,station-coxsbazar,PETROL,319,2026-01-04T07:45:00,97.837,0.0,97.837
3840,station-coxsbazar,OCTANE,319,2026-01-04T07:45:00,50.011,0.0,50.011
3841,station-mirpur,DIESEL,320,2026-01-04T08:00:00,123.326,0.0,123.326
3842,station-mirpur,PETROL,320,2026-01-04T08:00:00,155.983,0.0,155.983
3843,station-mirpur,OCTANE,320,2026-01-04T08:00:00,81.531,0.0,81.531
3844,station-tongi,DIESEL,320,2026-01-04T08:00:00,240.408,0.0,240.408
3845,station-tongi,PETROL,320,2026-01-04T08:00:00,71.297,0.0,71.297
3846,station-tongi,OCTANE,320,2026-01-04T08:00:00,36.556,0.0,36.556
3847,station-karnaphuli,DIESEL,320,2026-01-04T08:00:00,168.819,0.0,168.819
3848,station-karnaphuli,PETROL,320,2026-01-04T08:00:00,152.476,0.0,152.476
3849,station-karnaphuli,OCTANE,320,2026-01-04T08:00:00,85.911,0.0,85.911
3850,station-coxsbazar,DIESEL,320,2026-01-04T08:00:00,102.744,0.0,102.744
3851,station-coxsbazar,PETROL,320,2026-01-04T08:00:00,111.985,0.0,111.985
3852,station-coxsbazar,OCTANE,320,2026-01-04T08:00:00,51.028,0.0,51.028
3853,station-mirpur,DIESEL,321,2026-01-04T08:15:00,132.957,0.0,132.957
3854,station-mirpur,PETROL,321,2026-01-04T08:15:00,153.059,0.0,153.059
3855,station-mirpur,OCTANE,321,2026-01-04T08:15:00,89.968,0.0,89.968
3856,station-tongi,DIESEL,321,2026-01-04T08:15:00,239.099,0.0,239.099
3857,station-tongi,PETROL,321,2026-01-04T08:15:00,70.616,0.0,70.616
3858,station-tongi,OCTANE,321,2026-01-04T08:15:00,34.503,0.0,34.503
3859,station-karnaphuli,DIESEL,321,2026-01-04T08:15:00,161.25,0.0,161.25
3860,station-karnaphuli,PETROL,321,2026-01-04T08:15:00,183.155,0.0,183.155
3861,station-karnaphuli,OCTANE,321,2026-01-04T08:15:00,100.106,0.0,100.106
3862,station-coxsbazar,DIESEL,321,2026-01-04T08:15:00,105.125,0.0,105.125
3863,station-coxsbazar,PETROL,321,2026-01-04T08:15:00,102.709,0.0,102.709
3864,station-coxsbazar,OCTANE,321,2026-01-04T08:15:00,49.283,0.0,49.283
3865,station-mirpur,DIESEL,322,2026-01-04T08:30:00,126.269,0.0,126.269
3866,station-mirpur,PETROL,322,2026-01-04T08:30:00,150.264,0.0,150.264
3867,station-mirpur,OCTANE,322,2026-01-04T08:30:00,79.32,0.0,79.32
3868,station-tongi,DIESEL,322,2026-01-04T08:30:00,228.236,0.0,228.236
3869,station-tongi,PETROL,322,2026-01-04T08:30:00,71.844,0.0,71.844
3870,station-tongi,OCTANE,322,2026-01-04T08:30:00,33.096,0.0,33.096
3871,station-karnaphuli,DIESEL,322,2026-01-04T08:30:00,142.61,0.0,142.61
3872,station-karnaphuli,PETROL,322,2026-01-04T08:30:00,158.608,0.0,158.608
3873,station-karnaphuli,OCTANE,322,2026-01-04T08:30:00,89.222,0.0,89.222
3874,station-coxsbazar,DIESEL,322,2026-01-04T08:30:00,106.469,0.0,106.469
3875,station-coxsbazar,PETROL,322,2026-01-04T08:30:00,108.699,0.0,108.699
3876,station-coxsbazar,OCTANE,322,2026-01-04T08:30:00,54.794,0.0,54.794
3877,station-mirpur,DIESEL,323,2026-01-04T08:45:00,127.641,0.0,127.641
3878,station-mirpur,PETROL,323,2026-01-04T08:45:00,147.399,0.0,147.399
3879,station-mirpur,OCTANE,323,2026-01-04T08:45:00,78.423,0.0,78.423
3880,station-tongi,DIESEL,323,2026-01-04T08:45:00,220.904,0.0,220.904
3881,station-tongi,PETROL,323,2026-01-04T08:45:00,76.851,0.0,76.851
3882,station-tongi,OCTANE,323,2026-01-04T08:45:00,35.335,0.0,35.335
3883,station-karnaphuli,DIESEL,323,2026-01-04T08:45:00,157.289,0.0,157.289
3884,station-karnaphuli,PETROL,323,2026-01-04T08:45:00,167.763,0.0,167.763
3885,station-karnaphuli,OCTANE,323,2026-01-04T08:45:00,98.304,0.0,98.304
3886,station-coxsbazar,DIESEL,323,2026-01-04T08:45:00,105.549,0.0,105.549
3887,station-coxsbazar,PETROL,323,2026-01-04T08:45:00,97.462,0.0,97.462
3888,station-coxsbazar,OCTANE,323,2026-01-04T08:45:00,54.514,0.0,54.514
3889,station-mirpur,DIESEL,324,2026-01-04T09:00:00,127.697,0.0,127.697
3890,station-mirpur,PETROL,324,2026-01-04T09:00:00,164.602,0.0,164.602
3891,station-mirpur,OCTANE,324,2026-01-04T09:00:00,80.956,0.0,80.956
3892,station-tongi,DIESEL,324,2026-01-04T09:00:00,233.463,0.0,233.463
3893,station-tongi,PETROL,324,2026-01-04T09:00:00,72.476,0.0,72.476
3894,station-tongi,OCTANE,324,2026-01-04T09:00:00,34.946,0.0,34.946
3895,station-karnaphuli,DIESEL,324,2026-01-04T09:00:00,169.085,0.0,169.085
3896,station-karnaphuli,PETROL,324,2026-01-04T09:00:00,149.111,0.0,149.111
3897,station-karnaphuli,OCTANE,324,2026-01-04T09:00:00,104.029,0.0,104.029
3898,station-coxsbazar,DIESEL,324,2026-01-04T09:00:00,102.365,0.0,102.365
3899,station-coxsbazar,PETROL,324,2026-01-04T09:00:00,103.816,0.0,103.816
3900,station-coxsbazar,OCTANE,324,2026-01-04T09:00:00,50.402,0.0,50.402
3901,station-mirpur,DIESEL,325,2026-01-04T09:15:00,136.617,0.0,136.617
3902,station-mirpur,PETROL,325,2026-01-04T09:15:00,164.917,0.0,164.917
3903,station-mirpur,OCTANE,325,2026-01-04T09:15:00,89.254,0.0,89.254
3904,station-tongi,DIESEL,325,2026-01-04T09:15:00,215.216,0.0,215.216
3905,station-tongi,PETROL,325,2026-01-04T09:15:00,70.761,0.0,70.761
3906,station-tongi,OCTANE,325,2026-01-04T09:15:00,35.564,0.0,35.564
3907,station-karnaphuli,DIESEL,325,2026-01-04T09:15:00,164.636,0.0,164.636
3908,station-karnaphuli,PETROL,325,2026-01-04T09:15:00,182.766,0.0,182.766
3909,station-karnaphuli,OCTANE,325,2026-01-04T09:15:00,102.853,0.0,102.853
3910,station-coxsbazar,DIESEL,325,2026-01-04T09:15:00,107.062,0.0,107.062
3911,station-coxsbazar,PETROL,325,2026-01-04T09:15:00,103.986,0.0,103.986
3912,station-coxsbazar,OCTANE,325,2026-01-04T09:15:00,47.76,0.0,47.76
3913,station-mirpur,DIESEL,326,2026-01-04T09:30:00,120.615,0.0,120.615
3914,station-mirpur,PETROL,326,2026-01-04T09:30:00,146.551,0.0,146.551
3915,station-mirpur,OCTANE,326,2026-01-04T09:30:00,87.009,0.0,87.009
3916,station-tongi,DIESEL,326,2026-01-04T09:30:00,216.886,0.0,216.886
3917,station-tongi,PETROL,326,2026-01-04T09:30:00,77.626,0.0,77.626
3918,station-tongi,OCTANE,326,2026-01-04T09:30:00,34.777,0.0,34.777
3919,station-karnaphuli,DIESEL,326,2026-01-04T09:30:00,146.983,0.0,146.983
3920,station-karnaphuli,PETROL,326,2026-01-04T09:30:00,166.454,0.0,166.454
3921,station-karnaphuli,OCTANE,326,2026-01-04T09:30:00,94.734,0.0,94.734
3922,station-coxsbazar,DIESEL,326,2026-01-04T09:30:00,110.712,0.0,110.712
3923,station-coxsbazar,PETROL,326,2026-01-04T09:30:00,116.938,0.0,116.938
3924,station-coxsbazar,OCTANE,326,2026-01-04T09:30:00,46.964,0.0,46.964
3925,station-mirpur,DIESEL,327,2026-01-04T09:45:00,138.276,0.0,138.276
3926,station-mirpur,PETROL,327,2026-01-04T09:45:00,150.487,0.0,150.487
3927,station-mirpur,OCTANE,327,2026-01-04T09:45:00,83.948,0.0,83.948
3928,station-tongi,DIESEL,327,2026-01-04T09:45:00,226.725,0.0,226.725
3929,station-tongi,PETROL,327,2026-01-04T09:45:00,75.058,0.0,75.058
3930,station-tongi,OCTANE,327,2026-01-04T09:45:00,33.745,0.0,33.745
3931,station-karnaphuli,DIESEL,327,2026-01-04T09:45:00,158.471,0.0,158.471
3932,station-karnaphuli,PETROL,327,2026-01-04T09:45:00,180.533,0.0,180.533
3933,station-karnaphuli,OCTANE,327,2026-01-04T09:45:00,85.482,0.0,85.482
3934,station-coxsbazar,DIESEL,327,2026-01-04T09:45:00,99.653,0.0,99.653
3935,station-coxsbazar,PETROL,327,2026-01-04T09:45:00,109.837,0.0,109.837
3936,station-coxsbazar,OCTANE,327,2026-01-04T09:45:00,54.565,0.0,54.565
3937,station-mirpur,DIESEL,328,2026-01-04T10:00:00,62.314,0.0,62.314
3938,station-mirpur,PETROL,328,2026-01-04T10:00:00,82.53,0.0,82.53
3939,station-mirpur,OCTANE,328,2026-01-04T10:00:00,37.101,0.0,37.101
3940,station-tongi,DIESEL,328,2026-01-04T10:00:00,217.051,0.0,217.051
3941,station-tongi,PETROL,328,2026-01-04T10:00:00,70.444,0.0,70.444
3942,station-tongi,OCTANE,328,2026-01-04T10:00:00,32.755,0.0,32.755
3943,station-karnaphuli,DIESEL,328,2026-01-04T10:00:00,87.925,0.0,87.925
3944,station-karnaphuli,PETROL,328,2026-01-04T10:00:00,88.534,0.0,88.534
3945,station-karnaphuli,OCTANE,328,2026-01-04T10:00:00,50.426,0.0,50.426
3946,station-coxsbazar,DIESEL,328,2026-01-04T10:00:00,94.016,0.0,94.016
3947,station-coxsbazar,PETROL,328,2026-01-04T10:00:00,105.4,0.0,105.4
3948,station-coxsbazar,OCTANE,328,2026-01-04T10:00:00,55.193,0.0,55.193
3949,station-mirpur,DIESEL,329,2026-01-04T10:15:00,57.502,0.0,57.502
3950,station-mirpur,PETROL,329,2026-01-04T10:15:00,79.553,0.0,79.553
3951,station-mirpur,OCTANE,329,2026-01-04T10:15:00,40.78,0.0,40.78
3952,station-tongi,DIESEL,329,2026-01-04T10:15:00,210.688,0.0,210.688
3953,station-tongi,PETROL,329,2026-01-04T10:15:00,67.776,0.0,67.776
3954,station-tongi,OCTANE,329,2026-01-04T10:15:00,34.894,0.0,34.894
3955,station-karnaphuli,DIESEL,329,2026-01-04T10:15:00,93.561,0.0,93.561
3956,station-karnaphuli,PETROL,329,2026-01-04T10:15:00,97.834,0.0,97.834
3957,station-karnaphuli,OCTANE,329,2026-01-04T10:15:00,57.009,0.0,57.009
3958,station-coxsbazar,DIESEL,329,2026-01-04T10:15:00,102.145,0.0,102.145
3959,station-coxsbazar,PETROL,329,2026-01-04T10:15:00,98.853,0.0,98.853
3960,station-coxsbazar,OCTANE,329,2026-01-04T10:15:00,51.063,0.0,51.063
3961,station-mirpur,DIESEL,330,2026-01-04T10:30:00,58.736,0.0,58.736
3962,station-mirpur,PETROL,330,2026-01-04T10:30:00,77.235,0.0,77.235
3963,station-mirpur,OCTANE,330,2026-01-04T10:30:00,39.772,0.0,39.772
3964,station-tongi,DIESEL,330,2026-01-04T10:30:00,225.552,0.0,225.552
3965,station-tongi,PETROL,330,2026-01-04T10:30:00,69.718,0.0,69.718
3966,station-tongi,OCTANE,330,2026-01-04T10:30:00,35.002,0.0,35.002
3967,station-karnaphuli,DIESEL,330,2026-01-04T10:30:00,93.259,0.0,93.259
3968,station-karnaphuli,PETROL,330,2026-01-04T10:30:00,89.651,0.0,89.651
3969,station-karnaphuli,OCTANE,330,2026-01-04T10:30:00,53.871,0.0,53.871
3970,station-coxsbazar,DIESEL,330,2026-01-04T10:30:00,91.382,0.0,91.382
3971,station-coxsbazar,PETROL,330,2026-01-04T10:30:00,112.246,0.0,112.246
3972,station-coxsbazar,OCTANE,330,2026-01-04T10:30:00,51.879,0.0,51.879
3973,station-mirpur,DIESEL,331,2026-01-04T10:45:00,61.543,0.0,61.543
3974,station-mirpur,PETROL,331,2026-01-04T10:45:00,78.392,0.0,78.392
3975,station-mirpur,OCTANE,331,2026-01-04T10:45:00,43.803,0.0,43.803
3976,station-tongi,DIESEL,331,2026-01-04T10:45:00,215.281,0.0,215.281
3977,station-tongi,PETROL,331,2026-01-04T10:45:00,77.24,0.0,77.24
3978,station-tongi,OCTANE,331,2026-01-04T10:45:00,37.793,0.0,37.793
3979,station-karnaphuli,DIESEL,331,2026-01-04T10:45:00,94.082,0.0,94.082
3980,station-karnaphuli,PETROL,331,2026-01-04T10:45:00,85.206,0.0,85.206
3981,station-karnaphuli,OCTANE,331,2026-01-04T10:45:00,52.571,0.0,52.571
3982,station-coxsbazar,DIESEL,331,2026-01-04T10:45:00,99.36,0.0,99.36
3983,station-coxsbazar,PETROL,331,2026-01-04T10:45:00,97.74,0.0,97.74
3984,station-coxsbazar,OCTANE,331,2026-01-04T10:45:00,46.507,0.0,46.507
3985,station-mirpur,DIESEL,332,2026-01-04T11:00:00,67.837,0.0,67.837
3986,station-mirpur,PETROL,332,2026-01-04T11:00:00,79.283,0.0,79.283
3987,station-mirpur,OCTANE,332,2026-01-04T11:00:00,41.527,0.0,41.527
3988,station-tongi,DIESEL,332,2026-01-04T11:00:00,224.891,0.0,224.891
3989,station-tongi,PETROL,332,2026-01-04T11:00:00,78.292,0.0,78.292
3990,station-tongi,OCTANE,332,2026-01-04T11:00:00,32.797,0.0,32.797
3991,station-karnaphuli,DIESEL,332,2026-01-04T11:00:00,78.746,0.0,78.746
3992,station-karnaphuli,PETROL,332,2026-01-04T11:00:00,82.397,0.0,82.397
3993,station-karnaphuli,OCTANE,332,2026-01-04T11:00:00,54.956,0.0,54.956
3994,station-coxsbazar,DIESEL,332,2026-01-04T11:00:00,108.023,0.0,108.023
3995,station-coxsbazar,PETROL,332,2026-01-04T11:00:00,104.288,0.0,104.288
3996,station-coxsbazar,OCTANE,332,2026-01-04T11:00:00,48.643,0.0,48.643
3997,station-mirpur,DIESEL,333,2026-01-04T11:15:00,58.462,0.0,58.462
3998,station-mirpur,PETROL,333,2026-01-04T11:15:00,70.792,0.0,70.792
3999,station-mirpur,OCTANE,333,2026-01-04T11:15:00,41.157,0.0,41.157
4000,station-tongi,DIESEL,333,2026-01-04T11:15:00,227.509,0.0,227.509
4001,station-tongi,PETROL,333,2026-01-04T11:15:00,67.745,0.0,67.745
4002,station-tongi,OCTANE,333,2026-01-04T11:15:00,37.022,0.0,37.022
4003,station-karnaphuli,DIESEL,333,2026-01-04T11:15:00,78.391,0.0,78.391
4004,station-karnaphuli,PETROL,333,2026-01-04T11:15:00,87.947,0.0,87.947
4005,station-karnaphuli,OCTANE,333,2026-01-04T11:15:00,57.391,0.0,57.391
4006,station-coxsbazar,DIESEL,333,2026-01-04T11:15:00,104.111,0.0,104.111
4007,station-coxsbazar,PETROL,333,2026-01-04T11:15:00,111.766,0.0,111.766
4008,station-coxsbazar,OCTANE,333,2026-01-04T11:15:00,51.534,0.0,51.534
4009,station-mirpur,DIESEL,334,2026-01-04T11:30:00,67.829,0.0,67.829
4010,station-mirpur,PETROL,334,2026-01-04T11:30:00,73.27,0.0,73.27
4011,station-mirpur,OCTANE,334,2026-01-04T11:30:00,38.005,0.0,38.005
4012,station-tongi,DIESEL,334,2026-01-04T11:30:00,236.232,0.0,236.232
4013,station-tongi,PETROL,334,2026-01-04T11:30:00,68.209,0.0,68.209
4014,station-tongi,OCTANE,334,2026-01-04T11:30:00,38.131,0.0,38.131
4015,station-karnaphuli,DIESEL,334,2026-01-04T11:30:00,96.859,0.0,96.859
4016,station-karnaphuli,PETROL,334,2026-01-04T11:30:00,92.427,0.0,92.427
4017,station-karnaphuli,OCTANE,334,2026-01-04T11:30:00,51.043,0.0,51.043
4018,station-coxsbazar,DIESEL,334,2026-01-04T11:30:00,106.092,0.0,106.092
4019,station-coxsbazar,PETROL,334,2026-01-04T11:30:00,97.018,0.0,97.018
4020,station-coxsbazar,OCTANE,334,2026-01-04T11:30:00,54.369,0.0,54.369
4021,station-mirpur,DIESEL,335,2026-01-04T11:45:00,63.035,0.0,63.035
4022,station-mirpur,PETROL,335,2026-01-04T11:45:00,68.96,0.0,68.96
4023,station-mirpur,OCTANE,335,2026-01-04T11:45:00,40.284,0.0,40.284
4024,station-tongi,DIESEL,335,2026-01-04T11:45:00,209.396,0.0,209.396
4025,station-tongi,PETROL,335,2026-01-04T11:45:00,76.622,0.0,76.622
4026,station-tongi,OCTANE,335,2026-01-04T11:45:00,36.55,0.0,36.55
4027,station-karnaphuli,DIESEL,335,2026-01-04T11:45:00,86.196,0.0,86.196
4028,station-karnaphuli,PETROL,335,2026-01-04T11:45:00,88.281,0.0,88.281
4029,station-karnaphuli,OCTANE,335,2026-01-04T11:45:00,47.909,0.0,47.909
4030,station-coxsbazar,DIESEL,335,2026-01-04T11:45:00,110.396,0.0,110.396
4031,station-coxsbazar,PETROL,335,2026-01-04T11:45:00,113.737,0.0,113.737
4032,station-coxsbazar,OCTANE,335,2026-01-04T11:45:00,52.712,0.0,52.712
4033,station-mirpur,DIESEL,336,2026-01-04T12:00:00,61.118,0.0,61.118
4034,station-mirpur,PETROL,336,2026-01-04T12:00:00,72.697,0.0,72.697
4035,station-mirpur,OCTANE,336,2026-01-04T12:00:00,43.518,0.0,43.518
4036,station-tongi,DIESEL,336,2026-01-04T12:00:00,227.085,0.0,227.085
4037,station-tongi,PETROL,336,2026-01-04T12:00:00,66.849,0.0,66.849
4038,station-tongi,OCTANE,336,2026-01-04T12:00:00,34.84,0.0,34.84
4039,station-karnaphuli,DIESEL,336,2026-01-04T12:00:00,80.334,0.0,80.334
4040,station-karnaphuli,PETROL,336,2026-01-04T12:00:00,88.588,0.0,88.588
4041,station-karnaphuli,OCTANE,336,2026-01-04T12:00:00,50.841,0.0,50.841
4042,station-coxsbazar,DIESEL,336,2026-01-04T12:00:00,97.851,0.0,97.851
4043,station-coxsbazar,PETROL,336,2026-01-04T12:00:00,105.676,0.0,105.676
4044,station-coxsbazar,OCTANE,336,2026-01-04T12:00:00,52.823,0.0,52.823
4045,station-mirpur,DIESEL,337,2026-01-04T12:15:00,66.478,0.0,66.478
4046,station-mirpur,PETROL,337,2026-01-04T12:15:00,83.862,0.0,83.862
4047,station-mirpur,OCTANE,337,2026-01-04T12:15:00,37.649,0.0,37.649
4048,station-tongi,DIESEL,337,2026-01-04T12:15:00,240.404,0.0,240.404
4049,station-tongi,PETROL,337,2026-01-04T12:15:00,71.978,0.0,71.978
4050,station-tongi,OCTANE,337,2026-01-04T12:15:00,36.064,0.0,36.064
4051,station-karnaphuli,DIESEL,337,2026-01-04T12:15:00,86.221,0.0,86.221
4052,station-karnaphuli,PETROL,337,2026-01-04T12:15:00,97.736,0.0,97.736
4053,station-karnaphuli,OCTANE,337,2026-01-04T12:15:00,47.054,0.0,47.054
4054,station-coxsbazar,DIESEL,337,2026-01-04T12:15:00,108.062,0.0,108.062
4055,station-coxsbazar,PETROL,337,2026-01-04T12:15:00,116.537,0.0,116.537
4056,station-coxsbazar,OCTANE,337,2026-01-04T12:15:00,47.114,0.0,47.114
4057,station-mirpur,DIESEL,338,2026-01-04T12:30:00,66.185,0.0,66.185
4058,station-mirpur,PETROL,338,2026-01-04T12:30:00,81.198,0.0,81.198
4059,station-mirpur,OCTANE,338,2026-01-04T12:30:00,40.251,0.0,40.251
4060,station-tongi,DIESEL,338,2026-01-04T12:30:00,220.03,0.0,220.03
4061,station-tongi,PETROL,338,2026-01-04T12:30:00,77.76,0.0,77.76
4062,station-tongi,OCTANE,338,2026-01-04T12:30:00,34.73,0.0,34.73
4063,station-karnaphuli,DIESEL,338,2026-01-04T12:30:00,79.947,0.0,79.947
4064,station-karnaphuli,PETROL,338,2026-01-04T12:30:00,88.307,0.0,88.307
4065,station-karnaphuli,OCTANE,338,2026-01-04T12:30:00,57.528,0.0,57.528
4066,station-coxsbazar,DIESEL,338,2026-01-04T12:30:00,106.996,0.0,106.996
4067,station-coxsbazar,PETROL,338,2026-01-04T12:30:00,101.913,0.0,101.913
4068,station-coxsbazar,OCTANE,338,2026-01-04T12:30:00,45.947,0.0,45.947
4069,station-mirpur,DIESEL,339,2026-01-04T12:45:00,65.068,0.0,65.068
4070,station-mirpur,PETROL,339,2026-01-04T12:45:00,82.629,0.0,82.629
4071,station-mirpur,OCTANE,339,2026-01-04T12:45:00,43.231,0.0,43.231
4072,station-tongi,DIESEL,339,2026-01-04T12:45:00,240.572,0.0,240.572
4073,station-tongi,PETROL,339,2026-01-04T12:45:00,77.52,0.0,77.52
4074,station-tongi,OCTANE,339,2026-01-04T12:45:00,36.6,0.0,36.6
4075,station-karnaphuli,DIESEL,339,2026-01-04T12:45:00,83.319,0.0,83.319
4076,station-karnaphuli,PETROL,339,2026-01-04T12:45:00,98.083,0.0,98.083
4077,station-karnaphuli,OCTANE,339,2026-01-04T12:45:00,46.692,0.0,46.692
4078,station-coxsbazar,DIESEL,339,2026-01-04T12:45:00,95.305,0.0,95.305
4079,station-coxsbazar,PETROL,339,2026-01-04T12:45:00,115.282,0.0,115.282
4080,station-coxsbazar,OCTANE,339,2026-01-04T12:45:00,49.591,0.0,49.591
4081,station-mirpur,DIESEL,340,2026-01-04T13:00:00,57.814,0.0,57.814
4082,station-mirpur,PETROL,340,2026-01-04T13:00:00,74.72,0.0,74.72
4083,station-mirpur,OCTANE,340,2026-01-04T13:00:00,42.225,0.0,42.225
4084,station-tongi,DIESEL,340,2026-01-04T13:00:00,242.563,0.0,242.563
4085,station-tongi,PETROL,340,2026-01-04T13:00:00,69.256,0.0,69.256
4086,station-tongi,OCTANE,340,2026-01-04T13:00:00,38.087,0.0,38.087
4087,station-karnaphuli,DIESEL,340,2026-01-04T13:00:00,81.299,0.0,81.299
4088,station-karnaphuli,PETROL,340,2026-01-04T13:00:00,85.333,0.0,85.333
4089,station-karnaphuli,OCTANE,340,2026-01-04T13:00:00,52.858,0.0,52.858
4090,station-coxsbazar,DIESEL,340,2026-01-04T13:00:00,108.859,0.0,108.859
4091,station-coxsbazar,PETROL,340,2026-01-04T13:00:00,115.127,0.0,115.127
4092,station-coxsbazar,OCTANE,340,2026-01-04T13:00:00,45.996,0.0,45.996
4093,station-mirpur,DIESEL,341,2026-01-04T13:15:00,64.587,0.0,64.587
4094,station-mirpur,PETROL,341,2026-01-04T13:15:00,69.708,0.0,69.708
4095,station-mirpur,OCTANE,341,2026-01-04T13:15:00,44.558,0.0,44.558
4096,station-tongi,DIESEL,341,2026-01-04T13:15:00,224.87,0.0,224.87
4097,station-tongi,PETROL,341,2026-01-04T13:15:00,67.472,0.0,67.472
4098,station-tongi,OCTANE,341,2026-01-04T13:15:00,37.018,0.0,37.018
4099,station-karnaphuli,DIESEL,341,2026-01-04T13:15:00,88.339,0.0,88.339
4100,station-karnaphuli,PETROL,341,2026-01-04T13:15:00,81.87,0.0,81.87
4101,station-karnaphuli,OCTANE,341,2026-01-04T13:15:00,57.923,0.0,57.923
4102,station-coxsbazar,DIESEL,341,2026-01-04T13:15:00,98.879,0.0,98.879
4103,station-coxsbazar,PETROL,341,2026-01-04T13:15:00,117.391,0.0,117.391
4104,station-coxsbazar,OCTANE,341,2026-01-04T13:15:00,45.629,0.0,45.629
4105,station-mirpur,DIESEL,342,2026-01-04T13:30:00,59.642,0.0,59.642
4106,station-mirpur,PETROL,342,2026-01-04T13:30:00,83.743,0.0,83.743
4107,station-mirpur,OCTANE,342,2026-01-04T13:30:00,39.854,0.0,39.854
4108,station-tongi,DIESEL,342,2026-01-04T13:30:00,233.933,0.0,233.933
4109,station-tongi,PETROL,342,2026-01-04T13:30:00,68.629,0.0,68.629
4110,station-tongi,OCTANE,342,2026-01-04T13:30:00,34.405,0.0,34.405
4111,station-karnaphuli,DIESEL,342,2026-01-04T13:30:00,82.48,0.0,82.48
4112,station-karnaphuli,PETROL,342,2026-01-04T13:30:00,103.395,0.0,103.395
4113,station-karnaphuli,OCTANE,342,2026-01-04T13:30:00,53.028,0.0,53.028
4114,station-coxsbazar,DIESEL,342,2026-01-04T13:30:00,98.123,0.0,98.123
4115,station-coxsbazar,PETROL,342,2026-01-04T13:30:00,112.602,0.0,112.602
4116,station-coxsbazar,OCTANE,342,2026-01-04T13:30:00,52.66,0.0,52.66
4117,station-mirpur,DIESEL,343,2026-01-04T13:45:00,66.36,0.0,66.36
4118,station-mirpur,PETROL,343,2026-01-04T13:45:00,77.128,0.0,77.128
4119,station-mirpur,OCTANE,343,2026-01-04T13:45:00,38.118,0.0,38.118
4120,station-tongi,DIESEL,343,2026-01-04T13:45:00,221.91,0.0,221.91
4121,station-tongi,PETROL,343,2026-01-04T13:45:00,78.34,0.0,78.34
4122,station-tongi,OCTANE,343,2026-01-04T13:45:00,37.324,0.0,37.324
4123,station-karnaphuli,DIESEL,343,2026-01-04T13:45:00,82.401,0.0,82.401
4124,station-karnaphuli,PETROL,343,2026-01-04T13:45:00,95.215,0.0,95.215
4125,station-karnaphuli,OCTANE,343,2026-01-04T13:45:00,49.777,0.0,49.777
4126,station-coxsbazar,DIESEL,343,2026-01-04T13:45:00,92.976,0.0,92.976
4127,station-coxsbazar,PETROL,343,2026-01-04T13:45:00,107.924,0.0,107.924
4128,station-coxsbazar,OCTANE,343,2026-01-04T13:45:00,51.888,0.0,51.888
4129,station-mirpur,DIESEL,344,2026-01-04T14:00:00,59.982,0.0,59.982
4130,station-mirpur,PETROL,344,2026-01-04T14:00:00,77.432,0.0,77.432
4131,station-mirpur,OCTANE,344,2026-01-04T14:00:00,38.769,0.0,38.769
4132,station-tongi,DIESEL,344,2026-01-04T14:00:00,237.142,0.0,237.142
4133,station-tongi,PETROL,344,2026-01-04T14:00:00,69.767,0.0,69.767
4134,station-tongi,OCTANE,344,2026-01-04T14:00:00,34.511,0.0,34.511
4135,station-karnaphuli,DIESEL,344,2026-01-04T14:00:00,88.687,0.0,88.687
4136,station-karnaphuli,PETROL,344,2026-01-04T14:00:00,89.958,0.0,89.958
4137,station-karnaphuli,OCTANE,344,2026-01-04T14:00:00,55.867,0.0,55.867
4138,station-coxsbazar,DIESEL,344,2026-01-04T14:00:00,97.492,0.0,97.492
4139,station-coxsbazar,PETROL,344,2026-01-04T14:00:00,100.317,0.0,100.317
4140,station-coxsbazar,OCTANE,344,2026-01-04T14:00:00,50.149,0.0,50.149
4141,station-mirpur,DIESEL,345,2026-01-04T14:15:00,60.021,0.0,60.021
4142,station-mirpur,PETROL,345,2026-01-04T14:15:00,77.41,0.0,77.41
4143,station-mirpur,OCTANE,345,2026-01-04T14:15:00,41.84,0.0,41.84
4144,station-tongi,DIESEL,345,2026-01-04T14:15:00,234.654,0.0,234.654
4145,station-tongi,PETROL,345,2026-01-04T14:15:00,77.953,0.0,77.953
4146,station-tongi,OCTANE,345,2026-01-04T14:15:00,33.959,0.0,33.959
4147,station-karnaphuli,DIESEL,345,2026-01-04T14:15:00,89.357,0.0,89.357
4148,station-karnaphuli,PETROL,345,2026-01-04T14:15:00,85.013,0.0,85.013
4149,station-karnaphuli,OCTANE,345,2026-01-04T14:15:00,58.358,0.0,58.358
4150,station-coxsbazar,DIESEL,345,2026-01-04T14:15:00,104.954,0.0,104.954
4151,station-coxsbazar,PETROL,345,2026-01-04T14:15:00,113.471,0.0,113.471
4152,station-coxsbazar,OCTANE,345,2026-01-04T14:15:00,52.787,0.0,52.787
4153,station-mirpur,DIESEL,346,2026-01-04T14:30:00,67.394,0.0,67.394
4154,station-mirpur,PETROL,346,2026-01-04T14:30:00,80.626,0.0,80.626
4155,station-mirpur,OCTANE,346,2026-01-04T14:30:00,41.769,0.0,41.769
4156,station-tongi,DIESEL,346,2026-01-04T14:30:00,223.965,0.0,223.965
4157,station-tongi,PETROL,346,2026-01-04T14:30:00,69.069,0.0,69.069
4158,station-tongi,OCTANE,346,2026-01-04T14:30:00,33.417,0.0,33.417
4159,station-karnaphuli,DIESEL,346,2026-01-04T14:30:00,83.755,0.0,83.755
4160,station-karnaphuli,PETROL,346,2026-01-04T14:30:00,82.412,0.0,82.412
4161,station-karnaphuli,OCTANE,346,2026-01-04T14:30:00,49.353,0.0,49.353
4162,station-coxsbazar,DIESEL,346,2026-01-04T14:30:00,100.172,0.0,100.172
4163,station-coxsbazar,PETROL,346,2026-01-04T14:30:00,109.039,0.0,109.039
4164,station-coxsbazar,OCTANE,346,2026-01-04T14:30:00,48.767,0.0,48.767
4165,station-mirpur,DIESEL,347,2026-01-04T14:45:00,59.011,0.0,59.011
4166,station-mirpur,PETROL,347,2026-01-04T14:45:00,74.652,0.0,74.652
4167,station-mirpur,OCTANE,347,2026-01-04T14:45:00,37.708,0.0,37.708
4168,station-tongi,DIESEL,347,2026-01-04T14:45:00,227.878,0.0,227.878
4169,station-tongi,PETROL,347,2026-01-04T14:45:00,70.171,0.0,70.171
4170,station-tongi,OCTANE,347,2026-01-04T14:45:00,33.185,0.0,33.185
4171,station-karnaphuli,DIESEL,347,2026-01-04T14:45:00,97.994,0.0,97.994
4172,station-karnaphuli,PETROL,347,2026-01-04T14:45:00,84.454,0.0,84.454
4173,station-karnaphuli,OCTANE,347,2026-01-04T14:45:00,58.035,0.0,58.035
4174,station-coxsbazar,DIESEL,347,2026-01-04T14:45:00,92.319,0.0,92.319
4175,station-coxsbazar,PETROL,347,2026-01-04T14:45:00,101.957,0.0,101.957
4176,station-coxsbazar,OCTANE,347,2026-01-04T14:45:00,54.843,0.0,54.843
4177,station-mirpur,DIESEL,348,2026-01-04T15:00:00,64.512,0.0,64.512
4178,station-mirpur,PETROL,348,2026-01-04T15:00:00,69.536,0.0,69.536
4179,station-mirpur,OCTANE,348,2026-01-04T15:00:00,41.407,0.0,41.407
4180,station-tongi,DIESEL,348,2026-01-04T15:00:00,240.689,0.0,240.689
4181,station-tongi,PETROL,348,2026-01-04T15:00:00,66.988,0.0,66.988
4182,station-tongi,OCTANE,348,2026-01-04T15:00:00,36.107,0.0,36.107
4183,station-karnaphuli,DIESEL,348,2026-01-04T15:00:00,92.431,0.0,92.431
4184,station-karnaphuli,PETROL,348,2026-01-04T15:00:00,91.748,0.0,91.748
4185,station-karnaphuli,OCTANE,348,2026-01-04T15:00:00,55.798,0.0,55.798
4186,station-coxsbazar,DIESEL,348,2026-01-04T15:00:00,109.955,0.0,109.955
4187,station-coxsbazar,PETROL,348,2026-01-04T15:00:00,105.519,0.0,105.519
4188,station-coxsbazar,OCTANE,348,2026-01-04T15:00:00,54.93,0.0,54.93
4189,station-mirpur,DIESEL,349,2026-01-04T15:15:00,67.943,0.0,67.943
4190,station-mirpur,PETROL,349,2026-01-04T15:15:00,78.841,0.0,78.841
4191,station-mirpur,OCTANE,349,2026-01-04T15:15:00,43.15,0.0,43.15
4192,station-tongi,DIESEL,349,2026-01-04T15:15:00,209.95,0.0,209.95
4193,station-tongi,PETROL,349,2026-01-04T15:15:00,76.076,0.0,76.076
4194,station-tongi,OCTANE,349,2026-01-04T15:15:00,38.336,0.0,38.336
4195,station-karnaphuli,DIESEL,349,2026-01-04T15:15:00,90.379,0.0,90.379
4196,station-karnaphuli,PETROL,349,2026-01-04T15:15:00,86.166,0.0,86.166
4197,station-karnaphuli,OCTANE,349,2026-01-04T15:15:00,48.679,0.0,48.679
4198,station-coxsbazar,DIESEL,349,2026-01-04T15:15:00,100.393,0.0,100.393
4199,station-coxsbazar,PETROL,349,2026-01-04T15:15:00,116.87,0.0,116.87
4200,station-coxsbazar,OCTANE,349,2026-01-04T15:15:00,51.179,0.0,51.179
4201,station-mirpur,DIESEL,350,2026-01-04T15:30:00,56.555,0.0,56.555
4202,station-mirpur,PETROL,350,2026-01-04T15:30:00,72.168,0.0,72.168
4203,station-mirpur,OCTANE,350,2026-01-04T15:30:00,37.288,0.0,37.288
4204,station-tongi,DIESEL,350,2026-01-04T15:30:00,234.031,0.0,234.031
4205,station-tongi,PETROL,350,2026-01-04T15:30:00,76.33,0.0,76.33
4206,station-tongi,OCTANE,350,2026-01-04T15:30:00,36.467,0.0,36.467
4207,station-karnaphuli,DIESEL,350,2026-01-04T15:30:00,82.926,0.0,82.926
4208,station-karnaphuli,PETROL,350,2026-01-04T15:30:00,96.455,0.0,96.455
4209,station-karnaphuli,OCTANE,350,2026-01-04T15:30:00,52.606,0.0,52.606
4210,station-coxsbazar,DIESEL,350,2026-01-04T15:30:00,105.523,0.0,105.523
4211,station-coxsbazar,PETROL,350,2026-01-04T15:30:00,102.75,0.0,102.75
4212,station-coxsbazar,OCTANE,350,2026-01-04T15:30:00,50.401,0.0,50.401
4213,station-mirpur,DIESEL,351,2026-01-04T15:45:00,55.974,0.0,55.974
4214,station-mirpur,PETROL,351,2026-01-04T15:45:00,73.325,0.0,73.325
4215,station-mirpur,OCTANE,351,2026-01-04T15:45:00,40.988,0.0,40.988
4216,station-tongi,DIESEL,351,2026-01-04T15:45:00,230.33,0.0,230.33
4217,station-tongi,PETROL,351,2026-01-04T15:45:00,69.52,0.0,69.52
4218,station-tongi,OCTANE,351,2026-01-04T15:45:00,34.299,0.0,34.299
4219,station-karnaphuli,DIESEL,351,2026-01-04T15:45:00,83.17,0.0,83.17
4220,station-karnaphuli,PETROL,351,2026-01-04T15:45:00,102.939,0.0,102.939
4221,station-karnaphuli,OCTANE,351,2026-01-04T15:45:00,53.023,0.0,53.023
4222,station-coxsbazar,DIESEL,351,2026-01-04T15:45:00,104.34,0.0,104.34
4223,station-coxsbazar,PETROL,351,2026-01-04T15:45:00,112.766,0.0,112.766
4224,station-coxsbazar,OCTANE,351,2026-01-04T15:45:00,47.052,0.0,47.052
4225,station-mirpur,DIESEL,352,2026-01-04T16:00:00,120.707,0.0,120.707
4226,station-mirpur,PETROL,352,2026-01-04T16:00:00,164.486,0.0,164.486
4227,station-mirpur,OCTANE,352,2026-01-04T16:00:00,90.209,0.0,90.209
4228,station-tongi,DIESEL,352,2026-01-04T16:00:00,239.659,0.0,239.659
4229,station-tongi,PETROL,352,2026-01-04T16:00:00,66.91,0.0,66.91
4230,station-tongi,OCTANE,352,2026-01-04T16:00:00,33.516,0.0,33.516
4231,station-karnaphuli,DIESEL,352,2026-01-04T16:00:00,152.552,0.0,152.552
4232,station-karnaphuli,PETROL,352,2026-01-04T16:00:00,149.213,0.0,149.213
4233,station-karnaphuli,OCTANE,352,2026-01-04T16:00:00,103.707,0.0,103.707
4234,station-coxsbazar,DIESEL,352,2026-01-04T16:00:00,109.137,0.0,109.137
4235,station-coxsbazar,PETROL,352,2026-01-04T16:00:00,107.04,0.0,107.04
4236,station-coxsbazar,OCTANE,352,2026-01-04T16:00:00,52.373,0.0,52.373
4237,station-mirpur,DIESEL,353,2026-01-04T16:15:00,131.751,0.0,131.751
4238,station-mirpur,PETROL,353,2026-01-04T16:15:00,150.131,0.0,150.131
4239,station-mirpur,OCTANE,353,2026-01-04T16:15:00,76.744,0.0,76.744
4240,station-tongi,DIESEL,353,2026-01-04T16:15:00,220.503,0.0,220.503
4241,station-tongi,PETROL,353,2026-01-04T16:15:00,76.42,0.0,76.42
4242,station-tongi,OCTANE,353,2026-01-04T16:15:00,35.385,0.0,35.385
4243,station-karnaphuli,DIESEL,353,2026-01-04T16:15:00,149.975,0.0,149.975
4244,station-karnaphuli,PETROL,353,2026-01-04T16:15:00,185.058,0.0,185.058
4245,station-karnaphuli,OCTANE,353,2026-01-04T16:15:00,104.425,0.0,104.425
4246,station-coxsbazar,DIESEL,353,2026-01-04T16:15:00,97.711,0.0,97.711
4247,station-coxsbazar,PETROL,353,2026-01-04T16:15:00,111.145,0.0,111.145
4248,station-coxsbazar,OCTANE,353,2026-01-04T16:15:00,54.928,0.0,54.928
4249,station-mirpur,DIESEL,354,2026-01-04T16:30:00,116.418,0.0,116.418
4250,station-mirpur,PETROL,354,2026-01-04T16:30:00,156.871,0.0,156.871
4251,station-mirpur,OCTANE,354,2026-01-04T16:30:00,80.659,0.0,80.659
4252,station-tongi,DIESEL,354,2026-01-04T16:30:00,210.902,0.0,210.902
4253,station-tongi,PETROL,354,2026-01-04T16:30:00,69.017,0.0,69.017
4254,station-tongi,OCTANE,354,2026-01-04T16:30:00,34.108,0.0,34.108
4255,station-karnaphuli,DIESEL,354,2026-01-04T16:30:00,157.371,0.0,157.371
4256,station-karnaphuli,PETROL,354,2026-01-04T16:30:00,152.37,0.0,152.37
4257,station-karnaphuli,OCTANE,354,2026-01-04T16:30:00,84.286,0.0,84.286
4258,station-coxsbazar,DIESEL,354,2026-01-04T16:30:00,101.891,0.0,101.891
4259,station-coxsbazar,PETROL,354,2026-01-04T16:30:00,105.601,0.0,105.601
4260,station-coxsbazar,OCTANE,354,2026-01-04T16:30:00,45.767,0.0,45.767
4261,station-mirpur,DIESEL,355,2026-01-04T16:45:00,128.346,0.0,128.346
4262,station-mirpur,PETROL,355,2026-01-04T16:45:00,148.048,0.0,148.048
4263,station-mirpur,OCTANE,355,2026-01-04T16:45:00,84.651,0.0,84.651
4264,station-tongi,DIESEL,355,2026-01-04T16:45:00,236.576,0.0,236.576
4265,station-tongi,PETROL,355,2026-01-04T16:45:00,72.287,0.0,72.287
4266,station-tongi,OCTANE,355,2026-01-04T16:45:00,33.16,0.0,33.16
4267,station-karnaphuli,DIESEL,355,2026-01-04T16:45:00,150.563,0.0,150.563
4268,station-karnaphuli,PETROL,355,2026-01-04T16:45:00,166.14,0.0,166.14
4269,station-karnaphuli,OCTANE,355,2026-01-04T16:45:00,83.834,0.0,83.834
4270,station-coxsbazar,DIESEL,355,2026-01-04T16:45:00,102.48,0.0,102.48
4271,station-coxsbazar,PETROL,355,2026-01-04T16:45:00,103.973,0.0,103.973
4272,station-coxsbazar,OCTANE,355,2026-01-04T16:45:00,48.117,0.0,48.117
4273,station-mirpur,DIESEL,356,2026-01-04T17:00:00,129.916,0.0,129.916
4274,station-mirpur,PETROL,356,2026-01-04T17:00:00,149.749,0.0,149.749
4275,station-mirpur,OCTANE,356,2026-01-04T17:00:00,88.978,0.0,88.978
4276,station-tongi,DIESEL,356,2026-01-04T17:00:00,213.408,0.0,213.408
4277,station-tongi,PETROL,356,2026-01-04T17:00:00,70.923,0.0,70.923
4278,station-tongi,OCTANE,356,2026-01-04T17:00:00,35.127,0.0,35.127
4279,station-karnaphuli,DIESEL,356,2026-01-04T17:00:00,164.46,0.0,164.46
4280,station-karnaphuli,PETROL,356,2026-01-04T17:00:00,174.854,0.0,174.854
4281,station-karnaphuli,OCTANE,356,2026-01-04T17:00:00,102.423,0.0,102.423
4282,station-coxsbazar,DIESEL,356,2026-01-04T17:00:00,103.585,0.0,103.585
4283,station-coxsbazar,PETROL,356,2026-01-04T17:00:00,103.39,0.0,103.39
4284,station-coxsbazar,OCTANE,356,2026-01-04T17:00:00,54.564,0.0,54.564
4285,station-mirpur,DIESEL,357,2026-01-04T17:15:00,118.63,0.0,118.63
4286,station-mirpur,PETROL,357,2026-01-04T17:15:00,154.017,0.0,154.017
4287,station-mirpur,OCTANE,357,2026-01-04T17:15:00,83.561,0.0,83.561
4288,station-tongi,DIESEL,357,2026-01-04T17:15:00,228.48,0.0,228.48
4289,station-tongi,PETROL,357,2026-01-04T17:15:00,70.139,0.0,70.139
4290,station-tongi,OCTANE,357,2026-01-04T17:15:00,34.86,0.0,34.86
4291,station-karnaphuli,DIESEL,357,2026-01-04T17:15:00,142.787,0.0,142.787
4292,station-karnaphuli,PETROL,357,2026-01-04T17:15:00,147.629,0.0,147.629
4293,station-karnaphuli,OCTANE,357,2026-01-04T17:15:00,87.055,0.0,87.055
4294,station-coxsbazar,DIESEL,357,2026-01-04T17:15:00,101.563,0.0,101.563
4295,station-coxsbazar,PETROL,357,2026-01-04T17:15:00,109.324,0.0,109.324
4296,station-coxsbazar,OCTANE,357,2026-01-04T17:15:00,52.265,0.0,52.265
4297,station-mirpur,DIESEL,358,2026-01-04T17:30:00,116.02,0.0,116.02
4298,station-mirpur,PETROL,358,2026-01-04T17:30:00,157.137,0.0,157.137
4299,station-mirpur,OCTANE,358,2026-01-04T17:30:00,80.165,0.0,80.165
4300,station-tongi,DIESEL,358,2026-01-04T17:30:00,219.815,0.0,219.815
4301,station-tongi,PETROL,358,2026-01-04T17:30:00,72.65,0.0,72.65
4302,station-tongi,OCTANE,358,2026-01-04T17:30:00,36.243,0.0,36.243
4303,station-karnaphuli,DIESEL,358,2026-01-04T17:30:00,154.015,0.0,154.015
4304,station-karnaphuli,PETROL,358,2026-01-04T17:30:00,176.901,0.0,176.901
4305,station-karnaphuli,OCTANE,358,2026-01-04T17:30:00,84.072,0.0,84.072
4306,station-coxsbazar,DIESEL,358,2026-01-04T17:30:00,91.282,0.0,91.282
4307,station-coxsbazar,PETROL,358,2026-01-04T17:30:00,109.066,0.0,109.066
4308,station-coxsbazar,OCTANE,358,2026-01-04T17:30:00,52.16,0.0,52.16
4309,station-mirpur,DIESEL,359,2026-01-04T17:45:00,133.605,0.0,133.605
4310,station-mirpur,PETROL,359,2026-01-04T17:45:00,147.434,0.0,147.434
4311,station-mirpur,OCTANE,359,2026-01-04T17:45:00,82.806,0.0,82.806
4312,station-tongi,DIESEL,359,2026-01-04T17:45:00,228.464,0.0,228.464
4313,station-tongi,PETROL,359,2026-01-04T17:45:00,68.678,0.0,68.678
4314,station-tongi,OCTANE,359,2026-01-04T17:45:00,36.476,0.0,36.476
4315,station-karnaphuli,DIESEL,359,2026-01-04T17:45:00,174.465,0.0,174.465
4316,station-karnaphuli,PETROL,359,2026-01-04T17:45:00,178.149,0.0,178.149
4317,station-karnaphuli,OCTANE,359,2026-01-04T17:45:00,93.947,0.0,93.947
4318,station-coxsbazar,DIESEL,359,2026-01-04T17:45:00,103.438,0.0,103.438
4319,station-coxsbazar,PETROL,359,2026-01-04T17:45:00,105.686,0.0,105.686
4320,station-coxsbazar,OCTANE,359,2026-01-04T17:45:00,49.923,0.0,49.923
4321,station-mirpur,DIESEL,360,2026-01-04T18:00:00,132.429,0.0,132.429
4322,station-mirpur,PETROL,360,2026-01-04T18:00:00,150.881,0.0,150.881
4323,station-mirpur,OCTANE,360,2026-01-04T18:00:00,77.877,0.0,77.877
4324,station-tongi,DIESEL,360,2026-01-04T18:00:00,64.298,0.0,64.298
4325,station-tongi,PETROL,360,2026-01-04T18:00:00,21.637,0.0,21.637
4326,station-tongi,OCTANE,360,2026-01-04T18:00:00,10.753,0.0,10.753
4327,station-karnaphuli,DIESEL,360,2026-01-04T18:00:00,167.477,0.0,167.477
4328,station-karnaphuli,PETROL,360,2026-01-04T18:00:00,163.443,0.0,163.443
4329,station-karnaphuli,OCTANE,360,2026-01-04T18:00:00,89.43,0.0,89.43
4330,station-coxsbazar,DIESEL,360,2026-01-04T18:00:00,107.807,0.0,107.807
4331,station-coxsbazar,PETROL,360,2026-01-04T18:00:00,106.276,0.0,106.276
4332,station-coxsbazar,OCTANE,360,2026-01-04T18:00:00,53.714,0.0,53.714
4333,station-mirpur,DIESEL,361,2026-01-04T18:15:00,135.817,0.0,135.817
4334,station-mirpur,PETROL,361,2026-01-04T18:15:00,169.143,0.0,169.143
4335,station-mirpur,OCTANE,361,2026-01-04T18:15:00,82.143,0.0,82.143
4336,station-tongi,DIESEL,361,2026-01-04T18:15:00,66.728,0.0,66.728
4337,station-tongi,PETROL,361,2026-01-04T18:15:00,21.061,0.0,21.061
4338,station-tongi,OCTANE,361,2026-01-04T18:15:00,10.654,0.0,10.654
4339,station-karnaphuli,DIESEL,361,2026-01-04T18:15:00,174.276,0.0,174.276
4340,station-karnaphuli,PETROL,361,2026-01-04T18:15:00,147.6,0.0,147.6
4341,station-karnaphuli,OCTANE,361,2026-01-04T18:15:00,86.274,0.0,86.274
4342,station-coxsbazar,DIESEL,361,2026-01-04T18:15:00,101.83,0.0,101.83
4343,station-coxsbazar,PETROL,361,2026-01-04T18:15:00,104.096,0.0,104.096
4344,station-coxsbazar,OCTANE,361,2026-01-04T18:15:00,54.383,0.0,54.383
4345,station-mirpur,DIESEL,362,2026-01-04T18:30:00,118.418,0.0,118.418
4346,station-mirpur,PETROL,362,2026-01-04T18:30:00,154.372,0.0,154.372
4347,station-mirpur,OCTANE,362,2026-01-04T18:30:00,84.438,0.0,84.438
4348,station-tongi,DIESEL,362,2026-01-04T18:30:00,62.346,0.0,62.346
4349,station-tongi,PETROL,362,2026-01-04T18:30:00,20.211,0.0,20.211
4350,station-tongi,OCTANE,362,2026-01-04T18:30:00,11.045,0.0,11.045
4351,station-karnaphuli,DIESEL,362,2026-01-04T18:30:00,154.577,0.0,154.577
4352,station-karnaphuli,PETROL,362,2026-01-04T18:30:00,152.833,0.0,152.833
4353,station-karnaphuli,OCTANE,362,2026-01-04T18:30:00,101.879,0.0,101.879
4354,station-coxsbazar,DIESEL,362,2026-01-04T18:30:00,101.467,0.0,101.467
4355,station-coxsbazar,PETROL,362,2026-01-04T18:30:00,101.315,0.0,101.315
4356,station-coxsbazar,OCTANE,362,2026-01-04T18:30:00,48.386,0.0,48.386
4357,station-mirpur,DIESEL,363,2026-01-04T18:45:00,138.096,0.0,138.096
4358,station-mirpur,PETROL,363,2026-01-04T18:45:00,174.347,0.0,174.347
4359,station-mirpur,OCTANE,363,2026-01-04T18:45:00,77.308,0.0,77.308
4360,station-tongi,DIESEL,363,2026-01-04T18:45:00,63.752,0.0,63.752
4361,station-tongi,PETROL,363,2026-01-04T18:45:00,20.689,0.0,20.689
4362,station-tongi,OCTANE,363,2026-01-04T18:45:00,10.816,0.0,10.816
4363,station-karnaphuli,DIESEL,363,2026-01-04T18:45:00,144.738,0.0,144.738
4364,station-karnaphuli,PETROL,363,2026-01-04T18:45:00,181.39,0.0,181.39
4365,station-karnaphuli,OCTANE,363,2026-01-04T18:45:00,99.064,0.0,99.064
4366,station-coxsbazar,DIESEL,363,2026-01-04T18:45:00,92.567,0.0,92.567
4367,station-coxsbazar,PETROL,363,2026-01-04T18:45:00,104.738,0.0,104.738
4368,station-coxsbazar,OCTANE,363,2026-01-04T18:45:00,49.896,0.0,49.896
4369,station-mirpur,DIESEL,364,2026-01-04T19:00:00,125.478,0.0,125.478
4370,station-mirpur,PETROL,364,2026-01-04T19:00:00,150.23,0.0,150.23
4371,station-mirpur,OCTANE,364,2026-01-04T19:00:00,77.483,0.0,77.483
4372,station-tongi,DIESEL,364,2026-01-04T19:00:00,63.643,0.0,63.643
4373,station-tongi,PETROL,364,2026-01-04T19:00:00,21.339,0.0,21.339
4374,station-tongi,OCTANE,364,2026-01-04T19:00:00,10.632,0.0,10.632
4375,station-karnaphuli,DIESEL,364,2026-01-04T19:00:00,140.788,0.0,140.788
4376,station-karnaphuli,PETROL,364,2026-01-04T19:00:00,159.606,0.0,159.606
4377,station-karnaphuli,OCTANE,364,2026-01-04T19:00:00,85.523,0.0,85.523
4378,station-coxsbazar,DIESEL,364,2026-01-04T19:00:00,111.071,0.0,111.071
4379,station-coxsbazar,PETROL,364,2026-01-04T19:00:00,102.864,0.0,102.864
4380,station-coxsbazar,OCTANE,364,2026-01-04T19:00:00,54.824,0.0,54.824
4381,station-mirpur,DIESEL,365,2026-01-04T19:15:00,133.796,0.0,133.796
4382,station-mirpur,PETROL,365,2026-01-04T19:15:00,174.149,0.0,174.149
4383,station-mirpur,OCTANE,365,2026-01-04T19:15:00,87.808,0.0,87.808
4384,station-tongi,DIESEL,365,2026-01-04T19:15:00,68.313,0.0,68.313
4385,station-tongi,PETROL,365,2026-01-04T19:15:00,19.817,0.0,19.817
4386,station-tongi,OCTANE,365,2026-01-04T19:15:00,10.557,0.0,10.557
4387,station-karnaphuli,DIESEL,365,2026-01-04T19:15:00,145.249,0.0,145.249
4388,station-karnaphuli,PETROL,365,2026-01-04T19:15:00,160.789,0.0,160.789
4389,station-karnaphuli,OCTANE,365,2026-01-04T19:15:00,101.057,0.0,101.057
4390,station-coxsbazar,DIESEL,365,2026-01-04T19:15:00,95.711,0.0,95.711
4391,station-coxsbazar,PETROL,365,2026-01-04T19:15:00,107.03,0.0,107.03
4392,station-coxsbazar,OCTANE,365,2026-01-04T19:15:00,52.354,0.0,52.354
4393,station-mirpur,DIESEL,366,2026-01-04T19:30:00,132.598,0.0,132.598
4394,station-mirpur,PETROL,366,2026-01-04T19:30:00,143.337,0.0,143.337
4395,station-mirpur,OCTANE,366,2026-01-04T19:30:00,83.636,0.0,83.636
4396,station-tongi,DIESEL,366,2026-01-04T19:30:00,66.314,0.0,66.314
4397,station-tongi,PETROL,366,2026-01-04T19:30:00,21.304,0.0,21.304
4398,station-tongi,OCTANE,366,2026-01-04T19:30:00,9.905,0.0,9.905
4399,station-karnaphuli,DIESEL,366,2026-01-04T19:30:00,141.847,0.0,141.847
4400,station-karnaphuli,PETROL,366,2026-01-04T19:30:00,153.546,0.0,153.546
4401,station-karnaphuli,OCTANE,366,2026-01-04T19:30:00,84.965,0.0,84.965
4402,station-coxsbazar,DIESEL,366,2026-01-04T19:30:00,104.913,0.0,104.913
4403,station-coxsbazar,PETROL,366,2026-01-04T19:30:00,113.711,0.0,113.711
4404,station-coxsbazar,OCTANE,366,2026-01-04T19:30:00,55.396,0.0,55.396
4405,station-mirpur,DIESEL,367,2026-01-04T19:45:00,132.222,0.0,132.222
4406,station-mirpur,PETROL,367,2026-01-04T19:45:00,174.446,0.0,174.446
4407,station-mirpur,OCTANE,367,2026-01-04T19:45:00,87.258,0.0,87.258
4408,station-tongi,DIESEL,367,2026-01-04T19:45:00,68.77,0.0,68.77
4409,station-tongi,PETROL,367,2026-01-04T19:45:00,21.621,0.0,21.621
4410,station-tongi,OCTANE,367,2026-01-04T19:45:00,10.786,0.0,10.786
4411,station-karnaphuli,DIESEL,367,2026-01-04T19:45:00,170.732,0.0,170.732
4412,station-karnaphuli,PETROL,367,2026-01-04T19:45:00,156.125,0.0,156.125
4413,station-karnaphuli,OCTANE,367,2026-01-04T19:45:00,102.851,0.0,102.851
4414,station-coxsbazar,DIESEL,367,2026-01-04T19:45:00,100.248,0.0,100.248
4415,station-coxsbazar,PETROL,367,2026-01-04T19:45:00,99.851,0.0,99.851
4416,station-coxsbazar,OCTANE,367,2026-01-04T19:45:00,53.739,0.0,53.739
4417,station-mirpur,DIESEL,368,2026-01-04T20:00:00,124.616,0.0,124.616
4418,station-mirpur,PETROL,368,2026-01-04T20:00:00,154.985,0.0,154.985
4419,station-mirpur,OCTANE,368,2026-01-04T20:00:00,88.227,0.0,88.227
4420,station-tongi,DIESEL,368,2026-01-04T20:00:00,70.342,0.0,70.342
4421,station-tongi,PETROL,368,2026-01-04T20:00:00,20.099,0.0,20.099
4422,station-tongi,OCTANE,368,2026-01-04T20:00:00,10.733,0.0,10.733
4423,station-karnaphuli,DIESEL,368,2026-01-04T20:00:00,146.407,0.0,146.407
4424,station-karnaphuli,PETROL,368,2026-01-04T20:00:00,163.903,0.0,163.903
4425,station-karnaphuli,OCTANE,368,2026-01-04T20:00:00,94.674,0.0,94.674
4426,station-coxsbazar,DIESEL,368,2026-01-04T20:00:00,101.043,0.0,101.043
4427,station-coxsbazar,PETROL,368,2026-01-04T20:00:00,104.415,0.0,104.415
4428,station-coxsbazar,OCTANE,368,2026-01-04T20:00:00,54.248,0.0,54.248
4429,station-mirpur,DIESEL,369,2026-01-04T20:15:00,125.185,0.0,125.185
4430,station-mirpur,PETROL,369,2026-01-04T20:15:00,172.875,0.0,172.875
4431,station-mirpur,OCTANE,369,2026-01-04T20:15:00,91.191,0.0,91.191
4432,station-tongi,DIESEL,369,2026-01-04T20:15:00,63.488,0.0,63.488
4433,station-tongi,PETROL,369,2026-01-04T20:15:00,21.823,0.0,21.823
4434,station-tongi,OCTANE,369,2026-01-04T20:15:00,9.536,0.0,9.536
4435,station-karnaphuli,DIESEL,369,2026-01-04T20:15:00,151.177,0.0,151.177
4436,station-karnaphuli,PETROL,369,2026-01-04T20:15:00,180.124,0.0,180.124
4437,station-karnaphuli,OCTANE,369,2026-01-04T20:15:00,95.872,0.0,95.872
4438,station-coxsbazar,DIESEL,369,2026-01-04T20:15:00,98.067,0.0,98.067
4439,station-coxsbazar,PETROL,369,2026-01-04T20:15:00,100.012,0.0,100.012
4440,station-coxsbazar,OCTANE,369,2026-01-04T20:15:00,54.818,0.0,54.818
4441,station-mirpur,DIESEL,370,2026-01-04T20:30:00,140.636,0.0,140.636
4442,station-mirpur,PETROL,370,2026-01-04T20:30:00,143.707,0.0,143.707
4443,station-mirpur,OCTANE,370,2026-01-04T20:30:00,78.441,0.0,78.441
4444,station-tongi,DIESEL,370,2026-01-04T20:30:00,67.645,0.0,67.645
4445,station-tongi,PETROL,370,2026-01-04T20:30:00,21.137,0.0,21.137
4446,station-tongi,OCTANE,370,2026-01-04T20:30:00,9.615,0.0,9.615
4447,station-karnaphuli,DIESEL,370,2026-01-04T20:30:00,152.132,0.0,152.132
4448,station-karnaphuli,PETROL,370,2026-01-04T20:30:00,155.265,0.0,155.265
4449,station-karnaphuli,OCTANE,370,2026-01-04T20:30:00,95.574,0.0,95.574
4450,station-coxsbazar,DIESEL,370,2026-01-04T20:30:00,107.871,0.0,107.871
4451,station-coxsbazar,PETROL,370,2026-01-04T20:30:00,99.425,0.0,99.425
4452,station-coxsbazar,OCTANE,370,2026-01-04T20:30:00,49.053,0.0,49.053
4453,station-mirpur,DIESEL,371,2026-01-04T20:45:00,135.575,0.0,135.575
4454,station-mirpur,PETROL,371,2026-01-04T20:45:00,148.509,0.0,148.509
4455,station-mirpur,OCTANE,371,2026-01-04T20:45:00,83.019,0.0,83.019
4456,station-tongi,DIESEL,371,2026-01-04T20:45:00,64.003,0.0,64.003
4457,station-tongi,PETROL,371,2026-01-04T20:45:00,22.073,0.0,22.073
4458,station-tongi,OCTANE,371,2026-01-04T20:45:00,11.051,0.0,11.051
4459,station-karnaphuli,DIESEL,371,2026-01-04T20:45:00,144.233,0.0,144.233
4460,station-karnaphuli,PETROL,371,2026-01-04T20:45:00,158.122,0.0,158.122
4461,station-karnaphuli,OCTANE,371,2026-01-04T20:45:00,95.089,0.0,95.089
4462,station-coxsbazar,DIESEL,371,2026-01-04T20:45:00,107.444,0.0,107.444
4463,station-coxsbazar,PETROL,371,2026-01-04T20:45:00,106.716,0.0,106.716
4464,station-coxsbazar,OCTANE,371,2026-01-04T20:45:00,47.317,0.0,47.317
4465,station-mirpur,DIESEL,372,2026-01-04T21:00:00,64.662,0.0,64.662
4466,station-mirpur,PETROL,372,2026-01-04T21:00:00,71.723,0.0,71.723
4467,station-mirpur,OCTANE,372,2026-01-04T21:00:00,39.53,0.0,39.53
4468,station-tongi,DIESEL,372,2026-01-04T21:00:00,61.964,0.0,61.964
4469,station-tongi,PETROL,372,2026-01-04T21:00:00,21.825,0.0,21.825
4470,station-tongi,OCTANE,372,2026-01-04T21:00:00,10.45,0.0,10.45
4471,station-karnaphuli,DIESEL,372,2026-01-04T21:00:00,93.623,0.0,93.623
4472,station-karnaphuli,PETROL,372,2026-01-04T21:00:00,91.927,0.0,91.927
4473,station-karnaphuli,OCTANE,372,2026-01-04T21:00:00,46.414,0.0,46.414
4474,station-coxsbazar,DIESEL,372,2026-01-04T21:00:00,50.995,0.0,50.995
4475,station-coxsbazar,PETROL,372,2026-01-04T21:00:00,56.862,0.0,56.862
4476,station-coxsbazar,OCTANE,372,2026-01-04T21:00:00,26.943,0.0,26.943
4477,station-mirpur,DIESEL,373,2026-01-04T21:15:00,60.674,0.0,60.674
4478,station-mirpur,PETROL,373,2026-01-04T21:15:00,71.262,0.0,71.262
4479,station-mirpur,OCTANE,373,2026-01-04T21:15:00,42.239,0.0,42.239
4480,station-tongi,DIESEL,373,2026-01-04T21:15:00,64.332,0.0,64.332
4481,station-tongi,PETROL,373,2026-01-04T21:15:00,22.576,0.0,22.576
4482,station-tongi,OCTANE,373,2026-01-04T21:15:00,10.702,0.0,10.702
4483,station-karnaphuli,DIESEL,373,2026-01-04T21:15:00,78.023,0.0,78.023
4484,station-karnaphuli,PETROL,373,2026-01-04T21:15:00,93.488,0.0,93.488
4485,station-karnaphuli,OCTANE,373,2026-01-04T21:15:00,56.934,0.0,56.934
4486,station-coxsbazar,DIESEL,373,2026-01-04T21:15:00,56.531,0.0,56.531
4487,station-coxsbazar,PETROL,373,2026-01-04T21:15:00,52.856,0.0,52.856
4488,station-coxsbazar,OCTANE,373,2026-01-04T21:15:00,26.818,0.0,26.818
4489,station-mirpur,DIESEL,374,2026-01-04T21:30:00,62.445,0.0,62.445
4490,station-mirpur,PETROL,374,2026-01-04T21:30:00,79.978,0.0,79.978
4491,station-mirpur,OCTANE,374,2026-01-04T21:30:00,41.521,0.0,41.521
4492,station-tongi,DIESEL,374,2026-01-04T21:30:00,70.537,0.0,70.537
4493,station-tongi,PETROL,374,2026-01-04T21:30:00,21.683,0.0,21.683
4494,station-tongi,OCTANE,374,2026-01-04T21:30:00,10.775,0.0,10.775
4495,station-karnaphuli,DIESEL,374,2026-01-04T21:30:00,79.987,0.0,79.987
4496,station-karnaphuli,PETROL,374,2026-01-04T21:30:00,90.271,0.0,90.271
4497,station-karnaphuli,OCTANE,374,2026-01-04T21:30:00,53.367,0.0,53.367
4498,station-coxsbazar,DIESEL,374,2026-01-04T21:30:00,54.081,0.0,54.081
4499,station-coxsbazar,PETROL,374,2026-01-04T21:30:00,51.271,0.0,51.271
4500,station-coxsbazar,OCTANE,374,2026-01-04T21:30:00,23.84,0.0,23.84
4501,station-mirpur,DIESEL,375,2026-01-04T21:45:00,60.802,0.0,60.802
4502,station-mirpur,PETROL,375,2026-01-04T21:45:00,82.204,0.0,82.204
4503,station-mirpur,OCTANE,375,2026-01-04T21:45:00,36.767,0.0,36.767
4504,station-tongi,DIESEL,375,2026-01-04T21:45:00,68.582,0.0,68.582
4505,station-tongi,PETROL,375,2026-01-04T21:45:00,21.038,0.0,21.038
4506,station-tongi,OCTANE,375,2026-01-04T21:45:00,10.936,0.0,10.936
4507,station-karnaphuli,DIESEL,375,2026-01-04T21:45:00,97.372,0.0,97.372
4508,station-karnaphuli,PETROL,375,2026-01-04T21:45:00,91.156,0.0,91.156
4509,station-karnaphuli,OCTANE,375,2026-01-04T21:45:00,57.904,0.0,57.904
4510,station-coxsbazar,DIESEL,375,2026-01-04T21:45:00,56.586,0.0,56.586
4511,station-coxsbazar,PETROL,375,2026-01-04T21:45:00,50.497,0.0,50.497
4512,station-coxsbazar,OCTANE,375,2026-01-04T21:45:00,26.605,0.0,26.605
4513,station-mirpur,DIESEL,376,2026-01-04T22:00:00,57.613,0.0,57.613
4514,station-mirpur,PETROL,376,2026-01-04T22:00:00,72.404,0.0,72.404
4515,station-mirpur,OCTANE,376,2026-01-04T22:00:00,41.98,0.0,41.98
4516,station-tongi,DIESEL,376,2026-01-04T22:00:00,68.421,0.0,68.421
4517,station-tongi,PETROL,376,2026-01-04T22:00:00,20.543,0.0,20.543
4518,station-tongi,OCTANE,376,2026-01-04T22:00:00,10.372,0.0,10.372
4519,station-karnaphuli,DIESEL,376,2026-01-04T22:00:00,92.204,0.0,92.204
4520,station-karnaphuli,PETROL,376,2026-01-04T22:00:00,97.981,0.0,97.981
4521,station-karnaphuli,OCTANE,376,2026-01-04T22:00:00,55.481,0.0,55.481
4522,station-coxsbazar,DIESEL,376,2026-01-04T22:00:00,55.169,0.0,55.169
4523,station-coxsbazar,PETROL,376,2026-01-04T22:00:00,53.186,0.0,53.186
4524,station-coxsbazar,OCTANE,376,2026-01-04T22:00:00,26.131,0.0,26.131
4525,station-mirpur,DIESEL,377,2026-01-04T22:15:00,56.038,0.0,56.038
4526,station-mirpur,PETROL,377,2026-01-04T22:15:00,71.221,0.0,71.221
4527,station-mirpur,OCTANE,377,2026-01-04T22:15:00,39.017,0.0,39.017
4528,station-tongi,DIESEL,377,2026-01-04T22:15:00,62.224,0.0,62.224
4529,station-tongi,PETROL,377,2026-01-04T22:15:00,22.63,0.0,22.63
4530,station-tongi,OCTANE,377,2026-01-04T22:15:00,10.507,0.0,10.507
4531,station-karnaphuli,DIESEL,377,2026-01-04T22:15:00,79.165,0.0,79.165
4532,station-karnaphuli,PETROL,377,2026-01-04T22:15:00,103.2,0.0,103.2
4533,station-karnaphuli,OCTANE,377,2026-01-04T22:15:00,49.706,0.0,49.706
4534,station-coxsbazar,DIESEL,377,2026-01-04T22:15:00,53.554,0.0,53.554
4535,station-coxsbazar,PETROL,377,2026-01-04T22:15:00,52.401,0.0,52.401
4536,station-coxsbazar,OCTANE,377,2026-01-04T22:15:00,27.135,0.0,27.135
4537,station-mirpur,DIESEL,378,2026-01-04T22:30:00,59.399,0.0,59.399
4538,station-mirpur,PETROL,378,2026-01-04T22:30:00,74.636,0.0,74.636
4539,station-mirpur,OCTANE,378,2026-01-04T22:30:00,40.811,0.0,40.811
4540,station-tongi,DIESEL,378,2026-01-04T22:30:00,62.465,0.0,62.465
4541,station-tongi,PETROL,378,2026-01-04T22:30:00,22.381,0.0,22.381
4542,station-tongi,OCTANE,378,2026-01-04T22:30:00,9.647,0.0,9.647
4543,station-karnaphuli,DIESEL,378,2026-01-04T22:30:00,88.904,0.0,88.904
4544,station-karnaphuli,PETROL,378,2026-01-04T22:30:00,83.932,0.0,83.932
4545,station-karnaphuli,OCTANE,378,2026-01-04T22:30:00,53.247,0.0,53.247
4546,station-coxsbazar,DIESEL,378,2026-01-04T22:30:00,54.925,0.0,54.925
4547,station-coxsbazar,PETROL,378,2026-01-04T22:30:00,50.309,0.0,50.309
4548,station-coxsbazar,OCTANE,378,2026-01-04T22:30:00,28.907,0.0,28.907
4549,station-mirpur,DIESEL,379,2026-01-04T22:45:00,67.761,0.0,67.761
4550,station-mirpur,PETROL,379,2026-01-04T22:45:00,77.355,0.0,77.355
4551,station-mirpur,OCTANE,379,2026-01-04T22:45:00,38.494,0.0,38.494
4552,station-tongi,DIESEL,379,2026-01-04T22:45:00,68.003,0.0,68.003
4553,station-tongi,PETROL,379,2026-01-04T22:45:00,21.111,0.0,21.111
4554,station-tongi,OCTANE,379,2026-01-04T22:45:00,9.875,0.0,9.875
4555,station-karnaphuli,DIESEL,379,2026-01-04T22:45:00,97.619,0.0,97.619
4556,station-karnaphuli,PETROL,379,2026-01-04T22:45:00,87.498,0.0,87.498
4557,station-karnaphuli,OCTANE,379,2026-01-04T22:45:00,51.651,0.0,51.651
4558,station-coxsbazar,DIESEL,379,2026-01-04T22:45:00,53.18,0.0,53.18
4559,station-coxsbazar,PETROL,379,2026-01-04T22:45:00,54.019,0.0,54.019
4560,station-coxsbazar,OCTANE,379,2026-01-04T22:45:00,25.004,0.0,25.004
4561,station-mirpur,DIESEL,380,2026-01-04T23:00:00,56.882,0.0,56.882
4562,station-mirpur,PETROL,380,2026-01-04T23:00:00,76.236,0.0,76.236
4563,station-mirpur,OCTANE,380,2026-01-04T23:00:00,40.747,0.0,40.747
4564,station-tongi,DIESEL,380,2026-01-04T23:00:00,66.951,0.0,66.951
4565,station-tongi,PETROL,380,2026-01-04T23:00:00,20.644,0.0,20.644
4566,station-tongi,OCTANE,380,2026-01-04T23:00:00,10.33,0.0,10.33
4567,station-karnaphuli,DIESEL,380,2026-01-04T23:00:00,85.499,0.0,85.499
4568,station-karnaphuli,PETROL,380,2026-01-04T23:00:00,92.36,0.0,92.36
4569,station-karnaphuli,OCTANE,380,2026-01-04T23:00:00,51.026,0.0,51.026
4570,station-coxsbazar,DIESEL,380,2026-01-04T23:00:00,51.232,0.0,51.232
4571,station-coxsbazar,PETROL,380,2026-01-04T23:00:00,55.85,0.0,55.85
4572,station-coxsbazar,OCTANE,380,2026-01-04T23:00:00,24.508,0.0,24.508
4573,station-mirpur,DIESEL,381,2026-01-04T23:15:00,61.649,0.0,61.649
4574,station-mirpur,PETROL,381,2026-01-04T23:15:00,70.984,0.0,70.984
4575,station-mirpur,OCTANE,381,2026-01-04T23:15:00,42.379,0.0,42.379
4576,station-tongi,DIESEL,381,2026-01-04T23:15:00,64.812,0.0,64.812
4577,station-tongi,PETROL,381,2026-01-04T23:15:00,20.339,0.0,20.339
4578,station-tongi,OCTANE,381,2026-01-04T23:15:00,9.998,0.0,9.998
4579,station-karnaphuli,DIESEL,381,2026-01-04T23:15:00,86.034,0.0,86.034
4580,station-karnaphuli,PETROL,381,2026-01-04T23:15:00,96.299,0.0,96.299
4581,station-karnaphuli,OCTANE,381,2026-01-04T23:15:00,54.256,0.0,54.256
4582,station-coxsbazar,DIESEL,381,2026-01-04T23:15:00,56.508,0.0,56.508
4583,station-coxsbazar,PETROL,381,2026-01-04T23:15:00,58.278,0.0,58.278
4584,station-coxsbazar,OCTANE,381,2026-01-04T23:15:00,25.741,0.0,25.741
4585,station-mirpur,DIESEL,382,2026-01-04T23:30:00,56.039,0.0,56.039
4586,station-mirpur,PETROL,382,2026-01-04T23:30:00,83.983,0.0,83.983
4587,station-mirpur,OCTANE,382,2026-01-04T23:30:00,43.109,0.0,43.109
4588,station-tongi,DIESEL,382,2026-01-04T23:30:00,66.29,0.0,66.29
4589,station-tongi,PETROL,382,2026-01-04T23:30:00,21.843,0.0,21.843
4590,station-tongi,OCTANE,382,2026-01-04T23:30:00,10.718,0.0,10.718
4591,station-karnaphuli,DIESEL,382,2026-01-04T23:30:00,92.392,0.0,92.392
4592,station-karnaphuli,PETROL,382,2026-01-04T23:30:00,87.461,0.0,87.461
4593,station-karnaphuli,OCTANE,382,2026-01-04T23:30:00,53.826,0.0,53.826
4594,station-coxsbazar,DIESEL,382,2026-01-04T23:30:00,50.277,0.0,50.277
4595,station-coxsbazar,PETROL,382,2026-01-04T23:30:00,54.631,0.0,54.631
4596,station-coxsbazar,OCTANE,382,2026-01-04T23:30:00,26.207,0.0,26.207
4597,station-mirpur,DIESEL,383,2026-01-04T23:45:00,56.771,0.0,56.771
4598,station-mirpur,PETROL,383,2026-01-04T23:45:00,73.558,0.0,73.558
4599,station-mirpur,OCTANE,383,2026-01-04T23:45:00,38.721,0.0,38.721
4600,station-tongi,DIESEL,383,2026-01-04T23:45:00,61.205,0.0,61.205
4601,station-tongi,PETROL,383,2026-01-04T23:45:00,20.031,0.0,20.031
4602,station-tongi,OCTANE,383,2026-01-04T23:45:00,9.948,0.0,9.948
4603,station-karnaphuli,DIESEL,383,2026-01-04T23:45:00,83.868,0.0,83.868
4604,station-karnaphuli,PETROL,383,2026-01-04T23:45:00,90.507,0.0,90.507
4605,station-karnaphuli,OCTANE,383,2026-01-04T23:45:00,51.864,0.0,51.864
4606,station-coxsbazar,DIESEL,383,2026-01-04T23:45:00,50.974,0.0,50.974
4607,station-coxsbazar,PETROL,383,2026-01-04T23:45:00,58.692,0.0,58.692
4608,station-coxsbazar,OCTANE,383,2026-01-04T23:45:00,27.081,0.0,27.081
4609,station-mirpur,DIESEL,384,2026-01-05T00:00:00,60.576,0.0,60.576
4610,station-mirpur,PETROL,384,2026-01-05T00:00:00,78.267,0.0,78.267
4611,station-mirpur,OCTANE,384,2026-01-05T00:00:00,40.548,0.0,40.548
4612,station-tongi,DIESEL,384,2026-01-05T00:00:00,67.329,0.0,67.329
4613,station-tongi,PETROL,384,2026-01-05T00:00:00,22.598,0.0,22.598
4614,station-tongi,OCTANE,384,2026-01-05T00:00:00,10.274,0.0,10.274
4615,station-karnaphuli,DIESEL,384,2026-01-05T00:00:00,79.852,0.0,79.852
4616,station-karnaphuli,PETROL,384,2026-01-05T00:00:00,83.937,0.0,83.937
4617,station-karnaphuli,OCTANE,384,2026-01-05T00:00:00,46.442,0.0,46.442
4618,station-coxsbazar,DIESEL,384,2026-01-05T00:00:00,48.339,0.0,48.339
4619,station-coxsbazar,PETROL,384,2026-01-05T00:00:00,51.884,0.0,51.884
4620,station-coxsbazar,OCTANE,384,2026-01-05T00:00:00,25.456,0.0,25.456
4621,station-mirpur,DIESEL,385,2026-01-05T00:15:00,61.141,0.0,61.141
4622,station-mirpur,PETROL,385,2026-01-05T00:15:00,71.593,0.0,71.593
4623,station-mirpur,OCTANE,385,2026-01-05T00:15:00,42.106,0.0,42.106
4624,station-tongi,DIESEL,385,2026-01-05T00:15:00,70.178,0.0,70.178
4625,station-tongi,PETROL,385,2026-01-05T00:15:00,22.547,0.0,22.547
4626,station-tongi,OCTANE,385,2026-01-05T00:15:00,10.75,0.0,10.75
4627,station-karnaphuli,DIESEL,385,2026-01-05T00:15:00,88.408,0.0,88.408
4628,station-karnaphuli,PETROL,385,2026-01-05T00:15:00,101.743,0.0,101.743
4629,station-karnaphuli,OCTANE,385,2026-01-05T00:15:00,51.206,0.0,51.206
4630,station-coxsbazar,DIESEL,385,2026-01-05T00:15:00,55.969,0.0,55.969
4631,station-coxsbazar,PETROL,385,2026-01-05T00:15:00,57.018,0.0,57.018
4632,station-coxsbazar,OCTANE,385,2026-01-05T00:15:00,27.069,0.0,27.069
4633,station-mirpur,DIESEL,386,2026-01-05T00:30:00,62.458,0.0,62.458
4634,station-mirpur,PETROL,386,2026-01-05T00:30:00,70.169,0.0,70.169
4635,station-mirpur,OCTANE,386,2026-01-05T00:30:00,38.756,0.0,38.756
4636,station-tongi,DIESEL,386,2026-01-05T00:30:00,69.417,0.0,69.417
4637,station-tongi,PETROL,386,2026-01-05T00:30:00,19.466,0.0,19.466
4638,station-tongi,OCTANE,386,2026-01-05T00:30:00,11.04,0.0,11.04
4639,station-karnaphuli,DIESEL,386,2026-01-05T00:30:00,95.241,0.0,95.241
4640,station-karnaphuli,PETROL,386,2026-01-05T00:30:00,99.279,0.0,99.279
4641,station-karnaphuli,OCTANE,386,2026-01-05T00:30:00,52.956,0.0,52.956
4642,station-coxsbazar,DIESEL,386,2026-01-05T00:30:00,54.172,0.0,54.172
4643,station-coxsbazar,PETROL,386,2026-01-05T00:30:00,54.228,0.0,54.228
4644,station-coxsbazar,OCTANE,386,2026-01-05T00:30:00,26.12,0.0,26.12
4645,station-mirpur,DIESEL,387,2026-01-05T00:45:00,63.861,0.0,63.861
4646,station-mirpur,PETROL,387,2026-01-05T00:45:00,69.978,0.0,69.978
4647,station-mirpur,OCTANE,387,2026-01-05T00:45:00,39.891,0.0,39.891
4648,station-tongi,DIESEL,387,2026-01-05T00:45:00,67.454,0.0,67.454
4649,station-tongi,PETROL,387,2026-01-05T00:45:00,22.538,0.0,22.538
4650,station-tongi,OCTANE,387,2026-01-05T00:45:00,9.72,0.0,9.72
4651,station-karnaphuli,DIESEL,387,2026-01-05T00:45:00,88.798,0.0,88.798
4652,station-karnaphuli,PETROL,387,2026-01-05T00:45:00,88.958,0.0,88.958
4653,station-karnaphuli,OCTANE,387,2026-01-05T00:45:00,55.591,0.0,55.591
4654,station-coxsbazar,DIESEL,387,2026-01-05T00:45:00,56.022,0.0,56.022
4655,station-coxsbazar,PETROL,387,2026-01-05T00:45:00,59.803,0.0,59.803
4656,station-coxsbazar,OCTANE,387,2026-01-05T00:45:00,24.099,0.0,24.099
4657,station-mirpur,DIESEL,388,2026-01-05T01:00:00,59.483,0.0,59.483
4658,station-mirpur,PETROL,388,2026-01-05T01:00:00,72.324,0.0,72.324
4659,station-mirpur,OCTANE,388,2026-01-05T01:00:00,38.204,0.0,38.204
4660,station-tongi,DIESEL,388,2026-01-05T01:00:00,70.759,0.0,70.759
4661,station-tongi,PETROL,388,2026-01-05T01:00:00,22.583,0.0,22.583
4662,station-tongi,OCTANE,388,2026-01-05T01:00:00,9.754,0.0,9.754
4663,station-karnaphuli,DIESEL,388,2026-01-05T01:00:00,88.478,0.0,88.478
4664,station-karnaphuli,PETROL,388,2026-01-05T01:00:00,96.457,0.0,96.457
4665,station-karnaphuli,OCTANE,388,2026-01-05T01:00:00,52.916,0.0,52.916
4666,station-coxsbazar,DIESEL,388,2026-01-05T01:00:00,47.674,0.0,47.674
4667,station-coxsbazar,PETROL,388,2026-01-05T01:00:00,55.338,0.0,55.338
4668,station-coxsbazar,OCTANE,388,2026-01-05T01:00:00,24.254,0.0,24.254
4669,station-mirpur,DIESEL,389,2026-01-05T01:15:00,67.068,0.0,67.068
4670,station-mirpur,PETROL,389,2026-01-05T01:15:00,71.456,0.0,71.456
4671,station-mirpur,OCTANE,389,2026-01-05T01:15:00,37.174,0.0,37.174
4672,station-tongi,DIESEL,389,2026-01-05T01:15:00,64.278,0.0,64.278
4673,station-tongi,PETROL,389,2026-01-05T01:15:00,22.253,0.0,22.253
4674,station-tongi,OCTANE,389,2026-01-05T01:15:00,10.135,0.0,10.135
4675,station-karnaphuli,DIESEL,389,2026-01-05T01:15:00,94.504,0.0,94.504
4676,station-karnaphuli,PETROL,389,2026-01-05T01:15:00,100.414,0.0,100.414
4677,station-karnaphuli,OCTANE,389,2026-01-05T01:15:00,46.46,0.0,46.46
4678,station-coxsbazar,DIESEL,389,2026-01-05T01:15:00,53.399,0.0,53.399
4679,station-coxsbazar,PETROL,389,2026-01-05T01:15:00,50.712,0.0,50.712
4680,station-coxsbazar,OCTANE,389,2026-01-05T01:15:00,24.271,0.0,24.271
4681,station-mirpur,DIESEL,390,2026-01-05T01:30:00,68.162,0.0,68.162
4682,station-mirpur,PETROL,390,2026-01-05T01:30:00,70.401,0.0,70.401
4683,station-mirpur,OCTANE,390,2026-01-05T01:30:00,39.042,0.0,39.042
4684,station-tongi,DIESEL,390,2026-01-05T01:30:00,66.804,0.0,66.804
4685,station-tongi,PETROL,390,2026-01-05T01:30:00,21.731,0.0,21.731
4686,station-tongi,OCTANE,390,2026-01-05T01:30:00,9.985,0.0,9.985
4687,station-karnaphuli,DIESEL,390,2026-01-05T01:30:00,96.073,0.0,96.073
4688,station-karnaphuli,PETROL,390,2026-01-05T01:30:00,95.125,0.0,95.125
4689,station-karnaphuli,OCTANE,390,2026-01-05T01:30:00,57.912,0.0,57.912
4690,station-coxsbazar,DIESEL,390,2026-01-05T01:30:00,51.009,0.0,51.009
4691,station-coxsbazar,PETROL,390,2026-01-05T01:30:00,57.577,0.0,57.577
4692,station-coxsbazar,OCTANE,390,2026-01-05T01:30:00,27.367,0.0,27.367
4693,station-mirpur,DIESEL,391,2026-01-05T01:45:00,67.316,0.0,67.316
4694,station-mirpur,PETROL,391,2026-01-05T01:45:00,73.706,0.0,73.706
4695,station-mirpur,OCTANE,391,2026-01-05T01:45:00,42.03,0.0,42.03
4696,station-tongi,DIESEL,391,2026-01-05T01:45:00,70.233,0.0,70.233
4697,station-tongi,PETROL,391,2026-01-05T01:45:00,19.807,0.0,19.807
4698,station-tongi,OCTANE,391,2026-01-05T01:45:00,10.226,0.0,10.226
4699,station-karnaphuli,DIESEL,391,2026-01-05T01:45:00,94.89,0.0,94.89
4700,station-karnaphuli,PETROL,391,2026-01-05T01:45:00,91.385,0.0,91.385
4701,station-karnaphuli,OCTANE,391,2026-01-05T01:45:00,50.66,0.0,50.66
4702,station-coxsbazar,DIESEL,391,2026-01-05T01:45:00,48.056,0.0,48.056
4703,station-coxsbazar,PETROL,391,2026-01-05T01:45:00,57.611,0.0,57.611
4704,station-coxsbazar,OCTANE,391,2026-01-05T01:45:00,25.332,0.0,25.332
4705,station-mirpur,DIESEL,392,2026-01-05T02:00:00,56.771,0.0,56.771
4706,station-mirpur,PETROL,392,2026-01-05T02:00:00,79.808,0.0,79.808
4707,station-mirpur,OCTANE,392,2026-01-05T02:00:00,37.277,0.0,37.277
4708,station-tongi,DIESEL,392,2026-01-05T02:00:00,70.799,0.0,70.799
4709,station-tongi,PETROL,392,2026-01-05T02:00:00,19.899,0.0,19.899
4710,station-tongi,OCTANE,392,2026-01-05T02:00:00,10.087,0.0,10.087
4711,station-karnaphuli,DIESEL,392,2026-01-05T02:00:00,96.631,0.0,96.631
4712,station-karnaphuli,PETROL,392,2026-01-05T02:00:00,101.232,0.0,101.232
4713,station-karnaphuli,OCTANE,392,2026-01-05T02:00:00,53.464,0.0,53.464
4714,station-coxsbazar,DIESEL,392,2026-01-05T02:00:00,56.986,0.0,56.986
4715,station-coxsbazar,PETROL,392,2026-01-05T02:00:00,60.925,0.0,60.925
4716,station-coxsbazar,OCTANE,392,2026-01-05T02:00:00,27.801,0.0,27.801
4717,station-mirpur,DIESEL,393,2026-01-05T02:15:00,59.425,0.0,59.425
4718,station-mirpur,PETROL,393,2026-01-05T02:15:00,69.88,0.0,69.88
4719,station-mirpur,OCTANE,393,2026-01-05T02:15:00,39.892,0.0,39.892
4720,station-tongi,DIESEL,393,2026-01-05T02:15:00,65.733,0.0,65.733
4721,station-tongi,PETROL,393,2026-01-05T02:15:00,20.643,0.0,20.643
4722,station-tongi,OCTANE,393,2026-01-05T02:15:00,10.077,0.0,10.077
4723,station-karnaphuli,DIESEL,393,2026-01-05T02:15:00,97.981,0.0,97.981
4724,station-karnaphuli,PETROL,393,2026-01-05T02:15:00,84.743,0.0,84.743
4725,station-karnaphuli,OCTANE,393,2026-01-05T02:15:00,56.557,0.0,56.557
4726,station-coxsbazar,DIESEL,393,2026-01-05T02:15:00,57.377,0.0,57.377
4727,station-coxsbazar,PETROL,393,2026-01-05T02:15:00,58.694,0.0,58.694
4728,station-coxsbazar,OCTANE,393,2026-01-05T02:15:00,28.806,0.0,28.806
4729,station-mirpur,DIESEL,394,2026-01-05T02:30:00,63.751,0.0,63.751
4730,station-mirpur,PETROL,394,2026-01-05T02:30:00,76.085,0.0,76.085
4731,station-mirpur,OCTANE,394,2026-01-05T02:30:00,40.419,0.0,40.419
4732,station-tongi,DIESEL,394,2026-01-05T02:30:00,66.01,0.0,66.01
4733,station-tongi,PETROL,394,2026-01-05T02:30:00,22.489,0.0,22.489
4734,station-tongi,OCTANE,394,2026-01-05T02:30:00,10.155,0.0,10.155
4735,station-karnaphuli,DIESEL,394,2026-01-05T02:30:00,94.695,0.0,94.695
4736,station-karnaphuli,PETROL,394,2026-01-05T02:30:00,82.786,0.0,82.786
4737,station-karnaphuli,OCTANE,394,2026-01-05T02:30:00,47.708,0.0,47.708
4738,station-coxsbazar,DIESEL,394,2026-01-05T02:30:00,52.238,0.0,52.238
4739,station-coxsbazar,PETROL,394,2026-01-05T02:30:00,53.035,0.0,53.035
4740,station-coxsbazar,OCTANE,394,2026-01-05T02:30:00,28.157,0.0,28.157
4741,station-mirpur,DIESEL,395,2026-01-05T02:45:00,66.072,0.0,66.072
4742,station-mirpur,PETROL,395,2026-01-05T02:45:00,78.802,0.0,78.802
4743,station-mirpur,OCTANE,395,2026-01-05T02:45:00,38.657,0.0,38.657
4744,station-tongi,DIESEL,395,2026-01-05T02:45:00,70.731,0.0,70.731
4745,station-tongi,PETROL,395,2026-01-05T02:45:00,22.691,0.0,22.691
4746,station-tongi,OCTANE,395,2026-01-05T02:45:00,9.834,0.0,9.834
4747,station-karnaphuli,DIESEL,395,2026-01-05T02:45:00,97.583,0.0,97.583
4748,station-karnaphuli,PETROL,395,2026-01-05T02:45:00,84.736,0.0,84.736
4749,station-karnaphuli,OCTANE,395,2026-01-05T02:45:00,54.721,0.0,54.721
4750,station-coxsbazar,DIESEL,395,2026-01-05T02:45:00,53.583,0.0,53.583
4751,station-coxsbazar,PETROL,395,2026-01-05T02:45:00,58.674,0.0,58.674
4752,station-coxsbazar,OCTANE,395,2026-01-05T02:45:00,28.915,0.0,28.915
4753,station-mirpur,DIESEL,396,2026-01-05T03:00:00,60.261,0.0,60.261
4754,station-mirpur,PETROL,396,2026-01-05T03:00:00,69.073,0.0,69.073
4755,station-mirpur,OCTANE,396,2026-01-05T03:00:00,39.118,0.0,39.118
4756,station-tongi,DIESEL,396,2026-01-05T03:00:00,67.63,0.0,67.63
4757,station-tongi,PETROL,396,2026-01-05T03:00:00,20.223,0.0,20.223
4758,station-tongi,OCTANE,396,2026-01-05T03:00:00,10.101,0.0,10.101
4759,station-karnaphuli,DIESEL,396,2026-01-05T03:00:00,92.609,0.0,92.609
4760,station-karnaphuli,PETROL,396,2026-01-05T03:00:00,84.544,0.0,84.544
4761,station-karnaphuli,OCTANE,396,2026-01-05T03:00:00,48.035,0.0,48.035
4762,station-coxsbazar,DIESEL,396,2026-01-05T03:00:00,47.4,0.0,47.4
4763,station-coxsbazar,PETROL,396,2026-01-05T03:00:00,56.146,0.0,56.146
4764,station-coxsbazar,OCTANE,396,2026-01-05T03:00:00,24.614,0.0,24.614
4765,station-mirpur,DIESEL,397,2026-01-05T03:15:00,64.134,0.0,64.134
4766,station-mirpur,PETROL,397,2026-01-05T03:15:00,79.556,0.0,79.556
4767,station-mirpur,OCTANE,397,2026-01-05T03:15:00,40.599,0.0,40.599
4768,station-tongi,DIESEL,397,2026-01-05T03:15:00,69.256,0.0,69.256
4769,station-tongi,PETROL,397,2026-01-05T03:15:00,20.829,0.0,20.829
4770,station-tongi,OCTANE,397,2026-01-05T03:15:00,10.361,0.0,10.361
4771,station-karnaphuli,DIESEL,397,2026-01-05T03:15:00,80.507,0.0,80.507
4772,station-karnaphuli,PETROL,397,2026-01-05T03:15:00,97.667,0.0,97.667
4773,station-karnaphuli,OCTANE,397,2026-01-05T03:15:00,54.416,0.0,54.416
4774,station-coxsbazar,DIESEL,397,2026-01-05T03:15:00,52.418,0.0,52.418
4775,station-coxsbazar,PETROL,397,2026-01-05T03:15:00,56.133,0.0,56.133
4776,station-coxsbazar,OCTANE,397,2026-01-05T03:15:00,24.787,0.0,24.787
4777,station-mirpur,DIESEL,398,2026-01-05T03:30:00,63.306,0.0,63.306
4778,station-mirpur,PETROL,398,2026-01-05T03:30:00,71.487,0.0,71.487
4779,station-mirpur,OCTANE,398,2026-01-05T03:30:00,41.061,0.0,41.061
4780,station-tongi,DIESEL,398,2026-01-05T03:30:00,65.764,0.0,65.764
4781,station-tongi,PETROL,398,2026-01-05T03:30:00,21.531,0.0,21.531
4782,station-tongi,OCTANE,398,2026-01-05T03:30:00,10.956,0.0,10.956
4783,station-karnaphuli,DIESEL,398,2026-01-05T03:30:00,85.913,0.0,85.913
4784,station-karnaphuli,PETROL,398,2026-01-05T03:30:00,81.911,0.0,81.911
4785,station-karnaphuli,OCTANE,398,2026-01-05T03:30:00,54.173,0.0,54.173
4786,station-coxsbazar,DIESEL,398,2026-01-05T03:30:00,53.98,0.0,53.98
4787,station-coxsbazar,PETROL,398,2026-01-05T03:30:00,54.82,0.0,54.82
4788,station-coxsbazar,OCTANE,398,2026-01-05T03:30:00,27.44,0.0,27.44
4789,station-mirpur,DIESEL,399,2026-01-05T03:45:00,66.713,0.0,66.713
4790,station-mirpur,PETROL,399,2026-01-05T03:45:00,77.675,0.0,77.675
4791,station-mirpur,OCTANE,399,2026-01-05T03:45:00,36.772,0.0,36.772
4792,station-tongi,DIESEL,399,2026-01-05T03:45:00,66.195,0.0,66.195
4793,station-tongi,PETROL,399,2026-01-05T03:45:00,22.02,0.0,22.02
4794,station-tongi,OCTANE,399,2026-01-05T03:45:00,9.901,0.0,9.901
4795,station-karnaphuli,DIESEL,399,2026-01-05T03:45:00,92.234,0.0,92.234
4796,station-karnaphuli,PETROL,399,2026-01-05T03:45:00,94.438,0.0,94.438
4797,station-karnaphuli,OCTANE,399,2026-01-05T03:45:00,50.393,0.0,50.393
4798,station-coxsbazar,DIESEL,399,2026-01-05T03:45:00,53.44,0.0,53.44
4799,station-coxsbazar,PETROL,399,2026-01-05T03:45:00,53.079,0.0,53.079
4800,station-coxsbazar,OCTANE,399,2026-01-05T03:45:00,24.844,0.0,24.844
4801,station-mirpur,DIESEL,400,2026-01-05T04:00:00,55.829,0.0,55.829
4802,station-mirpur,PETROL,400,2026-01-05T04:00:00,74.447,0.0,74.447
4803,station-mirpur,OCTANE,400,2026-01-05T04:00:00,39.0,0.0,39.0
4804,station-tongi,DIESEL,400,2026-01-05T04:00:00,68.101,0.0,68.101
4805,station-tongi,PETROL,400,2026-01-05T04:00:00,20.654,0.0,20.654
4806,station-tongi,OCTANE,400,2026-01-05T04:00:00,11.081,0.0,11.081
4807,station-karnaphuli,DIESEL,400,2026-01-05T04:00:00,80.78,0.0,80.78
4808,station-karnaphuli,PETROL,400,2026-01-05T04:00:00,95.822,0.0,95.822
4809,station-karnaphuli,OCTANE,400,2026-01-05T04:00:00,49.658,0.0,49.658
4810,station-coxsbazar,DIESEL,400,2026-01-05T04:00:00,53.788,0.0,53.788
4811,station-coxsbazar,PETROL,400,2026-01-05T04:00:00,51.606,0.0,51.606
4812,station-coxsbazar,OCTANE,400,2026-01-05T04:00:00,28.118,0.0,28.118
4813,station-mirpur,DIESEL,401,2026-01-05T04:15:00,58.531,0.0,58.531
4814,station-mirpur,PETROL,401,2026-01-05T04:15:00,81.897,0.0,81.897
4815,station-mirpur,OCTANE,401,2026-01-05T04:15:00,40.629,0.0,40.629
4816,station-tongi,DIESEL,401,2026-01-05T04:15:00,60.692,0.0,60.692
4817,station-tongi,PETROL,401,2026-01-05T04:15:00,19.857,0.0,19.857
4818,station-tongi,OCTANE,401,2026-01-05T04:15:00,9.987,0.0,9.987
4819,station-karnaphuli,DIESEL,401,2026-01-05T04:15:00,98.718,0.0,98.718
4820,station-karnaphuli,PETROL,401,2026-01-05T04:15:00,89.042,0.0,89.042
4821,station-karnaphuli,OCTANE,401,2026-01-05T04:15:00,51.945,0.0,51.945
4822,station-coxsbazar,DIESEL,401,2026-01-05T04:15:00,52.871,0.0,52.871
4823,station-coxsbazar,PETROL,401,2026-01-05T04:15:00,54.476,0.0,54.476
4824,station-coxsbazar,OCTANE,401,2026-01-05T04:15:00,28.542,0.0,28.542
4825,station-mirpur,DIESEL,402,2026-01-05T04:30:00,58.52,0.0,58.52
4826,station-mirpur,PETROL,402,2026-01-05T04:30:00,80.826,0.0,80.826
4827,station-mirpur,OCTANE,402,2026-01-05T04:30:00,41.279,0.0,41.279
4828,station-tongi,DIESEL,402,2026-01-05T04:30:00,63.022,0.0,63.022
4829,station-tongi,PETROL,402,2026-01-05T04:30:00,20.996,0.0,20.996
4830,station-tongi,OCTANE,402,2026-01-05T04:30:00,11.131,0.0,11.131
4831,station-karnaphuli,DIESEL,402,2026-01-05T04:30:00,78.901,0.0,78.901
4832,station-karnaphuli,PETROL,402,2026-01-05T04:30:00,96.094,0.0,96.094
4833,station-karnaphuli,OCTANE,402,2026-01-05T04:30:00,48.66,0.0,48.66
4834,station-coxsbazar,DIESEL,402,2026-01-05T04:30:00,50.87,0.0,50.87
4835,station-coxsbazar,PETROL,402,2026-01-05T04:30:00,59.179,0.0,59.179
4836,station-coxsbazar,OCTANE,402,2026-01-05T04:30:00,28.73,0.0,28.73
4837,station-mirpur,DIESEL,403,2026-01-05T04:45:00,59.822,0.0,59.822
4838,station-mirpur,PETROL,403,2026-01-05T04:45:00,83.117,0.0,83.117
4839,station-mirpur,OCTANE,403,2026-01-05T04:45:00,37.656,0.0,37.656
4840,station-tongi,DIESEL,403,2026-01-05T04:45:00,65.007,0.0,65.007
4841,station-tongi,PETROL,403,2026-01-05T04:45:00,21.108,0.0,21.108
4842,station-tongi,OCTANE,403,2026-01-05T04:45:00,10.937,0.0,10.937
4843,station-karnaphuli,DIESEL,403,2026-01-05T04:45:00,91.494,0.0,91.494
4844,station-karnaphuli,PETROL,403,2026-01-05T04:45:00,98.429,0.0,98.429
4845,station-karnaphuli,OCTANE,403,2026-01-05T04:45:00,52.742,0.0,52.742
4846,station-coxsbazar,DIESEL,403,2026-01-05T04:45:00,50.221,0.0,50.221
4847,station-coxsbazar,PETROL,403,2026-01-05T04:45:00,52.307,0.0,52.307
4848,station-coxsbazar,OCTANE,403,2026-01-05T04:45:00,26.753,0.0,26.753
4849,station-mirpur,DIESEL,404,2026-01-05T05:00:00,56.027,0.0,56.027
4850,station-mirpur,PETROL,404,2026-01-05T05:00:00,72.053,0.0,72.053
4851,station-mirpur,OCTANE,404,2026-01-05T05:00:00,39.617,0.0,39.617
4852,station-tongi,DIESEL,404,2026-01-05T05:00:00,63.782,0.0,63.782
4853,station-tongi,PETROL,404,2026-01-05T05:00:00,22.372,0.0,22.372
4854,station-tongi,OCTANE,404,2026-01-05T05:00:00,9.777,0.0,9.777
4855,station-karnaphuli,DIESEL,404,2026-01-05T05:00:00,87.196,0.0,87.196
4856,station-karnaphuli,PETROL,404,2026-01-05T05:00:00,98.116,0.0,98.116
4857,station-karnaphuli,OCTANE,404,2026-01-05T05:00:00,57.451,0.0,57.451
4858,station-coxsbazar,DIESEL,404,2026-01-05T05:00:00,53.256,0.0,53.256
4859,station-coxsbazar,PETROL,404,2026-01-05T05:00:00,58.316,0.0,58.316
4860,station-coxsbazar,OCTANE,404,2026-01-05T05:00:00,23.904,0.0,23.904
4861,station-mirpur,DIESEL,405,2026-01-05T05:15:00,63.976,0.0,63.976
4862,station-mirpur,PETROL,405,2026-01-05T05:15:00,74.269,0.0,74.269
4863,station-mirpur,OCTANE,405,2026-01-05T05:15:00,38.218,0.0,38.218
4864,station-tongi,DIESEL,405,2026-01-05T05:15:00,62.588,0.0,62.588
4865,station-tongi,PETROL,405,2026-01-05T05:15:00,19.642,0.0,19.642
4866,station-tongi,OCTANE,405,2026-01-05T05:15:00,10.484,0.0,10.484
4867,station-karnaphuli,DIESEL,405,2026-01-05T05:15:00,85.895,0.0,85.895
4868,station-karnaphuli,PETROL,405,2026-01-05T05:15:00,98.748,0.0,98.748
4869,station-karnaphuli,OCTANE,405,2026-01-05T05:15:00,57.396,0.0,57.396
4870,station-coxsbazar,DIESEL,405,2026-01-05T05:15:00,51.454,0.0,51.454
4871,station-coxsbazar,PETROL,405,2026-01-05T05:15:00,50.211,0.0,50.211
4872,station-coxsbazar,OCTANE,405,2026-01-05T05:15:00,23.805,0.0,23.805
4873,station-mirpur,DIESEL,406,2026-01-05T05:30:00,59.152,0.0,59.152
4874,station-mirpur,PETROL,406,2026-01-05T05:30:00,71.739,0.0,71.739
4875,station-mirpur,OCTANE,406,2026-01-05T05:30:00,44.651,0.0,44.651
4876,station-tongi,DIESEL,406,2026-01-05T05:30:00,63.643,0.0,63.643
4877,station-tongi,PETROL,406,2026-01-05T05:30:00,22.71,0.0,22.71
4878,station-tongi,OCTANE,406,2026-01-05T05:30:00,10.819,0.0,10.819
4879,station-karnaphuli,DIESEL,406,2026-01-05T05:30:00,97.116,0.0,97.116
4880,station-karnaphuli,PETROL,406,2026-01-05T05:30:00,97.833,0.0,97.833
4881,station-karnaphuli,OCTANE,406,2026-01-05T05:30:00,53.246,0.0,53.246
4882,station-coxsbazar,DIESEL,406,2026-01-05T05:30:00,49.747,0.0,49.747
4883,station-coxsbazar,PETROL,406,2026-01-05T05:30:00,53.17,0.0,53.17
4884,station-coxsbazar,OCTANE,406,2026-01-05T05:30:00,28.012,0.0,28.012
4885,station-mirpur,DIESEL,407,2026-01-05T05:45:00,60.916,0.0,60.916
4886,station-mirpur,PETROL,407,2026-01-05T05:45:00,81.025,0.0,81.025
4887,station-mirpur,OCTANE,407,2026-01-05T05:45:00,36.853,0.0,36.853
4888,station-tongi,DIESEL,407,2026-01-05T05:45:00,64.895,0.0,64.895
4889,station-tongi,PETROL,407,2026-01-05T05:45:00,21.577,0.0,21.577
4890,station-tongi,OCTANE,407,2026-01-05T05:45:00,10.487,0.0,10.487
4891,station-karnaphuli,DIESEL,407,2026-01-05T05:45:00,94.801,0.0,94.801
4892,station-karnaphuli,PETROL,407,2026-01-05T05:45:00,97.531,0.0,97.531
4893,station-karnaphuli,OCTANE,407,2026-01-05T05:45:00,55.43,0.0,55.43
4894,station-coxsbazar,DIESEL,407,2026-01-05T05:45:00,56.765,0.0,56.765
4895,station-coxsbazar,PETROL,407,2026-01-05T05:45:00,57.157,0.0,57.157
4896,station-coxsbazar,OCTANE,407,2026-01-05T05:45:00,26.094,0.0,26.094
4897,station-mirpur,DIESEL,408,2026-01-05T06:00:00,65.647,0.0,65.647
4898,station-mirpur,PETROL,408,2026-01-05T06:00:00,76.377,0.0,76.377
4899,station-mirpur,OCTANE,408,2026-01-05T06:00:00,39.381,0.0,39.381
4900,station-tongi,DIESEL,408,2026-01-05T06:00:00,212.707,0.0,212.707
4901,station-tongi,PETROL,408,2026-01-05T06:00:00,67.908,0.0,67.908
4902,station-tongi,OCTANE,408,2026-01-05T06:00:00,37.038,0.0,37.038
4903,station-karnaphuli,DIESEL,408,2026-01-05T06:00:00,160.575,0.0,160.575
4904,station-karnaphuli,PETROL,408,2026-01-05T06:00:00,154.999,0.0,154.999
4905,station-karnaphuli,OCTANE,408,2026-01-05T06:00:00,102.215,0.0,102.215
4906,station-coxsbazar,DIESEL,408,2026-01-05T06:00:00,53.859,0.0,53.859
4907,station-coxsbazar,PETROL,408,2026-01-05T06:00:00,51.954,0.0,51.954
4908,station-coxsbazar,OCTANE,408,2026-01-05T06:00:00,25.544,0.0,25.544
4909,station-mirpur,DIESEL,409,2026-01-05T06:15:00,63.362,0.0,63.362
4910,station-mirpur,PETROL,409,2026-01-05T06:15:00,82.864,0.0,82.864
4911,station-mirpur,OCTANE,409,2026-01-05T06:15:00,43.817,0.0,43.817
4912,station-tongi,DIESEL,409,2026-01-05T06:15:00,243.828,0.0,243.828
4913,station-tongi,PETROL,409,2026-01-05T06:15:00,67.399,0.0,67.399
4914,station-tongi,OCTANE,409,2026-01-05T06:15:00,35.63,0.0,35.63
4915,station-karnaphuli,DIESEL,409,2026-01-05T06:15:00,144.729,0.0,144.729
4916,station-karnaphuli,PETROL,409,2026-01-05T06:15:00,159.942,0.0,159.942
4917,station-karnaphuli,OCTANE,409,2026-01-05T06:15:00,98.008,0.0,98.008
4918,station-coxsbazar,DIESEL,409,2026-01-05T06:15:00,51.737,0.0,51.737
4919,station-coxsbazar,PETROL,409,2026-01-05T06:15:00,50.636,0.0,50.636
4920,station-coxsbazar,OCTANE,409,2026-01-05T06:15:00,27.366,0.0,27.366
4921,station-mirpur,DIESEL,410,2026-01-05T06:30:00,65.44,0.0,65.44
4922,station-mirpur,PETROL,410,2026-01-05T06:30:00,73.984,0.0,73.984
4923,station-mirpur,OCTANE,410,2026-01-05T06:30:00,40.773,0.0,40.773
4924,station-tongi,DIESEL,410,2026-01-05T06:30:00,231.571,0.0,231.571
4925,station-tongi,PETROL,410,2026-01-05T06:30:00,70.312,0.0,70.312
4926,station-tongi,OCTANE,410,2026-01-05T06:30:00,35.335,0.0,35.335
4927,station-karnaphuli,DIESEL,410,2026-01-05T06:30:00,177.551,0.0,177.551
4928,station-karnaphuli,PETROL,410,2026-01-05T06:30:00,181.199,0.0,181.199
4929,station-karnaphuli,OCTANE,410,2026-01-05T06:30:00,88.417,0.0,88.417
4930,station-coxsbazar,DIESEL,410,2026-01-05T06:30:00,48.955,0.0,48.955
4931,station-coxsbazar,PETROL,410,2026-01-05T06:30:00,56.479,0.0,56.479
4932,station-coxsbazar,OCTANE,410,2026-01-05T06:30:00,24.319,0.0,24.319
4933,station-mirpur,DIESEL,411,2026-01-05T06:45:00,62.084,0.0,62.084
4934,station-mirpur,PETROL,411,2026-01-05T06:45:00,77.695,0.0,77.695
4935,station-mirpur,OCTANE,411,2026-01-05T06:45:00,41.946,0.0,41.946
4936,station-tongi,DIESEL,411,2026-01-05T06:45:00,215.877,0.0,215.877
4937,station-tongi,PETROL,411,2026-01-05T06:45:00,69.797,0.0,69.797
4938,station-tongi,OCTANE,411,2026-01-05T06:45:00,37.03,0.0,37.03
4939,station-karnaphuli,DIESEL,411,2026-01-05T06:45:00,173.509,0.0,173.509
4940,station-karnaphuli,PETROL,411,2026-01-05T06:45:00,165.193,0.0,165.193
4941,station-karnaphuli,OCTANE,411,2026-01-05T06:45:00,84.151,0.0,84.151
4942,station-coxsbazar,DIESEL,411,2026-01-05T06:45:00,50.267,0.0,50.267
4943,station-coxsbazar,PETROL,411,2026-01-05T06:45:00,52.771,0.0,52.771
4944,station-coxsbazar,OCTANE,411,2026-01-05T06:45:00,25.865,0.0,25.865
4945,station-mirpur,DIESEL,412,2026-01-05T07:00:00,136.924,0.0,136.924
4946,station-mirpur,PETROL,412,2026-01-05T07:00:00,172.264,0.0,172.264
4947,station-mirpur,OCTANE,412,2026-01-05T07:00:00,78.14,0.0,78.14
4948,station-tongi,DIESEL,412,2026-01-05T07:00:00,227.905,0.0,227.905
4949,station-tongi,PETROL,412,2026-01-05T07:00:00,70.574,0.0,70.574
4950,station-tongi,OCTANE,412,2026-01-05T07:00:00,37.74,0.0,37.74
4951,station-karnaphuli,DIESEL,412,2026-01-05T07:00:00,169.424,0.0,169.424
4952,station-karnaphuli,PETROL,412,2026-01-05T07:00:00,150.683,0.0,150.683
4953,station-karnaphuli,OCTANE,412,2026-01-05T07:00:00,105.249,0.0,105.249
4954,station-coxsbazar,DIESEL,412,2026-01-05T07:00:00,104.163,0.0,104.163
4955,station-coxsbazar,PETROL,412,2026-01-05T07:00:00,107.17,0.0,107.17
4956,station-coxsbazar,OCTANE,412,2026-01-05T07:00:00,47.827,0.0,47.827
4957,station-mirpur,DIESEL,413,2026-01-05T07:15:00,123.625,0.0,123.625
4958,station-mirpur,PETROL,413,2026-01-05T07:15:00,170.139,0.0,170.139
4959,station-mirpur,OCTANE,413,2026-01-05T07:15:00,82.23,0.0,82.23
4960,station-tongi,DIESEL,413,2026-01-05T07:15:00,216.943,0.0,216.943
4961,station-tongi,PETROL,413,2026-01-05T07:15:00,70.184,0.0,70.184
4962,station-tongi,OCTANE,413,2026-01-05T07:15:00,36.862,0.0,36.862
4963,station-karnaphuli,DIESEL,413,2026-01-05T07:15:00,141.548,0.0,141.548
4964,station-karnaphuli,PETROL,413,2026-01-05T07:15:00,159.127,0.0,159.127
4965,station-karnaphuli,OCTANE,413,2026-01-05T07:15:00,98.784,0.0,98.784
4966,station-coxsbazar,DIESEL,413,2026-01-05T07:15:00,110.246,0.0,110.246
4967,station-coxsbazar,PETROL,413,2026-01-05T07:15:00,113.757,0.0,113.757
4968,station-coxsbazar,OCTANE,413,2026-01-05T07:15:00,52.596,0.0,52.596
4969,station-mirpur,DIESEL,414,2026-01-05T07:30:00,138.654,0.0,138.654
4970,station-mirpur,PETROL,414,2026-01-05T07:30:00,168.843,0.0,168.843
4971,station-mirpur,OCTANE,414,2026-01-05T07:30:00,77.488,0.0,77.488
4972,station-tongi,DIESEL,414,2026-01-05T07:30:00,235.203,0.0,235.203
4973,station-tongi,PETROL,414,2026-01-05T07:30:00,73.593,0.0,73.593
4974,station-tongi,OCTANE,414,2026-01-05T07:30:00,34.956,0.0,34.956
4975,station-karnaphuli,DIESEL,414,2026-01-05T07:30:00,170.301,0.0,170.301
4976,station-karnaphuli,PETROL,414,2026-01-05T07:30:00,180.75,0.0,180.75
4977,station-karnaphuli,OCTANE,414,2026-01-05T07:30:00,98.369,0.0,98.369
4978,station-coxsbazar,DIESEL,414,2026-01-05T07:30:00,101.095,0.0,101.095
4979,station-coxsbazar,PETROL,414,2026-01-05T07:30:00,96.563,0.0,96.563
4980,station-coxsbazar,OCTANE,414,2026-01-05T07:30:00,54.068,0.0,54.068
4981,station-mirpur,DIESEL,415,2026-01-05T07:45:00,125.08,0.0,125.08
4982,station-mirpur,PETROL,415,2026-01-05T07:45:00,163.985,0.0,163.985
4983,station-mirpur,OCTANE,415,2026-01-05T07:45:00,76.542,0.0,76.542
4984,station-tongi,DIESEL,415,2026-01-05T07:45:00,214.23,0.0,214.23
4985,station-tongi,PETROL,415,2026-01-05T07:45:00,70.863,0.0,70.863
4986,station-tongi,OCTANE,415,2026-01-05T07:45:00,35.546,0.0,35.546
4987,station-karnaphuli,DIESEL,415,2026-01-05T07:45:00,164.607,0.0,164.607
4988,station-karnaphuli,PETROL,415,2026-01-05T07:45:00,169.009,0.0,169.009
4989,station-karnaphuli,OCTANE,415,2026-01-05T07:45:00,88.321,0.0,88.321
4990,station-coxsbazar,DIESEL,415,2026-01-05T07:45:00,97.094,0.0,97.094
4991,station-coxsbazar,PETROL,415,2026-01-05T07:45:00,116.161,0.0,116.161
4992,station-coxsbazar,OCTANE,415,2026-01-05T07:45:00,46.963,0.0,46.963
4993,station-mirpur,DIESEL,416,2026-01-05T08:00:00,122.057,0.0,122.057
4994,station-mirpur,PETROL,416,2026-01-05T08:00:00,172.177,0.0,172.177
4995,station-mirpur,OCTANE,416,2026-01-05T08:00:00,78.105,0.0,78.105
4996,station-tongi,DIESEL,416,2026-01-05T08:00:00,235.133,0.0,235.133
4997,station-tongi,PETROL,416,2026-01-05T08:00:00,71.681,0.0,71.681
4998,station-tongi,OCTANE,416,2026-01-05T08:00:00,37.313,0.0,37.313
4999,station-karnaphuli,DIESEL,416,2026-01-05T08:00:00,151.976,0.0,151.976
5000,station-karnaphuli,PETROL,416,2026-01-05T08:00:00,169.284,0.0,169.284
5001,station-karnaphuli,OCTANE,416,2026-01-05T08:00:00,98.084,0.0,98.084
5002,station-coxsbazar,DIESEL,416,2026-01-05T08:00:00,96.194,0.0,96.194
5003,station-coxsbazar,PETROL,416,2026-01-05T08:00:00,109.798,0.0,109.798
5004,station-coxsbazar,OCTANE,416,2026-01-05T08:00:00,52.989,0.0,52.989
5005,station-mirpur,DIESEL,417,2026-01-05T08:15:00,117.875,0.0,117.875
5006,station-mirpur,PETROL,417,2026-01-05T08:15:00,171.72,0.0,171.72
5007,station-mirpur,OCTANE,417,2026-01-05T08:15:00,92.15,0.0,92.15
5008,station-tongi,DIESEL,417,2026-01-05T08:15:00,225.916,0.0,225.916
5009,station-tongi,PETROL,417,2026-01-05T08:15:00,73.645,0.0,73.645
5010,station-tongi,OCTANE,417,2026-01-05T08:15:00,33.645,0.0,33.645
5011,station-karnaphuli,DIESEL,417,2026-01-05T08:15:00,173.015,0.0,173.015
5012,station-karnaphuli,PETROL,417,2026-01-05T08:15:00,150.885,0.0,150.885
5013,station-karnaphuli,OCTANE,417,2026-01-05T08:15:00,98.964,0.0,98.964
5014,station-coxsbazar,DIESEL,417,2026-01-05T08:15:00,97.002,0.0,97.002
5015,station-coxsbazar,PETROL,417,2026-01-05T08:15:00,115.761,0.0,115.761
5016,station-coxsbazar,OCTANE,417,2026-01-05T08:15:00,51.409,0.0,51.409
5017,station-mirpur,DIESEL,418,2026-01-05T08:30:00,138.618,0.0,138.618
5018,station-mirpur,PETROL,418,2026-01-05T08:30:00,162.233,0.0,162.233
5019,station-mirpur,OCTANE,418,2026-01-05T08:30:00,77.132,0.0,77.132
5020,station-tongi,DIESEL,418,2026-01-05T08:30:00,217.825,0.0,217.825
5021,station-tongi,PETROL,418,2026-01-05T08:30:00,72.358,0.0,72.358
5022,station-tongi,OCTANE,418,2026-01-05T08:30:00,34.63,0.0,34.63
5023,station-karnaphuli,DIESEL,418,2026-01-05T08:30:00,149.031,0.0,149.031
5024,station-karnaphuli,PETROL,418,2026-01-05T08:30:00,157.859,0.0,157.859
5025,station-karnaphuli,OCTANE,418,2026-01-05T08:30:00,83.693,0.0,83.693
5026,station-coxsbazar,DIESEL,418,2026-01-05T08:30:00,95.368,0.0,95.368
5027,station-coxsbazar,PETROL,418,2026-01-05T08:30:00,100.074,0.0,100.074
5028,station-coxsbazar,OCTANE,418,2026-01-05T08:30:00,55.45,0.0,55.45
5029,station-mirpur,DIESEL,419,2026-01-05T08:45:00,140.114,0.0,140.114
5030,station-mirpur,PETROL,419,2026-01-05T08:45:00,171.361,0.0,171.361
5031,station-mirpur,OCTANE,419,2026-01-05T08:45:00,85.658,0.0,85.658
5032,station-tongi,DIESEL,419,2026-01-05T08:45:00,215.224,0.0,215.224
5033,station-tongi,PETROL,419,2026-01-05T08:45:00,71.795,0.0,71.795
5034,station-tongi,OCTANE,419,2026-01-05T08:45:00,33.79,0.0,33.79
5035,station-karnaphuli,DIESEL,419,2026-01-05T08:45:00,175.923,0.0,175.923
5036,station-karnaphuli,PETROL,419,2026-01-05T08:45:00,185.701,0.0,185.701
5037,station-karnaphuli,OCTANE,419,2026-01-05T08:45:00,103.139,0.0,103.139
5038,station-coxsbazar,DIESEL,419,2026-01-05T08:45:00,107.789,0.0,107.789
5039,station-coxsbazar,PETROL,419,2026-01-05T08:45:00,106.666,0.0,106.666
5040,station-coxsbazar,OCTANE,419,2026-01-05T08:45:00,48.1,0.0,48.1
5041,station-mirpur,DIESEL,420,2026-01-05T09:00:00,123.844,0.0,123.844
5042,station-mirpur,PETROL,420,2026-01-05T09:00:00,152.719,0.0,152.719
5043,station-mirpur,OCTANE,420,2026-01-05T09:00:00,79.62,0.0,79.62
5044,station-tongi,DIESEL,420,2026-01-05T09:00:00,240.807,0.0,240.807
5045,station-tongi,PETROL,420,2026-01-05T09:00:00,78.151,0.0,78.151
5046,station-tongi,OCTANE,420,2026-01-05T09:00:00,38.243,0.0,38.243
5047,station-karnaphuli,DIESEL,420,2026-01-05T09:00:00,140.577,0.0,140.577
5048,station-karnaphuli,PETROL,420,2026-01-05T09:00:00,186.276,0.0,186.276
5049,station-karnaphuli,OCTANE,420,2026-01-05T09:00:00,95.358,0.0,95.358
5050,station-coxsbazar,DIESEL,420,2026-01-05T09:00:00,103.996,0.0,103.996
5051,station-coxsbazar,PETROL,420,2026-01-05T09:00:00,100.077,0.0,100.077
5052,station-coxsbazar,OCTANE,420,2026-01-05T09:00:00,45.733,0.0,45.733
5053,station-mirpur,DIESEL,421,2026-01-05T09:15:00,120.637,0.0,120.637
5054,station-mirpur,PETROL,421,2026-01-05T09:15:00,148.047,0.0,148.047
5055,station-mirpur,OCTANE,421,2026-01-05T09:15:00,79.514,0.0,79.514
5056,station-tongi,DIESEL,421,2026-01-05T09:15:00,209.193,0.0,209.193
5057,station-tongi,PETROL,421,2026-01-05T09:15:00,69.387,0.0,69.387
5058,station-tongi,OCTANE,421,2026-01-05T09:15:00,32.792,0.0,32.792
5059,station-karnaphuli,DIESEL,421,2026-01-05T09:15:00,148.371,0.0,148.371
5060,station-karnaphuli,PETROL,421,2026-01-05T09:15:00,177.417,0.0,177.417
5061,station-karnaphuli,OCTANE,421,2026-01-05T09:15:00,87.55,0.0,87.55
5062,station-coxsbazar,DIESEL,421,2026-01-05T09:15:00,99.505,0.0,99.505
5063,station-coxsbazar,PETROL,421,2026-01-05T09:15:00,107.394,0.0,107.394
5064,station-coxsbazar,OCTANE,421,2026-01-05T09:15:00,47.403,0.0,47.403
5065,station-mirpur,DIESEL,422,2026-01-05T09:30:00,139.893,0.0,139.893
5066,station-mirpur,PETROL,422,2026-01-05T09:30:00,149.403,0.0,149.403
5067,station-mirpur,OCTANE,422,2026-01-05T09:30:00,80.395,0.0,80.395
5068,station-tongi,DIESEL,422,2026-01-05T09:30:00,231.638,0.0,231.638
5069,station-tongi,PETROL,422,2026-01-05T09:30:00,70.839,0.0,70.839
5070,station-tongi,OCTANE,422,2026-01-05T09:30:00,36.34,0.0,36.34
5071,station-karnaphuli,DIESEL,422,2026-01-05T09:30:00,147.623,0.0,147.623
5072,station-karnaphuli,PETROL,422,2026-01-05T09:30:00,179.607,0.0,179.607
5073,station-karnaphuli,OCTANE,422,2026-01-05T09:30:00,95.432,0.0,95.432
5074,station-coxsbazar,DIESEL,422,2026-01-05T09:30:00,104.591,0.0,104.591
5075,station-coxsbazar,PETROL,422,2026-01-05T09:30:00,110.016,0.0,110.016
5076,station-coxsbazar,OCTANE,422,2026-01-05T09:30:00,52.822,0.0,52.822
5077,station-mirpur,DIESEL,423,2026-01-05T09:45:00,138.388,0.0,138.388
5078,station-mirpur,PETROL,423,2026-01-05T09:45:00,144.69,0.0,144.69
5079,station-mirpur,OCTANE,423,2026-01-05T09:45:00,88.192,0.0,88.192
5080,station-tongi,DIESEL,423,2026-01-05T09:45:00,222.737,0.0,222.737
5081,station-tongi,PETROL,423,2026-01-05T09:45:00,77.785,0.0,77.785
5082,station-tongi,OCTANE,423,2026-01-05T09:45:00,32.786,0.0,32.786
5083,station-karnaphuli,DIESEL,423,2026-01-05T09:45:00,176.99,0.0,176.99
5084,station-karnaphuli,PETROL,423,2026-01-05T09:45:00,167.82,0.0,167.82
5085,station-karnaphuli,OCTANE,423,2026-01-05T09:45:00,85.487,0.0,85.487
5086,station-coxsbazar,DIESEL,423,2026-01-05T09:45:00,93.363,0.0,93.363
5087,station-coxsbazar,PETROL,423,2026-01-05T09:45:00,100.807,0.0,100.807
5088,station-coxsbazar,OCTANE,423,2026-01-05T09:45:00,55.596,0.0,55.596
5089,station-mirpur,DIESEL,424,2026-01-05T10:00:00,56.418,0.0,56.418
5090,station-mirpur,PETROL,424,2026-01-05T10:00:00,80.937,0.0,80.937
5091,station-mirpur,OCTANE,424,2026-01-05T10:00:00,40.272,0.0,40.272
5092,station-tongi,DIESEL,424,2026-01-05T10:00:00,228.272,0.0,228.272
5093,station-tongi,PETROL,424,2026-01-05T10:00:00,73.041,0.0,73.041
5094,station-tongi,OCTANE,424,2026-01-05T10:00:00,36.591,0.0,36.591
5095,station-karnaphuli,DIESEL,424,2026-01-05T10:00:00,90.098,0.0,90.098
5096,station-karnaphuli,PETROL,424,2026-01-05T10:00:00,94.512,0.0,94.512
5097,station-karnaphuli,OCTANE,424,2026-01-05T10:00:00,56.72,0.0,56.72
5098,station-coxsbazar,DIESEL,424,2026-01-05T10:00:00,94.791,0.0,94.791
5099,station-coxsbazar,PETROL,424,2026-01-05T10:00:00,113.514,0.0,113.514
5100,station-coxsbazar,OCTANE,424,2026-01-05T10:00:00,47.457,0.0,47.457
5101,station-mirpur,DIESEL,425,2026-01-05T10:15:00,67.294,0.0,67.294
5102,station-mirpur,PETROL,425,2026-01-05T10:15:00,84.125,0.0,84.125
5103,station-mirpur,OCTANE,425,2026-01-05T10:15:00,43.674,0.0,43.674
5104,station-tongi,DIESEL,425,2026-01-05T10:15:00,214.823,0.0,214.823
5105,station-tongi,PETROL,425,2026-01-05T10:15:00,69.152,0.0,69.152
5106,station-tongi,OCTANE,425,2026-01-05T10:15:00,38.334,0.0,38.334
5107,station-karnaphuli,DIESEL,425,2026-01-05T10:15:00,94.182,0.0,94.182
5108,station-karnaphuli,PETROL,425,2026-01-05T10:15:00,89.084,0.0,89.084
5109,station-karnaphuli,OCTANE,425,2026-01-05T10:15:00,48.768,0.0,48.768
5110,station-coxsbazar,DIESEL,425,2026-01-05T10:15:00,95.233,0.0,95.233
5111,station-coxsbazar,PETROL,425,2026-01-05T10:15:00,114.988,0.0,114.988
5112,station-coxsbazar,OCTANE,425,2026-01-05T10:15:00,52.808,0.0,52.808
5113,station-mirpur,DIESEL,426,2026-01-05T10:30:00,65.389,0.0,65.389
5114,station-mirpur,PETROL,426,2026-01-05T10:30:00,69.18,0.0,69.18
5115,station-mirpur,OCTANE,426,2026-01-05T10:30:00,38.512,0.0,38.512
5116,station-tongi,DIESEL,426,2026-01-05T10:30:00,215.917,0.0,215.917
5117,station-tongi,PETROL,426,2026-01-05T10:30:00,67.682,0.0,67.682
5118,station-tongi,OCTANE,426,2026-01-05T10:30:00,35.237,0.0,35.237
5119,station-karnaphuli,DIESEL,426,2026-01-05T10:30:00,98.236,0.0,98.236
5120,station-karnaphuli,PETROL,426,2026-01-05T10:30:00,97.302,0.0,97.302
5121,station-karnaphuli,OCTANE,426,2026-01-05T10:30:00,47.642,0.0,47.642
5122,station-coxsbazar,DIESEL,426,2026-01-05T10:30:00,109.176,0.0,109.176
5123,station-coxsbazar,PETROL,426,2026-01-05T10:30:00,106.142,0.0,106.142
5124,station-coxsbazar,OCTANE,426,2026-01-05T10:30:00,46.439,0.0,46.439
5125,station-mirpur,DIESEL,427,2026-01-05T10:45:00,66.783,0.0,66.783
5126,station-mirpur,PETROL,427,2026-01-05T10:45:00,77.187,0.0,77.187
5127,station-mirpur,OCTANE,427,2026-01-05T10:45:00,41.253,0.0,41.253
5128,station-tongi,DIESEL,427,2026-01-05T10:45:00,216.343,0.0,216.343
5129,station-tongi,PETROL,427,2026-01-05T10:45:00,68.827,0.0,68.827
5130,station-tongi,OCTANE,427,2026-01-05T10:45:00,33.937,0.0,33.937
5131,station-karnaphuli,DIESEL,427,2026-01-05T10:45:00,98.106,0.0,98.106
5132,station-karnaphuli,PETROL,427,2026-01-05T10:45:00,99.515,0.0,99.515
5133,station-karnaphuli,OCTANE,427,2026-01-05T10:45:00,57.891,0.0,57.891
5134,station-coxsbazar,DIESEL,427,2026-01-05T10:45:00,103.838,0.0,103.838
5135,station-coxsbazar,PETROL,427,2026-01-05T10:45:00,111.182,0.0,111.182
5136,station-coxsbazar,OCTANE,427,2026-01-05T10:45:00,50.22,0.0,50.22
5137,station-mirpur,DIESEL,428,2026-01-05T11:00:00,63.061,0.0,63.061
5138,station-mirpur,PETROL,428,2026-01-05T11:00:00,69.572,0.0,69.572
5139,station-mirpur,OCTANE,428,2026-01-05T11:00:00,42.35,0.0,42.35
5140,station-tongi,DIESEL,428,2026-01-05T11:00:00,208.188,0.0,208.188
5141,station-tongi,PETROL,428,2026-01-05T11:00:00,75.44,0.0,75.44
5142,station-tongi,OCTANE,428,2026-01-05T11:00:00,36.53,0.0,36.53
5143,station-karnaphuli,DIESEL,428,2026-01-05T11:00:00,92.562,0.0,92.562
5144,station-karnaphuli,PETROL,428,2026-01-05T11:00:00,97.163,0.0,97.163
5145,station-karnaphuli,OCTANE,428,2026-01-05T11:00:00,55.008,0.0,55.008
5146,station-coxsbazar,DIESEL,428,2026-01-05T11:00:00,103.386,0.0,103.386
5147,station-coxsbazar,PETROL,428,2026-01-05T11:00:00,111.972,0.0,111.972
5148,station-coxsbazar,OCTANE,428,2026-01-05T11:00:00,47.397,0.0,47.397
5149,station-mirpur,DIESEL,429,2026-01-05T11:15:00,56.674,0.0,56.674
5150,station-mirpur,PETROL,429,2026-01-05T11:15:00,80.197,0.0,80.197
5151,station-mirpur,OCTANE,429,2026-01-05T11:15:00,37.221,0.0,37.221
5152,station-tongi,DIESEL,429,2026-01-05T11:15:00,238.871,0.0,238.871
5153,station-tongi,PETROL,429,2026-01-05T11:15:00,71.415,0.0,71.415
5154,station-tongi,OCTANE,429,2026-01-05T11:15:00,36.036,0.0,36.036
5155,station-karnaphuli,DIESEL,429,2026-01-05T11:15:00,84.008,0.0,84.008
5156,station-karnaphuli,PETROL,429,2026-01-05T11:15:00,101.249,0.0,101.249
5157,station-karnaphuli,OCTANE,429,2026-01-05T11:15:00,48.951,0.0,48.951
5158,station-coxsbazar,DIESEL,429,2026-01-05T11:15:00,92.853,0.0,92.853
5159,station-coxsbazar,PETROL,429,2026-01-05T11:15:00,99.019,0.0,99.019
5160,station-coxsbazar,OCTANE,429,2026-01-05T11:15:00,52.851,0.0,52.851
5161,station-mirpur,DIESEL,430,2026-01-05T11:30:00,64.478,0.0,64.478
5162,station-mirpur,PETROL,430,2026-01-05T11:30:00,79.684,0.0,79.684
5163,station-mirpur,OCTANE,430,2026-01-05T11:30:00,42.603,0.0,42.603
5164,station-tongi,DIESEL,430,2026-01-05T11:30:00,234.247,0.0,234.247
5165,station-tongi,PETROL,430,2026-01-05T11:30:00,75.732,0.0,75.732
5166,station-tongi,OCTANE,430,2026-01-05T11:30:00,33.363,0.0,33.363
5167,station-karnaphuli,DIESEL,430,2026-01-05T11:30:00,80.023,0.0,80.023
5168,station-karnaphuli,PETROL,430,2026-01-05T11:30:00,91.629,0.0,91.629
5169,station-karnaphuli,OCTANE,430,2026-01-05T11:30:00,46.959,0.0,46.959
5170,station-coxsbazar,DIESEL,430,2026-01-05T11:30:00,98.344,0.0,98.344
5171,station-coxsbazar,PETROL,430,2026-01-05T11:30:00,100.774,0.0,100.774
5172,station-coxsbazar,OCTANE,430,2026-01-05T11:30:00,53.372,0.0,53.372
5173,station-mirpur,DIESEL,431,2026-01-05T11:45:00,55.8,0.0,55.8
5174,station-mirpur,PETROL,431,2026-01-05T11:45:00,80.263,0.0,80.263
5175,station-mirpur,OCTANE,431,2026-01-05T11:45:00,40.301,0.0,40.301
5176,station-tongi,DIESEL,431,2026-01-05T11:45:00,228.226,0.0,228.226
5177,station-tongi,PETROL,431,2026-01-05T11:45:00,77.336,0.0,77.336
5178,station-tongi,OCTANE,431,2026-01-05T11:45:00,36.326,0.0,36.326
5179,station-karnaphuli,DIESEL,431,2026-01-05T11:45:00,90.21,0.0,90.21
5180,station-karnaphuli,PETROL,431,2026-01-05T11:45:00,84.532,0.0,84.532
5181,station-karnaphuli,OCTANE,431,2026-01-05T11:45:00,57.511,0.0,57.511
5182,station-coxsbazar,DIESEL,431,2026-01-05T11:45:00,103.191,0.0,103.191
5183,station-coxsbazar,PETROL,431,2026-01-05T11:45:00,106.75,0.0,106.75
5184,station-coxsbazar,OCTANE,431,2026-01-05T11:45:00,46.834,0.0,46.834
5185,station-mirpur,DIESEL,432,2026-01-05T12:00:00,62.06,0.0,62.06
5186,station-mirpur,PETROL,432,2026-01-05T12:00:00,78.322,0.0,78.322
5187,station-mirpur,OCTANE,432,2026-01-05T12:00:00,40.546,0.0,40.546
5188,station-tongi,DIESEL,432,2026-01-05T12:00:00,216.864,0.0,216.864
5189,station-tongi,PETROL,432,2026-01-05T12:00:00,71.835,0.0,71.835
5190,station-tongi,OCTANE,432,2026-01-05T12:00:00,37.449,0.0,37.449
5191,station-karnaphuli,DIESEL,432,2026-01-05T12:00:00,92.218,0.0,92.218
5192,station-karnaphuli,PETROL,432,2026-01-05T12:00:00,89.383,0.0,89.383
5193,station-karnaphuli,OCTANE,432,2026-01-05T12:00:00,58.58,0.0,58.58
5194,station-coxsbazar,DIESEL,432,2026-01-05T12:00:00,102.641,0.0,102.641
5195,station-coxsbazar,PETROL,432,2026-01-05T12:00:00,99.873,0.0,99.873
5196,station-coxsbazar,OCTANE,432,2026-01-05T12:00:00,52.871,0.0,52.871
5197,station-mirpur,DIESEL,433,2026-01-05T12:15:00,67.409,0.0,67.409
5198,station-mirpur,PETROL,433,2026-01-05T12:15:00,83.357,0.0,83.357
5199,station-mirpur,OCTANE,433,2026-01-05T12:15:00,42.944,0.0,42.944
5200,station-tongi,DIESEL,433,2026-01-05T12:15:00,226.113,0.0,226.113
5201,station-tongi,PETROL,433,2026-01-05T12:15:00,73.229,0.0,73.229
5202,station-tongi,OCTANE,433,2026-01-05T12:15:00,33.483,0.0,33.483
5203,station-karnaphuli,DIESEL,433,2026-01-05T12:15:00,87.927,0.0,87.927
5204,station-karnaphuli,PETROL,433,2026-01-05T12:15:00,98.325,0.0,98.325
5205,station-karnaphuli,OCTANE,433,2026-01-05T12:15:00,55.367,0.0,55.367
5206,station-coxsbazar,DIESEL,433,2026-01-05T12:15:00,110.379,0.0,110.379
5207,station-coxsbazar,PETROL,433,2026-01-05T12:15:00,107.126,0.0,107.126
5208,station-coxsbazar,OCTANE,433,2026-01-05T12:15:00,48.693,0.0,48.693
5209,station-mirpur,DIESEL,434,2026-01-05T12:30:00,57.561,0.0,57.561
5210,station-mirpur,PETROL,434,2026-01-05T12:30:00,83.375,0.0,83.375
5211,station-mirpur,OCTANE,434,2026-01-05T12:30:00,41.857,0.0,41.857
5212,station-tongi,DIESEL,434,2026-01-05T12:30:00,231.854,0.0,231.854
5213,station-tongi,PETROL,434,2026-01-05T12:30:00,68.97,0.0,68.97
5214,station-tongi,OCTANE,434,2026-01-05T12:30:00,33.613,0.0,33.613
5215,station-karnaphuli,DIESEL,434,2026-01-05T12:30:00,82.414,0.0,82.414
5216,station-karnaphuli,PETROL,434,2026-01-05T12:30:00,87.956,0.0,87.956
5217,station-karnaphuli,OCTANE,434,2026-01-05T12:30:00,49.867,0.0,49.867
5218,station-coxsbazar,DIESEL,434,2026-01-05T12:30:00,91.465,0.0,91.465
5219,station-coxsbazar,PETROL,434,2026-01-05T12:30:00,97.587,0.0,97.587
5220,station-coxsbazar,OCTANE,434,2026-01-05T12:30:00,47.858,0.0,47.858
5221,station-mirpur,DIESEL,435,2026-01-05T12:45:00,57.933,0.0,57.933
5222,station-mirpur,PETROL,435,2026-01-05T12:45:00,71.649,0.0,71.649
5223,station-mirpur,OCTANE,435,2026-01-05T12:45:00,43.719,0.0,43.719
5224,station-tongi,DIESEL,435,2026-01-05T12:45:00,212.313,0.0,212.313
5225,station-tongi,PETROL,435,2026-01-05T12:45:00,74.149,0.0,74.149
5226,station-tongi,OCTANE,435,2026-01-05T12:45:00,36.745,0.0,36.745
5227,station-karnaphuli,DIESEL,435,2026-01-05T12:45:00,81.098,0.0,81.098
5228,station-karnaphuli,PETROL,435,2026-01-05T12:45:00,98.6,0.0,98.6
5229,station-karnaphuli,OCTANE,435,2026-01-05T12:45:00,49.66,0.0,49.66
5230,station-coxsbazar,DIESEL,435,2026-01-05T12:45:00,96.585,0.0,96.585
5231,station-coxsbazar,PETROL,435,2026-01-05T12:45:00,113.381,0.0,113.381
5232,station-coxsbazar,OCTANE,435,2026-01-05T12:45:00,51.444,0.0,51.444
5233,station-mirpur,DIESEL,436,2026-01-05T13:00:00,56.762,0.0,56.762
5234,station-mirpur,PETROL,436,2026-01-05T13:00:00,77.215,0.0,77.215
5235,station-mirpur,OCTANE,436,2026-01-05T13:00:00,44.218,0.0,44.218
5236,station-tongi,DIESEL,436,2026-01-05T13:00:00,211.525,0.0,211.525
5237,station-tongi,PETROL,436,2026-01-05T13:00:00,76.062,0.0,76.062
5238,station-tongi,OCTANE,436,2026-01-05T13:00:00,36.631,0.0,36.631
5239,station-karnaphuli,DIESEL,436,2026-01-05T13:00:00,81.294,0.0,81.294
5240,station-karnaphuli,PETROL,436,2026-01-05T13:00:00,93.865,0.0,93.865
5241,station-karnaphuli,OCTANE,436,2026-01-05T13:00:00,55.155,0.0,55.155
5242,station-coxsbazar,DIESEL,436,2026-01-05T13:00:00,106.371,0.0,106.371
5243,station-coxsbazar,PETROL,436,2026-01-05T13:00:00,101.504,0.0,101.504
5244,station-coxsbazar,OCTANE,436,2026-01-05T13:00:00,51.236,0.0,51.236
5245,station-mirpur,DIESEL,437,2026-01-05T13:15:00,67.73,0.0,67.73
5246,station-mirpur,PETROL,437,2026-01-05T13:15:00,77.318,0.0,77.318
5247,station-mirpur,OCTANE,437,2026-01-05T13:15:00,38.082,0.0,38.082
5248,station-tongi,DIESEL,437,2026-01-05T13:15:00,208.586,0.0,208.586
5249,station-tongi,PETROL,437,2026-01-05T13:15:00,67.003,0.0,67.003
5250,station-tongi,OCTANE,437,2026-01-05T13:15:00,32.724,0.0,32.724
5251,station-karnaphuli,DIESEL,437,2026-01-05T13:15:00,88.568,0.0,88.568
5252,station-karnaphuli,PETROL,437,2026-01-05T13:15:00,95.01,0.0,95.01
5253,station-karnaphuli,OCTANE,437,2026-01-05T13:15:00,57.704,0.0,57.704
5254,station-coxsbazar,DIESEL,437,2026-01-05T13:15:00,100.88,0.0,100.88
5255,station-coxsbazar,PETROL,437,2026-01-05T13:15:00,110.255,0.0,110.255
5256,station-coxsbazar,OCTANE,437,2026-01-05T13:15:00,49.061,0.0,49.061
5257,station-mirpur,DIESEL,438,2026-01-05T13:30:00,57.794,0.0,57.794
5258,station-mirpur,PETROL,438,2026-01-05T13:30:00,71.381,0.0,71.381
5259,station-mirpur,OCTANE,438,2026-01-05T13:30:00,42.418,0.0,42.418
5260,station-tongi,DIESEL,438,2026-01-05T13:30:00,239.648,0.0,239.648
5261,station-tongi,PETROL,438,2026-01-05T13:30:00,71.146,0.0,71.146
5262,station-tongi,OCTANE,438,2026-01-05T13:30:00,37.562,0.0,37.562
5263,station-karnaphuli,DIESEL,438,2026-01-05T13:30:00,91.966,0.0,91.966
5264,station-karnaphuli,PETROL,438,2026-01-05T13:30:00,97.731,0.0,97.731
5265,station-karnaphuli,OCTANE,438,2026-01-05T13:30:00,51.776,0.0,51.776
5266,station-coxsbazar,DIESEL,438,2026-01-05T13:30:00,98.045,0.0,98.045
5267,station-coxsbazar,PETROL,438,2026-01-05T13:30:00,114.72,0.0,114.72
5268,station-coxsbazar,OCTANE,438,2026-01-05T13:30:00,51.951,0.0,51.951
5269,station-mirpur,DIESEL,439,2026-01-05T13:45:00,63.533,0.0,63.533
5270,station-mirpur,PETROL,439,2026-01-05T13:45:00,75.493,0.0,75.493
5271,station-mirpur,OCTANE,439,2026-01-05T13:45:00,41.896,0.0,41.896
5272,station-tongi,DIESEL,439,2026-01-05T13:45:00,212.744,0.0,212.744
5273,station-tongi,PETROL,439,2026-01-05T13:45:00,78.073,0.0,78.073
5274,station-tongi,OCTANE,439,2026-01-05T13:45:00,37.143,0.0,37.143
5275,station-karnaphuli,DIESEL,439,2026-01-05T13:45:00,80.427,0.0,80.427
5276,station-karnaphuli,PETROL,439,2026-01-05T13:45:00,81.916,0.0,81.916
5277,station-karnaphuli,OCTANE,439,2026-01-05T13:45:00,50.151,0.0,50.151
5278,station-coxsbazar,DIESEL,439,2026-01-05T13:45:00,110.117,0.0,110.117
5279,station-coxsbazar,PETROL,439,2026-01-05T13:45:00,108.437,0.0,108.437
5280,station-coxsbazar,OCTANE,439,2026-01-05T13:45:00,52.774,0.0,52.774
5281,station-mirpur,DIESEL,440,2026-01-05T14:00:00,68.099,0.0,68.099
5282,station-mirpur,PETROL,440,2026-01-05T14:00:00,79.323,0.0,79.323
5283,station-mirpur,OCTANE,440,2026-01-05T14:00:00,37.013,0.0,37.013
5284,station-tongi,DIESEL,440,2026-01-05T14:00:00,224.87,0.0,224.87
5285,station-tongi,PETROL,440,2026-01-05T14:00:00,72.735,0.0,72.735
5286,station-tongi,OCTANE,440,2026-01-05T14:00:00,37.119,0.0,37.119
5287,station-karnaphuli,DIESEL,440,2026-01-05T14:00:00,95.881,0.0,95.881
5288,station-karnaphuli,PETROL,440,2026-01-05T14:00:00,98.484,0.0,98.484
5289,station-karnaphuli,OCTANE,440,2026-01-05T14:00:00,51.049,0.0,51.049
5290,station-coxsbazar,DIESEL,440,2026-01-05T14:00:00,95.055,0.0,95.055
5291,station-coxsbazar,PETROL,440,2026-01-05T14:00:00,97.477,0.0,97.477
5292,station-coxsbazar,OCTANE,440,2026-01-05T14:00:00,46.1,0.0,46.1
5293,station-mirpur,DIESEL,441,2026-01-05T14:15:00,64.225,0.0,64.225
5294,station-mirpur,PETROL,441,2026-01-05T14:15:00,77.734,0.0,77.734
5295,station-mirpur,OCTANE,441,2026-01-05T14:15:00,41.126,0.0,41.126
5296,station-tongi,DIESEL,441,2026-01-05T14:15:00,243.771,0.0,243.771
5297,station-tongi,PETROL,441,2026-01-05T14:15:00,73.919,0.0,73.919
5298,station-tongi,OCTANE,441,2026-01-05T14:15:00,37.03,0.0,37.03
5299,station-karnaphuli,DIESEL,441,2026-01-05T14:15:00,97.893,0.0,97.893
5300,station-karnaphuli,PETROL,441,2026-01-05T14:15:00,84.59,0.0,84.59
5301,station-karnaphuli,OCTANE,441,2026-01-05T14:15:00,48.406,0.0,48.406
5302,station-coxsbazar,DIESEL,441,2026-01-05T14:15:00,93.199,0.0,93.199
5303,station-coxsbazar,PETROL,441,2026-01-05T14:15:00,110.017,0.0,110.017
5304,station-coxsbazar,OCTANE,441,2026-01-05T14:15:00,52.722,0.0,52.722
5305,station-mirpur,DIESEL,442,2026-01-05T14:30:00,58.601,0.0,58.601
5306,station-mirpur,PETROL,442,2026-01-05T14:30:00,69.375,0.0,69.375
5307,station-mirpur,OCTANE,442,2026-01-05T14:30:00,43.005,0.0,43.005
5308,station-tongi,DIESEL,442,2026-01-05T14:30:00,218.996,0.0,218.996
5309,station-tongi,PETROL,442,2026-01-05T14:30:00,73.494,0.0,73.494
5310,station-tongi,OCTANE,442,2026-01-05T14:30:00,34.07,0.0,34.07
5311,station-karnaphuli,DIESEL,442,2026-01-05T14:30:00,90.097,0.0,90.097
5312,station-karnaphuli,PETROL,442,2026-01-05T14:30:00,99.24,0.0,99.24
5313,station-karnaphuli,OCTANE,442,2026-01-05T14:30:00,55.705,0.0,55.705
5314,station-coxsbazar,DIESEL,442,2026-01-05T14:30:00,101.306,0.0,101.306
5315,station-coxsbazar,PETROL,442,2026-01-05T14:30:00,99.441,0.0,99.441
5316,station-coxsbazar,OCTANE,442,2026-01-05T14:30:00,53.757,0.0,53.757
5317,station-mirpur,DIESEL,443,2026-01-05T14:45:00,56.1,0.0,56.1
5318,station-mirpur,PETROL,443,2026-01-05T14:45:00,76.58,0.0,76.58
5319,station-mirpur,OCTANE,443,2026-01-05T14:45:00,40.105,0.0,40.105
5320,station-tongi,DIESEL,443,2026-01-05T14:45:00,235.096,0.0,235.096
5321,station-tongi,PETROL,443,2026-01-05T14:45:00,76.161,0.0,76.161
5322,station-tongi,OCTANE,443,2026-01-05T14:45:00,34.474,0.0,34.474
5323,station-karnaphuli,DIESEL,443,2026-01-05T14:45:00,90.413,0.0,90.413
5324,station-karnaphuli,PETROL,443,2026-01-05T14:45:00,84.134,0.0,84.134
5325,station-karnaphuli,OCTANE,443,2026-01-05T14:45:00,49.817,0.0,49.817
5326,station-coxsbazar,DIESEL,443,2026-01-05T14:45:00,94.602,0.0,94.602
5327,station-coxsbazar,PETROL,443,2026-01-05T14:45:00,112.217,0.0,112.217
5328,station-coxsbazar,OCTANE,443,2026-01-05T14:45:00,46.643,0.0,46.643
5329,station-mirpur,DIESEL,444,2026-01-05T15:00:00,62.965,0.0,62.965
5330,station-mirpur,PETROL,444,2026-01-05T15:00:00,71.783,0.0,71.783
5331,station-mirpur,OCTANE,444,2026-01-05T15:00:00,41.249,0.0,41.249
5332,station-tongi,DIESEL,444,2026-01-05T15:00:00,235.571,0.0,235.571
5333,station-tongi,PETROL,444,2026-01-05T15:00:00,69.28,0.0,69.28
5334,station-tongi,OCTANE,444,2026-01-05T15:00:00,34.89,0.0,34.89
5335,station-karnaphuli,DIESEL,444,2026-01-05T15:00:00,85.989,0.0,85.989
5336,station-karnaphuli,PETROL,444,2026-01-05T15:00:00,87.25,0.0,87.25
5337,station-karnaphuli,OCTANE,444,2026-01-05T15:00:00,49.459,0.0,49.459
5338,station-coxsbazar,DIESEL,444,2026-01-05T15:00:00,92.918,0.0,92.918
5339,station-coxsbazar,PETROL,444,2026-01-05T15:00:00,104.227,0.0,104.227
5340,station-coxsbazar,OCTANE,444,2026-01-05T15:00:00,53.122,0.0,53.122
5341,station-mirpur,DIESEL,445,2026-01-05T15:15:00,56.694,0.0,56.694
5342,station-mirpur,PETROL,445,2026-01-05T15:15:00,72.504,0.0,72.504
5343,station-mirpur,OCTANE,445,2026-01-05T15:15:00,41.574,0.0,41.574
5344,station-tongi,DIESEL,445,2026-01-05T15:15:00,224.978,0.0,224.978
5345,station-tongi,PETROL,445,2026-01-05T15:15:00,69.311,0.0,69.311
5346,station-tongi,OCTANE,445,2026-01-05T15:15:00,37.307,0.0,37.307
5347,station-karnaphuli,DIESEL,445,2026-01-05T15:15:00,95.543,0.0,95.543
5348,station-karnaphuli,PETROL,445,2026-01-05T15:15:00,86.046,0.0,86.046
5349,station-karnaphuli,OCTANE,445,2026-01-05T15:15:00,52.37,0.0,52.37
5350,station-coxsbazar,DIESEL,445,2026-01-05T15:15:00,92.829,0.0,92.829
5351,station-coxsbazar,PETROL,445,2026-01-05T15:15:00,102.592,0.0,102.592
5352,station-coxsbazar,OCTANE,445,2026-01-05T15:15:00,47.397,0.0,47.397
5353,station-mirpur,DIESEL,446,2026-01-05T15:30:00,56.283,0.0,56.283
5354,station-mirpur,PETROL,446,2026-01-05T15:30:00,81.754,0.0,81.754
5355,station-mirpur,OCTANE,446,2026-01-05T15:30:00,39.605,0.0,39.605
5356,station-tongi,DIESEL,446,2026-01-05T15:30:00,232.79,0.0,232.79
5357,station-tongi,PETROL,446,2026-01-05T15:30:00,72.765,0.0,72.765
5358,station-tongi,OCTANE,446,2026-01-05T15:30:00,36.396,0.0,36.396
5359,station-karnaphuli,DIESEL,446,2026-01-05T15:30:00,79.205,0.0,79.205
5360,station-karnaphuli,PETROL,446,2026-01-05T15:30:00,87.366,0.0,87.366
5361,station-karnaphuli,OCTANE,446,2026-01-05T15:30:00,52.646,0.0,52.646
5362,station-coxsbazar,DIESEL,446,2026-01-05T15:30:00,110.09,0.0,110.09
5363,station-coxsbazar,PETROL,446,2026-01-05T15:30:00,97.601,0.0,97.601
5364,station-coxsbazar,OCTANE,446,2026-01-05T15:30:00,51.437,0.0,51.437
5365,station-mirpur,DIESEL,447,2026-01-05T15:45:00,60.918,0.0,60.918
5366,station-mirpur,PETROL,447,2026-01-05T15:45:00,71.39,0.0,71.39
5367,station-mirpur,OCTANE,447,2026-01-05T15:45:00,42.136,0.0,42.136
5368,station-tongi,DIESEL,447,2026-01-05T15:45:00,221.961,0.0,221.961
5369,station-tongi,PETROL,447,2026-01-05T15:45:00,69.282,0.0,69.282
5370,station-tongi,OCTANE,447,2026-01-05T15:45:00,37.301,0.0,37.301
5371,station-karnaphuli,DIESEL,447,2026-01-05T15:45:00,92.521,0.0,92.521
5372,station-karnaphuli,PETROL,447,2026-01-05T15:45:00,102.52,0.0,102.52
5373,station-karnaphuli,OCTANE,447,2026-01-05T15:45:00,46.287,0.0,46.287
5374,station-coxsbazar,DIESEL,447,2026-01-05T15:45:00,104.236,0.0,104.236
5375,station-coxsbazar,PETROL,447,2026-01-05T15:45:00,101.648,0.0,101.648
5376,station-coxsbazar,OCTANE,447,2026-01-05T15:45:00,46.736,0.0,46.736
5377,station-mirpur,DIESEL,448,2026-01-05T16:00:00,123.735,0.0,123.735
5378,station-mirpur,PETROL,448,2026-01-05T16:00:00,170.971,0.0,170.971
5379,station-mirpur,OCTANE,448,2026-01-05T16:00:00,88.573,0.0,88.573
5380,station-tongi,DIESEL,448,2026-01-05T16:00:00,212.293,0.0,212.293
5381,station-tongi,PETROL,448,2026-01-05T16:00:00,77.847,0.0,77.847
5382,station-tongi,OCTANE,448,2026-01-05T16:00:00,33.533,0.0,33.533
5383,station-karnaphuli,DIESEL,448,2026-01-05T16:00:00,165.432,0.0,165.432
5384,station-karnaphuli,PETROL,448,2026-01-05T16:00:00,172.73,0.0,172.73
5385,station-karnaphuli,OCTANE,448,2026-01-05T16:00:00,94.681,0.0,94.681
5386,station-coxsbazar,DIESEL,448,2026-01-05T16:00:00,107.822,0.0,107.822
5387,station-coxsbazar,PETROL,448,2026-01-05T16:00:00,116.1,0.0,116.1
5388,station-coxsbazar,OCTANE,448,2026-01-05T16:00:00,50.99,0.0,50.99
5389,station-mirpur,DIESEL,449,2026-01-05T16:15:00,137.625,0.0,137.625
5390,station-mirpur,PETROL,449,2026-01-05T16:15:00,152.197,0.0,152.197
5391,station-mirpur,OCTANE,449,2026-01-05T16:15:00,78.032,0.0,78.032
5392,station-tongi,DIESEL,449,2026-01-05T16:15:00,211.424,0.0,211.424
5393,station-tongi,PETROL,449,2026-01-05T16:15:00,74.008,0.0,74.008
5394,station-tongi,OCTANE,449,2026-01-05T16:15:00,35.725,0.0,35.725
5395,station-karnaphuli,DIESEL,449,2026-01-05T16:15:00,167.598,0.0,167.598
5396,station-karnaphuli,PETROL,449,2026-01-05T16:15:00,162.846,0.0,162.846
5397,station-karnaphuli,OCTANE,449,2026-01-05T16:15:00,102.331,0.0,102.331
5398,station-coxsbazar,DIESEL,449,2026-01-05T16:15:00,91.411,0.0,91.411
5399,station-coxsbazar,PETROL,449,2026-01-05T16:15:00,115.199,0.0,115.199
5400,station-coxsbazar,OCTANE,449,2026-01-05T16:15:00,51.604,0.0,51.604
5401,station-mirpur,DIESEL,450,2026-01-05T16:30:00,117.141,0.0,117.141
5402,station-mirpur,PETROL,450,2026-01-05T16:30:00,145.711,0.0,145.711
5403,station-mirpur,OCTANE,450,2026-01-05T16:30:00,92.695,0.0,92.695
5404,station-tongi,DIESEL,450,2026-01-05T16:30:00,218.005,0.0,218.005
5405,station-tongi,PETROL,450,2026-01-05T16:30:00,76.623,0.0,76.623
5406,station-tongi,OCTANE,450,2026-01-05T16:30:00,35.667,0.0,35.667
5407,station-karnaphuli,DIESEL,450,2026-01-05T16:30:00,150.982,0.0,150.982
5408,station-karnaphuli,PETROL,450,2026-01-05T16:30:00,181.661,0.0,181.661
5409,station-karnaphuli,OCTANE,450,2026-01-05T16:30:00,96.863,0.0,96.863
5410,station-coxsbazar,DIESEL,450,2026-01-05T16:30:00,108.532,0.0,108.532
5411,station-coxsbazar,PETROL,450,2026-01-05T16:30:00,102.788,0.0,102.788
5412,station-coxsbazar,OCTANE,450,2026-01-05T16:30:00,53.037,0.0,53.037
5413,station-mirpur,DIESEL,451,2026-01-05T16:45:00,124.086,0.0,124.086
5414,station-mirpur,PETROL,451,2026-01-05T16:45:00,166.686,0.0,166.686
5415,station-mirpur,OCTANE,451,2026-01-05T16:45:00,86.437,0.0,86.437
5416,station-tongi,DIESEL,451,2026-01-05T16:45:00,211.021,0.0,211.021
5417,station-tongi,PETROL,451,2026-01-05T16:45:00,72.777,0.0,72.777
5418,station-tongi,OCTANE,451,2026-01-05T16:45:00,36.007,0.0,36.007
5419,station-karnaphuli,DIESEL,451,2026-01-05T16:45:00,167.189,0.0,167.189
5420,station-karnaphuli,PETROL,451,2026-01-05T16:45:00,153.236,0.0,153.236
5421,station-karnaphuli,OCTANE,451,2026-01-05T16:45:00,90.496,0.0,90.496
5422,station-coxsbazar,DIESEL,451,2026-01-05T16:45:00,102.593,0.0,102.593
5423,station-coxsbazar,PETROL,451,2026-01-05T16:45:00,106.199,0.0,106.199
5424,station-coxsbazar,OCTANE,451,2026-01-05T16:45:00,46.939,0.0,46.939
5425,station-mirpur,DIESEL,452,2026-01-05T17:00:00,131.054,0.0,131.054
5426,station-mirpur,PETROL,452,2026-01-05T17:00:00,156.601,0.0,156.601
5427,station-mirpur,OCTANE,452,2026-01-05T17:00:00,76.783,0.0,76.783
5428,station-tongi,DIESEL,452,2026-01-05T17:00:00,233.642,0.0,233.642
5429,station-tongi,PETROL,452,2026-01-05T17:00:00,70.33,0.0,70.33
5430,station-tongi,OCTANE,452,2026-01-05T17:00:00,36.763,0.0,36.763
5431,station-karnaphuli,DIESEL,452,2026-01-05T17:00:00,168.46,0.0,168.46
5432,station-karnaphuli,PETROL,452,2026-01-05T17:00:00,147.431,0.0,147.431
5433,station-karnaphuli,OCTANE,452,2026-01-05T17:00:00,103.567,0.0,103.567
5434,station-coxsbazar,DIESEL,452,2026-01-05T17:00:00,105.444,0.0,105.444
5435,station-coxsbazar,PETROL,452,2026-01-05T17:00:00,107.067,0.0,107.067
5436,station-coxsbazar,OCTANE,452,2026-01-05T17:00:00,53.237,0.0,53.237
5437,station-mirpur,DIESEL,453,2026-01-05T17:15:00,129.977,0.0,129.977
5438,station-mirpur,PETROL,453,2026-01-05T17:15:00,155.212,0.0,155.212
5439,station-mirpur,OCTANE,453,2026-01-05T17:15:00,90.906,0.0,90.906
5440,station-tongi,DIESEL,453,2026-01-05T17:15:00,227.999,0.0,227.999
5441,station-tongi,PETROL,453,2026-01-05T17:15:00,74.636,0.0,74.636
5442,station-tongi,OCTANE,453,2026-01-05T17:15:00,33.72,0.0,33.72
5443,station-karnaphuli,DIESEL,453,2026-01-05T17:15:00,141.793,0.0,141.793
5444,station-karnaphuli,PETROL,453,2026-01-05T17:15:00,162.437,0.0,162.437
5445,station-karnaphuli,OCTANE,453,2026-01-05T17:15:00,83.044,0.0,83.044
5446,station-coxsbazar,DIESEL,453,2026-01-05T17:15:00,105.906,0.0,105.906
5447,station-coxsbazar,PETROL,453,2026-01-05T17:15:00,115.492,0.0,115.492
5448,station-coxsbazar,OCTANE,453,2026-01-05T17:15:00,50.814,0.0,50.814
5449,station-mirpur,DIESEL,454,2026-01-05T17:30:00,127.187,0.0,127.187
5450,station-mirpur,PETROL,454,2026-01-05T17:30:00,157.269,0.0,157.269
5451,station-mirpur,OCTANE,454,2026-01-05T17:30:00,77.906,0.0,77.906
5452,station-tongi,DIESEL,454,2026-01-05T17:30:00,226.307,0.0,226.307
5453,station-tongi,PETROL,454,2026-01-05T17:30:00,76.54,0.0,76.54
5454,station-tongi,OCTANE,454,2026-01-05T17:30:00,35.684,0.0,35.684
5455,station-karnaphuli,DIESEL,454,2026-01-05T17:30:00,159.255,0.0,159.255
5456,station-karnaphuli,PETROL,454,2026-01-05T17:30:00,181.332,0.0,181.332
5457,station-karnaphuli,OCTANE,454,2026-01-05T17:30:00,97.048,0.0,97.048
5458,station-coxsbazar,DIESEL,454,2026-01-05T17:30:00,96.138,0.0,96.138
5459,station-coxsbazar,PETROL,454,2026-01-05T17:30:00,112.576,0.0,112.576
5460,station-coxsbazar,OCTANE,454,2026-01-05T17:30:00,47.146,0.0,47.146
5461,station-mirpur,DIESEL,455,2026-01-05T17:45:00,121.995,0.0,121.995
5462,station-mirpur,PETROL,455,2026-01-05T17:45:00,157.481,0.0,157.481
5463,station-mirpur,OCTANE,455,2026-01-05T17:45:00,80.157,0.0,80.157
5464,station-tongi,DIESEL,455,2026-01-05T17:45:00,238.332,0.0,238.332
5465,station-tongi,PETROL,455,2026-01-05T17:45:00,68.313,0.0,68.313
5466,station-tongi,OCTANE,455,2026-01-05T17:45:00,35.532,0.0,35.532
5467,station-karnaphuli,DIESEL,455,2026-01-05T17:45:00,168.761,0.0,168.761
5468,station-karnaphuli,PETROL,455,2026-01-05T17:45:00,183.879,0.0,183.879
5469,station-karnaphuli,OCTANE,455,2026-01-05T17:45:00,93.351,0.0,93.351
5470,station-coxsbazar,DIESEL,455,2026-01-05T17:45:00,94.123,0.0,94.123
5471,station-coxsbazar,PETROL,455,2026-01-05T17:45:00,106.43,0.0,106.43
5472,station-coxsbazar,OCTANE,455,2026-01-05T17:45:00,53.046,0.0,53.046
5473,station-mirpur,DIESEL,456,2026-01-05T18:00:00,131.326,0.0,131.326
5474,station-mirpur,PETROL,456,2026-01-05T18:00:00,153.776,0.0,153.776
5475,station-mirpur,OCTANE,456,2026-01-05T18:00:00,78.321,0.0,78.321
5476,station-tongi,DIESEL,456,2026-01-05T18:00:00,66.041,0.0,66.041
5477,station-tongi,PETROL,456,2026-01-05T18:00:00,21.853,0.0,21.853
5478,station-tongi,OCTANE,456,2026-01-05T18:00:00,9.609,0.0,9.609
5479,station-karnaphuli,DIESEL,456,2026-01-05T18:00:00,177.981,0.0,177.981
5480,station-karnaphuli,PETROL,456,2026-01-05T18:00:00,178.933,0.0,178.933
5481,station-karnaphuli,OCTANE,456,2026-01-05T18:00:00,86.915,0.0,86.915
5482,station-coxsbazar,DIESEL,456,2026-01-05T18:00:00,102.36,0.0,102.36
5483,station-coxsbazar,PETROL,456,2026-01-05T18:00:00,104.645,0.0,104.645
5484,station-coxsbazar,OCTANE,456,2026-01-05T18:00:00,46.732,0.0,46.732
5485,station-mirpur,DIESEL,457,2026-01-05T18:15:00,124.665,0.0,124.665
5486,station-mirpur,PETROL,457,2026-01-05T18:15:00,156.648,0.0,156.648
5487,station-mirpur,OCTANE,457,2026-01-05T18:15:00,79.817,0.0,79.817
5488,station-tongi,DIESEL,457,2026-01-05T18:15:00,62.365,0.0,62.365
5489,station-tongi,PETROL,457,2026-01-05T18:15:00,20.662,0.0,20.662
5490,station-tongi,OCTANE,457,2026-01-05T18:15:00,10.271,0.0,10.271
5491,station-karnaphuli,DIESEL,457,2026-01-05T18:15:00,166.889,0.0,166.889
5492,station-karnaphuli,PETROL,457,2026-01-05T18:15:00,147.624,0.0,147.624
5493,station-karnaphuli,OCTANE,457,2026-01-05T18:15:00,104.837,0.0,104.837
5494,station-coxsbazar,DIESEL,457,2026-01-05T18:15:00,99.416,0.0,99.416
5495,station-coxsbazar,PETROL,457,2026-01-05T18:15:00,104.645,0.0,104.645
5496,station-coxsbazar,OCTANE,457,2026-01-05T18:15:00,48.07,0.0,48.07
5497,station-mirpur,DIESEL,458,2026-01-05T18:30:00,122.279,0.0,122.279
5498,station-mirpur,PETROL,458,2026-01-05T18:30:00,167.539,0.0,167.539
5499,station-mirpur,OCTANE,458,2026-01-05T18:30:00,82.087,0.0,82.087
5500,station-tongi,DIESEL,458,2026-01-05T18:30:00,69.644,0.0,69.644
5501,station-tongi,PETROL,458,2026-01-05T18:30:00,22.698,0.0,22.698
5502,station-tongi,OCTANE,458,2026-01-05T18:30:00,10.401,0.0,10.401
5503,station-karnaphuli,DIESEL,458,2026-01-05T18:30:00,154.369,0.0,154.369
5504,station-karnaphuli,PETROL,458,2026-01-05T18:30:00,177.675,0.0,177.675
5505,station-karnaphuli,OCTANE,458,2026-01-05T18:30:00,98.857,0.0,98.857
5506,station-coxsbazar,DIESEL,458,2026-01-05T18:30:00,109.136,0.0,109.136
5507,station-coxsbazar,PETROL,458,2026-01-05T18:30:00,109.038,0.0,109.038
5508,station-coxsbazar,OCTANE,458,2026-01-05T18:30:00,49.389,0.0,49.389
5509,station-mirpur,DIESEL,459,2026-01-05T18:45:00,129.129,0.0,129.129
5510,station-mirpur,PETROL,459,2026-01-05T18:45:00,144.114,0.0,144.114
5511,station-mirpur,OCTANE,459,2026-01-05T18:45:00,79.367,0.0,79.367
5512,station-tongi,DIESEL,459,2026-01-05T18:45:00,63.784,0.0,63.784
5513,station-tongi,PETROL,459,2026-01-05T18:45:00,22.349,0.0,22.349
5514,station-tongi,OCTANE,459,2026-01-05T18:45:00,9.972,0.0,9.972
5515,station-karnaphuli,DIESEL,459,2026-01-05T18:45:00,172.745,0.0,172.745
5516,station-karnaphuli,PETROL,459,2026-01-05T18:45:00,172.432,0.0,172.432
5517,station-karnaphuli,OCTANE,459,2026-01-05T18:45:00,90.858,0.0,90.858
5518,station-coxsbazar,DIESEL,459,2026-01-05T18:45:00,94.556,0.0,94.556
5519,station-coxsbazar,PETROL,459,2026-01-05T18:45:00,107.823,0.0,107.823
5520,station-coxsbazar,OCTANE,459,2026-01-05T18:45:00,55.68,0.0,55.68
5521,station-mirpur,DIESEL,460,2026-01-05T19:00:00,120.319,0.0,120.319
5522,station-mirpur,PETROL,460,2026-01-05T19:00:00,149.77,0.0,149.77
5523,station-mirpur,OCTANE,460,2026-01-05T19:00:00,79.879,0.0,79.879
5524,station-tongi,DIESEL,460,2026-01-05T19:00:00,70.464,0.0,70.464
5525,station-tongi,PETROL,460,2026-01-05T19:00:00,21.056,0.0,21.056
5526,station-tongi,OCTANE,460,2026-01-05T19:00:00,9.675,0.0,9.675
5527,station-karnaphuli,DIESEL,460,2026-01-05T19:00:00,150.626,0.0,150.626
5528,station-karnaphuli,PETROL,460,2026-01-05T19:00:00,157.155,0.0,157.155
5529,station-karnaphuli,OCTANE,460,2026-01-05T19:00:00,84.365,0.0,84.365
5530,station-coxsbazar,DIESEL,460,2026-01-05T19:00:00,102.173,0.0,102.173
5531,station-coxsbazar,PETROL,460,2026-01-05T19:00:00,103.89,0.0,103.89
5532,station-coxsbazar,OCTANE,460,2026-01-05T19:00:00,52.328,0.0,52.328
5533,station-mirpur,DIESEL,461,2026-01-05T19:15:00,120.621,0.0,120.621
5534,station-mirpur,PETROL,461,2026-01-05T19:15:00,154.407,0.0,154.407
5535,station-mirpur,OCTANE,461,2026-01-05T19:15:00,77.315,0.0,77.315
5536,station-tongi,DIESEL,461,2026-01-05T19:15:00,64.315,0.0,64.315
5537,station-tongi,PETROL,461,2026-01-05T19:15:00,21.621,0.0,21.621
5538,station-tongi,OCTANE,461,2026-01-05T19:15:00,10.282,0.0,10.282
5539,station-karnaphuli,DIESEL,461,2026-01-05T19:15:00,146.91,0.0,146.91
5540,station-karnaphuli,PETROL,461,2026-01-05T19:15:00,157.14,0.0,157.14
5541,station-karnaphuli,OCTANE,461,2026-01-05T19:15:00,105.391,0.0,105.391
5542,station-coxsbazar,DIESEL,461,2026-01-05T19:15:00,103.76,0.0,103.76
5543,station-coxsbazar,PETROL,461,2026-01-05T19:15:00,108.169,0.0,108.169
5544,station-coxsbazar,OCTANE,461,2026-01-05T19:15:00,47.695,0.0,47.695
5545,station-mirpur,DIESEL,462,2026-01-05T19:30:00,124.421,0.0,124.421
5546,station-mirpur,PETROL,462,2026-01-05T19:30:00,161.373,0.0,161.373
5547,station-mirpur,OCTANE,462,2026-01-05T19:30:00,81.394,0.0,81.394
5548,station-tongi,DIESEL,462,2026-01-05T19:30:00,62.952,0.0,62.952
5549,station-tongi,PETROL,462,2026-01-05T19:30:00,19.847,0.0,19.847
5550,station-tongi,OCTANE,462,2026-01-05T19:30:00,10.143,0.0,10.143
5551,station-karnaphuli,DIESEL,462,2026-01-05T19:30:00,148.328,0.0,148.328
5552,station-karnaphuli,PETROL,462,2026-01-05T19:30:00,168.865,0.0,168.865
5553,station-karnaphuli,OCTANE,462,2026-01-05T19:30:00,97.775,0.0,97.775
5554,station-coxsbazar,DIESEL,462,2026-01-05T19:30:00,93.646,0.0,93.646
5555,station-coxsbazar,PETROL,462,2026-01-05T19:30:00,101.521,0.0,101.521
5556,station-coxsbazar,OCTANE,462,2026-01-05T19:30:00,51.911,0.0,51.911
5557,station-mirpur,DIESEL,463,2026-01-05T19:45:00,127.088,0.0,127.088
5558,station-mirpur,PETROL,463,2026-01-05T19:45:00,150.805,0.0,150.805
5559,station-mirpur,OCTANE,463,2026-01-05T19:45:00,81.497,0.0,81.497
5560,station-tongi,DIESEL,463,2026-01-05T19:45:00,69.261,0.0,69.261
5561,station-tongi,PETROL,463,2026-01-05T19:45:00,20.742,0.0,20.742
5562,station-tongi,OCTANE,463,2026-01-05T19:45:00,10.273,0.0,10.273
5563,station-karnaphuli,DIESEL,463,2026-01-05T19:45:00,157.991,0.0,157.991
5564,station-karnaphuli,PETROL,463,2026-01-05T19:45:00,148.885,0.0,148.885
5565,station-karnaphuli,OCTANE,463,2026-01-05T19:45:00,103.95,0.0,103.95
5566,station-coxsbazar,DIESEL,463,2026-01-05T19:45:00,105.125,0.0,105.125
5567,station-coxsbazar,PETROL,463,2026-01-05T19:45:00,115.893,0.0,115.893
5568,station-coxsbazar,OCTANE,463,2026-01-05T19:45:00,52.432,0.0,52.432
5569,station-mirpur,DIESEL,464,2026-01-05T20:00:00,120.867,0.0,120.867
5570,station-mirpur,PETROL,464,2026-01-05T20:00:00,149.176,0.0,149.176
5571,station-mirpur,OCTANE,464,2026-01-05T20:00:00,83.124,0.0,83.124
5572,station-tongi,DIESEL,464,2026-01-05T20:00:00,60.908,0.0,60.908
5573,station-tongi,PETROL,464,2026-01-05T20:00:00,22.464,0.0,22.464
5574,station-tongi,OCTANE,464,2026-01-05T20:00:00,10.508,0.0,10.508
5575,station-karnaphuli,DIESEL,464,2026-01-05T20:00:00,178.412,0.0,178.412
5576,station-karnaphuli,PETROL,464,2026-01-05T20:00:00,183.059,0.0,183.059
5577,station-karnaphuli,OCTANE,464,2026-01-05T20:00:00,96.302,0.0,96.302
5578,station-coxsbazar,DIESEL,464,2026-01-05T20:00:00,95.313,0.0,95.313
5579,station-coxsbazar,PETROL,464,2026-01-05T20:00:00,104.731,0.0,104.731
5580,station-coxsbazar,OCTANE,464,2026-01-05T20:00:00,48.77,0.0,48.77
5581,station-mirpur,DIESEL,465,2026-01-05T20:15:00,134.006,0.0,134.006
5582,station-mirpur,PETROL,465,2026-01-05T20:15:00,142.791,0.0,142.791
5583,station-mirpur,OCTANE,465,2026-01-05T20:15:00,83.064,0.0,83.064
5584,station-tongi,DIESEL,465,2026-01-05T20:15:00,61.069,0.0,61.069
5585,station-tongi,PETROL,465,2026-01-05T20:15:00,20.732,0.0,20.732
5586,station-tongi,OCTANE,465,2026-01-05T20:15:00,10.094,0.0,10.094
5587,station-karnaphuli,DIESEL,465,2026-01-05T20:15:00,172.231,0.0,172.231
5588,station-karnaphuli,PETROL,465,2026-01-05T20:15:00,184.398,0.0,184.398
5589,station-karnaphuli,OCTANE,465,2026-01-05T20:15:00,101.168,0.0,101.168
5590,station-coxsbazar,DIESEL,465,2026-01-05T20:15:00,102.836,0.0,102.836
5591,station-coxsbazar,PETROL,465,2026-01-05T20:15:00,111.755,0.0,111.755
5592,station-coxsbazar,OCTANE,465,2026-01-05T20:15:00,47.862,0.0,47.862
5593,station-mirpur,DIESEL,466,2026-01-05T20:30:00,135.392,0.0,135.392
5594,station-mirpur,PETROL,466,2026-01-05T20:30:00,153.748,0.0,153.748
5595,station-mirpur,OCTANE,466,2026-01-05T20:30:00,92.187,0.0,92.187
5596,station-tongi,DIESEL,466,2026-01-05T20:30:00,67.263,0.0,67.263
5597,station-tongi,PETROL,466,2026-01-05T20:30:00,19.95,0.0,19.95
5598,station-tongi,OCTANE,466,2026-01-05T20:30:00,10.316,0.0,10.316
5599,station-karnaphuli,DIESEL,466,2026-01-05T20:30:00,174.023,0.0,174.023
5600,station-karnaphuli,PETROL,466,2026-01-05T20:30:00,172.02,0.0,172.02
5601,station-karnaphuli,OCTANE,466,2026-01-05T20:30:00,91.305,0.0,91.305
5602,station-coxsbazar,DIESEL,466,2026-01-05T20:30:00,104.901,0.0,104.901
5603,station-coxsbazar,PETROL,466,2026-01-05T20:30:00,110.071,0.0,110.071
5604,station-coxsbazar,OCTANE,466,2026-01-05T20:30:00,51.325,0.0,51.325
5605,station-mirpur,DIESEL,467,2026-01-05T20:45:00,117.455,0.0,117.455
5606,station-mirpur,PETROL,467,2026-01-05T20:45:00,152.022,0.0,152.022
5607,station-mirpur,OCTANE,467,2026-01-05T20:45:00,81.604,0.0,81.604
5608,station-tongi,DIESEL,467,2026-01-05T20:45:00,66.295,0.0,66.295
5609,station-tongi,PETROL,467,2026-01-05T20:45:00,20.336,0.0,20.336
5610,station-tongi,OCTANE,467,2026-01-05T20:45:00,10.704,0.0,10.704
5611,station-karnaphuli,DIESEL,467,2026-01-05T20:45:00,177.195,0.0,177.195
5612,station-karnaphuli,PETROL,467,2026-01-05T20:45:00,166.397,0.0,166.397
5613,station-karnaphuli,OCTANE,467,2026-01-05T20:45:00,90.299,0.0,90.299
5614,station-coxsbazar,DIESEL,467,2026-01-05T20:45:00,108.01,0.0,108.01
5615,station-coxsbazar,PETROL,467,2026-01-05T20:45:00,97.546,0.0,97.546
5616,station-coxsbazar,OCTANE,467,2026-01-05T20:45:00,52.339,0.0,52.339
5617,station-mirpur,DIESEL,468,2026-01-05T21:00:00,58.754,0.0,58.754
5618,station-mirpur,PETROL,468,2026-01-05T21:00:00,73.859,0.0,73.859
5619,station-mirpur,OCTANE,468,2026-01-05T21:00:00,41.555,0.0,41.555
5620,station-tongi,DIESEL,468,2026-01-05T21:00:00,62.165,0.0,62.165
5621,station-tongi,PETROL,468,2026-01-05T21:00:00,20.975,0.0,20.975
5622,station-tongi,OCTANE,468,2026-01-05T21:00:00,9.865,0.0,9.865
5623,station-karnaphuli,DIESEL,468,2026-01-05T21:00:00,87.176,0.0,87.176
5624,station-karnaphuli,PETROL,468,2026-01-05T21:00:00,89.436,0.0,89.436
5625,station-karnaphuli,OCTANE,468,2026-01-05T21:00:00,49.474,0.0,49.474
5626,station-coxsbazar,DIESEL,468,2026-01-05T21:00:00,57.551,0.0,57.551
5627,station-coxsbazar,PETROL,468,2026-01-05T21:00:00,52.091,0.0,52.091
5628,station-coxsbazar,OCTANE,468,2026-01-05T21:00:00,25.822,0.0,25.822
5629,station-mirpur,DIESEL,469,2026-01-05T21:15:00,64.999,0.0,64.999
5630,station-mirpur,PETROL,469,2026-01-05T21:15:00,83.046,0.0,83.046
5631,station-mirpur,OCTANE,469,2026-01-05T21:15:00,44.364,0.0,44.364
5632,station-tongi,DIESEL,469,2026-01-05T21:15:00,68.454,0.0,68.454
5633,station-tongi,PETROL,469,2026-01-05T21:15:00,20.732,0.0,20.732
5634,station-tongi,OCTANE,469,2026-01-05T21:15:00,9.892,0.0,9.892
5635,station-karnaphuli,DIESEL,469,2026-01-05T21:15:00,94.647,0.0,94.647
5636,station-karnaphuli,PETROL,469,2026-01-05T21:15:00,93.945,0.0,93.945
5637,station-karnaphuli,OCTANE,469,2026-01-05T21:15:00,52.653,0.0,52.653
5638,station-coxsbazar,DIESEL,469,2026-01-05T21:15:00,47.674,0.0,47.674
5639,station-coxsbazar,PETROL,469,2026-01-05T21:15:00,55.111,0.0,55.111
5640,station-coxsbazar,OCTANE,469,2026-01-05T21:15:00,26.57,0.0,26.57
5641,station-mirpur,DIESEL,470,2026-01-05T21:30:00,67.345,0.0,67.345
5642,station-mirpur,PETROL,470,2026-01-05T21:30:00,69.769,0.0,69.769
5643,station-mirpur,OCTANE,470,2026-01-05T21:30:00,43.36,0.0,43.36
5644,station-tongi,DIESEL,470,2026-01-05T21:30:00,63.094,0.0,63.094
5645,station-tongi,PETROL,470,2026-01-05T21:30:00,20.179,0.0,20.179
5646,station-tongi,OCTANE,470,2026-01-05T21:30:00,10.437,0.0,10.437
5647,station-karnaphuli,DIESEL,470,2026-01-05T21:30:00,78.353,0.0,78.353
5648,station-karnaphuli,PETROL,470,2026-01-05T21:30:00,100.127,0.0,100.127
5649,station-karnaphuli,OCTANE,470,2026-01-05T21:30:00,57.155,0.0,57.155
5650,station-coxsbazar,DIESEL,470,2026-01-05T21:30:00,56.627,0.0,56.627
5651,station-coxsbazar,PETROL,470,2026-01-05T21:30:00,51.086,0.0,51.086
5652,station-coxsbazar,OCTANE,470,2026-01-05T21:30:00,25.17,0.0,25.17
5653,station-mirpur,DIESEL,471,2026-01-05T21:45:00,60.393,0.0,60.393
5654,station-mirpur,PETROL,471,2026-01-05T21:45:00,70.787,0.0,70.787
5655,station-mirpur,OCTANE,471,2026-01-05T21:45:00,39.508,0.0,39.508
5656,station-tongi,DIESEL,471,2026-01-05T21:45:00,69.492,0.0,69.492
5657,station-tongi,PETROL,471,2026-01-05T21:45:00,21.581,0.0,21.581
5658,station-tongi,OCTANE,471,2026-01-05T21:45:00,10.44,0.0,10.44
5659,station-karnaphuli,DIESEL,471,2026-01-05T21:45:00,98.739,0.0,98.739
5660,station-karnaphuli,PETROL,471,2026-01-05T21:45:00,87.427,0.0,87.427
5661,station-karnaphuli,OCTANE,471,2026-01-05T21:45:00,49.869,0.0,49.869
5662,station-coxsbazar,DIESEL,471,2026-01-05T21:45:00,48.891,0.0,48.891
5663,station-coxsbazar,PETROL,471,2026-01-05T21:45:00,53.833,0.0,53.833
5664,station-coxsbazar,OCTANE,471,2026-01-05T21:45:00,27.264,0.0,27.264
5665,station-mirpur,DIESEL,472,2026-01-05T22:00:00,58.07,0.0,58.07
5666,station-mirpur,PETROL,472,2026-01-05T22:00:00,83.324,0.0,83.324
5667,station-mirpur,OCTANE,472,2026-01-05T22:00:00,43.676,0.0,43.676
5668,station-tongi,DIESEL,472,2026-01-05T22:00:00,64.029,0.0,64.029
5669,station-tongi,PETROL,472,2026-01-05T22:00:00,20.926,0.0,20.926
5670,station-tongi,OCTANE,472,2026-01-05T22:00:00,10.266,0.0,10.266
5671,station-karnaphuli,DIESEL,472,2026-01-05T22:00:00,92.019,0.0,92.019
5672,station-karnaphuli,PETROL,472,2026-01-05T22:00:00,92.145,0.0,92.145
5673,station-karnaphuli,OCTANE,472,2026-01-05T22:00:00,47.874,0.0,47.874
5674,station-coxsbazar,DIESEL,472,2026-01-05T22:00:00,50.158,0.0,50.158
5675,station-coxsbazar,PETROL,472,2026-01-05T22:00:00,52.273,0.0,52.273
5676,station-coxsbazar,OCTANE,472,2026-01-05T22:00:00,27.597,0.0,27.597
5677,station-mirpur,DIESEL,473,2026-01-05T22:15:00,66.706,0.0,66.706
5678,station-mirpur,PETROL,473,2026-01-05T22:15:00,83.867,0.0,83.867
5679,station-mirpur,OCTANE,473,2026-01-05T22:15:00,40.761,0.0,40.761
5680,station-tongi,DIESEL,473,2026-01-05T22:15:00,69.756,0.0,69.756
5681,station-tongi,PETROL,473,2026-01-05T22:15:00,21.653,0.0,21.653
5682,station-tongi,OCTANE,473,2026-01-05T22:15:00,10.957,0.0,10.957
5683,station-karnaphuli,DIESEL,473,2026-01-05T22:15:00,95.925,0.0,95.925
5684,station-karnaphuli,PETROL,473,2026-01-05T22:15:00,96.865,0.0,96.865
5685,station-karnaphuli,OCTANE,473,2026-01-05T22:15:00,54.64,0.0,54.64
5686,station-coxsbazar,DIESEL,473,2026-01-05T22:15:00,53.952,0.0,53.952
5687,station-coxsbazar,PETROL,473,2026-01-05T22:15:00,61.076,0.0,61.076
5688,station-coxsbazar,OCTANE,473,2026-01-05T22:15:00,24.585,0.0,24.585
5689,station-mirpur,DIESEL,474,2026-01-05T22:30:00,59.374,0.0,59.374
5690,station-mirpur,PETROL,474,2026-01-05T22:30:00,78.524,0.0,78.524
5691,station-mirpur,OCTANE,474,2026-01-05T22:30:00,43.885,0.0,43.885
5692,station-tongi,DIESEL,474,2026-01-05T22:30:00,64.391,0.0,64.391
5693,station-tongi,PETROL,474,2026-01-05T22:30:00,19.589,0.0,19.589
5694,station-tongi,OCTANE,474,2026-01-05T22:30:00,9.75,0.0,9.75
5695,station-karnaphuli,DIESEL,474,2026-01-05T22:30:00,89.044,0.0,89.044
5696,station-karnaphuli,PETROL,474,2026-01-05T22:30:00,87.391,0.0,87.391
5697,station-karnaphuli,OCTANE,474,2026-01-05T22:30:00,48.796,0.0,48.796
5698,station-coxsbazar,DIESEL,474,2026-01-05T22:30:00,47.388,0.0,47.388
5699,station-coxsbazar,PETROL,474,2026-01-05T22:30:00,60.527,0.0,60.527
5700,station-coxsbazar,OCTANE,474,2026-01-05T22:30:00,25.336,0.0,25.336
5701,station-mirpur,DIESEL,475,2026-01-05T22:45:00,60.408,0.0,60.408
5702,station-mirpur,PETROL,475,2026-01-05T22:45:00,71.201,0.0,71.201
5703,station-mirpur,OCTANE,475,2026-01-05T22:45:00,39.246,0.0,39.246
5704,station-tongi,DIESEL,475,2026-01-05T22:45:00,64.392,0.0,64.392
5705,station-tongi,PETROL,475,2026-01-05T22:45:00,20.016,0.0,20.016
5706,station-tongi,OCTANE,475,2026-01-05T22:45:00,10.659,0.0,10.659
5707,station-karnaphuli,DIESEL,475,2026-01-05T22:45:00,83.791,0.0,83.791
5708,station-karnaphuli,PETROL,475,2026-01-05T22:45:00,96.235,0.0,96.235
5709,station-karnaphuli,OCTANE,475,2026-01-05T22:45:00,53.463,0.0,53.463
5710,station-coxsbazar,DIESEL,475,2026-01-05T22:45:00,48.734,0.0,48.734
5711,station-coxsbazar,PETROL,475,2026-01-05T22:45:00,52.393,0.0,52.393
5712,station-coxsbazar,OCTANE,475,2026-01-05T22:45:00,23.95,0.0,23.95
5713,station-mirpur,DIESEL,476,2026-01-05T23:00:00,56.319,0.0,56.319
5714,station-mirpur,PETROL,476,2026-01-05T23:00:00,78.798,0.0,78.798
5715,station-mirpur,OCTANE,476,2026-01-05T23:00:00,44.347,0.0,44.347
5716,station-tongi,DIESEL,476,2026-01-05T23:00:00,64.711,0.0,64.711
5717,station-tongi,PETROL,476,2026-01-05T23:00:00,22.361,0.0,22.361
5718,station-tongi,OCTANE,476,2026-01-05T23:00:00,10.592,0.0,10.592
5719,station-karnaphuli,DIESEL,476,2026-01-05T23:00:00,86.092,0.0,86.092
5720,station-karnaphuli,PETROL,476,2026-01-05T23:00:00,84.88,0.0,84.88
5721,station-karnaphuli,OCTANE,476,2026-01-05T23:00:00,53.981,0.0,53.981
5722,station-coxsbazar,DIESEL,476,2026-01-05T23:00:00,49.043,0.0,49.043
5723,station-coxsbazar,PETROL,476,2026-01-05T23:00:00,60.948,0.0,60.948
5724,station-coxsbazar,OCTANE,476,2026-01-05T23:00:00,28.745,0.0,28.745
5725,station-mirpur,DIESEL,477,2026-01-05T23:15:00,59.206,0.0,59.206
5726,station-mirpur,PETROL,477,2026-01-05T23:15:00,74.08,0.0,74.08
5727,station-mirpur,OCTANE,477,2026-01-05T23:15:00,42.94,0.0,42.94
5728,station-tongi,DIESEL,477,2026-01-05T23:15:00,67.035,0.0,67.035
5729,station-tongi,PETROL,477,2026-01-05T23:15:00,20.868,0.0,20.868
5730,station-tongi,OCTANE,477,2026-01-05T23:15:00,10.661,0.0,10.661
5731,station-karnaphuli,DIESEL,477,2026-01-05T23:15:00,83.106,0.0,83.106
5732,station-karnaphuli,PETROL,477,2026-01-05T23:15:00,94.129,0.0,94.129
5733,station-karnaphuli,OCTANE,477,2026-01-05T23:15:00,57.711,0.0,57.711
5734,station-coxsbazar,DIESEL,477,2026-01-05T23:15:00,53.736,0.0,53.736
5735,station-coxsbazar,PETROL,477,2026-01-05T23:15:00,51.997,0.0,51.997
5736,station-coxsbazar,OCTANE,477,2026-01-05T23:15:00,25.114,0.0,25.114
5737,station-mirpur,DIESEL,478,2026-01-05T23:30:00,66.148,0.0,66.148
5738,station-mirpur,PETROL,478,2026-01-05T23:30:00,74.574,0.0,74.574
5739,station-mirpur,OCTANE,478,2026-01-05T23:30:00,37.748,0.0,37.748
5740,station-tongi,DIESEL,478,2026-01-05T23:30:00,61.952,0.0,61.952
5741,station-tongi,PETROL,478,2026-01-05T23:30:00,22.201,0.0,22.201
5742,station-tongi,OCTANE,478,2026-01-05T23:30:00,11.111,0.0,11.111
5743,station-karnaphuli,DIESEL,478,2026-01-05T23:30:00,97.792,0.0,97.792
5744,station-karnaphuli,PETROL,478,2026-01-05T23:30:00,100.304,0.0,100.304
5745,station-karnaphuli,OCTANE,478,2026-01-05T23:30:00,46.402,0.0,46.402
5746,station-coxsbazar,DIESEL,478,2026-01-05T23:30:00,49.683,0.0,49.683
5747,station-coxsbazar,PETROL,478,2026-01-05T23:30:00,56.74,0.0,56.74
5748,station-coxsbazar,OCTANE,478,2026-01-05T23:30:00,27.669,0.0,27.669
5749,station-mirpur,DIESEL,479,2026-01-05T23:45:00,65.97,0.0,65.97
5750,station-mirpur,PETROL,479,2026-01-05T23:45:00,71.482,0.0,71.482
5751,station-mirpur,OCTANE,479,2026-01-05T23:45:00,43.351,0.0,43.351
5752,station-tongi,DIESEL,479,2026-01-05T23:45:00,69.016,0.0,69.016
5753,station-tongi,PETROL,479,2026-01-05T23:45:00,21.18,0.0,21.18
5754,station-tongi,OCTANE,479,2026-01-05T23:45:00,10.509,0.0,10.509
5755,station-karnaphuli,DIESEL,479,2026-01-05T23:45:00,81.959,0.0,81.959
5756,station-karnaphuli,PETROL,479,2026-01-05T23:45:00,100.825,0.0,100.825
5757,station-karnaphuli,OCTANE,479,2026-01-05T23:45:00,57.869,0.0,57.869
5758,station-coxsbazar,DIESEL,479,2026-01-05T23:45:00,51.556,0.0,51.556
5759,station-coxsbazar,PETROL,479,2026-01-05T23:45:00,53.264,0.0,53.264
5760,station-coxsbazar,OCTANE,479,2026-01-05T23:45:00,27.604,0.0,27.604
5761,station-mirpur,DIESEL,480,2026-01-06T00:00:00,65.294,0.0,65.294
5762,station-mirpur,PETROL,480,2026-01-06T00:00:00,71.627,0.0,71.627
5763,station-mirpur,OCTANE,480,2026-01-06T00:00:00,39.792,0.0,39.792
5764,station-tongi,DIESEL,480,2026-01-06T00:00:00,70.223,0.0,70.223
5765,station-tongi,PETROL,480,2026-01-06T00:00:00,21.352,0.0,21.352
5766,station-tongi,OCTANE,480,2026-01-06T00:00:00,10.454,0.0,10.454
5767,station-karnaphuli,DIESEL,480,2026-01-06T00:00:00,94.754,0.0,94.754
5768,station-karnaphuli,PETROL,480,2026-01-06T00:00:00,89.825,0.0,89.825
5769,station-karnaphuli,OCTANE,480,2026-01-06T00:00:00,46.648,0.0,46.648
5770,station-coxsbazar,DIESEL,480,2026-01-06T00:00:00,57.344,0.0,57.344
5771,station-coxsbazar,PETROL,480,2026-01-06T00:00:00,53.807,0.0,53.807
5772,station-coxsbazar,OCTANE,480,2026-01-06T00:00:00,25.608,0.0,25.608
5773,station-mirpur,DIESEL,481,2026-01-06T00:15:00,65.963,0.0,65.963
5774,station-mirpur,PETROL,481,2026-01-06T00:15:00,82.977,0.0,82.977
5775,station-mirpur,OCTANE,481,2026-01-06T00:15:00,40.096,0.0,40.096
5776,station-tongi,DIESEL,481,2026-01-06T00:15:00,62.272,0.0,62.272
5777,station-tongi,PETROL,481,2026-01-06T00:15:00,21.137,0.0,21.137
5778,station-tongi,OCTANE,481,2026-01-06T00:15:00,10.17,0.0,10.17
5779,station-karnaphuli,DIESEL,481,2026-01-06T00:15:00,96.484,0.0,96.484
5780,station-karnaphuli,PETROL,481,2026-01-06T00:15:00,93.249,0.0,93.249
5781,station-karnaphuli,OCTANE,481,2026-01-06T00:15:00,54.906,0.0,54.906
5782,station-coxsbazar,DIESEL,481,2026-01-06T00:15:00,56.017,0.0,56.017
5783,station-coxsbazar,PETROL,481,2026-01-06T00:15:00,59.946,0.0,59.946
5784,station-coxsbazar,OCTANE,481,2026-01-06T00:15:00,23.964,0.0,23.964
5785,station-mirpur,DIESEL,482,2026-01-06T00:30:00,63.294,0.0,63.294
5786,station-mirpur,PETROL,482,2026-01-06T00:30:00,73.794,0.0,73.794
5787,station-mirpur,OCTANE,482,2026-01-06T00:30:00,41.986,0.0,41.986
5788,station-tongi,DIESEL,482,2026-01-06T00:30:00,62.535,0.0,62.535
5789,station-tongi,PETROL,482,2026-01-06T00:30:00,22.052,0.0,22.052
5790,station-tongi,OCTANE,482,2026-01-06T00:30:00,9.63,0.0,9.63
5791,station-karnaphuli,DIESEL,482,2026-01-06T00:30:00,84.274,0.0,84.274
5792,station-karnaphuli,PETROL,482,2026-01-06T00:30:00,95.891,0.0,95.891
5793,station-karnaphuli,OCTANE,482,2026-01-06T00:30:00,49.566,0.0,49.566
5794,station-coxsbazar,DIESEL,482,2026-01-06T00:30:00,50.675,0.0,50.675
5795,station-coxsbazar,PETROL,482,2026-01-06T00:30:00,59.478,0.0,59.478
5796,station-coxsbazar,OCTANE,482,2026-01-06T00:30:00,24.951,0.0,24.951
5797,station-mirpur,DIESEL,483,2026-01-06T00:45:00,67.568,0.0,67.568
5798,station-mirpur,PETROL,483,2026-01-06T00:45:00,77.343,0.0,77.343
5799,station-mirpur,OCTANE,483,2026-01-06T00:45:00,43.411,0.0,43.411
5800,station-tongi,DIESEL,483,2026-01-06T00:45:00,60.643,0.0,60.643
5801,station-tongi,PETROL,483,2026-01-06T00:45:00,21.116,0.0,21.116
5802,station-tongi,OCTANE,483,2026-01-06T00:45:00,11.128,0.0,11.128
5803,station-karnaphuli,DIESEL,483,2026-01-06T00:45:00,89.539,0.0,89.539
5804,station-karnaphuli,PETROL,483,2026-01-06T00:45:00,88.708,0.0,88.708
5805,station-karnaphuli,OCTANE,483,2026-01-06T00:45:00,49.98,0.0,49.98
5806,station-coxsbazar,DIESEL,483,2026-01-06T00:45:00,57.438,0.0,57.438
5807,station-coxsbazar,PETROL,483,2026-01-06T00:45:00,56.708,0.0,56.708
5808,station-coxsbazar,OCTANE,483,2026-01-06T00:45:00,25.433,0.0,25.433
5809,station-mirpur,DIESEL,484,2026-01-06T01:00:00,64.63,0.0,64.63
5810,station-mirpur,PETROL,484,2026-01-06T01:00:00,74.691,0.0,74.691
5811,station-mirpur,OCTANE,484,2026-01-06T01:00:00,39.193,0.0,39.193
5812,station-tongi,DIESEL,484,2026-01-06T01:00:00,65.13,0.0,65.13
5813,station-tongi,PETROL,484,2026-01-06T01:00:00,20.533,0.0,20.533
5814,station-tongi,OCTANE,484,2026-01-06T01:00:00,10.756,0.0,10.756
5815,station-karnaphuli,DIESEL,484,2026-01-06T01:00:00,85.212,0.0,85.212
5816,station-karnaphuli,PETROL,484,2026-01-06T01:00:00,83.561,0.0,83.561
5817,station-karnaphuli,OCTANE,484,2026-01-06T01:00:00,55.324,0.0,55.324
5818,station-coxsbazar,DIESEL,484,2026-01-06T01:00:00,52.45,0.0,52.45
5819,station-coxsbazar,PETROL,484,2026-01-06T01:00:00,56.049,0.0,56.049
5820,station-coxsbazar,OCTANE,484,2026-01-06T01:00:00,26.558,0.0,26.558
5821,station-mirpur,DIESEL,485,2026-01-06T01:15:00,62.586,0.0,62.586
5822,station-mirpur,PETROL,485,2026-01-06T01:15:00,78.81,0.0,78.81
5823,station-mirpur,OCTANE,485,2026-01-06T01:15:00,40.503,0.0,40.503
5824,station-tongi,DIESEL,485,2026-01-06T01:15:00,60.618,0.0,60.618
5825,station-tongi,PETROL,485,2026-01-06T01:15:00,20.495,0.0,20.495
5826,station-tongi,OCTANE,485,2026-01-06T01:15:00,11.093,0.0,11.093
5827,station-karnaphuli,DIESEL,485,2026-01-06T01:15:00,89.258,0.0,89.258
5828,station-karnaphuli,PETROL,485,2026-01-06T01:15:00,89.766,0.0,89.766
5829,station-karnaphuli,OCTANE,485,2026-01-06T01:15:00,54.579,0.0,54.579
5830,station-coxsbazar,DIESEL,485,2026-01-06T01:15:00,56.466,0.0,56.466
5831,station-coxsbazar,PETROL,485,2026-01-06T01:15:00,54.656,0.0,54.656
5832,station-coxsbazar,OCTANE,485,2026-01-06T01:15:00,24.902,0.0,24.902
5833,station-mirpur,DIESEL,486,2026-01-06T01:30:00,67.258,0.0,67.258
5834,station-mirpur,PETROL,486,2026-01-06T01:30:00,79.354,0.0,79.354
5835,station-mirpur,OCTANE,486,2026-01-06T01:30:00,41.746,0.0,41.746
5836,station-tongi,DIESEL,486,2026-01-06T01:30:00,63.805,0.0,63.805
5837,station-tongi,PETROL,486,2026-01-06T01:30:00,20.062,0.0,20.062
5838,station-tongi,OCTANE,486,2026-01-06T01:30:00,9.95,0.0,9.95
5839,station-karnaphuli,DIESEL,486,2026-01-06T01:30:00,78.087,0.0,78.087
5840,station-karnaphuli,PETROL,486,2026-01-06T01:30:00,89.171,0.0,89.171
5841,station-karnaphuli,OCTANE,486,2026-01-06T01:30:00,58.369,0.0,58.369
5842,station-coxsbazar,DIESEL,486,2026-01-06T01:30:00,51.632,0.0,51.632
5843,station-coxsbazar,PETROL,486,2026-01-06T01:30:00,59.799,0.0,59.799
5844,station-coxsbazar,OCTANE,486,2026-01-06T01:30:00,24.984,0.0,24.984
5845,station-mirpur,DIESEL,487,2026-01-06T01:45:00,61.927,0.0,61.927
5846,station-mirpur,PETROL,487,2026-01-06T01:45:00,76.101,0.0,76.101
5847,station-mirpur,OCTANE,487,2026-01-06T01:45:00,37.812,0.0,37.812
5848,station-tongi,DIESEL,487,2026-01-06T01:45:00,63.916,0.0,63.916
5849,station-tongi,PETROL,487,2026-01-06T01:45:00,20.771,0.0,20.771
5850,station-tongi,OCTANE,487,2026-01-06T01:45:00,10.86,0.0,10.86
5851,station-karnaphuli,DIESEL,487,2026-01-06T01:45:00,97.265,0.0,97.265
5852,station-karnaphuli,PETROL,487,2026-01-06T01:45:00,83.222,0.0,83.222
5853,station-karnaphuli,OCTANE,487,2026-01-06T01:45:00,56.613,0.0,56.613
5854,station-coxsbazar,DIESEL,487,2026-01-06T01:45:00,48.436,0.0,48.436
5855,station-coxsbazar,PETROL,487,2026-01-06T01:45:00,58.118,0.0,58.118
5856,station-coxsbazar,OCTANE,487,2026-01-06T01:45:00,23.797,0.0,23.797
5857,station-mirpur,DIESEL,488,2026-01-06T02:00:00,67.346,0.0,67.346
5858,station-mirpur,PETROL,488,2026-01-06T02:00:00,76.56,0.0,76.56
5859,station-mirpur,OCTANE,488,2026-01-06T02:00:00,43.18,0.0,43.18
5860,station-tongi,DIESEL,488,2026-01-06T02:00:00,62.377,0.0,62.377
5861,station-tongi,PETROL,488,2026-01-06T02:00:00,20.4,0.0,20.4
5862,station-tongi,OCTANE,488,2026-01-06T02:00:00,10.052,0.0,10.052
5863,station-karnaphuli,DIESEL,488,2026-01-06T02:00:00,79.983,0.0,79.983
5864,station-karnaphuli,PETROL,488,2026-01-06T02:00:00,100.265,0.0,100.265
5865,station-karnaphuli,OCTANE,488,2026-01-06T02:00:00,55.555,0.0,55.555
5866,station-coxsbazar,DIESEL,488,2026-01-06T02:00:00,54.024,0.0,54.024
5867,station-coxsbazar,PETROL,488,2026-01-06T02:00:00,60.771,0.0,60.771
5868,station-coxsbazar,OCTANE,488,2026-01-06T02:00:00,26.844,0.0,26.844
5869,station-mirpur,DIESEL,489,2026-01-06T02:15:00,59.716,0.0,59.716
5870,station-mirpur,PETROL,489,2026-01-06T02:15:00,82.684,0.0,82.684
5871,station-mirpur,OCTANE,489,2026-01-06T02:15:00,40.129,0.0,40.129
5872,station-tongi,DIESEL,489,2026-01-06T02:15:00,68.766,0.0,68.766
5873,station-tongi,PETROL,489,2026-01-06T02:15:00,20.821,0.0,20.821
5874,station-tongi,OCTANE,489,2026-01-06T02:15:00,9.539,0.0,9.539
5875,station-karnaphuli,DIESEL,489,2026-01-06T02:15:00,94.526,0.0,94.526
5876,station-karnaphuli,PETROL,489,2026-01-06T02:15:00,94.879,0.0,94.879
5877,station-karnaphuli,OCTANE,489,2026-01-06T02:15:00,53.003,0.0,53.003
5878,station-coxsbazar,DIESEL,489,2026-01-06T02:15:00,53.688,0.0,53.688
5879,station-coxsbazar,PETROL,489,2026-01-06T02:15:00,58.215,0.0,58.215
5880,station-coxsbazar,OCTANE,489,2026-01-06T02:15:00,28.434,0.0,28.434
5881,station-mirpur,DIESEL,490,2026-01-06T02:30:00,55.956,0.0,55.956
5882,station-mirpur,PETROL,490,2026-01-06T02:30:00,71.456,0.0,71.456
5883,station-mirpur,OCTANE,490,2026-01-06T02:30:00,39.647,0.0,39.647
5884,station-tongi,DIESEL,490,2026-01-06T02:30:00,70.132,0.0,70.132
5885,station-tongi,PETROL,490,2026-01-06T02:30:00,22.634,0.0,22.634
5886,station-tongi,OCTANE,490,2026-01-06T02:30:00,9.833,0.0,9.833
5887,station-karnaphuli,DIESEL,490,2026-01-06T02:30:00,80.248,0.0,80.248
5888,station-karnaphuli,PETROL,490,2026-01-06T02:30:00,95.7,0.0,95.7
5889,station-karnaphuli,OCTANE,490,2026-01-06T02:30:00,54.25,0.0,54.25
5890,station-coxsbazar,DIESEL,490,2026-01-06T02:30:00,53.922,0.0,53.922
5891,station-coxsbazar,PETROL,490,2026-01-06T02:30:00,51.324,0.0,51.324
5892,station-coxsbazar,OCTANE,490,2026-01-06T02:30:00,25.392,0.0,25.392
5893,station-mirpur,DIESEL,491,2026-01-06T02:45:00,66.79,0.0,66.79
5894,station-mirpur,PETROL,491,2026-01-06T02:45:00,82.354,0.0,82.354
5895,station-mirpur,OCTANE,491,2026-01-06T02:45:00,38.48,0.0,38.48
5896,station-tongi,DIESEL,491,2026-01-06T02:45:00,70.703,0.0,70.703
5897,station-tongi,PETROL,491,2026-01-06T02:45:00,21.993,0.0,21.993
5898,station-tongi,OCTANE,491,2026-01-06T02:45:00,10.392,0.0,10.392
5899,station-karnaphuli,DIESEL,491,2026-01-06T02:45:00,82.138,0.0,82.138
5900,station-karnaphuli,PETROL,491,2026-01-06T02:45:00,97.855,0.0,97.855
5901,station-karnaphuli,OCTANE,491,2026-01-06T02:45:00,55.097,0.0,55.097
5902,station-coxsbazar,DIESEL,491,2026-01-06T02:45:00,57.353,0.0,57.353
5903,station-coxsbazar,PETROL,491,2026-01-06T02:45:00,57.482,0.0,57.482
5904,station-coxsbazar,OCTANE,491,2026-01-06T02:45:00,24.822,0.0,24.822
5905,station-mirpur,DIESEL,492,2026-01-06T03:00:00,67.456,0.0,67.456
5906,station-mirpur,PETROL,492,2026-01-06T03:00:00,83.431,0.0,83.431
5907,station-mirpur,OCTANE,492,2026-01-06T03:00:00,40.824,0.0,40.824
5908,station-tongi,DIESEL,492,2026-01-06T03:00:00,65.157,0.0,65.157
5909,station-tongi,PETROL,492,2026-01-06T03:00:00,21.324,0.0,21.324
5910,station-tongi,OCTANE,492,2026-01-06T03:00:00,10.342,0.0,10.342
5911,station-karnaphuli,DIESEL,492,2026-01-06T03:00:00,79.613,0.0,79.613
5912,station-karnaphuli,PETROL,492,2026-01-06T03:00:00,101.412,0.0,101.412
5913,station-karnaphuli,OCTANE,492,2026-01-06T03:00:00,51.794,0.0,51.794
5914,station-coxsbazar,DIESEL,492,2026-01-06T03:00:00,52.7,0.0,52.7
5915,station-coxsbazar,PETROL,492,2026-01-06T03:00:00,55.808,0.0,55.808
5916,station-coxsbazar,OCTANE,492,2026-01-06T03:00:00,27.612,0.0,27.612
5917,station-mirpur,DIESEL,493,2026-01-06T03:15:00,57.506,0.0,57.506
5918,station-mirpur,PETROL,493,2026-01-06T03:15:00,83.195,0.0,83.195
5919,station-mirpur,OCTANE,493,2026-01-06T03:15:00,40.417,0.0,40.417
5920,station-tongi,DIESEL,493,2026-01-06T03:15:00,64.272,0.0,64.272
5921,station-tongi,PETROL,493,2026-01-06T03:15:00,20.569,0.0,20.569
5922,station-tongi,OCTANE,493,2026-01-06T03:15:00,10.797,0.0,10.797
5923,station-karnaphuli,DIESEL,493,2026-01-06T03:15:00,93.748,0.0,93.748
5924,station-karnaphuli,PETROL,493,2026-01-06T03:15:00,85.894,0.0,85.894
5925,station-karnaphuli,OCTANE,493,2026-01-06T03:15:00,50.019,0.0,50.019
5926,station-coxsbazar,DIESEL,493,2026-01-06T03:15:00,47.635,0.0,47.635
5927,station-coxsbazar,PETROL,493,2026-01-06T03:15:00,59.318,0.0,59.318
5928,station-coxsbazar,OCTANE,493,2026-01-06T03:15:00,28.395,0.0,28.395
5929,station-mirpur,DIESEL,494,2026-01-06T03:30:00,56.514,0.0,56.514
5930,station-mirpur,PETROL,494,2026-01-06T03:30:00,82.012,0.0,82.012
5931,station-mirpur,OCTANE,494,2026-01-06T03:30:00,44.771,0.0,44.771
5932,station-tongi,DIESEL,494,2026-01-06T03:30:00,70.741,0.0,70.741
5933,station-tongi,PETROL,494,2026-01-06T03:30:00,20.632,0.0,20.632
5934,station-tongi,OCTANE,494,2026-01-06T03:30:00,9.709,0.0,9.709
5935,station-karnaphuli,DIESEL,494,2026-01-06T03:30:00,81.625,0.0,81.625
5936,station-karnaphuli,PETROL,494,2026-01-06T03:30:00,95.079,0.0,95.079
5937,station-karnaphuli,OCTANE,494,2026-01-06T03:30:00,56.717,0.0,56.717
5938,station-coxsbazar,DIESEL,494,2026-01-06T03:30:00,53.251,0.0,53.251
5939,station-coxsbazar,PETROL,494,2026-01-06T03:30:00,59.525,0.0,59.525
5940,station-coxsbazar,OCTANE,494,2026-01-06T03:30:00,23.801,0.0,23.801
5941,station-mirpur,DIESEL,495,2026-01-06T03:45:00,64.089,0.0,64.089
5942,station-mirpur,PETROL,495,2026-01-06T03:45:00,79.812,0.0,79.812
5943,station-mirpur,OCTANE,495,2026-01-06T03:45:00,44.077,0.0,44.077
5944,station-tongi,DIESEL,495,2026-01-06T03:45:00,61.777,0.0,61.777
5945,station-tongi,PETROL,495,2026-01-06T03:45:00,22.326,0.0,22.326
5946,station-tongi,OCTANE,495,2026-01-06T03:45:00,10.848,0.0,10.848
5947,station-karnaphuli,DIESEL,495,2026-01-06T03:45:00,81.053,0.0,81.053
5948,station-karnaphuli,PETROL,495,2026-01-06T03:45:00,83.955,0.0,83.955
5949,station-karnaphuli,OCTANE,495,2026-01-06T03:45:00,49.269,0.0,49.269
5950,station-coxsbazar,DIESEL,495,2026-01-06T03:45:00,53.474,0.0,53.474
5951,station-coxsbazar,PETROL,495,2026-01-06T03:45:00,60.211,0.0,60.211
5952,station-coxsbazar,OCTANE,495,2026-01-06T03:45:00,27.632,0.0,27.632
5953,station-mirpur,DIESEL,496,2026-01-06T04:00:00,63.984,0.0,63.984
5954,station-mirpur,PETROL,496,2026-01-06T04:00:00,77.348,0.0,77.348
5955,station-mirpur,OCTANE,496,2026-01-06T04:00:00,38.251,0.0,38.251
5956,station-tongi,DIESEL,496,2026-01-06T04:00:00,62.236,0.0,62.236
5957,station-tongi,PETROL,496,2026-01-06T04:00:00,19.453,0.0,19.453
5958,station-tongi,OCTANE,496,2026-01-06T04:00:00,10.54,0.0,10.54
5959,station-karnaphuli,DIESEL,496,2026-01-06T04:00:00,84.084,0.0,84.084
5960,station-karnaphuli,PETROL,496,2026-01-06T04:00:00,100.076,0.0,100.076
5961,station-karnaphuli,OCTANE,496,2026-01-06T04:00:00,51.179,0.0,51.179
5962,station-coxsbazar,DIESEL,496,2026-01-06T04:00:00,49.569,0.0,49.569
5963,station-coxsbazar,PETROL,496,2026-01-06T04:00:00,50.977,0.0,50.977
5964,station-coxsbazar,OCTANE,496,2026-01-06T04:00:00,25.272,0.0,25.272
5965,station-mirpur,DIESEL,497,2026-01-06T04:15:00,62.435,0.0,62.435
5966,station-mirpur,PETROL,497,2026-01-06T04:15:00,82.723,0.0,82.723
5967,station-mirpur,OCTANE,497,2026-01-06T04:15:00,41.255,0.0,41.255
5968,station-tongi,DIESEL,497,2026-01-06T04:15:00,62.438,0.0,62.438
5969,station-tongi,PETROL,497,2026-01-06T04:15:00,19.671,0.0,19.671
5970,station-tongi,OCTANE,497,2026-01-06T04:15:00,10.274,0.0,10.274
5971,station-karnaphuli,DIESEL,497,2026-01-06T04:15:00,87.102,0.0,87.102
5972,station-karnaphuli,PETROL,497,2026-01-06T04:15:00,96.126,0.0,96.126
5973,station-karnaphuli,OCTANE,497,2026-01-06T04:15:00,47.753,0.0,47.753
5974,station-coxsbazar,DIESEL,497,2026-01-06T04:15:00,54.534,0.0,54.534
5975,station-coxsbazar,PETROL,497,2026-01-06T04:15:00,55.665,0.0,55.665
5976,station-coxsbazar,OCTANE,497,2026-01-06T04:15:00,24.163,0.0,24.163
5977,station-mirpur,DIESEL,498,2026-01-06T04:30:00,60.016,0.0,60.016
5978,station-mirpur,PETROL,498,2026-01-06T04:30:00,84.062,0.0,84.062
5979,station-mirpur,OCTANE,498,2026-01-06T04:30:00,37.703,0.0,37.703
5980,station-tongi,DIESEL,498,2026-01-06T04:30:00,66.086,0.0,66.086
5981,station-tongi,PETROL,498,2026-01-06T04:30:00,19.512,0.0,19.512
5982,station-tongi,OCTANE,498,2026-01-06T04:30:00,9.625,0.0,9.625
5983,station-karnaphuli,DIESEL,498,2026-01-06T04:30:00,91.974,0.0,91.974
5984,station-karnaphuli,PETROL,498,2026-01-06T04:30:00,99.566,0.0,99.566
5985,station-karnaphuli,OCTANE,498,2026-01-06T04:30:00,50.732,0.0,50.732
5986,station-coxsbazar,DIESEL,498,2026-01-06T04:30:00,48.094,0.0,48.094
5987,station-coxsbazar,PETROL,498,2026-01-06T04:30:00,54.265,0.0,54.265
5988,station-coxsbazar,OCTANE,498,2026-01-06T04:30:00,28.436,0.0,28.436
5989,station-mirpur,DIESEL,499,2026-01-06T04:45:00,63.79,0.0,63.79
5990,station-mirpur,PETROL,499,2026-01-06T04:45:00,82.214,0.0,82.214
5991,station-mirpur,OCTANE,499,2026-01-06T04:45:00,42.776,0.0,42.776
5992,station-tongi,DIESEL,499,2026-01-06T04:45:00,62.762,0.0,62.762
5993,station-tongi,PETROL,499,2026-01-06T04:45:00,19.479,0.0,19.479
5994,station-tongi,OCTANE,499,2026-01-06T04:45:00,10.471,0.0,10.471
5995,station-karnaphuli,DIESEL,499,2026-01-06T04:45:00,95.557,0.0,95.557
5996,station-karnaphuli,PETROL,499,2026-01-06T04:45:00,99.572,0.0,99.572
5997,station-karnaphuli,OCTANE,499,2026-01-06T04:45:00,57.927,0.0,57.927
5998,station-coxsbazar,DIESEL,499,2026-01-06T04:45:00,53.327,0.0,53.327
5999,station-coxsbazar,PETROL,499,2026-01-06T04:45:00,58.318,0.0,58.318
6000,station-coxsbazar,OCTANE,499,2026-01-06T04:45:00,28.207,0.0,28.207
6001,station-mirpur,DIESEL,500,2026-01-06T05:00:00,58.71,0.0,58.71
6002,station-mirpur,PETROL,500,2026-01-06T05:00:00,76.799,0.0,76.799
6003,station-mirpur,OCTANE,500,2026-01-06T05:00:00,40.534,0.0,40.534
6004,station-tongi,DIESEL,500,2026-01-06T05:00:00,70.321,0.0,70.321
6005,station-tongi,PETROL,500,2026-01-06T05:00:00,22.359,0.0,22.359
6006,station-tongi,OCTANE,500,2026-01-06T05:00:00,10.154,0.0,10.154
6007,station-karnaphuli,DIESEL,500,2026-01-06T05:00:00,88.721,0.0,88.721
6008,station-karnaphuli,PETROL,500,2026-01-06T05:00:00,102.631,0.0,102.631
6009,station-karnaphuli,OCTANE,500,2026-01-06T05:00:00,49.754,0.0,49.754
6010,station-coxsbazar,DIESEL,500,2026-01-06T05:00:00,50.964,0.0,50.964
6011,station-coxsbazar,PETROL,500,2026-01-06T05:00:00,60.815,0.0,60.815
6012,station-coxsbazar,OCTANE,500,2026-01-06T05:00:00,24.847,0.0,24.847
6013,station-mirpur,DIESEL,501,2026-01-06T05:15:00,63.377,0.0,63.377
6014,station-mirpur,PETROL,501,2026-01-06T05:15:00,71.951,0.0,71.951
6015,station-mirpur,OCTANE,501,2026-01-06T05:15:00,41.333,0.0,41.333
6016,station-tongi,DIESEL,501,2026-01-06T05:15:00,61.048,0.0,61.048
6017,station-tongi,PETROL,501,2026-01-06T05:15:00,19.625,0.0,19.625
6018,station-tongi,OCTANE,501,2026-01-06T05:15:00,10.201,0.0,10.201
6019,station-karnaphuli,DIESEL,501,2026-01-06T05:15:00,92.227,0.0,92.227
6020,station-karnaphuli,PETROL,501,2026-01-06T05:15:00,82.343,0.0,82.343
6021,station-karnaphuli,OCTANE,501,2026-01-06T05:15:00,53.327,0.0,53.327
6022,station-coxsbazar,DIESEL,501,2026-01-06T05:15:00,51.775,0.0,51.775
6023,station-coxsbazar,PETROL,501,2026-01-06T05:15:00,59.536,0.0,59.536
6024,station-coxsbazar,OCTANE,501,2026-01-06T05:15:00,26.033,0.0,26.033
6025,station-mirpur,DIESEL,502,2026-01-06T05:30:00,65.498,0.0,65.498
6026,station-mirpur,PETROL,502,2026-01-06T05:30:00,75.544,0.0,75.544
6027,station-mirpur,OCTANE,502,2026-01-06T05:30:00,44.164,0.0,44.164
6028,station-tongi,DIESEL,502,2026-01-06T05:30:00,65.653,0.0,65.653
6029,station-tongi,PETROL,502,2026-01-06T05:30:00,20.35,0.0,20.35
6030,station-tongi,OCTANE,502,2026-01-06T05:30:00,10.95,0.0,10.95
6031,station-karnaphuli,DIESEL,502,2026-01-06T05:30:00,93.308,0.0,93.308
6032,station-karnaphuli,PETROL,502,2026-01-06T05:30:00,91.609,0.0,91.609
6033,station-karnaphuli,OCTANE,502,2026-01-06T05:30:00,47.728,0.0,47.728
6034,station-coxsbazar,DIESEL,502,2026-01-06T05:30:00,52.596,0.0,52.596
6035,station-coxsbazar,PETROL,502,2026-01-06T05:30:00,58.648,0.0,58.648
6036,station-coxsbazar,OCTANE,502,2026-01-06T05:30:00,24.004,0.0,24.004
6037,station-mirpur,DIESEL,503,2026-01-06T05:45:00,59.269,0.0,59.269
6038,station-mirpur,PETROL,503,2026-01-06T05:45:00,76.151,0.0,76.151
6039,station-mirpur,OCTANE,503,2026-01-06T05:45:00,42.108,0.0,42.108
6040,station-tongi,DIESEL,503,2026-01-06T05:45:00,66.921,0.0,66.921
6041,station-tongi,PETROL,503,2026-01-06T05:45:00,21.924,0.0,21.924
6042,station-tongi,OCTANE,503,2026-01-06T05:45:00,9.943,0.0,9.943
6043,station-karnaphuli,DIESEL,503,2026-01-06T05:45:00,97.818,0.0,97.818
6044,station-karnaphuli,PETROL,503,2026-01-06T05:45:00,95.394,0.0,95.394
6045,station-karnaphuli,OCTANE,503,2026-01-06T05:45:00,54.927,0.0,54.927
6046,station-coxsbazar,DIESEL,503,2026-01-06T05:45:00,51.691,0.0,51.691
6047,station-coxsbazar,PETROL,503,2026-01-06T05:45:00,54.538,0.0,54.538
6048,station-coxsbazar,OCTANE,503,2026-01-06T05:45:00,24.611,0.0,24.611
6049,station-mirpur,DIESEL,504,2026-01-06T06:00:00,65.794,0.0,65.794
6050,station-mirpur,PETROL,504,2026-01-06T06:00:00,76.73,0.0,76.73
6051,station-mirpur,OCTANE,504,2026-01-06T06:00:00,44.414,0.0,44.414
6052,station-tongi,DIESEL,504,2026-01-06T06:00:00,228.739,0.0,228.739
6053,station-tongi,PETROL,504,2026-01-06T06:00:00,71.963,0.0,71.963
6054,station-tongi,OCTANE,504,2026-01-06T06:00:00,37.622,0.0,37.622
6055,station-karnaphuli,DIESEL,504,2026-01-06T06:00:00,152.962,0.0,152.962
6056,station-karnaphuli,PETROL,504,2026-01-06T06:00:00,165.823,0.0,165.823
6057,station-karnaphuli,OCTANE,504,2026-01-06T06:00:00,86.74,0.0,86.74
6058,station-coxsbazar,DIESEL,504,2026-01-06T06:00:00,52.445,0.0,52.445
6059,station-coxsbazar,PETROL,504,2026-01-06T06:00:00,50.602,0.0,50.602
6060,station-coxsbazar,OCTANE,504,2026-01-06T06:00:00,26.401,0.0,26.401
6061,station-mirpur,DIESEL,505,2026-01-06T06:15:00,57.804,0.0,57.804
6062,station-mirpur,PETROL,505,2026-01-06T06:15:00,82.067,0.0,82.067
6063,station-mirpur,OCTANE,505,2026-01-06T06:15:00,43.179,0.0,43.179
6064,station-tongi,DIESEL,505,2026-01-06T06:15:00,226.115,0.0,226.115
6065,station-tongi,PETROL,505,2026-01-06T06:15:00,67.512,0.0,67.512
6066,station-tongi,OCTANE,505,2026-01-06T06:15:00,35.415,0.0,35.415
6067,station-karnaphuli,DIESEL,505,2026-01-06T06:15:00,142.519,0.0,142.519
6068,station-karnaphuli,PETROL,505,2026-01-06T06:15:00,173.441,0.0,173.441
6069,station-karnaphuli,OCTANE,505,2026-01-06T06:15:00,103.451,0.0,103.451
6070,station-coxsbazar,DIESEL,505,2026-01-06T06:15:00,47.856,0.0,47.856
6071,station-coxsbazar,PETROL,505,2026-01-06T06:15:00,50.856,0.0,50.856
6072,station-coxsbazar,OCTANE,505,2026-01-06T06:15:00,28.021,0.0,28.021
6073,station-mirpur,DIESEL,506,2026-01-06T06:30:00,62.098,0.0,62.098
6074,station-mirpur,PETROL,506,2026-01-06T06:30:00,83.013,0.0,83.013
6075,station-mirpur,OCTANE,506,2026-01-06T06:30:00,42.121,0.0,42.121
6076,station-tongi,DIESEL,506,2026-01-06T06:30:00,212.085,0.0,212.085
6077,station-tongi,PETROL,506,2026-01-06T06:30:00,74.307,0.0,74.307
6078,station-tongi,OCTANE,506,2026-01-06T06:30:00,33.338,0.0,33.338
6079,station-karnaphuli,DIESEL,506,2026-01-06T06:30:00,144.687,0.0,144.687
6080,station-karnaphuli,PETROL,506,2026-01-06T06:30:00,176.382,0.0,176.382
6081,station-karnaphuli,OCTANE,506,2026-01-06T06:30:00,98.933,0.0,98.933
6082,station-coxsbazar,DIESEL,506,2026-01-06T06:30:00,49.717,0.0,49.717
6083,station-coxsbazar,PETROL,506,2026-01-06T06:30:00,52.935,0.0,52.935
6084,station-coxsbazar,OCTANE,506,2026-01-06T06:30:00,25.39,0.0,25.39
6085,station-mirpur,DIESEL,507,2026-01-06T06:45:00,62.391,0.0,62.391
6086,station-mirpur,PETROL,507,2026-01-06T06:45:00,68.939,0.0,68.939
6087,station-mirpur,OCTANE,507,2026-01-06T06:45:00,43.87,0.0,43.87
6088,station-tongi,DIESEL,507,2026-01-06T06:45:00,220.469,0.0,220.469
6089,station-tongi,PETROL,507,2026-01-06T06:45:00,74.9,0.0,74.9
6090,station-tongi,OCTANE,507,2026-01-06T06:45:00,37.583,0.0,37.583
6091,station-karnaphuli,DIESEL,507,2026-01-06T06:45:00,153.831,0.0,153.831
6092,station-karnaphuli,PETROL,507,2026-01-06T06:45:00,175.744,0.0,175.744
6093,station-karnaphuli,OCTANE,507,2026-01-06T06:45:00,88.879,0.0,88.879
6094,station-coxsbazar,DIESEL,507,2026-01-06T06:45:00,49.457,0.0,49.457
6095,station-coxsbazar,PETROL,507,2026-01-06T06:45:00,53.106,0.0,53.106
6096,station-coxsbazar,OCTANE,507,2026-01-06T06:45:00,26.058,0.0,26.058
6097,station-mirpur,DIESEL,508,2026-01-06T07:00:00,138.23,0.0,138.23
6098,station-mirpur,PETROL,508,2026-01-06T07:00:00,150.274,0.0,150.274
6099,station-mirpur,OCTANE,508,2026-01-06T07:00:00,81.125,0.0,81.125
6100,station-tongi,DIESEL,508,2026-01-06T07:00:00,218.836,0.0,218.836
6101,station-tongi,PETROL,508,2026-01-06T07:00:00,67.058,0.0,67.058
6102,station-tongi,OCTANE,508,2026-01-06T07:00:00,33.177,0.0,33.177
6103,station-karnaphuli,DIESEL,508,2026-01-06T07:00:00,144.163,0.0,144.163
6104,station-karnaphuli,PETROL,508,2026-01-06T07:00:00,167.475,0.0,167.475
6105,station-karnaphuli,OCTANE,508,2026-01-06T07:00:00,102.681,0.0,102.681
6106,station-coxsbazar,DIESEL,508,2026-01-06T07:00:00,93.573,0.0,93.573
6107,station-coxsbazar,PETROL,508,2026-01-06T07:00:00,97.083,0.0,97.083
6108,station-coxsbazar,OCTANE,508,2026-01-06T07:00:00,52.205,0.0,52.205
6109,station-mirpur,DIESEL,509,2026-01-06T07:15:00,132.277,0.0,132.277
6110,station-mirpur,PETROL,509,2026-01-06T07:15:00,149.301,0.0,149.301
6111,station-mirpur,OCTANE,509,2026-01-06T07:15:00,76.299,0.0,76.299
6112,station-tongi,DIESEL,509,2026-01-06T07:15:00,238.635,0.0,238.635
6113,station-tongi,PETROL,509,2026-01-06T07:15:00,68.969,0.0,68.969
6114,station-tongi,OCTANE,509,2026-01-06T07:15:00,32.93,0.0,32.93
6115,station-karnaphuli,DIESEL,509,2026-01-06T07:15:00,162.336,0.0,162.336
6116,station-karnaphuli,PETROL,509,2026-01-06T07:15:00,153.997,0.0,153.997
6117,station-karnaphuli,OCTANE,509,2026-01-06T07:15:00,96.822,0.0,96.822
6118,station-coxsbazar,DIESEL,509,2026-01-06T07:15:00,107.626,0.0,107.626
6119,station-coxsbazar,PETROL,509,2026-01-06T07:15:00,109.27,0.0,109.27
6120,station-coxsbazar,OCTANE,509,2026-01-06T07:15:00,50.793,0.0,50.793
6121,station-mirpur,DIESEL,510,2026-01-06T07:30:00,131.031,0.0,131.031
6122,station-mirpur,PETROL,510,2026-01-06T07:30:00,166.319,0.0,166.319
6123,station-mirpur,OCTANE,510,2026-01-06T07:30:00,80.91,0.0,80.91
6124,station-tongi,DIESEL,510,2026-01-06T07:30:00,218.644,0.0,218.644
6125,station-tongi,PETROL,510,2026-01-06T07:30:00,67.46,0.0,67.46
6126,station-tongi,OCTANE,510,2026-01-06T07:30:00,36.531,0.0,36.531
6127,station-karnaphuli,DIESEL,510,2026-01-06T07:30:00,146.636,0.0,146.636
6128,station-karnaphuli,PETROL,510,2026-01-06T07:30:00,179.678,0.0,179.678
6129,station-karnaphuli,OCTANE,510,2026-01-06T07:30:00,102.615,0.0,102.615
6130,station-coxsbazar,DIESEL,510,2026-01-06T07:30:00,93.609,0.0,93.609
6131,station-coxsbazar,PETROL,510,2026-01-06T07:30:00,107.851,0.0,107.851
6132,station-coxsbazar,OCTANE,510,2026-01-06T07:30:00,52.166,0.0,52.166
6133,station-mirpur,DIESEL,511,2026-01-06T07:45:00,134.088,0.0,134.088
6134,station-mirpur,PETROL,511,2026-01-06T07:45:00,147.659,0.0,147.659
6135,station-mirpur,OCTANE,511,2026-01-06T07:45:00,88.792,0.0,88.792
6136,station-tongi,DIESEL,511,2026-01-06T07:45:00,229.975,0.0,229.975
6137,station-tongi,PETROL,511,2026-01-06T07:45:00,77.161,0.0,77.161
6138,station-tongi,OCTANE,511,2026-01-06T07:45:00,34.858,0.0,34.858
6139,station-karnaphuli,DIESEL,511,2026-01-06T07:45:00,174.114,0.0,174.114
6140,station-karnaphuli,PETROL,511,2026-01-06T07:45:00,173.317,0.0,173.317
6141,station-karnaphuli,OCTANE,511,2026-01-06T07:45:00,103.246,0.0,103.246
6142,station-coxsbazar,DIESEL,511,2026-01-06T07:45:00,107.313,0.0,107.313
6143,station-coxsbazar,PETROL,511,2026-01-06T07:45:00,102.079,0.0,102.079
6144,station-coxsbazar,OCTANE,511,2026-01-06T07:45:00,46.057,0.0,46.057
6145,station-mirpur,DIESEL,512,2026-01-06T08:00:00,134.089,0.0,134.089
6146,station-mirpur,PETROL,512,2026-01-06T08:00:00,165.323,0.0,165.323
6147,station-mirpur,OCTANE,512,2026-01-06T08:00:00,91.743,0.0,91.743
6148,station-tongi,DIESEL,512,2026-01-06T08:00:00,215.29,0.0,215.29
6149,station-tongi,PETROL,512,2026-01-06T08:00:00,73.737,0.0,73.737
6150,station-tongi,OCTANE,512,2026-01-06T08:00:00,36.52,0.0,36.52
6151,station-karnaphuli,DIESEL,512,2026-01-06T08:00:00,177.783,0.0,177.783
6152,station-karnaphuli,PETROL,512,2026-01-06T08:00:00,165.013,0.0,165.013
6153,station-karnaphuli,OCTANE,512,2026-01-06T08:00:00,100.953,0.0,100.953
6154,station-coxsbazar,DIESEL,512,2026-01-06T08:00:00,105.652,0.0,105.652
6155,station-coxsbazar,PETROL,512,2026-01-06T08:00:00,117.45,0.0,117.45
6156,station-coxsbazar,OCTANE,512,2026-01-06T08:00:00,48.567,0.0,48.567
6157,station-mirpur,DIESEL,513,2026-01-06T08:15:00,138.195,0.0,138.195
6158,station-mirpur,PETROL,513,2026-01-06T08:15:00,166.769,0.0,166.769
6159,station-mirpur,OCTANE,513,2026-01-06T08:15:00,89.469,0.0,89.469
6160,station-tongi,DIESEL,513,2026-01-06T08:15:00,218.549,0.0,218.549
6161,station-tongi,PETROL,513,2026-01-06T08:15:00,71.622,0.0,71.622
6162,station-tongi,OCTANE,513,2026-01-06T08:15:00,33.06,0.0,33.06
6163,station-karnaphuli,DIESEL,513,2026-01-06T08:15:00,163.527,0.0,163.527
6164,station-karnaphuli,PETROL,513,2026-01-06T08:15:00,158.216,0.0,158.216
6165,station-karnaphuli,OCTANE,513,2026-01-06T08:15:00,94.185,0.0,94.185
6166,station-coxsbazar,DIESEL,513,2026-01-06T08:15:00,99.234,0.0,99.234
6167,station-coxsbazar,PETROL,513,2026-01-06T08:15:00,112.945,0.0,112.945
6168,station-coxsbazar,OCTANE,513,2026-01-06T08:15:00,49.433,0.0,49.433
6169,station-mirpur,DIESEL,514,2026-01-06T08:30:00,125.966,0.0,125.966
6170,station-mirpur,PETROL,514,2026-01-06T08:30:00,166.995,0.0,166.995
6171,station-mirpur,OCTANE,514,2026-01-06T08:30:00,90.28,0.0,90.28
6172,station-tongi,DIESEL,514,2026-01-06T08:30:00,216.792,0.0,216.792
6173,station-tongi,PETROL,514,2026-01-06T08:30:00,70.565,0.0,70.565
6174,station-tongi,OCTANE,514,2026-01-06T08:30:00,36.457,0.0,36.457
6175,station-karnaphuli,DIESEL,514,2026-01-06T08:30:00,157.603,0.0,157.603
6176,station-karnaphuli,PETROL,514,2026-01-06T08:30:00,179.567,0.0,179.567
6177,station-karnaphuli,OCTANE,514,2026-01-06T08:30:00,96.952,0.0,96.952
6178,station-coxsbazar,DIESEL,514,2026-01-06T08:30:00,106.388,0.0,106.388
6179,station-coxsbazar,PETROL,514,2026-01-06T08:30:00,105.147,0.0,105.147
6180,station-coxsbazar,OCTANE,514,2026-01-06T08:30:00,48.548,0.0,48.548
6181,station-mirpur,DIESEL,515,2026-01-06T08:45:00,127.387,0.0,127.387
6182,station-mirpur,PETROL,515,2026-01-06T08:45:00,171.328,0.0,171.328
6183,station-mirpur,OCTANE,515,2026-01-06T08:45:00,87.507,0.0,87.507
6184,station-tongi,DIESEL,515,2026-01-06T08:45:00,219.794,0.0,219.794
6185,station-tongi,PETROL,515,2026-01-06T08:45:00,70.118,0.0,70.118
6186,station-tongi,OCTANE,515,2026-01-06T08:45:00,37.344,0.0,37.344
6187,station-karnaphuli,DIESEL,515,2026-01-06T08:45:00,167.074,0.0,167.074
6188,station-karnaphuli,PETROL,515,2026-01-06T08:45:00,147.726,0.0,147.726
6189,station-karnaphuli,OCTANE,515,2026-01-06T08:45:00,101.755,0.0,101.755
6190,station-coxsbazar,DIESEL,515,2026-01-06T08:45:00,110.905,0.0,110.905
6191,station-coxsbazar,PETROL,515,2026-01-06T08:45:00,106.593,0.0,106.593
6192,station-coxsbazar,OCTANE,515,2026-01-06T08:45:00,52.903,0.0,52.903
6193,station-mirpur,DIESEL,516,2026-01-06T09:00:00,138.548,0.0,138.548
6194,station-mirpur,PETROL,516,2026-01-06T09:00:00,166.393,0.0,166.393
6195,station-mirpur,OCTANE,516,2026-01-06T09:00:00,87.267,0.0,87.267
6196,station-tongi,DIESEL,516,2026-01-06T09:00:00,242.066,0.0,242.066
6197,station-tongi,PETROL,516,2026-01-06T09:00:00,74.076,0.0,74.076
6198,station-tongi,OCTANE,516,2026-01-06T09:00:00,37.707,0.0,37.707
6199,station-karnaphuli,DIESEL,516,2026-01-06T09:00:00,162.881,0.0,162.881
6200,station-karnaphuli,PETROL,516,2026-01-06T09:00:00,159.886,0.0,159.886
6201,station-karnaphuli,OCTANE,516,2026-01-06T09:00:00,94.336,0.0,94.336
6202,station-coxsbazar,DIESEL,516,2026-01-06T09:00:00,108.271,0.0,108.271
6203,station-coxsbazar,PETROL,516,2026-01-06T09:00:00,112.413,0.0,112.413
6204,station-coxsbazar,OCTANE,516,2026-01-06T09:00:00,50.347,0.0,50.347
6205,station-mirpur,DIESEL,517,2026-01-06T09:15:00,133.929,0.0,133.929
6206,station-mirpur,PETROL,517,2026-01-06T09:15:00,165.224,0.0,165.224
6207,station-mirpur,OCTANE,517,2026-01-06T09:15:00,91.433,0.0,91.433
6208,station-tongi,DIESEL,517,2026-01-06T09:15:00,216.512,0.0,216.512
6209,station-tongi,PETROL,517,2026-01-06T09:15:00,67.461,0.0,67.461
6210,station-tongi,OCTANE,517,2026-01-06T09:15:00,33.054,0.0,33.054
6211,station-karnaphuli,DIESEL,517,2026-01-06T09:15:00,153.6,0.0,153.6
6212,station-karnaphuli,PETROL,517,2026-01-06T09:15:00,150.753,0.0,150.753
6213,station-karnaphuli,OCTANE,517,2026-01-06T09:15:00,99.555,0.0,99.555
6214,station-coxsbazar,DIESEL,517,2026-01-06T09:15:00,103.297,0.0,103.297
6215,station-coxsbazar,PETROL,517,2026-01-06T09:15:00,96.237,0.0,96.237
6216,station-coxsbazar,OCTANE,517,2026-01-06T09:15:00,46.485,0.0,46.485
6217,station-mirpur,DIESEL,518,2026-01-06T09:30:00,141.067,0.0,141.067
6218,station-mirpur,PETROL,518,2026-01-06T09:30:00,166.103,0.0,166.103
6219,station-mirpur,OCTANE,518,2026-01-06T09:30:00,84.385,0.0,84.385
6220,station-tongi,DIESEL,518,2026-01-06T09:30:00,231.9,0.0,231.9
6221,station-tongi,PETROL,518,2026-01-06T09:30:00,68.554,0.0,68.554
6222,station-tongi,OCTANE,518,2026-01-06T09:30:00,38.202,0.0,38.202
6223,station-karnaphuli,DIESEL,518,2026-01-06T09:30:00,166.66,0.0,166.66
6224,station-karnaphuli,PETROL,518,2026-01-06T09:30:00,174.341,0.0,174.341
6225,station-karnaphuli,OCTANE,518,2026-01-06T09:30:00,88.152,0.0,88.152
6226,station-coxsbazar,DIESEL,518,2026-01-06T09:30:00,98.27,0.0,98.27
6227,station-coxsbazar,PETROL,518,2026-01-06T09:30:00,109.298,0.0,109.298
6228,station-coxsbazar,OCTANE,518,2026-01-06T09:30:00,47.462,0.0,47.462
6229,station-mirpur,DIESEL,519,2026-01-06T09:45:00,129.856,0.0,129.856
6230,station-mirpur,PETROL,519,2026-01-06T09:45:00,163.895,0.0,163.895
6231,station-mirpur,OCTANE,519,2026-01-06T09:45:00,76.615,0.0,76.615
6232,station-tongi,DIESEL,519,2026-01-06T09:45:00,234.461,0.0,234.461
6233,station-tongi,PETROL,519,2026-01-06T09:45:00,68.941,0.0,68.941
6234,station-tongi,OCTANE,519,2026-01-06T09:45:00,36.697,0.0,36.697
6235,station-karnaphuli,DIESEL,519,2026-01-06T09:45:00,164.314,0.0,164.314
6236,station-karnaphuli,PETROL,519,2026-01-06T09:45:00,165.851,0.0,165.851
6237,station-karnaphuli,OCTANE,519,2026-01-06T09:45:00,101.119,0.0,101.119
6238,station-coxsbazar,DIESEL,519,2026-01-06T09:45:00,108.958,0.0,108.958
6239,station-coxsbazar,PETROL,519,2026-01-06T09:45:00,97.467,0.0,97.467
6240,station-coxsbazar,OCTANE,519,2026-01-06T09:45:00,54.279,0.0,54.279
6241,station-mirpur,DIESEL,520,2026-01-06T10:00:00,56.298,0.0,56.298
6242,station-mirpur,PETROL,520,2026-01-06T10:00:00,82.314,0.0,82.314
6243,station-mirpur,OCTANE,520,2026-01-06T10:00:00,44.054,0.0,44.054
6244,station-tongi,DIESEL,520,2026-01-06T10:00:00,237.226,0.0,237.226
6245,station-tongi,PETROL,520,2026-01-06T10:00:00,67.508,0.0,67.508
6246,station-tongi,OCTANE,520,2026-01-06T10:00:00,38.219,0.0,38.219
6247,station-karnaphuli,DIESEL,520,2026-01-06T10:00:00,98.658,0.0,98.658
6248,station-karnaphuli,PETROL,520,2026-01-06T10:00:00,85.938,0.0,85.938
6249,station-karnaphuli,OCTANE,520,2026-01-06T10:00:00,51.419,0.0,51.419
6250,station-coxsbazar,DIESEL,520,2026-01-06T10:00:00,111.169,0.0,111.169
6251,station-coxsbazar,PETROL,520,2026-01-06T10:00:00,101.135,0.0,101.135
6252,station-coxsbazar,OCTANE,520,2026-01-06T10:00:00,54.718,0.0,54.718
6253,station-mirpur,DIESEL,521,2026-01-06T10:15:00,59.139,0.0,59.139
6254,station-mirpur,PETROL,521,2026-01-06T10:15:00,74.778,0.0,74.778
6255,station-mirpur,OCTANE,521,2026-01-06T10:15:00,44.194,0.0,44.194
6256,station-tongi,DIESEL,521,2026-01-06T10:15:00,242.813,0.0,242.813
6257,station-tongi,PETROL,521,2026-01-06T10:15:00,74.108,0.0,74.108
6258,station-tongi,OCTANE,521,2026-01-06T10:15:00,33.993,0.0,33.993
6259,station-karnaphuli,DIESEL,521,2026-01-06T10:15:00,90.411,0.0,90.411
6260,station-karnaphuli,PETROL,521,2026-01-06T10:15:00,99.426,0.0,99.426
6261,station-karnaphuli,OCTANE,521,2026-01-06T10:15:00,54.45,0.0,54.45
6262,station-coxsbazar,DIESEL,521,2026-01-06T10:15:00,103.599,0.0,103.599
6263,station-coxsbazar,PETROL,521,2026-01-06T10:15:00,96.221,0.0,96.221
6264,station-coxsbazar,OCTANE,521,2026-01-06T10:15:00,46.035,0.0,46.035
6265,station-mirpur,DIESEL,522,2026-01-06T10:30:00,63.934,0.0,63.934
6266,station-mirpur,PETROL,522,2026-01-06T10:30:00,72.309,0.0,72.309
6267,station-mirpur,OCTANE,522,2026-01-06T10:30:00,44.464,0.0,44.464
6268,station-tongi,DIESEL,522,2026-01-06T10:30:00,223.218,0.0,223.218
6269,station-tongi,PETROL,522,2026-01-06T10:30:00,66.852,0.0,66.852
6270,station-tongi,OCTANE,522,2026-01-06T10:30:00,37.038,0.0,37.038
6271,station-karnaphuli,DIESEL,522,2026-01-06T10:30:00,78.307,0.0,78.307
6272,station-karnaphuli,PETROL,522,2026-01-06T10:30:00,82.605,0.0,82.605
6273,station-karnaphuli,OCTANE,522,2026-01-06T10:30:00,54.537,0.0,54.537
6274,station-coxsbazar,DIESEL,522,2026-01-06T10:30:00,91.356,0.0,91.356
6275,station-coxsbazar,PETROL,522,2026-01-06T10:30:00,99.445,0.0,99.445
6276,station-coxsbazar,OCTANE,522,2026-01-06T10:30:00,45.805,0.0,45.805
6277,station-mirpur,DIESEL,523,2026-01-06T10:45:00,62.272,0.0,62.272
6278,station-mirpur,PETROL,523,2026-01-06T10:45:00,79.361,0.0,79.361
6279,station-mirpur,OCTANE,523,2026-01-06T10:45:00,44.705,0.0,44.705
6280,station-tongi,DIESEL,523,2026-01-06T10:45:00,242.736,0.0,242.736
6281,station-tongi,PETROL,523,2026-01-06T10:45:00,72.226,0.0,72.226
6282,station-tongi,OCTANE,523,2026-01-06T10:45:00,35.843,0.0,35.843
6283,station-karnaphuli,DIESEL,523,2026-01-06T10:45:00,79.887,0.0,79.887
6284,station-karnaphuli,PETROL,523,2026-01-06T10:45:00,98.4,0.0,98.4
6285,station-karnaphuli,OCTANE,523,2026-01-06T10:45:00,51.427,0.0,51.427
6286,station-coxsbazar,DIESEL,523,2026-01-06T10:45:00,94.742,0.0,94.742
6287,station-coxsbazar,PETROL,523,2026-01-06T10:45:00,116.346,0.0,116.346
6288,station-coxsbazar,OCTANE,523,2026-01-06T10:45:00,52.304,0.0,52.304
6289,station-mirpur,DIESEL,524,2026-01-06T11:00:00,68.099,0.0,68.099
6290,station-mirpur,PETROL,524,2026-01-06T11:00:00,81.797,0.0,81.797
6291,station-mirpur,OCTANE,524,2026-01-06T11:00:00,44.169,0.0,44.169
6292,station-tongi,DIESEL,524,2026-01-06T11:00:00,210.21,0.0,210.21
6293,station-tongi,PETROL,524,2026-01-06T11:00:00,76.652,0.0,76.652
6294,station-tongi,OCTANE,524,2026-01-06T11:00:00,35.239,0.0,35.239
6295,station-karnaphuli,DIESEL,524,2026-01-06T11:00:00,85.123,0.0,85.123
6296,station-karnaphuli,PETROL,524,2026-01-06T11:00:00,97.051,0.0,97.051
6297,station-karnaphuli,OCTANE,524,2026-01-06T11:00:00,49.319,0.0,49.319
6298,station-coxsbazar,DIESEL,524,2026-01-06T11:00:00,93.808,0.0,93.808
6299,station-coxsbazar,PETROL,524,2026-01-06T11:00:00,102.605,0.0,102.605
6300,station-coxsbazar,OCTANE,524,2026-01-06T11:00:00,52.424,0.0,52.424
6301,station-mirpur,DIESEL,525,2026-01-06T11:15:00,66.319,0.0,66.319
6302,station-mirpur,PETROL,525,2026-01-06T11:15:00,79.949,0.0,79.949
6303,station-mirpur,OCTANE,525,2026-01-06T11:15:00,44.73,0.0,44.73
6304,station-tongi,DIESEL,525,2026-01-06T11:15:00,216.399,0.0,216.399
6305,station-tongi,PETROL,525,2026-01-06T11:15:00,67.575,0.0,67.575
6306,station-tongi,OCTANE,525,2026-01-06T11:15:00,32.723,0.0,32.723
6307,station-karnaphuli,DIESEL,525,2026-01-06T11:15:00,93.406,0.0,93.406
6308,station-karnaphuli,PETROL,525,2026-01-06T11:15:00,102.5,0.0,102.5
6309,station-karnaphuli,OCTANE,525,2026-01-06T11:15:00,56.281,0.0,56.281
6310,station-coxsbazar,DIESEL,525,2026-01-06T11:15:00,107.504,0.0,107.504
6311,station-coxsbazar,PETROL,525,2026-01-06T11:15:00,105.191,0.0,105.191
6312,station-coxsbazar,OCTANE,525,2026-01-06T11:15:00,52.559,0.0,52.559
6313,station-mirpur,DIESEL,526,2026-01-06T11:30:00,64.283,0.0,64.283
6314,station-mirpur,PETROL,526,2026-01-06T11:30:00,82.669,0.0,82.669
6315,station-mirpur,OCTANE,526,2026-01-06T11:30:00,43.713,0.0,43.713
6316,station-tongi,DIESEL,526,2026-01-06T11:30:00,224.581,0.0,224.581
6317,station-tongi,PETROL,526,2026-01-06T11:30:00,73.182,0.0,73.182
6318,station-tongi,OCTANE,526,2026-01-06T11:30:00,35.846,0.0,35.846
6319,station-karnaphuli,DIESEL,526,2026-01-06T11:30:00,88.603,0.0,88.603
6320,station-karnaphuli,PETROL,526,2026-01-06T11:30:00,100.685,0.0,100.685
6321,station-karnaphuli,OCTANE,526,2026-01-06T11:30:00,55.023,0.0,55.023
6322,station-coxsbazar,DIESEL,526,2026-01-06T11:30:00,110.951,0.0,110.951
6323,station-coxsbazar,PETROL,526,2026-01-06T11:30:00,104.825,0.0,104.825
6324,station-coxsbazar,OCTANE,526,2026-01-06T11:30:00,51.536,0.0,51.536
6325,station-mirpur,DIESEL,527,2026-01-06T11:45:00,56.379,0.0,56.379
6326,station-mirpur,PETROL,527,2026-01-06T11:45:00,82.13,0.0,82.13
6327,station-mirpur,OCTANE,527,2026-01-06T11:45:00,41.91,0.0,41.91
6328,station-tongi,DIESEL,527,2026-01-06T11:45:00,215.581,0.0,215.581
6329,station-tongi,PETROL,527,2026-01-06T11:45:00,68.056,0.0,68.056
6330,station-tongi,OCTANE,527,2026-01-06T11:45:00,36.744,0.0,36.744
6331,station-karnaphuli,DIESEL,527,2026-01-06T11:45:00,80.572,0.0,80.572
6332,station-karnaphuli,PETROL,527,2026-01-06T11:45:00,84.729,0.0,84.729
6333,station-karnaphuli,OCTANE,527,2026-01-06T11:45:00,54.552,0.0,54.552
6334,station-coxsbazar,DIESEL,527,2026-01-06T11:45:00,98.812,0.0,98.812
6335,station-coxsbazar,PETROL,527,2026-01-06T11:45:00,101.261,0.0,101.261
6336,station-coxsbazar,OCTANE,527,2026-01-06T11:45:00,55.607,0.0,55.607
6337,station-mirpur,DIESEL,528,2026-01-06T12:00:00,56.042,0.0,56.042
6338,station-mirpur,PETROL,528,2026-01-06T12:00:00,81.458,0.0,81.458
6339,station-mirpur,OCTANE,528,2026-01-06T12:00:00,44.767,0.0,44.767
6340,station-tongi,DIESEL,528,2026-01-06T12:00:00,222.213,0.0,222.213
6341,station-tongi,PETROL,528,2026-01-06T12:00:00,76.151,0.0,76.151
6342,station-tongi,OCTANE,528,2026-01-06T12:00:00,35.748,0.0,35.748
6343,station-karnaphuli,DIESEL,528,2026-01-06T12:00:00,95.259,0.0,95.259
6344,station-karnaphuli,PETROL,528,2026-01-06T12:00:00,98.133,0.0,98.133
6345,station-karnaphuli,OCTANE,528,2026-01-06T12:00:00,48.991,0.0,48.991
6346,station-coxsbazar,DIESEL,528,2026-01-06T12:00:00,100.455,0.0,100.455
6347,station-coxsbazar,PETROL,528,2026-01-06T12:00:00,96.61,0.0,96.61
6348,station-coxsbazar,OCTANE,528,2026-01-06T12:00:00,52.603,0.0,52.603
6349,station-mirpur,DIESEL,529,2026-01-06T12:15:00,65.932,0.0,65.932
6350,station-mirpur,PETROL,529,2026-01-06T12:15:00,79.761,0.0,79.761
6351,station-mirpur,OCTANE,529,2026-01-06T12:15:00,38.255,0.0,38.255
6352,station-tongi,DIESEL,529,2026-01-06T12:15:00,213.717,0.0,213.717
6353,station-tongi,PETROL,529,2026-01-06T12:15:00,74.115,0.0,74.115
6354,station-tongi,OCTANE,529,2026-01-06T12:15:00,34.228,0.0,34.228
6355,station-karnaphuli,DIESEL,529,2026-01-06T12:15:00,90.759,0.0,90.759
6356,station-karnaphuli,PETROL,529,2026-01-06T12:15:00,87.713,0.0,87.713
6357,station-karnaphuli,OCTANE,529,2026-01-06T12:15:00,53.581,0.0,53.581
6358,station-coxsbazar,DIESEL,529,2026-01-06T12:15:00,108.021,0.0,108.021
6359,station-coxsbazar,PETROL,529,2026-01-06T12:15:00,117.024,0.0,117.024
6360,station-coxsbazar,OCTANE,529,2026-01-06T12:15:00,51.341,0.0,51.341
6361,station-mirpur,DIESEL,530,2026-01-06T12:30:00,60.511,0.0,60.511
6362,station-mirpur,PETROL,530,2026-01-06T12:30:00,69.36,0.0,69.36
6363,station-mirpur,OCTANE,530,2026-01-06T12:30:00,40.627,0.0,40.627
6364,station-tongi,DIESEL,530,2026-01-06T12:30:00,241.691,0.0,241.691
6365,station-tongi,PETROL,530,2026-01-06T12:30:00,78.171,0.0,78.171
6366,station-tongi,OCTANE,530,2026-01-06T12:30:00,32.729,0.0,32.729
6367,station-karnaphuli,DIESEL,530,2026-01-06T12:30:00,88.781,0.0,88.781
6368,station-karnaphuli,PETROL,530,2026-01-06T12:30:00,101.884,0.0,101.884
6369,station-karnaphuli,OCTANE,530,2026-01-06T12:30:00,53.567,0.0,53.567
6370,station-coxsbazar,DIESEL,530,2026-01-06T12:30:00,95.441,0.0,95.441
6371,station-coxsbazar,PETROL,530,2026-01-06T12:30:00,115.388,0.0,115.388
6372,station-coxsbazar,OCTANE,530,2026-01-06T12:30:00,53.392,0.0,53.392
6373,station-mirpur,DIESEL,531,2026-01-06T12:45:00,66.934,0.0,66.934
6374,station-mirpur,PETROL,531,2026-01-06T12:45:00,70.525,0.0,70.525
6375,station-mirpur,OCTANE,531,2026-01-06T12:45:00,38.886,0.0,38.886
6376,station-tongi,DIESEL,531,2026-01-06T12:45:00,233.629,0.0,233.629
6377,station-tongi,PETROL,531,2026-01-06T12:45:00,72.046,0.0,72.046
6378,station-tongi,OCTANE,531,2026-01-06T12:45:00,35.333,0.0,35.333
6379,station-karnaphuli,DIESEL,531,2026-01-06T12:45:00,79.479,0.0,79.479
6380,station-karnaphuli,PETROL,531,2026-01-06T12:45:00,82.026,0.0,82.026
6381,station-karnaphuli,OCTANE,531,2026-01-06T12:45:00,51.129,0.0,51.129
6382,station-coxsbazar,DIESEL,531,2026-01-06T12:45:00,95.6,0.0,95.6
6383,station-coxsbazar,PETROL,531,2026-01-06T12:45:00,108.995,0.0,108.995
6384,station-coxsbazar,OCTANE,531,2026-01-06T12:45:00,46.394,0.0,46.394
6385,station-mirpur,DIESEL,532,2026-01-06T13:00:00,59.018,0.0,59.018
6386,station-mirpur,PETROL,532,2026-01-06T13:00:00,80.219,0.0,80.219
6387,station-mirpur,OCTANE,532,2026-01-06T13:00:00,38.755,0.0,38.755
6388,station-tongi,DIESEL,532,2026-01-06T13:00:00,230.512,0.0,230.512
6389,station-tongi,PETROL,532,2026-01-06T13:00:00,71.366,0.0,71.366
6390,station-tongi,OCTANE,532,2026-01-06T13:00:00,35.077,0.0,35.077
6391,station-karnaphuli,DIESEL,532,2026-01-06T13:00:00,89.59,0.0,89.59
6392,station-karnaphuli,PETROL,532,2026-01-06T13:00:00,95.312,0.0,95.312
6393,station-karnaphuli,OCTANE,532,2026-01-06T13:00:00,47.047,0.0,47.047
6394,station-coxsbazar,DIESEL,532,2026-01-06T13:00:00,93.865,0.0,93.865
6395,station-coxsbazar,PETROL,532,2026-01-06T13:00:00,96.499,0.0,96.499
6396,station-coxsbazar,OCTANE,532,2026-01-06T13:00:00,46.671,0.0,46.671
6397,station-mirpur,DIESEL,533,2026-01-06T13:15:00,59.353,0.0,59.353
6398,station-mirpur,PETROL,533,2026-01-06T13:15:00,71.908,0.0,71.908
6399,station-mirpur,OCTANE,533,2026-01-06T13:15:00,38.214,0.0,38.214
6400,station-tongi,DIESEL,533,2026-01-06T13:15:00,209.481,0.0,209.481
6401,station-tongi,PETROL,533,2026-01-06T13:15:00,75.567,0.0,75.567
6402,station-tongi,OCTANE,533,2026-01-06T13:15:00,36.436,0.0,36.436
6403,station-karnaphuli,DIESEL,533,2026-01-06T13:15:00,89.575,0.0,89.575
6404,station-karnaphuli,PETROL,533,2026-01-06T13:15:00,96.86,0.0,96.86
6405,station-karnaphuli,OCTANE,533,2026-01-06T13:15:00,48.071,0.0,48.071
6406,station-coxsbazar,DIESEL,533,2026-01-06T13:15:00,97.507,0.0,97.507
6407,station-coxsbazar,PETROL,533,2026-01-06T13:15:00,100.434,0.0,100.434
6408,station-coxsbazar,OCTANE,533,2026-01-06T13:15:00,49.156,0.0,49.156
6409,station-mirpur,DIESEL,534,2026-01-06T13:30:00,62.763,0.0,62.763
6410,station-mirpur,PETROL,534,2026-01-06T13:30:00,72.227,0.0,72.227
6411,station-mirpur,OCTANE,534,2026-01-06T13:30:00,39.884,0.0,39.884
6412,station-tongi,DIESEL,534,2026-01-06T13:30:00,223.234,0.0,223.234
6413,station-tongi,PETROL,534,2026-01-06T13:30:00,73.911,0.0,73.911
6414,station-tongi,OCTANE,534,2026-01-06T13:30:00,35.518,0.0,35.518
6415,station-karnaphuli,DIESEL,534,2026-01-06T13:30:00,94.642,0.0,94.642
6416,station-karnaphuli,PETROL,534,2026-01-06T13:30:00,88.074,0.0,88.074
6417,station-karnaphuli,OCTANE,534,2026-01-06T13:30:00,56.546,0.0,56.546
6418,station-coxsbazar,DIESEL,534,2026-01-06T13:30:00,103.983,0.0,103.983
6419,station-coxsbazar,PETROL,534,2026-01-06T13:30:00,101.562,0.0,101.562
6420,station-coxsbazar,OCTANE,534,2026-01-06T13:30:00,46.791,0.0,46.791
6421,station-mirpur,DIESEL,535,2026-01-06T13:45:00,61.53,0.0,61.53
6422,station-mirpur,PETROL,535,2026-01-06T13:45:00,83.397,0.0,83.397
6423,station-mirpur,OCTANE,535,2026-01-06T13:45:00,44.14,0.0,44.14
6424,station-tongi,DIESEL,535,2026-01-06T13:45:00,231.65,0.0,231.65
6425,station-tongi,PETROL,535,2026-01-06T13:45:00,69.587,0.0,69.587
6426,station-tongi,OCTANE,535,2026-01-06T13:45:00,33.915,0.0,33.915
6427,station-karnaphuli,DIESEL,535,2026-01-06T13:45:00,86.395,0.0,86.395
6428,station-karnaphuli,PETROL,535,2026-01-06T13:45:00,101.889,0.0,101.889
6429,station-karnaphuli,OCTANE,535,2026-01-06T13:45:00,51.06,0.0,51.06
6430,station-coxsbazar,DIESEL,535,2026-01-06T13:45:00,99.96,0.0,99.96
6431,station-coxsbazar,PETROL,535,2026-01-06T13:45:00,115.019,0.0,115.019
6432,station-coxsbazar,OCTANE,535,2026-01-06T13:45:00,49.548,0.0,49.548
6433,station-mirpur,DIESEL,536,2026-01-06T14:00:00,62.174,0.0,62.174
6434,station-mirpur,PETROL,536,2026-01-06T14:00:00,77.87,0.0,77.87
6435,station-mirpur,OCTANE,536,2026-01-06T14:00:00,41.274,0.0,41.274
6436,station-tongi,DIESEL,536,2026-01-06T14:00:00,230.642,0.0,230.642
6437,station-tongi,PETROL,536,2026-01-06T14:00:00,67.939,0.0,67.939
6438,station-tongi,OCTANE,536,2026-01-06T14:00:00,35.081,0.0,35.081
6439,station-karnaphuli,DIESEL,536,2026-01-06T14:00:00,80.836,0.0,80.836
6440,station-karnaphuli,PETROL,536,2026-01-06T14:00:00,98.713,0.0,98.713
6441,station-karnaphuli,OCTANE,536,2026-01-06T14:00:00,49.652,0.0,49.652
6442,station-coxsbazar,DIESEL,536,2026-01-06T14:00:00,100.004,0.0,100.004
6443,station-coxsbazar,PETROL,536,2026-01-06T14:00:00,117.044,0.0,117.044
6444,station-coxsbazar,OCTANE,536,2026-01-06T14:00:00,54.568,0.0,54.568
6445,station-mirpur,DIESEL,537,2026-01-06T14:15:00,60.007,0.0,60.007
6446,station-mirpur,PETROL,537,2026-01-06T14:15:00,82.197,0.0,82.197
6447,station-mirpur,OCTANE,537,2026-01-06T14:15:00,39.17,0.0,39.17
6448,station-tongi,DIESEL,537,2026-01-06T14:15:00,234.898,0.0,234.898
6449,station-tongi,PETROL,537,2026-01-06T14:15:00,78.125,0.0,78.125
6450,station-tongi,OCTANE,537,2026-01-06T14:15:00,32.924,0.0,32.924
6451,station-karnaphuli,DIESEL,537,2026-01-06T14:15:00,93.537,0.0,93.537
6452,station-karnaphuli,PETROL,537,2026-01-06T14:15:00,85.205,0.0,85.205
6453,station-karnaphuli,OCTANE,537,2026-01-06T14:15:00,52.673,0.0,52.673
6454,station-coxsbazar,DIESEL,537,2026-01-06T14:15:00,103.543,0.0,103.543
6455,station-coxsbazar,PETROL,537,2026-01-06T14:15:00,98.496,0.0,98.496
6456,station-coxsbazar,OCTANE,537,2026-01-06T14:15:00,46.709,0.0,46.709
6457,station-mirpur,DIESEL,538,2026-01-06T14:30:00,61.932,0.0,61.932
6458,station-mirpur,PETROL,538,2026-01-06T14:30:00,73.829,0.0,73.829
6459,station-mirpur,OCTANE,538,2026-01-06T14:30:00,40.291,0.0,40.291
6460,station-tongi,DIESEL,538,2026-01-06T14:30:00,239.191,0.0,239.191
6461,station-tongi,PETROL,538,2026-01-06T14:30:00,72.637,0.0,72.637
6462,station-tongi,OCTANE,538,2026-01-06T14:30:00,34.728,0.0,34.728
6463,station-karnaphuli,DIESEL,538,2026-01-06T14:30:00,86.652,0.0,86.652
6464,station-karnaphuli,PETROL,538,2026-01-06T14:30:00,84.753,0.0,84.753
6465,station-karnaphuli,OCTANE,538,2026-01-06T14:30:00,55.906,0.0,55.906
6466,station-coxsbazar,DIESEL,538,2026-01-06T14:30:00,91.441,0.0,91.441
6467,station-coxsbazar,PETROL,538,2026-01-06T14:30:00,99.419,0.0,99.419
6468,station-coxsbazar,OCTANE,538,2026-01-06T14:30:00,47.391,0.0,47.391
6469,station-mirpur,DIESEL,539,2026-01-06T14:45:00,58.901,0.0,58.901
6470,station-mirpur,PETROL,539,2026-01-06T14:45:00,76.752,0.0,76.752
6471,station-mirpur,OCTANE,539,2026-01-06T14:45:00,40.093,0.0,40.093
6472,station-tongi,DIESEL,539,2026-01-06T14:45:00,229.144,0.0,229.144
6473,station-tongi,PETROL,539,2026-01-06T14:45:00,77.153,0.0,77.153
6474,station-tongi,OCTANE,539,2026-01-06T14:45:00,35.507,0.0,35.507
6475,station-karnaphuli,DIESEL,539,2026-01-06T14:45:00,97.165,0.0,97.165
6476,station-karnaphuli,PETROL,539,2026-01-06T14:45:00,82.015,0.0,82.015
6477,station-karnaphuli,OCTANE,539,2026-01-06T14:45:00,47.558,0.0,47.558
6478,station-coxsbazar,DIESEL,539,2026-01-06T14:45:00,96.911,0.0,96.911
6479,station-coxsbazar,PETROL,539,2026-01-06T14:45:00,105.743,0.0,105.743
6480,station-coxsbazar,OCTANE,539,2026-01-06T14:45:00,46.231,0.0,46.231
6481,station-mirpur,DIESEL,540,2026-01-06T15:00:00,60.581,0.0,60.581
6482,station-mirpur,PETROL,540,2026-01-06T15:00:00,71.465,0.0,71.465
6483,station-mirpur,OCTANE,540,2026-01-06T15:00:00,40.495,0.0,40.495
6484,station-tongi,DIESEL,540,2026-01-06T15:00:00,242.727,0.0,242.727
6485,station-tongi,PETROL,540,2026-01-06T15:00:00,69.346,0.0,69.346
6486,station-tongi,OCTANE,540,2026-01-06T15:00:00,33.406,0.0,33.406
6487,station-karnaphuli,DIESEL,540,2026-01-06T15:00:00,93.596,0.0,93.596
6488,station-karnaphuli,PETROL,540,2026-01-06T15:00:00,88.752,0.0,88.752
6489,station-karnaphuli,OCTANE,540,2026-01-06T15:00:00,55.856,0.0,55.856
6490,station-coxsbazar,DIESEL,540,2026-01-06T15:00:00,103.968,0.0,103.968
6491,station-coxsbazar,PETROL,540,2026-01-06T15:00:00,115.704,0.0,115.704
6492,station-coxsbazar,OCTANE,540,2026-01-06T15:00:00,52.708,0.0,52.708
6493,station-mirpur,DIESEL,541,2026-01-06T15:15:00,63.535,0.0,63.535
6494,station-mirpur,PETROL,541,2026-01-06T15:15:00,78.58,0.0,78.58
6495,station-mirpur,OCTANE,541,2026-01-06T15:15:00,43.621,0.0,43.621
6496,station-tongi,DIESEL,541,2026-01-06T15:15:00,243.791,0.0,243.791
6497,station-tongi,PETROL,541,2026-01-06T15:15:00,74.187,0.0,74.187
6498,station-tongi,OCTANE,541,2026-01-06T15:15:00,36.718,0.0,36.718
6499,station-karnaphuli,DIESEL,541,2026-01-06T15:15:00,80.664,0.0,80.664
6500,station-karnaphuli,PETROL,541,2026-01-06T15:15:00,89.528,0.0,89.528
6501,station-karnaphuli,OCTANE,541,2026-01-06T15:15:00,49.079,0.0,49.079
6502,station-coxsbazar,DIESEL,541,2026-01-06T15:15:00,101.608,0.0,101.608
6503,station-coxsbazar,PETROL,541,2026-01-06T15:15:00,117.119,0.0,117.119
6504,station-coxsbazar,OCTANE,541,2026-01-06T15:15:00,47.39,0.0,47.39
6505,station-mirpur,DIESEL,542,2026-01-06T15:30:00,59.694,0.0,59.694
6506,station-mirpur,PETROL,542,2026-01-06T15:30:00,72.726,0.0,72.726
6507,station-mirpur,OCTANE,542,2026-01-06T15:30:00,44.201,0.0,44.201
6508,station-tongi,DIESEL,542,2026-01-06T15:30:00,221.134,0.0,221.134
6509,station-tongi,PETROL,542,2026-01-06T15:30:00,67.878,0.0,67.878
6510,station-tongi,OCTANE,542,2026-01-06T15:30:00,35.268,0.0,35.268
6511,station-karnaphuli,DIESEL,542,2026-01-06T15:30:00,86.032,0.0,86.032
6512,station-karnaphuli,PETROL,542,2026-01-06T15:30:00,98.993,0.0,98.993
6513,station-karnaphuli,OCTANE,542,2026-01-06T15:30:00,55.01,0.0,55.01
6514,station-coxsbazar,DIESEL,542,2026-01-06T15:30:00,108.287,0.0,108.287
6515,station-coxsbazar,PETROL,542,2026-01-06T15:30:00,114.8,0.0,114.8
6516,station-coxsbazar,OCTANE,542,2026-01-06T15:30:00,54.592,0.0,54.592
6517,station-mirpur,DIESEL,543,2026-01-06T15:45:00,59.453,0.0,59.453
6518,station-mirpur,PETROL,543,2026-01-06T15:45:00,80.099,0.0,80.099
6519,station-mirpur,OCTANE,543,2026-01-06T15:45:00,44.666,0.0,44.666
6520,station-tongi,DIESEL,543,2026-01-06T15:45:00,213.356,0.0,213.356
6521,station-tongi,PETROL,543,2026-01-06T15:45:00,70.772,0.0,70.772
6522,station-tongi,OCTANE,543,2026-01-06T15:45:00,33.783,0.0,33.783
6523,station-karnaphuli,DIESEL,543,2026-01-06T15:45:00,84.665,0.0,84.665
6524,station-karnaphuli,PETROL,543,2026-01-06T15:45:00,87.791,0.0,87.791
6525,station-karnaphuli,OCTANE,543,2026-01-06T15:45:00,54.82,0.0,54.82
6526,station-coxsbazar,DIESEL,543,2026-01-06T15:45:00,106.599,0.0,106.599
6527,station-coxsbazar,PETROL,543,2026-01-06T15:45:00,111.296,0.0,111.296
6528,station-coxsbazar,OCTANE,543,2026-01-06T15:45:00,53.782,0.0,53.782
6529,station-mirpur,DIESEL,544,2026-01-06T16:00:00,126.041,0.0,126.041
6530,station-mirpur,PETROL,544,2026-01-06T16:00:00,162.743,0.0,162.743
6531,station-mirpur,OCTANE,544,2026-01-06T16:00:00,87.059,0.0,87.059
6532,station-tongi,DIESEL,544,2026-01-06T16:00:00,220.359,0.0,220.359
6533,station-tongi,PETROL,544,2026-01-06T16:00:00,72.895,0.0,72.895
6534,station-tongi,OCTANE,544,2026-01-06T16:00:00,36.449,0.0,36.449
6535,station-karnaphuli,DIESEL,544,2026-01-06T16:00:00,141.316,0.0,141.316
6536,station-karnaphuli,PETROL,544,2026-01-06T16:00:00,165.356,0.0,165.356
6537,station-karnaphuli,OCTANE,544,2026-01-06T16:00:00,103.358,0.0,103.358
6538,station-coxsbazar,DIESEL,544,2026-01-06T16:00:00,110.676,0.0,110.676
6539,station-coxsbazar,PETROL,544,2026-01-06T16:00:00,114.411,0.0,114.411
6540,station-coxsbazar,OCTANE,544,2026-01-06T16:00:00,55.02,0.0,55.02
6541,station-mirpur,DIESEL,545,2026-01-06T16:15:00,125.075,0.0,125.075
6542,station-mirpur,PETROL,545,2026-01-06T16:15:00,164.765,0.0,164.765
6543,station-mirpur,OCTANE,545,2026-01-06T16:15:00,89.681,0.0,89.681
6544,station-tongi,DIESEL,545,2026-01-06T16:15:00,215.436,0.0,215.436
6545,station-tongi,PETROL,545,2026-01-06T16:15:00,70.913,0.0,70.913
6546,station-tongi,OCTANE,545,2026-01-06T16:15:00,34.161,0.0,34.161
6547,station-karnaphuli,DIESEL,545,2026-01-06T16:15:00,154.382,0.0,154.382
6548,station-karnaphuli,PETROL,545,2026-01-06T16:15:00,164.973,0.0,164.973
6549,station-karnaphuli,OCTANE,545,2026-01-06T16:15:00,90.412,0.0,90.412
6550,station-coxsbazar,DIESEL,545,2026-01-06T16:15:00,106.929,0.0,106.929
6551,station-coxsbazar,PETROL,545,2026-01-06T16:15:00,97.846,0.0,97.846
6552,station-coxsbazar,OCTANE,545,2026-01-06T16:15:00,51.237,0.0,51.237
6553,station-mirpur,DIESEL,546,2026-01-06T16:30:00,137.084,0.0,137.084
6554,station-mirpur,PETROL,546,2026-01-06T16:30:00,155.283,0.0,155.283
6555,station-mirpur,OCTANE,546,2026-01-06T16:30:00,82.249,0.0,82.249
6556,station-tongi,DIESEL,546,2026-01-06T16:30:00,242.546,0.0,242.546
6557,station-tongi,PETROL,546,2026-01-06T16:30:00,76.646,0.0,76.646
6558,station-tongi,OCTANE,546,2026-01-06T16:30:00,37.608,0.0,37.608
6559,station-karnaphuli,DIESEL,546,2026-01-06T16:30:00,175.459,0.0,175.459
6560,station-karnaphuli,PETROL,546,2026-01-06T16:30:00,170.554,0.0,170.554
6561,station-karnaphuli,OCTANE,546,2026-01-06T16:30:00,98.89,0.0,98.89
6562,station-coxsbazar,DIESEL,546,2026-01-06T16:30:00,99.007,0.0,99.007
6563,station-coxsbazar,PETROL,546,2026-01-06T16:30:00,106.012,0.0,106.012
6564,station-coxsbazar,OCTANE,546,2026-01-06T16:30:00,46.19,0.0,46.19
6565,station-mirpur,DIESEL,547,2026-01-06T16:45:00,127.332,0.0,127.332
6566,station-mirpur,PETROL,547,2026-01-06T16:45:00,146.548,0.0,146.548
6567,station-mirpur,OCTANE,547,2026-01-06T16:45:00,80.305,0.0,80.305
6568,station-tongi,DIESEL,547,2026-01-06T16:45:00,222.243,0.0,222.243
6569,station-tongi,PETROL,547,2026-01-06T16:45:00,71.113,0.0,71.113
6570,station-tongi,OCTANE,547,2026-01-06T16:45:00,35.921,0.0,35.921
6571,station-karnaphuli,DIESEL,547,2026-01-06T16:45:00,173.865,0.0,173.865
6572,station-karnaphuli,PETROL,547,2026-01-06T16:45:00,161.39,0.0,161.39
6573,station-karnaphuli,OCTANE,547,2026-01-06T16:45:00,96.88,0.0,96.88
6574,station-coxsbazar,DIESEL,547,2026-01-06T16:45:00,92.58,0.0,92.58
6575,station-coxsbazar,PETROL,547,2026-01-06T16:45:00,97.571,0.0,97.571
6576,station-coxsbazar,OCTANE,547,2026-01-06T16:45:00,54.223,0.0,54.223
6577,station-mirpur,DIESEL,548,2026-01-06T17:00:00,129.768,0.0,129.768
6578,station-mirpur,PETROL,548,2026-01-06T17:00:00,156.384,0.0,156.384
6579,station-mirpur,OCTANE,548,2026-01-06T17:00:00,76.304,0.0,76.304
6580,station-tongi,DIESEL,548,2026-01-06T17:00:00,234.12,0.0,234.12
6581,station-tongi,PETROL,548,2026-01-06T17:00:00,67.18,0.0,67.18
6582,station-tongi,OCTANE,548,2026-01-06T17:00:00,37.464,0.0,37.464
6583,station-karnaphuli,DIESEL,548,2026-01-06T17:00:00,162.949,0.0,162.949
6584,station-karnaphuli,PETROL,548,2026-01-06T17:00:00,163.665,0.0,163.665
6585,station-karnaphuli,OCTANE,548,2026-01-06T17:00:00,94.33,0.0,94.33
6586,station-coxsbazar,DIESEL,548,2026-01-06T17:00:00,101.009,0.0,101.009
6587,station-coxsbazar,PETROL,548,2026-01-06T17:00:00,114.881,0.0,114.881
6588,station-coxsbazar,OCTANE,548,2026-01-06T17:00:00,52.177,0.0,52.177
6589,station-mirpur,DIESEL,549,2026-01-06T17:15:00,125.673,0.0,125.673
6590,station-mirpur,PETROL,549,2026-01-06T17:15:00,165.166,0.0,165.166
6591,station-mirpur,OCTANE,549,2026-01-06T17:15:00,79.796,0.0,79.796
6592,station-tongi,DIESEL,549,2026-01-06T17:15:00,226.933,0.0,226.933
6593,station-tongi,PETROL,549,2026-01-06T17:15:00,71.594,0.0,71.594
6594,station-tongi,OCTANE,549,2026-01-06T17:15:00,33.337,0.0,33.337
6595,station-karnaphuli,DIESEL,549,2026-01-06T17:15:00,166.393,0.0,166.393
6596,station-karnaphuli,PETROL,549,2026-01-06T17:15:00,164.483,0.0,164.483
6597,station-karnaphuli,OCTANE,549,2026-01-06T17:15:00,84.972,0.0,84.972
6598,station-coxsbazar,DIESEL,549,2026-01-06T17:15:00,100.824,0.0,100.824
6599,station-coxsbazar,PETROL,549,2026-01-06T17:15:00,102.364,0.0,102.364
6600,station-coxsbazar,OCTANE,549,2026-01-06T17:15:00,53.018,0.0,53.018
6601,station-mirpur,DIESEL,550,2026-01-06T17:30:00,135.084,0.0,135.084
6602,station-mirpur,PETROL,550,2026-01-06T17:30:00,162.16,0.0,162.16
6603,station-mirpur,OCTANE,550,2026-01-06T17:30:00,78.94,0.0,78.94
6604,station-tongi,DIESEL,550,2026-01-06T17:30:00,216.263,0.0,216.263
6605,station-tongi,PETROL,550,2026-01-06T17:30:00,70.105,0.0,70.105
6606,station-tongi,OCTANE,550,2026-01-06T17:30:00,34.094,0.0,34.094
6607,station-karnaphuli,DIESEL,550,2026-01-06T17:30:00,176.01,0.0,176.01
6608,station-karnaphuli,PETROL,550,2026-01-06T17:30:00,182.8,0.0,182.8
6609,station-karnaphuli,OCTANE,550,2026-01-06T17:30:00,103.789,0.0,103.789
6610,station-coxsbazar,DIESEL,550,2026-01-06T17:30:00,95.141,0.0,95.141
6611,station-coxsbazar,PETROL,550,2026-01-06T17:30:00,109.399,0.0,109.399
6612,station-coxsbazar,OCTANE,550,2026-01-06T17:30:00,47.62,0.0,47.62
6613,station-mirpur,DIESEL,551,2026-01-06T17:45:00,126.828,0.0,126.828
6614,station-mirpur,PETROL,551,2026-01-06T17:45:00,171.27,0.0,171.27
6615,station-mirpur,OCTANE,551,2026-01-06T17:45:00,86.425,0.0,86.425
6616,station-tongi,DIESEL,551,2026-01-06T17:45:00,217.435,0.0,217.435
6617,station-tongi,PETROL,551,2026-01-06T17:45:00,73.078,0.0,73.078
6618,station-tongi,OCTANE,551,2026-01-06T17:45:00,33.986,0.0,33.986
6619,station-karnaphuli,DIESEL,551,2026-01-06T17:45:00,169.031,0.0,169.031
6620,station-karnaphuli,PETROL,551,2026-01-06T17:45:00,160.678,0.0,160.678
6621,station-karnaphuli,OCTANE,551,2026-01-06T17:45:00,95.721,0.0,95.721
6622,station-coxsbazar,DIESEL,551,2026-01-06T17:45:00,104.64,0.0,104.64
6623,station-coxsbazar,PETROL,551,2026-01-06T17:45:00,109.106,0.0,109.106
6624,station-coxsbazar,OCTANE,551,2026-01-06T17:45:00,51.345,0.0,51.345
6625,station-mirpur,DIESEL,552,2026-01-06T18:00:00,135.535,0.0,135.535
6626,station-mirpur,PETROL,552,2026-01-06T18:00:00,163.714,0.0,163.714
6627,station-mirpur,OCTANE,552,2026-01-06T18:00:00,91.99,0.0,91.99
6628,station-tongi,DIESEL,552,2026-01-06T18:00:00,60.87,0.0,60.87
6629,station-tongi,PETROL,552,2026-01-06T18:00:00,20.353,0.0,20.353
6630,station-tongi,OCTANE,552,2026-01-06T18:00:00,9.679,0.0,9.679
6631,station-karnaphuli,DIESEL,552,2026-01-06T18:00:00,173.6,0.0,173.6
6632,station-karnaphuli,PETROL,552,2026-01-06T18:00:00,156.068,0.0,156.068
6633,station-karnaphuli,OCTANE,552,2026-01-06T18:00:00,98.575,0.0,98.575
6634,station-coxsbazar,DIESEL,552,2026-01-06T18:00:00,97.533,0.0,97.533
6635,station-coxsbazar,PETROL,552,2026-01-06T18:00:00,103.711,0.0,103.711
6636,station-coxsbazar,OCTANE,552,2026-01-06T18:00:00,53.108,0.0,53.108
6637,station-mirpur,DIESEL,553,2026-01-06T18:15:00,127.968,0.0,127.968
6638,station-mirpur,PETROL,553,2026-01-06T18:15:00,166.7,0.0,166.7
6639,station-mirpur,OCTANE,553,2026-01-06T18:15:00,80.149,0.0,80.149
6640,station-tongi,DIESEL,553,2026-01-06T18:15:00,61.28,0.0,61.28
6641,station-tongi,PETROL,553,2026-01-06T18:15:00,21.04,0.0,21.04
6642,station-tongi,OCTANE,553,2026-01-06T18:15:00,10.123,0.0,10.123
6643,station-karnaphuli,DIESEL,553,2026-01-06T18:15:00,165.097,0.0,165.097
6644,station-karnaphuli,PETROL,553,2026-01-06T18:15:00,159.503,0.0,159.503
6645,station-karnaphuli,OCTANE,553,2026-01-06T18:15:00,95.392,0.0,95.392
6646,station-coxsbazar,DIESEL,553,2026-01-06T18:15:00,91.297,0.0,91.297
6647,station-coxsbazar,PETROL,553,2026-01-06T18:15:00,101.557,0.0,101.557
6648,station-coxsbazar,OCTANE,553,2026-01-06T18:15:00,47.576,0.0,47.576
6649,station-mirpur,DIESEL,554,2026-01-06T18:30:00,136.224,0.0,136.224
6650,station-mirpur,PETROL,554,2026-01-06T18:30:00,147.222,0.0,147.222
6651,station-mirpur,OCTANE,554,2026-01-06T18:30:00,83.512,0.0,83.512
6652,station-tongi,DIESEL,554,2026-01-06T18:30:00,69.828,0.0,69.828
6653,station-tongi,PETROL,554,2026-01-06T18:30:00,20.257,0.0,20.257
6654,station-tongi,OCTANE,554,2026-01-06T18:30:00,9.839,0.0,9.839
6655,station-karnaphuli,DIESEL,554,2026-01-06T18:30:00,145.038,0.0,145.038
6656,station-karnaphuli,PETROL,554,2026-01-06T18:30:00,151.908,0.0,151.908
6657,station-karnaphuli,OCTANE,554,2026-01-06T18:30:00,98.982,0.0,98.982
6658,station-coxsbazar,DIESEL,554,2026-01-06T18:30:00,106.294,0.0,106.294
6659,station-coxsbazar,PETROL,554,2026-01-06T18:30:00,96.464,0.0,96.464
6660,station-coxsbazar,OCTANE,554,2026-01-06T18:30:00,50.035,0.0,50.035
6661,station-mirpur,DIESEL,555,2026-01-06T18:45:00,140.906,0.0,140.906
6662,station-mirpur,PETROL,555,2026-01-06T18:45:00,169.309,0.0,169.309
6663,station-mirpur,OCTANE,555,2026-01-06T18:45:00,80.956,0.0,80.956
6664,station-tongi,DIESEL,555,2026-01-06T18:45:00,63.983,0.0,63.983
6665,station-tongi,PETROL,555,2026-01-06T18:45:00,20.424,0.0,20.424
6666,station-tongi,OCTANE,555,2026-01-06T18:45:00,9.496,0.0,9.496
6667,station-karnaphuli,DIESEL,555,2026-01-06T18:45:00,142.459,0.0,142.459
6668,station-karnaphuli,PETROL,555,2026-01-06T18:45:00,181.611,0.0,181.611
6669,station-karnaphuli,OCTANE,555,2026-01-06T18:45:00,101.27,0.0,101.27
6670,station-coxsbazar,DIESEL,555,2026-01-06T18:45:00,111.287,0.0,111.287
6671,station-coxsbazar,PETROL,555,2026-01-06T18:45:00,97.675,0.0,97.675
6672,station-coxsbazar,OCTANE,555,2026-01-06T18:45:00,50.102,0.0,50.102
6673,station-mirpur,DIESEL,556,2026-01-06T19:00:00,124.208,0.0,124.208
6674,station-mirpur,PETROL,556,2026-01-06T19:00:00,169.655,0.0,169.655
6675,station-mirpur,OCTANE,556,2026-01-06T19:00:00,77.552,0.0,77.552
6676,station-tongi,DIESEL,556,2026-01-06T19:00:00,65.585,0.0,65.585
6677,station-tongi,PETROL,556,2026-01-06T19:00:00,21.704,0.0,21.704
6678,station-tongi,OCTANE,556,2026-01-06T19:00:00,10.869,0.0,10.869
6679,station-karnaphuli,DIESEL,556,2026-01-06T19:00:00,168.228,0.0,168.228
6680,station-karnaphuli,PETROL,556,2026-01-06T19:00:00,153.134,0.0,153.134
6681,station-karnaphuli,OCTANE,556,2026-01-06T19:00:00,101.51,0.0,101.51
6682,station-coxsbazar,DIESEL,556,2026-01-06T19:00:00,109.618,0.0,109.618
6683,station-coxsbazar,PETROL,556,2026-01-06T19:00:00,111.469,0.0,111.469
6684,station-coxsbazar,OCTANE,556,2026-01-06T19:00:00,54.768,0.0,54.768
6685,station-mirpur,DIESEL,557,2026-01-06T19:15:00,119.029,0.0,119.029
6686,station-mirpur,PETROL,557,2026-01-06T19:15:00,145.936,0.0,145.936
6687,station-mirpur,OCTANE,557,2026-01-06T19:15:00,85.919,0.0,85.919
6688,station-tongi,DIESEL,557,2026-01-06T19:15:00,70.66,0.0,70.66
6689,station-tongi,PETROL,557,2026-01-06T19:15:00,21.77,0.0,21.77
6690,station-tongi,OCTANE,557,2026-01-06T19:15:00,10.11,0.0,10.11
6691,station-karnaphuli,DIESEL,557,2026-01-06T19:15:00,147.432,0.0,147.432
6692,station-karnaphuli,PETROL,557,2026-01-06T19:15:00,176.818,0.0,176.818
6693,station-karnaphuli,OCTANE,557,2026-01-06T19:15:00,102.102,0.0,102.102
6694,station-coxsbazar,DIESEL,557,2026-01-06T19:15:00,109.078,0.0,109.078
6695,station-coxsbazar,PETROL,557,2026-01-06T19:15:00,109.97,0.0,109.97
6696,station-coxsbazar,OCTANE,557,2026-01-06T19:15:00,49.228,0.0,49.228
6697,station-mirpur,DIESEL,558,2026-01-06T19:30:00,121.052,0.0,121.052
6698,station-mirpur,PETROL,558,2026-01-06T19:30:00,165.49,0.0,165.49
6699,station-mirpur,OCTANE,558,2026-01-06T19:30:00,92.138,0.0,92.138
6700,station-tongi,DIESEL,558,2026-01-06T19:30:00,61.167,0.0,61.167
6701,station-tongi,PETROL,558,2026-01-06T19:30:00,19.52,0.0,19.52
6702,station-tongi,OCTANE,558,2026-01-06T19:30:00,10.148,0.0,10.148
6703,station-karnaphuli,DIESEL,558,2026-01-06T19:30:00,141.731,0.0,141.731
6704,station-karnaphuli,PETROL,558,2026-01-06T19:30:00,160.387,0.0,160.387
6705,station-karnaphuli,OCTANE,558,2026-01-06T19:30:00,93.726,0.0,93.726
6706,station-coxsbazar,DIESEL,558,2026-01-06T19:30:00,106.785,0.0,106.785
6707,station-coxsbazar,PETROL,558,2026-01-06T19:30:00,112.199,0.0,112.199
6708,station-coxsbazar,OCTANE,558,2026-01-06T19:30:00,52.383,0.0,52.383
6709,station-mirpur,DIESEL,559,2026-01-06T19:45:00,124.319,0.0,124.319
6710,station-mirpur,PETROL,559,2026-01-06T19:45:00,162.029,0.0,162.029
6711,station-mirpur,OCTANE,559,2026-01-06T19:45:00,77.666,0.0,77.666
6712,station-tongi,DIESEL,559,2026-01-06T19:45:00,67.168,0.0,67.168
6713,station-tongi,PETROL,559,2026-01-06T19:45:00,20.123,0.0,20.123
6714,station-tongi,OCTANE,559,2026-01-06T19:45:00,11.03,0.0,11.03
6715,station-karnaphuli,DIESEL,559,2026-01-06T19:45:00,152.322,0.0,152.322
6716,station-karnaphuli,PETROL,559,2026-01-06T19:45:00,182.696,0.0,182.696
6717,station-karnaphuli,OCTANE,559,2026-01-06T19:45:00,103.208,0.0,103.208
6718,station-coxsbazar,DIESEL,559,2026-01-06T19:45:00,105.698,0.0,105.698
6719,station-coxsbazar,PETROL,559,2026-01-06T19:45:00,106.421,0.0,106.421
6720,station-coxsbazar,OCTANE,559,2026-01-06T19:45:00,52.058,0.0,52.058
6721,station-mirpur,DIESEL,560,2026-01-06T20:00:00,138.804,0.0,138.804
6722,station-mirpur,PETROL,560,2026-01-06T20:00:00,145.08,0.0,145.08
6723,station-mirpur,OCTANE,560,2026-01-06T20:00:00,88.919,0.0,88.919
6724,station-tongi,DIESEL,560,2026-01-06T20:00:00,63.424,0.0,63.424
6725,station-tongi,PETROL,560,2026-01-06T20:00:00,20.735,0.0,20.735
6726,station-tongi,OCTANE,560,2026-01-06T20:00:00,9.881,0.0,9.881
6727,station-karnaphuli,DIESEL,560,2026-01-06T20:00:00,141.004,0.0,141.004
6728,station-karnaphuli,PETROL,560,2026-01-06T20:00:00,170.961,0.0,170.961
6729,station-karnaphuli,OCTANE,560,2026-01-06T20:00:00,85.562,0.0,85.562
6730,station-coxsbazar,DIESEL,560,2026-01-06T20:00:00,103.501,0.0,103.501
6731,station-coxsbazar,PETROL,560,2026-01-06T20:00:00,116.199,0.0,116.199
6732,station-coxsbazar,OCTANE,560,2026-01-06T20:00:00,51.664,0.0,51.664
6733,station-mirpur,DIESEL,561,2026-01-06T20:15:00,124.016,0.0,124.016
6734,station-mirpur,PETROL,561,2026-01-06T20:15:00,159.693,0.0,159.693
6735,station-mirpur,OCTANE,561,2026-01-06T20:15:00,85.257,0.0,85.257
6736,station-tongi,DIESEL,561,2026-01-06T20:15:00,70.01,0.0,70.01
6737,station-tongi,PETROL,561,2026-01-06T20:15:00,21.821,0.0,21.821
6738,station-tongi,OCTANE,561,2026-01-06T20:15:00,10.095,0.0,10.095
6739,station-karnaphuli,DIESEL,561,2026-01-06T20:15:00,171.139,0.0,171.139
6740,station-karnaphuli,PETROL,561,2026-01-06T20:15:00,181.615,0.0,181.615
6741,station-karnaphuli,OCTANE,561,2026-01-06T20:15:00,95.814,0.0,95.814
6742,station-coxsbazar,DIESEL,561,2026-01-06T20:15:00,105.062,0.0,105.062
6743,station-coxsbazar,PETROL,561,2026-01-06T20:15:00,105.042,0.0,105.042
6744,station-coxsbazar,OCTANE,561,2026-01-06T20:15:00,53.412,0.0,53.412
6745,station-mirpur,DIESEL,562,2026-01-06T20:30:00,131.148,0.0,131.148
6746,station-mirpur,PETROL,562,2026-01-06T20:30:00,168.842,0.0,168.842
6747,station-mirpur,OCTANE,562,2026-01-06T20:30:00,86.715,0.0,86.715
6748,station-tongi,DIESEL,562,2026-01-06T20:30:00,63.691,0.0,63.691
6749,station-tongi,PETROL,562,2026-01-06T20:30:00,20.532,0.0,20.532
6750,station-tongi,OCTANE,562,2026-01-06T20:30:00,9.775,0.0,9.775
6751,station-karnaphuli,DIESEL,562,2026-01-06T20:30:00,174.506,0.0,174.506
6752,station-karnaphuli,PETROL,562,2026-01-06T20:30:00,172.514,0.0,172.514
6753,station-karnaphuli,OCTANE,562,2026-01-06T20:30:00,100.117,0.0,100.117
6754,station-coxsbazar,DIESEL,562,2026-01-06T20:30:00,92.888,0.0,92.888
6755,station-coxsbazar,PETROL,562,2026-01-06T20:30:00,108.923,0.0,108.923
6756,station-coxsbazar,OCTANE,562,2026-01-06T20:30:00,48.939,0.0,48.939
6757,station-mirpur,DIESEL,563,2026-01-06T20:45:00,136.969,0.0,136.969
6758,station-mirpur,PETROL,563,2026-01-06T20:45:00,144.289,0.0,144.289
6759,station-mirpur,OCTANE,563,2026-01-06T20:45:00,83.513,0.0,83.513
6760,station-tongi,DIESEL,563,2026-01-06T20:45:00,67.562,0.0,67.562
6761,station-tongi,PETROL,563,2026-01-06T20:45:00,22.445,0.0,22.445
6762,station-tongi,OCTANE,563,2026-01-06T20:45:00,9.732,0.0,9.732
6763,station-karnaphuli,DIESEL,563,2026-01-06T20:45:00,153.179,0.0,153.179
6764,station-karnaphuli,PETROL,563,2026-01-06T20:45:00,181.415,0.0,181.415
6765,station-karnaphuli,OCTANE,563,2026-01-06T20:45:00,98.937,0.0,98.937
6766,station-coxsbazar,DIESEL,563,2026-01-06T20:45:00,101.781,0.0,101.781
6767,station-coxsbazar,PETROL,563,2026-01-06T20:45:00,111.979,0.0,111.979
6768,station-coxsbazar,OCTANE,563,2026-01-06T20:45:00,46.89,0.0,46.89
6769,station-mirpur,DIESEL,564,2026-01-06T21:00:00,59.577,0.0,59.577
6770,station-mirpur,PETROL,564,2026-01-06T21:00:00,82.839,0.0,82.839
6771,station-mirpur,OCTANE,564,2026-01-06T21:00:00,38.332,0.0,38.332
6772,station-tongi,DIESEL,564,2026-01-06T21:00:00,65.184,0.0,65.184
6773,station-tongi,PETROL,564,2026-01-06T21:00:00,20.459,0.0,20.459
6774,station-tongi,OCTANE,564,2026-01-06T21:00:00,10.174,0.0,10.174
6775,station-karnaphuli,DIESEL,564,2026-01-06T21:00:00,81.837,0.0,81.837
6776,station-karnaphuli,PETROL,564,2026-01-06T21:00:00,96.544,0.0,96.544
6777,station-karnaphuli,OCTANE,564,2026-01-06T21:00:00,56.275,0.0,56.275
6778,station-coxsbazar,DIESEL,564,2026-01-06T21:00:00,54.2,0.0,54.2
6779,station-coxsbazar,PETROL,564,2026-01-06T21:00:00,55.225,0.0,55.225
6780,station-coxsbazar,OCTANE,564,2026-01-06T21:00:00,24.498,0.0,24.498
6781,station-mirpur,DIESEL,565,2026-01-06T21:15:00,66.006,0.0,66.006
6782,station-mirpur,PETROL,565,2026-01-06T21:15:00,78.837,0.0,78.837
6783,station-mirpur,OCTANE,565,2026-01-06T21:15:00,38.772,0.0,38.772
6784,station-tongi,DIESEL,565,2026-01-06T21:15:00,60.439,0.0,60.439
6785,station-tongi,PETROL,565,2026-01-06T21:15:00,21.36,0.0,21.36
6786,station-tongi,OCTANE,565,2026-01-06T21:15:00,9.77,0.0,9.77
6787,station-karnaphuli,DIESEL,565,2026-01-06T21:15:00,79.634,0.0,79.634
6788,station-karnaphuli,PETROL,565,2026-01-06T21:15:00,90.564,0.0,90.564
6789,station-karnaphuli,OCTANE,565,2026-01-06T21:15:00,53.625,0.0,53.625
6790,station-coxsbazar,DIESEL,565,2026-01-06T21:15:00,53.51,0.0,53.51
6791,station-coxsbazar,PETROL,565,2026-01-06T21:15:00,56.568,0.0,56.568
6792,station-coxsbazar,OCTANE,565,2026-01-06T21:15:00,24.411,0.0,24.411
6793,station-mirpur,DIESEL,566,2026-01-06T21:30:00,63.799,0.0,63.799
6794,station-mirpur,PETROL,566,2026-01-06T21:30:00,73.599,0.0,73.599
6795,station-mirpur,OCTANE,566,2026-01-06T21:30:00,44.332,0.0,44.332
6796,station-tongi,DIESEL,566,2026-01-06T21:30:00,60.64,0.0,60.64
6797,station-tongi,PETROL,566,2026-01-06T21:30:00,22.459,0.0,22.459
6798,station-tongi,OCTANE,566,2026-01-06T21:30:00,9.969,0.0,9.969
6799,station-karnaphuli,DIESEL,566,2026-01-06T21:30:00,82.988,0.0,82.988
6800,station-karnaphuli,PETROL,566,2026-01-06T21:30:00,88.899,0.0,88.899
6801,station-karnaphuli,OCTANE,566,2026-01-06T21:30:00,47.64,0.0,47.64
6802,station-coxsbazar,DIESEL,566,2026-01-06T21:30:00,51.589,0.0,51.589
6803,station-coxsbazar,PETROL,566,2026-01-06T21:30:00,59.251,0.0,59.251
6804,station-coxsbazar,OCTANE,566,2026-01-06T21:30:00,27.604,0.0,27.604
6805,station-mirpur,DIESEL,567,2026-01-06T21:45:00,59.925,0.0,59.925
6806,station-mirpur,PETROL,567,2026-01-06T21:45:00,82.045,0.0,82.045
6807,station-mirpur,OCTANE,567,2026-01-06T21:45:00,39.193,0.0,39.193
6808,station-tongi,DIESEL,567,2026-01-06T21:45:00,60.833,0.0,60.833
6809,station-tongi,PETROL,567,2026-01-06T21:45:00,19.46,0.0,19.46
6810,station-tongi,OCTANE,567,2026-01-06T21:45:00,10.531,0.0,10.531
6811,station-karnaphuli,DIESEL,567,2026-01-06T21:45:00,81.742,0.0,81.742
6812,station-karnaphuli,PETROL,567,2026-01-06T21:45:00,102.788,0.0,102.788
6813,station-karnaphuli,OCTANE,567,2026-01-06T21:45:00,50.81,0.0,50.81
6814,station-coxsbazar,DIESEL,567,2026-01-06T21:45:00,49.047,0.0,49.047
6815,station-coxsbazar,PETROL,567,2026-01-06T21:45:00,50.578,0.0,50.578
6816,station-coxsbazar,OCTANE,567,2026-01-06T21:45:00,28.056,0.0,28.056
6817,station-mirpur,DIESEL,568,2026-01-06T22:00:00,56.835,0.0,56.835
6818,station-mirpur,PETROL,568,2026-01-06T22:00:00,73.057,0.0,73.057
6819,station-mirpur,OCTANE,568,2026-01-06T22:00:00,43.029,0.0,43.029
6820,station-tongi,DIESEL,568,2026-01-06T22:00:00,67.423,0.0,67.423
6821,station-tongi,PETROL,568,2026-01-06T22:00:00,19.531,0.0,19.531
6822,station-tongi,OCTANE,568,2026-01-06T22:00:00,10.257,0.0,10.257
6823,station-karnaphuli,DIESEL,568,2026-01-06T22:00:00,98.041,0.0,98.041
6824,station-karnaphuli,PETROL,568,2026-01-06T22:00:00,86.609,0.0,86.609
6825,station-karnaphuli,OCTANE,568,2026-01-06T22:00:00,55.177,0.0,55.177
6826,station-coxsbazar,DIESEL,568,2026-01-06T22:00:00,57.643,0.0,57.643
6827,station-coxsbazar,PETROL,568,2026-01-06T22:00:00,53.11,0.0,53.11
6828,station-coxsbazar,OCTANE,568,2026-01-06T22:00:00,25.869,0.0,25.869
6829,station-mirpur,DIESEL,569,2026-01-06T22:15:00,61.071,0.0,61.071
6830,station-mirpur,PETROL,569,2026-01-06T22:15:00,76.355,0.0,76.355
6831,station-mirpur,OCTANE,569,2026-01-06T22:15:00,39.716,0.0,39.716
6832,station-tongi,DIESEL,569,2026-01-06T22:15:00,62.882,0.0,62.882
6833,station-tongi,PETROL,569,2026-01-06T22:15:00,20.003,0.0,20.003
6834,station-tongi,OCTANE,569,2026-01-06T22:15:00,10.243,0.0,10.243
6835,station-karnaphuli,DIESEL,569,2026-01-06T22:15:00,85.309,0.0,85.309
6836,station-karnaphuli,PETROL,569,2026-01-06T22:15:00,101.951,0.0,101.951
6837,station-karnaphuli,OCTANE,569,2026-01-06T22:15:00,51.986,0.0,51.986
6838,station-coxsbazar,DIESEL,569,2026-01-06T22:15:00,48.141,0.0,48.141
6839,station-coxsbazar,PETROL,569,2026-01-06T22:15:00,53.006,0.0,53.006
6840,station-coxsbazar,OCTANE,569,2026-01-06T22:15:00,27.619,0.0,27.619
6841,station-mirpur,DIESEL,570,2026-01-06T22:30:00,57.044,0.0,57.044
6842,station-mirpur,PETROL,570,2026-01-06T22:30:00,83.176,0.0,83.176
6843,station-mirpur,OCTANE,570,2026-01-06T22:30:00,42.081,0.0,42.081
6844,station-tongi,DIESEL,570,2026-01-06T22:30:00,64.553,0.0,64.553
6845,station-tongi,PETROL,570,2026-01-06T22:30:00,22.239,0.0,22.239
6846,station-tongi,OCTANE,570,2026-01-06T22:30:00,9.531,0.0,9.531
6847,station-karnaphuli,DIESEL,570,2026-01-06T22:30:00,83.018,0.0,83.018
6848,station-karnaphuli,PETROL,570,2026-01-06T22:30:00,102.505,0.0,102.505
6849,station-karnaphuli,OCTANE,570,2026-01-06T22:30:00,56.981,0.0,56.981
6850,station-coxsbazar,DIESEL,570,2026-01-06T22:30:00,49.615,0.0,49.615
6851,station-coxsbazar,PETROL,570,2026-01-06T22:30:00,54.156,0.0,54.156
6852,station-coxsbazar,OCTANE,570,2026-01-06T22:30:00,24.815,0.0,24.815
6853,station-mirpur,DIESEL,571,2026-01-06T22:45:00,60.29,0.0,60.29
6854,station-mirpur,PETROL,571,2026-01-06T22:45:00,76.475,0.0,76.475
6855,station-mirpur,OCTANE,571,2026-01-06T22:45:00,38.736,0.0,38.736
6856,station-tongi,DIESEL,571,2026-01-06T22:45:00,61.388,0.0,61.388
6857,station-tongi,PETROL,571,2026-01-06T22:45:00,19.784,0.0,19.784
6858,station-tongi,OCTANE,571,2026-01-06T22:45:00,11.068,0.0,11.068
6859,station-karnaphuli,DIESEL,571,2026-01-06T22:45:00,84.36,0.0,84.36
6860,station-karnaphuli,PETROL,571,2026-01-06T22:45:00,87.037,0.0,87.037
6861,station-karnaphuli,OCTANE,571,2026-01-06T22:45:00,58.246,0.0,58.246
6862,station-coxsbazar,DIESEL,571,2026-01-06T22:45:00,54.831,0.0,54.831
6863,station-coxsbazar,PETROL,571,2026-01-06T22:45:00,52.707,0.0,52.707
6864,station-coxsbazar,OCTANE,571,2026-01-06T22:45:00,25.608,0.0,25.608
6865,station-mirpur,DIESEL,572,2026-01-06T23:00:00,61.726,0.0,61.726
6866,station-mirpur,PETROL,572,2026-01-06T23:00:00,83.522,0.0,83.522
6867,station-mirpur,OCTANE,572,2026-01-06T23:00:00,43.71,0.0,43.71
6868,station-tongi,DIESEL,572,2026-01-06T23:00:00,67.927,0.0,67.927
6869,station-tongi,PETROL,572,2026-01-06T23:00:00,20.756,0.0,20.756
6870,station-tongi,OCTANE,572,2026-01-06T23:00:00,10.32,0.0,10.32
6871,station-karnaphuli,DIESEL,572,2026-01-06T23:00:00,94.314,0.0,94.314
6872,station-karnaphuli,PETROL,572,2026-01-06T23:00:00,98.794,0.0,98.794
6873,station-karnaphuli,OCTANE,572,2026-01-06T23:00:00,47.955,0.0,47.955
6874,station-coxsbazar,DIESEL,572,2026-01-06T23:00:00,54.899,0.0,54.899
6875,station-coxsbazar,PETROL,572,2026-01-06T23:00:00,55.209,0.0,55.209
6876,station-coxsbazar,OCTANE,572,2026-01-06T23:00:00,28.12,0.0,28.12
6877,station-mirpur,DIESEL,573,2026-01-06T23:15:00,64.864,0.0,64.864
6878,station-mirpur,PETROL,573,2026-01-06T23:15:00,71.411,0.0,71.411
6879,station-mirpur,OCTANE,573,2026-01-06T23:15:00,40.094,0.0,40.094
6880,station-tongi,DIESEL,573,2026-01-06T23:15:00,70.264,0.0,70.264
6881,station-tongi,PETROL,573,2026-01-06T23:15:00,20.938,0.0,20.938
6882,station-tongi,OCTANE,573,2026-01-06T23:15:00,9.965,0.0,9.965
6883,station-karnaphuli,DIESEL,573,2026-01-06T23:15:00,86.06,0.0,86.06
6884,station-karnaphuli,PETROL,573,2026-01-06T23:15:00,97.135,0.0,97.135
6885,station-karnaphuli,OCTANE,573,2026-01-06T23:15:00,50.254,0.0,50.254
6886,station-coxsbazar,DIESEL,573,2026-01-06T23:15:00,52.257,0.0,52.257
6887,station-coxsbazar,PETROL,573,2026-01-06T23:15:00,50.949,0.0,50.949
6888,station-coxsbazar,OCTANE,573,2026-01-06T23:15:00,23.878,0.0,23.878
6889,station-mirpur,DIESEL,574,2026-01-06T23:30:00,60.948,0.0,60.948
6890,station-mirpur,PETROL,574,2026-01-06T23:30:00,72.81,0.0,72.81
6891,station-mirpur,OCTANE,574,2026-01-06T23:30:00,44.355,0.0,44.355
6892,station-tongi,DIESEL,574,2026-01-06T23:30:00,67.03,0.0,67.03
6893,station-tongi,PETROL,574,2026-01-06T23:30:00,21.22,0.0,21.22
6894,station-tongi,OCTANE,574,2026-01-06T23:30:00,9.888,0.0,9.888
6895,station-karnaphuli,DIESEL,574,2026-01-06T23:30:00,80.704,0.0,80.704
6896,station-karnaphuli,PETROL,574,2026-01-06T23:30:00,94.382,0.0,94.382
6897,station-karnaphuli,OCTANE,574,2026-01-06T23:30:00,46.998,0.0,46.998
6898,station-coxsbazar,DIESEL,574,2026-01-06T23:30:00,55.761,0.0,55.761
6899,station-coxsbazar,PETROL,574,2026-01-06T23:30:00,57.077,0.0,57.077
6900,station-coxsbazar,OCTANE,574,2026-01-06T23:30:00,28.08,0.0,28.08
6901,station-mirpur,DIESEL,575,2026-01-06T23:45:00,64.865,0.0,64.865
6902,station-mirpur,PETROL,575,2026-01-06T23:45:00,70.619,0.0,70.619
6903,station-mirpur,OCTANE,575,2026-01-06T23:45:00,44.648,0.0,44.648
6904,station-tongi,DIESEL,575,2026-01-06T23:45:00,67.795,0.0,67.795
6905,station-tongi,PETROL,575,2026-01-06T23:45:00,22.262,0.0,22.262
6906,station-tongi,OCTANE,575,2026-01-06T23:45:00,10.169,0.0,10.169
6907,station-karnaphuli,DIESEL,575,2026-01-06T23:45:00,94.021,0.0,94.021
6908,station-karnaphuli,PETROL,575,2026-01-06T23:45:00,102.519,0.0,102.519
6909,station-karnaphuli,OCTANE,575,2026-01-06T23:45:00,54.284,0.0,54.284
6910,station-coxsbazar,DIESEL,575,2026-01-06T23:45:00,49.268,0.0,49.268
6911,station-coxsbazar,PETROL,575,2026-01-06T23:45:00,59.584,0.0,59.584
6912,station-coxsbazar,OCTANE,575,2026-01-06T23:45:00,26.724,0.0,26.724
6913,station-mirpur,DIESEL,576,2026-01-07T00:00:00,59.695,0.0,59.695
6914,station-mirpur,PETROL,576,2026-01-07T00:00:00,73.417,0.0,73.417
6915,station-mirpur,OCTANE,576,2026-01-07T00:00:00,38.325,0.0,38.325
6916,station-tongi,DIESEL,576,2026-01-07T00:00:00,69.185,0.0,69.185
6917,station-tongi,PETROL,576,2026-01-07T00:00:00,20.597,0.0,20.597
6918,station-tongi,OCTANE,576,2026-01-07T00:00:00,10.764,0.0,10.764
6919,station-karnaphuli,DIESEL,576,2026-01-07T00:00:00,91.713,0.0,91.713
6920,station-karnaphuli,PETROL,576,2026-01-07T00:00:00,82.57,0.0,82.57
6921,station-karnaphuli,OCTANE,576,2026-01-07T00:00:00,46.635,0.0,46.635
6922,station-coxsbazar,DIESEL,576,2026-01-07T00:00:00,57.492,0.0,57.492
6923,station-coxsbazar,PETROL,576,2026-01-07T00:00:00,60.315,0.0,60.315
6924,station-coxsbazar,OCTANE,576,2026-01-07T00:00:00,27.213,0.0,27.213
6925,station-mirpur,DIESEL,577,2026-01-07T00:15:00,59.065,0.0,59.065
6926,station-mirpur,PETROL,577,2026-01-07T00:15:00,68.937,0.0,68.937
6927,station-mirpur,OCTANE,577,2026-01-07T00:15:00,38.714,0.0,38.714
6928,station-tongi,DIESEL,577,2026-01-07T00:15:00,66.289,0.0,66.289
6929,station-tongi,PETROL,577,2026-01-07T00:15:00,21.418,0.0,21.418
6930,station-tongi,OCTANE,577,2026-01-07T00:15:00,10.822,0.0,10.822
6931,station-karnaphuli,DIESEL,577,2026-01-07T00:15:00,86.705,0.0,86.705
6932,station-karnaphuli,PETROL,577,2026-01-07T00:15:00,100.176,0.0,100.176
6933,station-karnaphuli,OCTANE,577,2026-01-07T00:15:00,52.58,0.0,52.58
6934,station-coxsbazar,DIESEL,577,2026-01-07T00:15:00,48.475,0.0,48.475
6935,station-coxsbazar,PETROL,577,2026-01-07T00:15:00,50.481,0.0,50.481
6936,station-coxsbazar,OCTANE,577,2026-01-07T00:15:00,23.948,0.0,23.948
6937,station-mirpur,DIESEL,578,2026-01-07T00:30:00,62.23,0.0,62.23
6938,station-mirpur,PETROL,578,2026-01-07T00:30:00,84.081,0.0,84.081
6939,station-mirpur,OCTANE,578,2026-01-07T00:30:00,43.822,0.0,43.822
6940,station-tongi,DIESEL,578,2026-01-07T00:30:00,61.291,0.0,61.291
6941,station-tongi,PETROL,578,2026-01-07T00:30:00,20.497,0.0,20.497
6942,station-tongi,OCTANE,578,2026-01-07T00:30:00,9.671,0.0,9.671
6943,station-karnaphuli,DIESEL,578,2026-01-07T00:30:00,78.51,0.0,78.51
6944,station-karnaphuli,PETROL,578,2026-01-07T00:30:00,94.389,0.0,94.389
6945,station-karnaphuli,OCTANE,578,2026-01-07T00:30:00,53.451,0.0,53.451
6946,station-coxsbazar,DIESEL,578,2026-01-07T00:30:00,55.349,0.0,55.349
6947,station-coxsbazar,PETROL,578,2026-01-07T00:30:00,61.034,0.0,61.034
6948,station-coxsbazar,OCTANE,578,2026-01-07T00:30:00,25.615,0.0,25.615
6949,station-mirpur,DIESEL,579,2026-01-07T00:45:00,64.096,0.0,64.096
6950,station-mirpur,PETROL,579,2026-01-07T00:45:00,79.437,0.0,79.437
6951,station-mirpur,OCTANE,579,2026-01-07T00:45:00,43.576,0.0,43.576
6952,station-tongi,DIESEL,579,2026-01-07T00:45:00,69.452,0.0,69.452
6953,station-tongi,PETROL,579,2026-01-07T00:45:00,20.619,0.0,20.619
6954,station-tongi,OCTANE,579,2026-01-07T00:45:00,10.586,0.0,10.586
6955,station-karnaphuli,DIESEL,579,2026-01-07T00:45:00,97.978,0.0,97.978
6956,station-karnaphuli,PETROL,579,2026-01-07T00:45:00,90.954,0.0,90.954
6957,station-karnaphuli,OCTANE,579,2026-01-07T00:45:00,54.944,0.0,54.944
6958,station-coxsbazar,DIESEL,579,2026-01-07T00:45:00,56.349,0.0,56.349
6959,station-coxsbazar,PETROL,579,2026-01-07T00:45:00,59.55,0.0,59.55
6960,station-coxsbazar,OCTANE,579,2026-01-07T00:45:00,25.044,0.0,25.044
6961,station-mirpur,DIESEL,580,2026-01-07T01:00:00,60.591,0.0,60.591
6962,station-mirpur,PETROL,580,2026-01-07T01:00:00,78.151,0.0,78.151
6963,station-mirpur,OCTANE,580,2026-01-07T01:00:00,38.312,0.0,38.312
6964,station-tongi,DIESEL,580,2026-01-07T01:00:00,64.793,0.0,64.793
6965,station-tongi,PETROL,580,2026-01-07T01:00:00,21.885,0.0,21.885
6966,station-tongi,OCTANE,580,2026-01-07T01:00:00,10.776,0.0,10.776
6967,station-karnaphuli,DIESEL,580,2026-01-07T01:00:00,83.437,0.0,83.437
6968,station-karnaphuli,PETROL,580,2026-01-07T01:00:00,101.591,0.0,101.591
6969,station-karnaphuli,OCTANE,580,2026-01-07T01:00:00,55.306,0.0,55.306
6970,station-coxsbazar,DIESEL,580,2026-01-07T01:00:00,53.448,0.0,53.448
6971,station-coxsbazar,PETROL,580,2026-01-07T01:00:00,50.646,0.0,50.646
6972,station-coxsbazar,OCTANE,580,2026-01-07T01:00:00,28.739,0.0,28.739
6973,station-mirpur,DIESEL,581,2026-01-07T01:15:00,56.453,0.0,56.453
6974,station-mirpur,PETROL,581,2026-01-07T01:15:00,84.079,0.0,84.079
6975,station-mirpur,OCTANE,581,2026-01-07T01:15:00,36.917,0.0,36.917
6976,station-tongi,DIESEL,581,2026-01-07T01:15:00,62.56,0.0,62.56
6977,station-tongi,PETROL,581,2026-01-07T01:15:00,20.147,0.0,20.147
6978,station-tongi,OCTANE,581,2026-01-07T01:15:00,9.673,0.0,9.673
6979,station-karnaphuli,DIESEL,581,2026-01-07T01:15:00,89.046,0.0,89.046
6980,station-karnaphuli,PETROL,581,2026-01-07T01:15:00,88.622,0.0,88.622
6981,station-karnaphuli,OCTANE,581,2026-01-07T01:15:00,50.535,0.0,50.535
6982,station-coxsbazar,DIESEL,581,2026-01-07T01:15:00,51.936,0.0,51.936
6983,station-coxsbazar,PETROL,581,2026-01-07T01:15:00,52.508,0.0,52.508
6984,station-coxsbazar,OCTANE,581,2026-01-07T01:15:00,24.374,0.0,24.374
6985,station-mirpur,DIESEL,582,2026-01-07T01:30:00,58.266,0.0,58.266
6986,station-mirpur,PETROL,582,2026-01-07T01:30:00,71.042,0.0,71.042
6987,station-mirpur,OCTANE,582,2026-01-07T01:30:00,43.111,0.0,43.111
6988,station-tongi,DIESEL,582,2026-01-07T01:30:00,64.018,0.0,64.018
6989,station-tongi,PETROL,582,2026-01-07T01:30:00,20.828,0.0,20.828
6990,station-tongi,OCTANE,582,2026-01-07T01:30:00,10.276,0.0,10.276
6991,station-karnaphuli,DIESEL,582,2026-01-07T01:30:00,80.974,0.0,80.974
6992,station-karnaphuli,PETROL,582,2026-01-07T01:30:00,84.914,0.0,84.914
6993,station-karnaphuli,OCTANE,582,2026-01-07T01:30:00,48.891,0.0,48.891
6994,station-coxsbazar,DIESEL,582,2026-01-07T01:30:00,48.821,0.0,48.821
6995,station-coxsbazar,PETROL,582,2026-01-07T01:30:00,60.339,0.0,60.339
6996,station-coxsbazar,OCTANE,582,2026-01-07T01:30:00,25.316,0.0,25.316
6997,station-mirpur,DIESEL,583,2026-01-07T01:45:00,56.842,0.0,56.842
6998,station-mirpur,PETROL,583,2026-01-07T01:45:00,82.564,0.0,82.564
6999,station-mirpur,OCTANE,583,2026-01-07T01:45:00,44.651,0.0,44.651
7000,station-tongi,DIESEL,583,2026-01-07T01:45:00,64.75,0.0,64.75
7001,station-tongi,PETROL,583,2026-01-07T01:45:00,20.939,0.0,20.939
7002,station-tongi,OCTANE,583,2026-01-07T01:45:00,10.886,0.0,10.886
7003,station-karnaphuli,DIESEL,583,2026-01-07T01:45:00,92.086,0.0,92.086
7004,station-karnaphuli,PETROL,583,2026-01-07T01:45:00,103.242,0.0,103.242
7005,station-karnaphuli,OCTANE,583,2026-01-07T01:45:00,56.609,0.0,56.609
7006,station-coxsbazar,DIESEL,583,2026-01-07T01:45:00,51.424,0.0,51.424
7007,station-coxsbazar,PETROL,583,2026-01-07T01:45:00,56.351,0.0,56.351
7008,station-coxsbazar,OCTANE,583,2026-01-07T01:45:00,27.493,0.0,27.493
7009,station-mirpur,DIESEL,584,2026-01-07T02:00:00,65.006,0.0,65.006
7010,station-mirpur,PETROL,584,2026-01-07T02:00:00,78.749,0.0,78.749
7011,station-mirpur,OCTANE,584,2026-01-07T02:00:00,38.298,0.0,38.298
7012,station-tongi,DIESEL,584,2026-01-07T02:00:00,61.582,0.0,61.582
7013,station-tongi,PETROL,584,2026-01-07T02:00:00,21.708,0.0,21.708
7014,station-tongi,OCTANE,584,2026-01-07T02:00:00,10.028,0.0,10.028
7015,station-karnaphuli,DIESEL,584,2026-01-07T02:00:00,92.057,0.0,92.057
7016,station-karnaphuli,PETROL,584,2026-01-07T02:00:00,82.33,0.0,82.33
7017,station-karnaphuli,OCTANE,584,2026-01-07T02:00:00,57.93,0.0,57.93
7018,station-coxsbazar,DIESEL,584,2026-01-07T02:00:00,48.718,0.0,48.718
7019,station-coxsbazar,PETROL,584,2026-01-07T02:00:00,60.209,0.0,60.209
7020,station-coxsbazar,OCTANE,584,2026-01-07T02:00:00,23.709,0.0,23.709
7021,station-mirpur,DIESEL,585,2026-01-07T02:15:00,56.846,0.0,56.846
7022,station-mirpur,PETROL,585,2026-01-07T02:15:00,74.177,0.0,74.177
7023,station-mirpur,OCTANE,585,2026-01-07T02:15:00,39.409,0.0,39.409
7024,station-tongi,DIESEL,585,2026-01-07T02:15:00,65.295,0.0,65.295
7025,station-tongi,PETROL,585,2026-01-07T02:15:00,19.652,0.0,19.652
7026,station-tongi,OCTANE,585,2026-01-07T02:15:00,10.173,0.0,10.173
7027,station-karnaphuli,DIESEL,585,2026-01-07T02:15:00,96.791,0.0,96.791
7028,station-karnaphuli,PETROL,585,2026-01-07T02:15:00,82.111,0.0,82.111
7029,station-karnaphuli,OCTANE,585,2026-01-07T02:15:00,53.091,0.0,53.091
7030,station-coxsbazar,DIESEL,585,2026-01-07T02:15:00,52.762,0.0,52.762
7031,station-coxsbazar,PETROL,585,2026-01-07T02:15:00,57.169,0.0,57.169
7032,station-coxsbazar,OCTANE,585,2026-01-07T02:15:00,25.585,0.0,25.585
7033,station-mirpur,DIESEL,586,2026-01-07T02:30:00,56.026,0.0,56.026
7034,station-mirpur,PETROL,586,2026-01-07T02:30:00,81.141,0.0,81.141
7035,station-mirpur,OCTANE,586,2026-01-07T02:30:00,41.515,0.0,41.515
7036,station-tongi,DIESEL,586,2026-01-07T02:30:00,66.288,0.0,66.288
7037,station-tongi,PETROL,586,2026-01-07T02:30:00,21.27,0.0,21.27
7038,station-tongi,OCTANE,586,2026-01-07T02:30:00,10.359,0.0,10.359
7039,station-karnaphuli,DIESEL,586,2026-01-07T02:30:00,95.302,0.0,95.302
7040,station-karnaphuli,PETROL,586,2026-01-07T02:30:00,89.355,0.0,89.355
7041,station-karnaphuli,OCTANE,586,2026-01-07T02:30:00,49.755,0.0,49.755
7042,station-coxsbazar,DIESEL,586,2026-01-07T02:30:00,48.592,0.0,48.592
7043,station-coxsbazar,PETROL,586,2026-01-07T02:30:00,58.983,0.0,58.983
7044,station-coxsbazar,OCTANE,586,2026-01-07T02:30:00,24.421,0.0,24.421
7045,station-mirpur,DIESEL,587,2026-01-07T02:45:00,66.314,0.0,66.314
7046,station-mirpur,PETROL,587,2026-01-07T02:45:00,83.386,0.0,83.386
7047,station-mirpur,OCTANE,587,2026-01-07T02:45:00,36.819,0.0,36.819
7048,station-tongi,DIESEL,587,2026-01-07T02:45:00,64.477,0.0,64.477
7049,station-tongi,PETROL,587,2026-01-07T02:45:00,21.458,0.0,21.458
7050,station-tongi,OCTANE,587,2026-01-07T02:45:00,10.652,0.0,10.652
7051,station-karnaphuli,DIESEL,587,2026-01-07T02:45:00,86.187,0.0,86.187
7052,station-karnaphuli,PETROL,587,2026-01-07T02:45:00,98.255,0.0,98.255
7053,station-karnaphuli,OCTANE,587,2026-01-07T02:45:00,52.187,0.0,52.187
7054,station-coxsbazar,DIESEL,587,2026-01-07T02:45:00,48.42,0.0,48.42
7055,station-coxsbazar,PETROL,587,2026-01-07T02:45:00,52.736,0.0,52.736
7056,station-coxsbazar,OCTANE,587,2026-01-07T02:45:00,25.93,0.0,25.93
7057,station-mirpur,DIESEL,588,2026-01-07T03:00:00,59.762,0.0,59.762
7058,station-mirpur,PETROL,588,2026-01-07T03:00:00,71.884,0.0,71.884
7059,station-mirpur,OCTANE,588,2026-01-07T03:00:00,42.008,0.0,42.008
7060,station-tongi,DIESEL,588,2026-01-07T03:00:00,60.457,0.0,60.457
7061,station-tongi,PETROL,588,2026-01-07T03:00:00,21.312,0.0,21.312
7062,station-tongi,OCTANE,588,2026-01-07T03:00:00,10.287,0.0,10.287
7063,station-karnaphuli,DIESEL,588,2026-01-07T03:00:00,86.7,0.0,86.7
7064,station-karnaphuli,PETROL,588,2026-01-07T03:00:00,102.763,0.0,102.763
7065,station-karnaphuli,OCTANE,588,2026-01-07T03:00:00,47.198,0.0,47.198
7066,station-coxsbazar,DIESEL,588,2026-01-07T03:00:00,52.632,0.0,52.632
7067,station-coxsbazar,PETROL,588,2026-01-07T03:00:00,50.603,0.0,50.603
7068,station-coxsbazar,OCTANE,588,2026-01-07T03:00:00,25.12,0.0,25.12
7069,station-mirpur,DIESEL,589,2026-01-07T03:15:00,67.796,0.0,67.796
7070,station-mirpur,PETROL,589,2026-01-07T03:15:00,70.376,0.0,70.376
7071,station-mirpur,OCTANE,589,2026-01-07T03:15:00,42.57,0.0,42.57
7072,station-tongi,DIESEL,589,2026-01-07T03:15:00,61.713,0.0,61.713
7073,station-tongi,PETROL,589,2026-01-07T03:15:00,22.018,0.0,22.018
7074,station-tongi,OCTANE,589,2026-01-07T03:15:00,10.228,0.0,10.228
7075,station-karnaphuli,DIESEL,589,2026-01-07T03:15:00,92.217,0.0,92.217
7076,station-karnaphuli,PETROL,589,2026-01-07T03:15:00,89.332,0.0,89.332
7077,station-karnaphuli,OCTANE,589,2026-01-07T03:15:00,49.43,0.0,49.43
7078,station-coxsbazar,DIESEL,589,2026-01-07T03:15:00,51.746,0.0,51.746
7079,station-coxsbazar,PETROL,589,2026-01-07T03:15:00,53.685,0.0,53.685
7080,station-coxsbazar,OCTANE,589,2026-01-07T03:15:00,27.77,0.0,27.77
7081,station-mirpur,DIESEL,590,2026-01-07T03:30:00,61.322,0.0,61.322
7082,station-mirpur,PETROL,590,2026-01-07T03:30:00,73.718,0.0,73.718
7083,station-mirpur,OCTANE,590,2026-01-07T03:30:00,44.358,0.0,44.358
7084,station-tongi,DIESEL,590,2026-01-07T03:30:00,60.554,0.0,60.554
7085,station-tongi,PETROL,590,2026-01-07T03:30:00,20.342,0.0,20.342
7086,station-tongi,OCTANE,590,2026-01-07T03:30:00,10.666,0.0,10.666
7087,station-karnaphuli,DIESEL,590,2026-01-07T03:30:00,79.289,0.0,79.289
7088,station-karnaphuli,PETROL,590,2026-01-07T03:30:00,85.3,0.0,85.3
7089,station-karnaphuli,OCTANE,590,2026-01-07T03:30:00,54.558,0.0,54.558
7090,station-coxsbazar,DIESEL,590,2026-01-07T03:30:00,53.307,0.0,53.307
7091,station-coxsbazar,PETROL,590,2026-01-07T03:30:00,52.196,0.0,52.196
7092,station-coxsbazar,OCTANE,590,2026-01-07T03:30:00,28.318,0.0,28.318
7093,station-mirpur,DIESEL,591,2026-01-07T03:45:00,59.095,0.0,59.095
7094,station-mirpur,PETROL,591,2026-01-07T03:45:00,74.736,0.0,74.736
7095,station-mirpur,OCTANE,591,2026-01-07T03:45:00,37.189,0.0,37.189
7096,station-tongi,DIESEL,591,2026-01-07T03:45:00,62.679,0.0,62.679
7097,station-tongi,PETROL,591,2026-01-07T03:45:00,21.152,0.0,21.152
7098,station-tongi,OCTANE,591,2026-01-07T03:45:00,10.861,0.0,10.861
7099,station-karnaphuli,DIESEL,591,2026-01-07T03:45:00,91.91,0.0,91.91
7100,station-karnaphuli,PETROL,591,2026-01-07T03:45:00,93.021,0.0,93.021
7101,station-karnaphuli,OCTANE,591,2026-01-07T03:45:00,51.669,0.0,51.669
7102,station-coxsbazar,DIESEL,591,2026-01-07T03:45:00,56.061,0.0,56.061
7103,station-coxsbazar,PETROL,591,2026-01-07T03:45:00,58.678,0.0,58.678
7104,station-coxsbazar,OCTANE,591,2026-01-07T03:45:00,27.523,0.0,27.523
7105,station-mirpur,DIESEL,592,2026-01-07T04:00:00,67.265,0.0,67.265
7106,station-mirpur,PETROL,592,2026-01-07T04:00:00,74.628,0.0,74.628
7107,station-mirpur,OCTANE,592,2026-01-07T04:00:00,44.167,0.0,44.167
7108,station-tongi,DIESEL,592,2026-01-07T04:00:00,62.312,0.0,62.312
7109,station-tongi,PETROL,592,2026-01-07T04:00:00,22.021,0.0,22.021
7110,station-tongi,OCTANE,592,2026-01-07T04:00:00,10.424,0.0,10.424
7111,station-karnaphuli,DIESEL,592,2026-01-07T04:00:00,83.202,0.0,83.202
7112,station-karnaphuli,PETROL,592,2026-01-07T04:00:00,87.82,0.0,87.82
7113,station-karnaphuli,OCTANE,592,2026-01-07T04:00:00,52.933,0.0,52.933
7114,station-coxsbazar,DIESEL,592,2026-01-07T04:00:00,49.823,0.0,49.823
7115,station-coxsbazar,PETROL,592,2026-01-07T04:00:00,57.891,0.0,57.891
7116,station-coxsbazar,OCTANE,592,2026-01-07T04:00:00,25.149,0.0,25.149
7117,station-mirpur,DIESEL,593,2026-01-07T04:15:00,65.604,0.0,65.604
7118,station-mirpur,PETROL,593,2026-01-07T04:15:00,80.844,0.0,80.844
7119,station-mirpur,OCTANE,593,2026-01-07T04:15:00,37.07,0.0,37.07
7120,station-tongi,DIESEL,593,2026-01-07T04:15:00,68.887,0.0,68.887
7121,station-tongi,PETROL,593,2026-01-07T04:15:00,19.545,0.0,19.545
7122,station-tongi,OCTANE,593,2026-01-07T04:15:00,10.157,0.0,10.157
7123,station-karnaphuli,DIESEL,593,2026-01-07T04:15:00,79.557,0.0,79.557
7124,station-karnaphuli,PETROL,593,2026-01-07T04:15:00,98.299,0.0,98.299
7125,station-karnaphuli,OCTANE,593,2026-01-07T04:15:00,46.83,0.0,46.83
7126,station-coxsbazar,DIESEL,593,2026-01-07T04:15:00,49.355,0.0,49.355
7127,station-coxsbazar,PETROL,593,2026-01-07T04:15:00,58.999,0.0,58.999
7128,station-coxsbazar,OCTANE,593,2026-01-07T04:15:00,28.732,0.0,28.732
7129,station-mirpur,DIESEL,594,2026-01-07T04:30:00,58.284,0.0,58.284
7130,station-mirpur,PETROL,594,2026-01-07T04:30:00,75.781,0.0,75.781
7131,station-mirpur,OCTANE,594,2026-01-07T04:30:00,44.712,0.0,44.712
7132,station-tongi,DIESEL,594,2026-01-07T04:30:00,60.794,0.0,60.794
7133,station-tongi,PETROL,594,2026-01-07T04:30:00,22.607,0.0,22.607
7134,station-tongi,OCTANE,594,2026-01-07T04:30:00,10.159,0.0,10.159
7135,station-karnaphuli,DIESEL,594,2026-01-07T04:30:00,80.823,0.0,80.823
7136,station-karnaphuli,PETROL,594,2026-01-07T04:30:00,93.511,0.0,93.511
7137,station-karnaphuli,OCTANE,594,2026-01-07T04:30:00,56.631,0.0,56.631
7138,station-coxsbazar,DIESEL,594,2026-01-07T04:30:00,57.642,0.0,57.642
7139,station-coxsbazar,PETROL,594,2026-01-07T04:30:00,53.206,0.0,53.206
7140,station-coxsbazar,OCTANE,594,2026-01-07T04:30:00,27.057,0.0,27.057
7141,station-mirpur,DIESEL,595,2026-01-07T04:45:00,64.666,0.0,64.666
7142,station-mirpur,PETROL,595,2026-01-07T04:45:00,78.492,0.0,78.492
7143,station-mirpur,OCTANE,595,2026-01-07T04:45:00,43.949,0.0,43.949
7144,station-tongi,DIESEL,595,2026-01-07T04:45:00,65.128,0.0,65.128
7145,station-tongi,PETROL,595,2026-01-07T04:45:00,22.195,0.0,22.195
7146,station-tongi,OCTANE,595,2026-01-07T04:45:00,9.92,0.0,9.92
7147,station-karnaphuli,DIESEL,595,2026-01-07T04:45:00,92.039,0.0,92.039
7148,station-karnaphuli,PETROL,595,2026-01-07T04:45:00,84.704,0.0,84.704
7149,station-karnaphuli,OCTANE,595,2026-01-07T04:45:00,54.249,0.0,54.249
7150,station-coxsbazar,DIESEL,595,2026-01-07T04:45:00,51.564,0.0,51.564
7151,station-coxsbazar,PETROL,595,2026-01-07T04:45:00,57.263,0.0,57.263
7152,station-coxsbazar,OCTANE,595,2026-01-07T04:45:00,23.75,0.0,23.75
7153,station-mirpur,DIESEL,596,2026-01-07T05:00:00,65.998,0.0,65.998
7154,station-mirpur,PETROL,596,2026-01-07T05:00:00,79.75,0.0,79.75
7155,station-mirpur,OCTANE,596,2026-01-07T05:00:00,40.045,0.0,40.045
7156,station-tongi,DIESEL,596,2026-01-07T05:00:00,68.226,0.0,68.226
7157,station-tongi,PETROL,596,2026-01-07T05:00:00,19.765,0.0,19.765
7158,station-tongi,OCTANE,596,2026-01-07T05:00:00,9.768,0.0,9.768
7159,station-karnaphuli,DIESEL,596,2026-01-07T05:00:00,86.974,0.0,86.974
7160,station-karnaphuli,PETROL,596,2026-01-07T05:00:00,101.472,0.0,101.472
7161,station-karnaphuli,OCTANE,596,2026-01-07T05:00:00,50.827,0.0,50.827
7162,station-coxsbazar,DIESEL,596,2026-01-07T05:00:00,51.308,0.0,51.308
7163,station-coxsbazar,PETROL,596,2026-01-07T05:00:00,55.761,0.0,55.761
7164,station-coxsbazar,OCTANE,596,2026-01-07T05:00:00,26.581,0.0,26.581
7165,station-mirpur,DIESEL,597,2026-01-07T05:15:00,63.196,0.0,63.196
7166,station-mirpur,PETROL,597,2026-01-07T05:15:00,71.89,0.0,71.89
7167,station-mirpur,OCTANE,597,2026-01-07T05:15:00,43.717,0.0,43.717
7168,station-tongi,DIESEL,597,2026-01-07T05:15:00,68.425,0.0,68.425
7169,station-tongi,PETROL,597,2026-01-07T05:15:00,21.294,0.0,21.294
7170,station-tongi,OCTANE,597,2026-01-07T05:15:00,10.497,0.0,10.497
7171,station-karnaphuli,DIESEL,597,2026-01-07T05:15:00,94.431,0.0,94.431
7172,station-karnaphuli,PETROL,597,2026-01-07T05:15:00,86.828,0.0,86.828
7173,station-karnaphuli,OCTANE,597,2026-01-07T05:15:00,56.174,0.0,56.174
7174,station-coxsbazar,DIESEL,597,2026-01-07T05:15:00,55.695,0.0,55.695
7175,station-coxsbazar,PETROL,597,2026-01-07T05:15:00,51.631,0.0,51.631
7176,station-coxsbazar,OCTANE,597,2026-01-07T05:15:00,28.24,0.0,28.24
7177,station-mirpur,DIESEL,598,2026-01-07T05:30:00,63.651,0.0,63.651
7178,station-mirpur,PETROL,598,2026-01-07T05:30:00,78.535,0.0,78.535
7179,station-mirpur,OCTANE,598,2026-01-07T05:30:00,38.28,0.0,38.28
7180,station-tongi,DIESEL,598,2026-01-07T05:30:00,69.871,0.0,69.871
7181,station-tongi,PETROL,598,2026-01-07T05:30:00,22.725,0.0,22.725
7182,station-tongi,OCTANE,598,2026-01-07T05:30:00,9.989,0.0,9.989
7183,station-karnaphuli,DIESEL,598,2026-01-07T05:30:00,92.924,0.0,92.924
7184,station-karnaphuli,PETROL,598,2026-01-07T05:30:00,88.049,0.0,88.049
7185,station-karnaphuli,OCTANE,598,2026-01-07T05:30:00,48.951,0.0,48.951
7186,station-coxsbazar,DIESEL,598,2026-01-07T05:30:00,48.457,0.0,48.457
7187,station-coxsbazar,PETROL,598,2026-01-07T05:30:00,52.082,0.0,52.082
7188,station-coxsbazar,OCTANE,598,2026-01-07T05:30:00,25.035,0.0,25.035
7189,station-mirpur,DIESEL,599,2026-01-07T05:45:00,64.783,0.0,64.783
7190,station-mirpur,PETROL,599,2026-01-07T05:45:00,71.832,0.0,71.832
7191,station-mirpur,OCTANE,599,2026-01-07T05:45:00,41.905,0.0,41.905
7192,station-tongi,DIESEL,599,2026-01-07T05:45:00,61.771,0.0,61.771
7193,station-tongi,PETROL,599,2026-01-07T05:45:00,21.295,0.0,21.295
7194,station-tongi,OCTANE,599,2026-01-07T05:45:00,10.178,0.0,10.178
7195,station-karnaphuli,DIESEL,599,2026-01-07T05:45:00,96.721,0.0,96.721
7196,station-karnaphuli,PETROL,599,2026-01-07T05:45:00,94.546,0.0,94.546
7197,station-karnaphuli,OCTANE,599,2026-01-07T05:45:00,49.335,0.0,49.335
7198,station-coxsbazar,DIESEL,599,2026-01-07T05:45:00,57.273,0.0,57.273
7199,station-coxsbazar,PETROL,599,2026-01-07T05:45:00,53.263,0.0,53.263
7200,station-coxsbazar,OCTANE,599,2026-01-07T05:45:00,27.158,0.0,27.158
7201,station-mirpur,DIESEL,600,2026-01-07T06:00:00,62.7,0.0,62.7
7202,station-mirpur,PETROL,600,2026-01-07T06:00:00,76.503,0.0,76.503
7203,station-mirpur,OCTANE,600,2026-01-07T06:00:00,38.87,0.0,38.87
7204,station-tongi,DIESEL,600,2026-01-07T06:00:00,236.958,0.0,236.958
7205,station-tongi,PETROL,600,2026-01-07T06:00:00,68.355,0.0,68.355
7206,station-tongi,OCTANE,600,2026-01-07T06:00:00,35.62,0.0,35.62
7207,station-karnaphuli,DIESEL,600,2026-01-07T06:00:00,141.652,0.0,141.652
7208,station-karnaphuli,PETROL,600,2026-01-07T06:00:00,159.905,0.0,159.905
7209,station-karnaphuli,OCTANE,600,2026-01-07T06:00:00,83.535,0.0,83.535
7210,station-coxsbazar,DIESEL,600,2026-01-07T06:00:00,54.831,0.0,54.831
7211,station-coxsbazar,PETROL,600,2026-01-07T06:00:00,52.957,0.0,52.957
7212,station-coxsbazar,OCTANE,600,2026-01-07T06:00:00,24.393,0.0,24.393
7213,station-mirpur,DIESEL,601,2026-01-07T06:15:00,65.586,0.0,65.586
7214,station-mirpur,PETROL,601,2026-01-07T06:15:00,74.782,0.0,74.782
7215,station-mirpur,OCTANE,601,2026-01-07T06:15:00,40.416,0.0,40.416
7216,station-tongi,DIESEL,601,2026-01-07T06:15:00,219.695,0.0,219.695
7217,station-tongi,PETROL,601,2026-01-07T06:15:00,69.729,0.0,69.729
7218,station-tongi,OCTANE,601,2026-01-07T06:15:00,33.366,0.0,33.366
7219,station-karnaphuli,DIESEL,601,2026-01-07T06:15:00,143.935,0.0,143.935
7220,station-karnaphuli,PETROL,601,2026-01-07T06:15:00,160.978,0.0,160.978
7221,station-karnaphuli,OCTANE,601,2026-01-07T06:15:00,97.678,0.0,97.678
7222,station-coxsbazar,DIESEL,601,2026-01-07T06:15:00,57.465,0.0,57.465
7223,station-coxsbazar,PETROL,601,2026-01-07T06:15:00,53.466,0.0,53.466
7224,station-coxsbazar,OCTANE,601,2026-01-07T06:15:00,27.112,0.0,27.112
7225,station-mirpur,DIESEL,602,2026-01-07T06:30:00,61.009,0.0,61.009
7226,station-mirpur,PETROL,602,2026-01-07T06:30:00,77.991,0.0,77.991
7227,station-mirpur,OCTANE,602,2026-01-07T06:30:00,42.457,0.0,42.457
7228,station-tongi,DIESEL,602,2026-01-07T06:30:00,230.392,0.0,230.392
7229,station-tongi,PETROL,602,2026-01-07T06:30:00,77.842,0.0,77.842
7230,station-tongi,OCTANE,602,2026-01-07T06:30:00,34.284,0.0,34.284
7231,station-karnaphuli,DIESEL,602,2026-01-07T06:30:00,152.275,0.0,152.275
7232,station-karnaphuli,PETROL,602,2026-01-07T06:30:00,161.193,0.0,161.193
7233,station-karnaphuli,OCTANE,602,2026-01-07T06:30:00,89.474,0.0,89.474
7234,station-coxsbazar,DIESEL,602,2026-01-07T06:30:00,53.211,0.0,53.211
7235,station-coxsbazar,PETROL,602,2026-01-07T06:30:00,57.612,0.0,57.612
7236,station-coxsbazar,OCTANE,602,2026-01-07T06:30:00,24.817,0.0,24.817
7237,station-mirpur,DIESEL,603,2026-01-07T06:45:00,60.189,0.0,60.189
7238,station-mirpur,PETROL,603,2026-01-07T06:45:00,83.737,0.0,83.737
7239,station-mirpur,OCTANE,603,2026-01-07T06:45:00,42.899,0.0,42.899
7240,station-tongi,DIESEL,603,2026-01-07T06:45:00,211.145,0.0,211.145
7241,station-tongi,PETROL,603,2026-01-07T06:45:00,78.419,0.0,78.419
7242,station-tongi,OCTANE,603,2026-01-07T06:45:00,33.391,0.0,33.391
7243,station-karnaphuli,DIESEL,603,2026-01-07T06:45:00,166.999,0.0,166.999
7244,station-karnaphuli,PETROL,603,2026-01-07T06:45:00,149.91,0.0,149.91
7245,station-karnaphuli,OCTANE,603,2026-01-07T06:45:00,99.057,0.0,99.057
7246,station-coxsbazar,DIESEL,603,2026-01-07T06:45:00,53.253,0.0,53.253
7247,station-coxsbazar,PETROL,603,2026-01-07T06:45:00,59.387,0.0,59.387
7248,station-coxsbazar,OCTANE,603,2026-01-07T06:45:00,28.254,0.0,28.254
7249,station-mirpur,DIESEL,604,2026-01-07T07:00:00,134.005,0.0,134.005
7250,station-mirpur,PETROL,604,2026-01-07T07:00:00,150.488,0.0,150.488
7251,station-mirpur,OCTANE,604,2026-01-07T07:00:00,80.298,0.0,80.298
7252,station-tongi,DIESEL,604,2026-01-07T07:00:00,217.327,0.0,217.327
7253,station-tongi,PETROL,604,2026-01-07T07:00:00,70.34,0.0,70.34
7254,station-tongi,OCTANE,604,2026-01-07T07:00:00,37.28,0.0,37.28
7255,station-karnaphuli,DIESEL,604,2026-01-07T07:00:00,165.645,0.0,165.645
7256,station-karnaphuli,PETROL,604,2026-01-07T07:00:00,173.062,0.0,173.062
7257,station-karnaphuli,OCTANE,604,2026-01-07T07:00:00,99.162,0.0,99.162
7258,station-coxsbazar,DIESEL,604,2026-01-07T07:00:00,99.214,0.0,99.214
7259,station-coxsbazar,PETROL,604,2026-01-07T07:00:00,108.557,0.0,108.557
7260,station-coxsbazar,OCTANE,604,2026-01-07T07:00:00,55.145,0.0,55.145
7261,station-mirpur,DIESEL,605,2026-01-07T07:15:00,121.772,0.0,121.772
7262,station-mirpur,PETROL,605,2026-01-07T07:15:00,144.92,0.0,144.92
7263,station-mirpur,OCTANE,605,2026-01-07T07:15:00,87.231,0.0,87.231
7264,station-tongi,DIESEL,605,2026-01-07T07:15:00,211.524,0.0,211.524
7265,station-tongi,PETROL,605,2026-01-07T07:15:00,76.461,0.0,76.461
7266,station-tongi,OCTANE,605,2026-01-07T07:15:00,35.107,0.0,35.107
7267,station-karnaphuli,DIESEL,605,2026-01-07T07:15:00,173.284,0.0,173.284
7268,station-karnaphuli,PETROL,605,2026-01-07T07:15:00,170.055,0.0,170.055
7269,station-karnaphuli,OCTANE,605,2026-01-07T07:15:00,84.098,0.0,84.098
7270,station-coxsbazar,DIESEL,605,2026-01-07T07:15:00,106.101,0.0,106.101
7271,station-coxsbazar,PETROL,605,2026-01-07T07:15:00,104.269,0.0,104.269
7272,station-coxsbazar,OCTANE,605,2026-01-07T07:15:00,46.434,0.0,46.434
7273,station-mirpur,DIESEL,606,2026-01-07T07:30:00,129.667,0.0,129.667
7274,station-mirpur,PETROL,606,2026-01-07T07:30:00,157.408,0.0,157.408
7275,station-mirpur,OCTANE,606,2026-01-07T07:30:00,85.496,0.0,85.496
7276,station-tongi,DIESEL,606,2026-01-07T07:30:00,211.909,0.0,211.909
7277,station-tongi,PETROL,606,2026-01-07T07:30:00,70.01,0.0,70.01
7278,station-tongi,OCTANE,606,2026-01-07T07:30:00,32.852,0.0,32.852
7279,station-karnaphuli,DIESEL,606,2026-01-07T07:30:00,146.096,0.0,146.096
7280,station-karnaphuli,PETROL,606,2026-01-07T07:30:00,159.82,0.0,159.82
7281,station-karnaphuli,OCTANE,606,2026-01-07T07:30:00,86.193,0.0,86.193
7282,station-coxsbazar,DIESEL,606,2026-01-07T07:30:00,93.442,0.0,93.442
7283,station-coxsbazar,PETROL,606,2026-01-07T07:30:00,112.565,0.0,112.565
7284,station-coxsbazar,OCTANE,606,2026-01-07T07:30:00,46.867,0.0,46.867
7285,station-mirpur,DIESEL,607,2026-01-07T07:45:00,140.747,0.0,140.747
7286,station-mirpur,PETROL,607,2026-01-07T07:45:00,171.981,0.0,171.981
7287,station-mirpur,OCTANE,607,2026-01-07T07:45:00,89.928,0.0,89.928
7288,station-tongi,DIESEL,607,2026-01-07T07:45:00,221.231,0.0,221.231
7289,station-tongi,PETROL,607,2026-01-07T07:45:00,77.065,0.0,77.065
7290,station-tongi,OCTANE,607,2026-01-07T07:45:00,37.827,0.0,37.827
7291,station-karnaphuli,DIESEL,607,2026-01-07T07:45:00,170.353,0.0,170.353
7292,station-karnaphuli,PETROL,607,2026-01-07T07:45:00,158.581,0.0,158.581
7293,station-karnaphuli,OCTANE,607,2026-01-07T07:45:00,99.111,0.0,99.111
7294,station-coxsbazar,DIESEL,607,2026-01-07T07:45:00,109.572,0.0,109.572
7295,station-coxsbazar,PETROL,607,2026-01-07T07:45:00,104.268,0.0,104.268
7296,station-coxsbazar,OCTANE,607,2026-01-07T07:45:00,51.573,0.0,51.573
7297,station-mirpur,DIESEL,608,2026-01-07T08:00:00,121.953,0.0,121.953
7298,station-mirpur,PETROL,608,2026-01-07T08:00:00,171.789,0.0,171.789
7299,station-mirpur,OCTANE,608,2026-01-07T08:00:00,85.273,0.0,85.273
7300,station-tongi,DIESEL,608,2026-01-07T08:00:00,230.398,0.0,230.398
7301,station-tongi,PETROL,608,2026-01-07T08:00:00,76.746,0.0,76.746
7302,station-tongi,OCTANE,608,2026-01-07T08:00:00,33.766,0.0,33.766
7303,station-karnaphuli,DIESEL,608,2026-01-07T08:00:00,140.718,0.0,140.718
7304,station-karnaphuli,PETROL,608,2026-01-07T08:00:00,170.706,0.0,170.706
7305,station-karnaphuli,OCTANE,608,2026-01-07T08:00:00,94.591,0.0,94.591
7306,station-coxsbazar,DIESEL,608,2026-01-07T08:00:00,98.86,0.0,98.86
7307,station-coxsbazar,PETROL,608,2026-01-07T08:00:00,116.019,0.0,116.019
7308,station-coxsbazar,OCTANE,608,2026-01-07T08:00:00,55.533,0.0,55.533
7309,station-mirpur,DIESEL,609,2026-01-07T08:15:00,125.535,0.0,125.535
7310,station-mirpur,PETROL,609,2026-01-07T08:15:00,143.108,0.0,143.108
7311,station-mirpur,OCTANE,609,2026-01-07T08:15:00,92.748,0.0,92.748
7312,station-tongi,DIESEL,609,2026-01-07T08:15:00,220.559,0.0,220.559
7313,station-tongi,PETROL,609,2026-01-07T08:15:00,70.383,0.0,70.383
7314,station-tongi,OCTANE,609,2026-01-07T08:15:00,36.322,0.0,36.322
7315,station-karnaphuli,DIESEL,609,2026-01-07T08:15:00,143.566,0.0,143.566
7316,station-karnaphuli,PETROL,609,2026-01-07T08:15:00,152.525,0.0,152.525
7317,station-karnaphuli,OCTANE,609,2026-01-07T08:15:00,98.974,0.0,98.974
7318,station-coxsbazar,DIESEL,609,2026-01-07T08:15:00,91.722,0.0,91.722
7319,station-coxsbazar,PETROL,609,2026-01-07T08:15:00,110.166,0.0,110.166
7320,station-coxsbazar,OCTANE,609,2026-01-07T08:15:00,51.633,0.0,51.633
7321,station-mirpur,DIESEL,610,2026-01-07T08:30:00,137.884,0.0,137.884
7322,station-mirpur,PETROL,610,2026-01-07T08:30:00,173.789,0.0,173.789
7323,station-mirpur,OCTANE,610,2026-01-07T08:30:00,76.289,0.0,76.289
7324,station-tongi,DIESEL,610,2026-01-07T08:30:00,241.075,0.0,241.075
7325,station-tongi,PETROL,610,2026-01-07T08:30:00,76.228,0.0,76.228
7326,station-tongi,OCTANE,610,2026-01-07T08:30:00,33.384,0.0,33.384
7327,station-karnaphuli,DIESEL,610,2026-01-07T08:30:00,154.811,0.0,154.811
7328,station-karnaphuli,PETROL,610,2026-01-07T08:30:00,184.467,0.0,184.467
7329,station-karnaphuli,OCTANE,610,2026-01-07T08:30:00,103.966,0.0,103.966
7330,station-coxsbazar,DIESEL,610,2026-01-07T08:30:00,94.21,0.0,94.21
7331,station-coxsbazar,PETROL,610,2026-01-07T08:30:00,97.425,0.0,97.425
7332,station-coxsbazar,OCTANE,610,2026-01-07T08:30:00,52.757,0.0,52.757
7333,station-mirpur,DIESEL,611,2026-01-07T08:45:00,120.244,0.0,120.244
7334,station-mirpur,PETROL,611,2026-01-07T08:45:00,151.649,0.0,151.649
7335,station-mirpur,OCTANE,611,2026-01-07T08:45:00,92.383,0.0,92.383
7336,station-tongi,DIESEL,611,2026-01-07T08:45:00,230.044,0.0,230.044
7337,station-tongi,PETROL,611,2026-01-07T08:45:00,69.276,0.0,69.276
7338,station-tongi,OCTANE,611,2026-01-07T08:45:00,34.202,0.0,34.202
7339,station-karnaphuli,DIESEL,611,2026-01-07T08:45:00,160.347,0.0,160.347
7340,station-karnaphuli,PETROL,611,2026-01-07T08:45:00,185.77,0.0,185.77
7341,station-karnaphuli,OCTANE,611,2026-01-07T08:45:00,88.224,0.0,88.224
7342,station-coxsbazar,DIESEL,611,2026-01-07T08:45:00,93.44,0.0,93.44
7343,station-coxsbazar,PETROL,611,2026-01-07T08:45:00,100.905,0.0,100.905
7344,station-coxsbazar,OCTANE,611,2026-01-07T08:45:00,53.262,0.0,53.262
7345,station-mirpur,DIESEL,612,2026-01-07T09:00:00,118.586,0.0,118.586
7346,station-mirpur,PETROL,612,2026-01-07T09:00:00,173.969,0.0,173.969
7347,station-mirpur,OCTANE,612,2026-01-07T09:00:00,85.819,0.0,85.819
7348,station-tongi,DIESEL,612,2026-01-07T09:00:00,218.932,0.0,218.932
7349,station-tongi,PETROL,612,2026-01-07T09:00:00,72.297,0.0,72.297
7350,station-tongi,OCTANE,612,2026-01-07T09:00:00,36.341,0.0,36.341
7351,station-karnaphuli,DIESEL,612,2026-01-07T09:00:00,149.575,0.0,149.575
7352,station-karnaphuli,PETROL,612,2026-01-07T09:00:00,150.484,0.0,150.484
7353,station-karnaphuli,OCTANE,612,2026-01-07T09:00:00,102.573,0.0,102.573
7354,station-coxsbazar,DIESEL,612,2026-01-07T09:00:00,101.569,0.0,101.569
7355,station-coxsbazar,PETROL,612,2026-01-07T09:00:00,103.378,0.0,103.378
7356,station-coxsbazar,OCTANE,612,2026-01-07T09:00:00,52.348,0.0,52.348
7357,station-mirpur,DIESEL,613,2026-01-07T09:15:00,124.955,0.0,124.955
7358,station-mirpur,PETROL,613,2026-01-07T09:15:00,161.354,0.0,161.354
7359,station-mirpur,OCTANE,613,2026-01-07T09:15:00,91.048,0.0,91.048
7360,station-tongi,DIESEL,613,2026-01-07T09:15:00,237.75,0.0,237.75
7361,station-tongi,PETROL,613,2026-01-07T09:15:00,77.066,0.0,77.066
7362,station-tongi,OCTANE,613,2026-01-07T09:15:00,37.172,0.0,37.172
7363,station-karnaphuli,DIESEL,613,2026-01-07T09:15:00,147.161,0.0,147.161
7364,station-karnaphuli,PETROL,613,2026-01-07T09:15:00,175.229,0.0,175.229
7365,station-karnaphuli,OCTANE,613,2026-01-07T09:15:00,85.942,0.0,85.942
7366,station-coxsbazar,DIESEL,613,2026-01-07T09:15:00,101.186,0.0,101.186
7367,station-coxsbazar,PETROL,613,2026-01-07T09:15:00,110.032,0.0,110.032
7368,station-coxsbazar,OCTANE,613,2026-01-07T09:15:00,50.227,0.0,50.227
7369,station-mirpur,DIESEL,614,2026-01-07T09:30:00,117.772,0.0,117.772
7370,station-mirpur,PETROL,614,2026-01-07T09:30:00,173.606,0.0,173.606
7371,station-mirpur,OCTANE,614,2026-01-07T09:30:00,79.022,0.0,79.022
7372,station-tongi,DIESEL,614,2026-01-07T09:30:00,238.397,0.0,238.397
7373,station-tongi,PETROL,614,2026-01-07T09:30:00,68.675,0.0,68.675
7374,station-tongi,OCTANE,614,2026-01-07T09:30:00,38.058,0.0,38.058
7375,station-karnaphuli,DIESEL,614,2026-01-07T09:30:00,175.547,0.0,175.547
7376,station-karnaphuli,PETROL,614,2026-01-07T09:30:00,183.737,0.0,183.737
7377,station-karnaphuli,OCTANE,614,2026-01-07T09:30:00,84.371,0.0,84.371
7378,station-coxsbazar,DIESEL,614,2026-01-07T09:30:00,99.096,0.0,99.096
7379,station-coxsbazar,PETROL,614,2026-01-07T09:30:00,100.797,0.0,100.797
7380,station-coxsbazar,OCTANE,614,2026-01-07T09:30:00,50.866,0.0,50.866
7381,station-mirpur,DIESEL,615,2026-01-07T09:45:00,137.817,0.0,137.817
7382,station-mirpur,PETROL,615,2026-01-07T09:45:00,159.079,0.0,159.079
7383,station-mirpur,OCTANE,615,2026-01-07T09:45:00,81.099,0.0,81.099
7384,station-tongi,DIESEL,615,2026-01-07T09:45:00,208.257,0.0,208.257
7385,station-tongi,PETROL,615,2026-01-07T09:45:00,74.518,0.0,74.518
7386,station-tongi,OCTANE,615,2026-01-07T09:45:00,36.245,0.0,36.245
7387,station-karnaphuli,DIESEL,615,2026-01-07T09:45:00,173.758,0.0,173.758
7388,station-karnaphuli,PETROL,615,2026-01-07T09:45:00,151.192,0.0,151.192
7389,station-karnaphuli,OCTANE,615,2026-01-07T09:45:00,100.418,0.0,100.418
7390,station-coxsbazar,DIESEL,615,2026-01-07T09:45:00,102.485,0.0,102.485
7391,station-coxsbazar,PETROL,615,2026-01-07T09:45:00,105.516,0.0,105.516
7392,station-coxsbazar,OCTANE,615,2026-01-07T09:45:00,46.368,0.0,46.368
7393,station-mirpur,DIESEL,616,2026-01-07T10:00:00,66.931,0.0,66.931
7394,station-mirpur,PETROL,616,2026-01-07T10:00:00,80.72,0.0,80.72
7395,station-mirpur,OCTANE,616,2026-01-07T10:00:00,42.367,0.0,42.367
7396,station-tongi,DIESEL,616,2026-01-07T10:00:00,238.997,0.0,238.997
7397,station-tongi,PETROL,616,2026-01-07T10:00:00,73.064,0.0,73.064
7398,station-tongi,OCTANE,616,2026-01-07T10:00:00,35.344,0.0,35.344
7399,station-karnaphuli,DIESEL,616,2026-01-07T10:00:00,98.345,0.0,98.345
7400,station-karnaphuli,PETROL,616,2026-01-07T10:00:00,98.292,0.0,98.292
7401,station-karnaphuli,OCTANE,616,2026-01-07T10:00:00,53.095,0.0,53.095
7402,station-coxsbazar,DIESEL,616,2026-01-07T10:00:00,93.28,0.0,93.28
7403,station-coxsbazar,PETROL,616,2026-01-07T10:00:00,100.502,0.0,100.502
7404,station-coxsbazar,OCTANE,616,2026-01-07T10:00:00,50.94,0.0,50.94
7405,station-mirpur,DIESEL,617,2026-01-07T10:15:00,56.717,0.0,56.717
7406,station-mirpur,PETROL,617,2026-01-07T10:15:00,70.995,0.0,70.995
7407,station-mirpur,OCTANE,617,2026-01-07T10:15:00,44.821,0.0,44.821
7408,station-tongi,DIESEL,617,2026-01-07T10:15:00,229.358,0.0,229.358
7409,station-tongi,PETROL,617,2026-01-07T10:15:00,68.548,0.0,68.548
7410,station-tongi,OCTANE,617,2026-01-07T10:15:00,34.622,0.0,34.622
7411,station-karnaphuli,DIESEL,617,2026-01-07T10:15:00,80.541,0.0,80.541
7412,station-karnaphuli,PETROL,617,2026-01-07T10:15:00,87.031,0.0,87.031
7413,station-karnaphuli,OCTANE,617,2026-01-07T10:15:00,56.412,0.0,56.412
7414,station-coxsbazar,DIESEL,617,2026-01-07T10:15:00,97.202,0.0,97.202
7415,station-coxsbazar,PETROL,617,2026-01-07T10:15:00,110.493,0.0,110.493
7416,station-coxsbazar,OCTANE,617,2026-01-07T10:15:00,47.248,0.0,47.248
7417,station-mirpur,DIESEL,618,2026-01-07T10:30:00,65.54,0.0,65.54
7418,station-mirpur,PETROL,618,2026-01-07T10:30:00,73.803,0.0,73.803
7419,station-mirpur,OCTANE,618,2026-01-07T10:30:00,41.181,0.0,41.181
7420,station-tongi,DIESEL,618,2026-01-07T10:30:00,214.176,0.0,214.176
7421,station-tongi,PETROL,618,2026-01-07T10:30:00,73.895,0.0,73.895
7422,station-tongi,OCTANE,618,2026-01-07T10:30:00,34.176,0.0,34.176
7423,station-karnaphuli,DIESEL,618,2026-01-07T10:30:00,85.017,0.0,85.017
7424,station-karnaphuli,PETROL,618,2026-01-07T10:30:00,92.226,0.0,92.226
7425,station-karnaphuli,OCTANE,618,2026-01-07T10:30:00,47.196,0.0,47.196
7426,station-coxsbazar,DIESEL,618,2026-01-07T10:30:00,105.632,0.0,105.632
7427,station-coxsbazar,PETROL,618,2026-01-07T10:30:00,115.266,0.0,115.266
7428,station-coxsbazar,OCTANE,618,2026-01-07T10:30:00,50.691,0.0,50.691
7429,station-mirpur,DIESEL,619,2026-01-07T10:45:00,65.428,0.0,65.428
7430,station-mirpur,PETROL,619,2026-01-07T10:45:00,69.916,0.0,69.916
7431,station-mirpur,OCTANE,619,2026-01-07T10:45:00,43.97,0.0,43.97
7432,station-tongi,DIESEL,619,2026-01-07T10:45:00,237.733,0.0,237.733
7433,station-tongi,PETROL,619,2026-01-07T10:45:00,75.668,0.0,75.668
7434,station-tongi,OCTANE,619,2026-01-07T10:45:00,32.686,0.0,32.686
7435,station-karnaphuli,DIESEL,619,2026-01-07T10:45:00,81.589,0.0,81.589
7436,station-karnaphuli,PETROL,619,2026-01-07T10:45:00,83.74,0.0,83.74
7437,station-karnaphuli,OCTANE,619,2026-01-07T10:45:00,49.841,0.0,49.841
7438,station-coxsbazar,DIESEL,619,2026-01-07T10:45:00,103.32,0.0,103.32
7439,station-coxsbazar,PETROL,619,2026-01-07T10:45:00,115.417,0.0,115.417
7440,station-coxsbazar,OCTANE,619,2026-01-07T10:45:00,46.475,0.0,46.475
7441,station-mirpur,DIESEL,620,2026-01-07T11:00:00,55.827,0.0,55.827
7442,station-mirpur,PETROL,620,2026-01-07T11:00:00,71.907,0.0,71.907
7443,station-mirpur,OCTANE,620,2026-01-07T11:00:00,37.776,0.0,37.776
7444,station-tongi,DIESEL,620,2026-01-07T11:00:00,231.268,0.0,231.268
7445,station-tongi,PETROL,620,2026-01-07T11:00:00,74.787,0.0,74.787
7446,station-tongi,OCTANE,620,2026-01-07T11:00:00,35.156,0.0,35.156
7447,station-karnaphuli,DIESEL,620,2026-01-07T11:00:00,99.004,0.0,99.004
7448,station-karnaphuli,PETROL,620,2026-01-07T11:00:00,89.343,0.0,89.343
7449,station-karnaphuli,OCTANE,620,2026-01-07T11:00:00,54.77,0.0,54.77
7450,station-coxsbazar,DIESEL,620,2026-01-07T11:00:00,93.241,0.0,93.241
7451,station-coxsbazar,PETROL,620,2026-01-07T11:00:00,116.819,0.0,116.819
7452,station-coxsbazar,OCTANE,620,2026-01-07T11:00:00,51.409,0.0,51.409
7453,station-mirpur,DIESEL,621,2026-01-07T11:15:00,59.453,0.0,59.453
7454,station-mirpur,PETROL,621,2026-01-07T11:15:00,77.308,0.0,77.308
7455,station-mirpur,OCTANE,621,2026-01-07T11:15:00,39.042,0.0,39.042
7456,station-tongi,DIESEL,621,2026-01-07T11:15:00,234.14,0.0,234.14
7457,station-tongi,PETROL,621,2026-01-07T11:15:00,74.042,0.0,74.042
7458,station-tongi,OCTANE,621,2026-01-07T11:15:00,34.351,0.0,34.351
7459,station-karnaphuli,DIESEL,621,2026-01-07T11:15:00,82.134,0.0,82.134
7460,station-karnaphuli,PETROL,621,2026-01-07T11:15:00,86.66,0.0,86.66
7461,station-karnaphuli,OCTANE,621,2026-01-07T11:15:00,57.76,0.0,57.76
7462,station-coxsbazar,DIESEL,621,2026-01-07T11:15:00,108.522,0.0,108.522
7463,station-coxsbazar,PETROL,621,2026-01-07T11:15:00,104.549,0.0,104.549
7464,station-coxsbazar,OCTANE,621,2026-01-07T11:15:00,54.999,0.0,54.999
7465,station-mirpur,DIESEL,622,2026-01-07T11:30:00,61.795,0.0,61.795
7466,station-mirpur,PETROL,622,2026-01-07T11:30:00,70.986,0.0,70.986
7467,station-mirpur,OCTANE,622,2026-01-07T11:30:00,38.756,0.0,38.756
7468,station-tongi,DIESEL,622,2026-01-07T11:30:00,226.763,0.0,226.763
7469,station-tongi,PETROL,622,2026-01-07T11:30:00,73.712,0.0,73.712
7470,station-tongi,OCTANE,622,2026-01-07T11:30:00,32.879,0.0,32.879
7471,station-karnaphuli,DIESEL,622,2026-01-07T11:30:00,79.174,0.0,79.174
7472,station-karnaphuli,PETROL,622,2026-01-07T11:30:00,89.289,0.0,89.289
7473,station-karnaphuli,OCTANE,622,2026-01-07T11:30:00,49.274,0.0,49.274
7474,station-coxsbazar,DIESEL,622,2026-01-07T11:30:00,100.682,0.0,100.682
7475,station-coxsbazar,PETROL,622,2026-01-07T11:30:00,101.353,0.0,101.353
7476,station-coxsbazar,OCTANE,622,2026-01-07T11:30:00,55.32,0.0,55.32
7477,station-mirpur,DIESEL,623,2026-01-07T11:45:00,62.741,0.0,62.741
7478,station-mirpur,PETROL,623,2026-01-07T11:45:00,79.126,0.0,79.126
7479,station-mirpur,OCTANE,623,2026-01-07T11:45:00,44.349,0.0,44.349
7480,station-tongi,DIESEL,623,2026-01-07T11:45:00,208.353,0.0,208.353
7481,station-tongi,PETROL,623,2026-01-07T11:45:00,69.879,0.0,69.879
7482,station-tongi,OCTANE,623,2026-01-07T11:45:00,33.918,0.0,33.918
7483,station-karnaphuli,DIESEL,623,2026-01-07T11:45:00,82.714,0.0,82.714
7484,station-karnaphuli,PETROL,623,2026-01-07T11:45:00,92.381,0.0,92.381
7485,station-karnaphuli,OCTANE,623,2026-01-07T11:45:00,53.623,0.0,53.623
7486,station-coxsbazar,DIESEL,623,2026-01-07T11:45:00,94.444,0.0,94.444
7487,station-coxsbazar,PETROL,623,2026-01-07T11:45:00,107.648,0.0,107.648
7488,station-coxsbazar,OCTANE,623,2026-01-07T11:45:00,50.829,0.0,50.829
7489,station-mirpur,DIESEL,624,2026-01-07T12:00:00,64.558,0.0,64.558
7490,station-mirpur,PETROL,624,2026-01-07T12:00:00,77.138,0.0,77.138
7491,station-mirpur,OCTANE,624,2026-01-07T12:00:00,44.904,0.0,44.904
7492,station-tongi,DIESEL,624,2026-01-07T12:00:00,227.401,0.0,227.401
7493,station-tongi,PETROL,624,2026-01-07T12:00:00,76.117,0.0,76.117
7494,station-tongi,OCTANE,624,2026-01-07T12:00:00,38.121,0.0,38.121
7495,station-karnaphuli,DIESEL,624,2026-01-07T12:00:00,94.821,0.0,94.821
7496,station-karnaphuli,PETROL,624,2026-01-07T12:00:00,87.129,0.0,87.129
7497,station-karnaphuli,OCTANE,624,2026-01-07T12:00:00,49.589,0.0,49.589
7498,station-coxsbazar,DIESEL,624,2026-01-07T12:00:00,105.014,0.0,105.014
7499,station-coxsbazar,PETROL,624,2026-01-07T12:00:00,103.017,0.0,103.017
7500,station-coxsbazar,OCTANE,624,2026-01-07T12:00:00,48.707,0.0,48.707
7501,station-mirpur,DIESEL,625,2026-01-07T12:15:00,57.145,0.0,57.145
7502,station-mirpur,PETROL,625,2026-01-07T12:15:00,76.729,0.0,76.729
7503,station-mirpur,OCTANE,625,2026-01-07T12:15:00,36.773,0.0,36.773
7504,station-tongi,DIESEL,625,2026-01-07T12:15:00,224.136,0.0,224.136
7505,station-tongi,PETROL,625,2026-01-07T12:15:00,76.374,0.0,76.374
7506,station-tongi,OCTANE,625,2026-01-07T12:15:00,35.905,0.0,35.905
7507,station-karnaphuli,DIESEL,625,2026-01-07T12:15:00,79.556,0.0,79.556
7508,station-karnaphuli,PETROL,625,2026-01-07T12:15:00,87.411,0.0,87.411
7509,station-karnaphuli,OCTANE,625,2026-01-07T12:15:00,51.445,0.0,51.445
7510,station-coxsbazar,DIESEL,625,2026-01-07T12:15:00,110.134,0.0,110.134
7511,station-coxsbazar,PETROL,625,2026-01-07T12:15:00,111.712,0.0,111.712
7512,station-coxsbazar,OCTANE,625,2026-01-07T12:15:00,53.138,0.0,53.138
7513,station-mirpur,DIESEL,626,2026-01-07T12:30:00,63.462,0.0,63.462
7514,station-mirpur,PETROL,626,2026-01-07T12:30:00,79.169,0.0,79.169
7515,station-mirpur,OCTANE,626,2026-01-07T12:30:00,39.929,0.0,39.929
7516,station-tongi,DIESEL,626,2026-01-07T12:30:00,236.048,0.0,236.048
7517,station-tongi,PETROL,626,2026-01-07T12:30:00,67.025,0.0,67.025
7518,station-tongi,OCTANE,626,2026-01-07T12:30:00,34.044,0.0,34.044
7519,station-karnaphuli,DIESEL,626,2026-01-07T12:30:00,94.505,0.0,94.505
7520,station-karnaphuli,PETROL,626,2026-01-07T12:30:00,100.161,0.0,100.161
7521,station-karnaphuli,OCTANE,626,2026-01-07T12:30:00,55.725,0.0,55.725
7522,station-coxsbazar,DIESEL,626,2026-01-07T12:30:00,98.826,0.0,98.826
7523,station-coxsbazar,PETROL,626,2026-01-07T12:30:00,112.231,0.0,112.231
7524,station-coxsbazar,OCTANE,626,2026-01-07T12:30:00,52.477,0.0,52.477
7525,station-mirpur,DIESEL,627,2026-01-07T12:45:00,59.058,0.0,59.058
7526,station-mirpur,PETROL,627,2026-01-07T12:45:00,82.477,0.0,82.477
7527,station-mirpur,OCTANE,627,2026-01-07T12:45:00,40.601,0.0,40.601
7528,station-tongi,DIESEL,627,2026-01-07T12:45:00,218.028,0.0,218.028
7529,station-tongi,PETROL,627,2026-01-07T12:45:00,73.52,0.0,73.52
7530,station-tongi,OCTANE,627,2026-01-07T12:45:00,34.092,0.0,34.092
7531,station-karnaphuli,DIESEL,627,2026-01-07T12:45:00,78.104,0.0,78.104
7532,station-karnaphuli,PETROL,627,2026-01-07T12:45:00,82.484,0.0,82.484
7533,station-karnaphuli,OCTANE,627,2026-01-07T12:45:00,49.541,0.0,49.541
7534,station-coxsbazar,DIESEL,627,2026-01-07T12:45:00,107.74,0.0,107.74
7535,station-coxsbazar,PETROL,627,2026-01-07T12:45:00,96.421,0.0,96.421
7536,station-coxsbazar,OCTANE,627,2026-01-07T12:45:00,48.966,0.0,48.966
7537,station-mirpur,DIESEL,628,2026-01-07T13:00:00,56.903,0.0,56.903
7538,station-mirpur,PETROL,628,2026-01-07T13:00:00,71.308,0.0,71.308
7539,station-mirpur,OCTANE,628,2026-01-07T13:00:00,41.961,0.0,41.961
7540,station-tongi,DIESEL,628,2026-01-07T13:00:00,241.538,0.0,241.538
7541,station-tongi,PETROL,628,2026-01-07T13:00:00,78.036,0.0,78.036
7542,station-tongi,OCTANE,628,2026-01-07T13:00:00,34.157,0.0,34.157
7543,station-karnaphuli,DIESEL,628,2026-01-07T13:00:00,85.747,0.0,85.747
7544,station-karnaphuli,PETROL,628,2026-01-07T13:00:00,82.393,0.0,82.393
7545,station-karnaphuli,OCTANE,628,2026-01-07T13:00:00,57.656,0.0,57.656
7546,station-coxsbazar,DIESEL,628,2026-01-07T13:00:00,110.422,0.0,110.422
7547,station-coxsbazar,PETROL,628,2026-01-07T13:00:00,103.79,0.0,103.79
7548,station-coxsbazar,OCTANE,628,2026-01-07T13:00:00,48.21,0.0,48.21
7549,station-mirpur,DIESEL,629,2026-01-07T13:15:00,64.171,0.0,64.171
7550,station-mirpur,PETROL,629,2026-01-07T13:15:00,68.944,0.0,68.944
7551,station-mirpur,OCTANE,629,2026-01-07T13:15:00,38.97,0.0,38.97
7552,station-tongi,DIESEL,629,2026-01-07T13:15:00,210.587,0.0,210.587
7553,station-tongi,PETROL,629,2026-01-07T13:15:00,72.357,0.0,72.357
7554,station-tongi,OCTANE,629,2026-01-07T13:15:00,35.448,0.0,35.448
7555,station-karnaphuli,DIESEL,629,2026-01-07T13:15:00,80.737,0.0,80.737
7556,station-karnaphuli,PETROL,629,2026-01-07T13:15:00,85.96,0.0,85.96
7557,station-karnaphuli,OCTANE,629,2026-01-07T13:15:00,54.198,0.0,54.198
7558,station-coxsbazar,DIESEL,629,2026-01-07T13:15:00,109.242,0.0,109.242
7559,station-coxsbazar,PETROL,629,2026-01-07T13:15:00,100.89,0.0,100.89
7560,station-coxsbazar,OCTANE,629,2026-01-07T13:15:00,54.825,0.0,54.825
7561,station-mirpur,DIESEL,630,2026-01-07T13:30:00,63.211,0.0,63.211
7562,station-mirpur,PETROL,630,2026-01-07T13:30:00,71.318,0.0,71.318
7563,station-mirpur,OCTANE,630,2026-01-07T13:30:00,38.188,0.0,38.188
7564,station-tongi,DIESEL,630,2026-01-07T13:30:00,209.314,0.0,209.314
7565,station-tongi,PETROL,630,2026-01-07T13:30:00,73.167,0.0,73.167
7566,station-tongi,OCTANE,630,2026-01-07T13:30:00,34.603,0.0,34.603
7567,station-karnaphuli,DIESEL,630,2026-01-07T13:30:00,95.285,0.0,95.285
7568,station-karnaphuli,PETROL,630,2026-01-07T13:30:00,94.865,0.0,94.865
7569,station-karnaphuli,OCTANE,630,2026-01-07T13:30:00,47.766,0.0,47.766
7570,station-coxsbazar,DIESEL,630,2026-01-07T13:30:00,95.914,0.0,95.914
7571,station-coxsbazar,PETROL,630,2026-01-07T13:30:00,115.37,0.0,115.37
7572,station-coxsbazar,OCTANE,630,2026-01-07T13:30:00,50.563,0.0,50.563
7573,station-mirpur,DIESEL,631,2026-01-07T13:45:00,61.803,0.0,61.803
7574,station-mirpur,PETROL,631,2026-01-07T13:45:00,72.072,0.0,72.072
7575,station-mirpur,OCTANE,631,2026-01-07T13:45:00,44.102,0.0,44.102
7576,station-tongi,DIESEL,631,2026-01-07T13:45:00,208.434,0.0,208.434
7577,station-tongi,PETROL,631,2026-01-07T13:45:00,67.864,0.0,67.864
7578,station-tongi,OCTANE,631,2026-01-07T13:45:00,36.053,0.0,36.053
7579,station-karnaphuli,DIESEL,631,2026-01-07T13:45:00,84.026,0.0,84.026
7580,station-karnaphuli,PETROL,631,2026-01-07T13:45:00,93.901,0.0,93.901
7581,station-karnaphuli,OCTANE,631,2026-01-07T13:45:00,47.404,0.0,47.404
7582,station-coxsbazar,DIESEL,631,2026-01-07T13:45:00,93.007,0.0,93.007
7583,station-coxsbazar,PETROL,631,2026-01-07T13:45:00,115.148,0.0,115.148
7584,station-coxsbazar,OCTANE,631,2026-01-07T13:45:00,52.577,0.0,52.577
7585,station-mirpur,DIESEL,632,2026-01-07T14:00:00,61.39,0.0,61.39
7586,station-mirpur,PETROL,632,2026-01-07T14:00:00,78.906,0.0,78.906
7587,station-mirpur,OCTANE,632,2026-01-07T14:00:00,39.483,0.0,39.483
7588,station-tongi,DIESEL,632,2026-01-07T14:00:00,211.033,0.0,211.033
7589,station-tongi,PETROL,632,2026-01-07T14:00:00,77.512,0.0,77.512
7590,station-tongi,OCTANE,632,2026-01-07T14:00:00,38.336,0.0,38.336
7591,station-karnaphuli,DIESEL,632,2026-01-07T14:00:00,81.54,0.0,81.54
7592,station-karnaphuli,PETROL,632,2026-01-07T14:00:00,101.928,0.0,101.928
7593,station-karnaphuli,OCTANE,632,2026-01-07T14:00:00,52.1,0.0,52.1
7594,station-coxsbazar,DIESEL,632,2026-01-07T14:00:00,99.455,0.0,99.455
7595,station-coxsbazar,PETROL,632,2026-01-07T14:00:00,112.567,0.0,112.567
7596,station-coxsbazar,OCTANE,632,2026-01-07T14:00:00,47.649,0.0,47.649
7597,station-mirpur,DIESEL,633,2026-01-07T14:15:00,60.548,0.0,60.548
7598,station-mirpur,PETROL,633,2026-01-07T14:15:00,81.867,0.0,81.867
7599,station-mirpur,OCTANE,633,2026-01-07T14:15:00,41.976,0.0,41.976
7600,station-tongi,DIESEL,633,2026-01-07T14:15:00,217.813,0.0,217.813
7601,station-tongi,PETROL,633,2026-01-07T14:15:00,72.065,0.0,72.065
7602,station-tongi,OCTANE,633,2026-01-07T14:15:00,33.372,0.0,33.372
7603,station-karnaphuli,DIESEL,633,2026-01-07T14:15:00,80.224,0.0,80.224
7604,station-karnaphuli,PETROL,633,2026-01-07T14:15:00,99.302,0.0,99.302
7605,station-karnaphuli,OCTANE,633,2026-01-07T14:15:00,51.964,0.0,51.964
7606,station-coxsbazar,DIESEL,633,2026-01-07T14:15:00,103.981,0.0,103.981
7607,station-coxsbazar,PETROL,633,2026-01-07T14:15:00,111.006,0.0,111.006
7608,station-coxsbazar,OCTANE,633,2026-01-07T14:15:00,48.598,0.0,48.598
7609,station-mirpur,DIESEL,634,2026-01-07T14:30:00,67.841,0.0,67.841
7610,station-mirpur,PETROL,634,2026-01-07T14:30:00,74.421,0.0,74.421
7611,station-mirpur,OCTANE,634,2026-01-07T14:30:00,43.756,0.0,43.756
7612,station-tongi,DIESEL,634,2026-01-07T14:30:00,241.337,0.0,241.337
7613,station-tongi,PETROL,634,2026-01-07T14:30:00,67.988,0.0,67.988
7614,station-tongi,OCTANE,634,2026-01-07T14:30:00,33.437,0.0,33.437
7615,station-karnaphuli,DIESEL,634,2026-01-07T14:30:00,96.524,0.0,96.524
7616,station-karnaphuli,PETROL,634,2026-01-07T14:30:00,92.06,0.0,92.06
7617,station-karnaphuli,OCTANE,634,2026-01-07T14:30:00,54.961,0.0,54.961
7618,station-coxsbazar,DIESEL,634,2026-01-07T14:30:00,95.814,0.0,95.814
7619,station-coxsbazar,PETROL,634,2026-01-07T14:30:00,113.851,0.0,113.851
7620,station-coxsbazar,OCTANE,634,2026-01-07T14:30:00,51.348,0.0,51.348
7621,station-mirpur,DIESEL,635,2026-01-07T14:45:00,57.327,0.0,57.327
7622,station-mirpur,PETROL,635,2026-01-07T14:45:00,83.022,0.0,83.022
7623,station-mirpur,OCTANE,635,2026-01-07T14:45:00,42.28,0.0,42.28
7624,station-tongi,DIESEL,635,2026-01-07T14:45:00,221.24,0.0,221.24
7625,station-tongi,PETROL,635,2026-01-07T14:45:00,71.351,0.0,71.351
7626,station-tongi,OCTANE,635,2026-01-07T14:45:00,35.727,0.0,35.727
7627,station-karnaphuli,DIESEL,635,2026-01-07T14:45:00,85.538,0.0,85.538
7628,station-karnaphuli,PETROL,635,2026-01-07T14:45:00,88.292,0.0,88.292
7629,station-karnaphuli,OCTANE,635,2026-01-07T14:45:00,54.008,0.0,54.008
7630,station-coxsbazar,DIESEL,635,2026-01-07T14:45:00,107.545,0.0,107.545
7631,station-coxsbazar,PETROL,635,2026-01-07T14:45:00,108.294,0.0,108.294
7632,station-coxsbazar,OCTANE,635,2026-01-07T14:45:00,47.102,0.0,47.102
7633,station-mirpur,DIESEL,636,2026-01-07T15:00:00,56.736,0.0,56.736
7634,station-mirpur,PETROL,636,2026-01-07T15:00:00,73.324,0.0,73.324
7635,station-mirpur,OCTANE,636,2026-01-07T15:00:00,43.977,0.0,43.977
7636,station-tongi,DIESEL,636,2026-01-07T15:00:00,208.171,0.0,208.171
7637,station-tongi,PETROL,636,2026-01-07T15:00:00,72.348,0.0,72.348
7638,station-tongi,OCTANE,636,2026-01-07T15:00:00,36.908,0.0,36.908
7639,station-karnaphuli,DIESEL,636,2026-01-07T15:00:00,79.285,0.0,79.285
7640,station-karnaphuli,PETROL,636,2026-01-07T15:00:00,88.537,0.0,88.537
7641,station-karnaphuli,OCTANE,636,2026-01-07T15:00:00,49.34,0.0,49.34
7642,station-coxsbazar,DIESEL,636,2026-01-07T15:00:00,102.308,0.0,102.308
7643,station-coxsbazar,PETROL,636,2026-01-07T15:00:00,115.511,0.0,115.511
7644,station-coxsbazar,OCTANE,636,2026-01-07T15:00:00,46.095,0.0,46.095
7645,station-mirpur,DIESEL,637,2026-01-07T15:15:00,63.841,0.0,63.841
7646,station-mirpur,PETROL,637,2026-01-07T15:15:00,77.78,0.0,77.78
7647,station-mirpur,OCTANE,637,2026-01-07T15:15:00,37.195,0.0,37.195
7648,station-tongi,DIESEL,637,2026-01-07T15:15:00,219.525,0.0,219.525
7649,station-tongi,PETROL,637,2026-01-07T15:15:00,75.248,0.0,75.248
7650,station-tongi,OCTANE,637,2026-01-07T15:15:00,35.006,0.0,35.006
7651,station-karnaphuli,DIESEL,637,2026-01-07T15:15:00,80.17,0.0,80.17
7652,station-karnaphuli,PETROL,637,2026-01-07T15:15:00,83.483,0.0,83.483
7653,station-karnaphuli,OCTANE,637,2026-01-07T15:15:00,49.634,0.0,49.634
7654,station-coxsbazar,DIESEL,637,2026-01-07T15:15:00,96.972,0.0,96.972
7655,station-coxsbazar,PETROL,637,2026-01-07T15:15:00,106.393,0.0,106.393
7656,station-coxsbazar,OCTANE,637,2026-01-07T15:15:00,47.29,0.0,47.29
7657,station-mirpur,DIESEL,638,2026-01-07T15:30:00,59.289,0.0,59.289
7658,station-mirpur,PETROL,638,2026-01-07T15:30:00,78.061,0.0,78.061
7659,station-mirpur,OCTANE,638,2026-01-07T15:30:00,40.971,0.0,40.971
7660,station-tongi,DIESEL,638,2026-01-07T15:30:00,242.325,0.0,242.325
7661,station-tongi,PETROL,638,2026-01-07T15:30:00,68.363,0.0,68.363
7662,station-tongi,OCTANE,638,2026-01-07T15:30:00,34.98,0.0,34.98
7663,station-karnaphuli,DIESEL,638,2026-01-07T15:30:00,92.642,0.0,92.642
7664,station-karnaphuli,PETROL,638,2026-01-07T15:30:00,82.351,0.0,82.351
7665,station-karnaphuli,OCTANE,638,2026-01-07T15:30:00,46.795,0.0,46.795
7666,station-coxsbazar,DIESEL,638,2026-01-07T15:30:00,101.251,0.0,101.251
7667,station-coxsbazar,PETROL,638,2026-01-07T15:30:00,105.745,0.0,105.745
7668,station-coxsbazar,OCTANE,638,2026-01-07T15:30:00,48.163,0.0,48.163
7669,station-mirpur,DIESEL,639,2026-01-07T15:45:00,60.395,0.0,60.395
7670,station-mirpur,PETROL,639,2026-01-07T15:45:00,80.755,0.0,80.755
7671,station-mirpur,OCTANE,639,2026-01-07T15:45:00,42.25,0.0,42.25
7672,station-tongi,DIESEL,639,2026-01-07T15:45:00,235.409,0.0,235.409
7673,station-tongi,PETROL,639,2026-01-07T15:45:00,70.709,0.0,70.709
7674,station-tongi,OCTANE,639,2026-01-07T15:45:00,37.695,0.0,37.695
7675,station-karnaphuli,DIESEL,639,2026-01-07T15:45:00,93.042,0.0,93.042
7676,station-karnaphuli,PETROL,639,2026-01-07T15:45:00,84.326,0.0,84.326
7677,station-karnaphuli,OCTANE,639,2026-01-07T15:45:00,57.381,0.0,57.381
7678,station-coxsbazar,DIESEL,639,2026-01-07T15:45:00,109.892,0.0,109.892
7679,station-coxsbazar,PETROL,639,2026-01-07T15:45:00,101.697,0.0,101.697
7680,station-coxsbazar,OCTANE,639,2026-01-07T15:45:00,47.595,0.0,47.595
7681,station-mirpur,DIESEL,640,2026-01-07T16:00:00,126.382,0.0,126.382
7682,station-mirpur,PETROL,640,2026-01-07T16:00:00,162.974,0.0,162.974
7683,station-mirpur,OCTANE,640,2026-01-07T16:00:00,89.819,0.0,89.819
7684,station-tongi,DIESEL,640,2026-01-07T16:00:00,230.719,0.0,230.719
7685,station-tongi,PETROL,640,2026-01-07T16:00:00,75.723,0.0,75.723
7686,station-tongi,OCTANE,640,2026-01-07T16:00:00,35.188,0.0,35.188
7687,station-karnaphuli,DIESEL,640,2026-01-07T16:00:00,146.178,0.0,146.178
7688,station-karnaphuli,PETROL,640,2026-01-07T16:00:00,182.943,0.0,182.943
7689,station-karnaphuli,OCTANE,640,2026-01-07T16:00:00,90.611,0.0,90.611
7690,station-coxsbazar,DIESEL,640,2026-01-07T16:00:00,97.165,0.0,97.165
7691,station-coxsbazar,PETROL,640,2026-01-07T16:00:00,99.965,0.0,99.965
7692,station-coxsbazar,OCTANE,640,2026-01-07T16:00:00,50.292,0.0,50.292
7693,station-mirpur,DIESEL,641,2026-01-07T16:15:00,122.866,0.0,122.866
7694,station-mirpur,PETROL,641,2026-01-07T16:15:00,146.096,0.0,146.096
7695,station-mirpur,OCTANE,641,2026-01-07T16:15:00,79.931,0.0,79.931
7696,station-tongi,DIESEL,641,2026-01-07T16:15:00,213.173,0.0,213.173
7697,station-tongi,PETROL,641,2026-01-07T16:15:00,76.737,0.0,76.737
7698,station-tongi,OCTANE,641,2026-01-07T16:15:00,34.489,0.0,34.489
7699,station-karnaphuli,DIESEL,641,2026-01-07T16:15:00,172.012,0.0,172.012
7700,station-karnaphuli,PETROL,641,2026-01-07T16:15:00,149.511,0.0,149.511
7701,station-karnaphuli,OCTANE,641,2026-01-07T16:15:00,85.181,0.0,85.181
7702,station-coxsbazar,DIESEL,641,2026-01-07T16:15:00,98.695,0.0,98.695
7703,station-coxsbazar,PETROL,641,2026-01-07T16:15:00,108.117,0.0,108.117
7704,station-coxsbazar,OCTANE,641,2026-01-07T16:15:00,50.605,0.0,50.605
7705,station-mirpur,DIESEL,642,2026-01-07T16:30:00,141.195,0.0,141.195
7706,station-mirpur,PETROL,642,2026-01-07T16:30:00,147.917,0.0,147.917
7707,station-mirpur,OCTANE,642,2026-01-07T16:30:00,82.189,0.0,82.189
7708,station-tongi,DIESEL,642,2026-01-07T16:30:00,242.565,0.0,242.565
7709,station-tongi,PETROL,642,2026-01-07T16:30:00,68.626,0.0,68.626
7710,station-tongi,OCTANE,642,2026-01-07T16:30:00,33.699,0.0,33.699
7711,station-karnaphuli,DIESEL,642,2026-01-07T16:30:00,159.338,0.0,159.338
7712,station-karnaphuli,PETROL,642,2026-01-07T16:30:00,162.978,0.0,162.978
7713,station-karnaphuli,OCTANE,642,2026-01-07T16:30:00,92.935,0.0,92.935
7714,station-coxsbazar,DIESEL,642,2026-01-07T16:30:00,99.404,0.0,99.404
7715,station-coxsbazar,PETROL,642,2026-01-07T16:30:00,107.408,0.0,107.408
7716,station-coxsbazar,OCTANE,642,2026-01-07T16:30:00,48.286,0.0,48.286
7717,station-mirpur,DIESEL,643,2026-01-07T16:45:00,135.813,0.0,135.813
7718,station-mirpur,PETROL,643,2026-01-07T16:45:00,167.681,0.0,167.681
7719,station-mirpur,OCTANE,643,2026-01-07T16:45:00,92.425,0.0,92.425
7720,station-tongi,DIESEL,643,2026-01-07T16:45:00,236.982,0.0,236.982
7721,station-tongi,PETROL,643,2026-01-07T16:45:00,71.838,0.0,71.838
7722,station-tongi,OCTANE,643,2026-01-07T16:45:00,37.664,0.0,37.664
7723,station-karnaphuli,DIESEL,643,2026-01-07T16:45:00,173.826,0.0,173.826
7724,station-karnaphuli,PETROL,643,2026-01-07T16:45:00,154.787,0.0,154.787
7725,station-karnaphuli,OCTANE,643,2026-01-07T16:45:00,97.651,0.0,97.651
7726,station-coxsbazar,DIESEL,643,2026-01-07T16:45:00,94.954,0.0,94.954
7727,station-coxsbazar,PETROL,643,2026-01-07T16:45:00,113.093,0.0,113.093
7728,station-coxsbazar,OCTANE,643,2026-01-07T16:45:00,51.691,0.0,51.691
7729,station-mirpur,DIESEL,644,2026-01-07T17:00:00,134.862,0.0,134.862
7730,station-mirpur,PETROL,644,2026-01-07T17:00:00,167.701,0.0,167.701
7731,station-mirpur,OCTANE,644,2026-01-07T17:00:00,88.335,0.0,88.335
7732,station-tongi,DIESEL,644,2026-01-07T17:00:00,227.92,0.0,227.92
7733,station-tongi,PETROL,644,2026-01-07T17:00:00,69.101,0.0,69.101
7734,station-tongi,OCTANE,644,2026-01-07T17:00:00,32.967,0.0,32.967
7735,station-karnaphuli,DIESEL,644,2026-01-07T17:00:00,152.312,0.0,152.312
7736,station-karnaphuli,PETROL,644,2026-01-07T17:00:00,176.679,0.0,176.679
7737,station-karnaphuli,OCTANE,644,2026-01-07T17:00:00,90.994,0.0,90.994
7738,station-coxsbazar,DIESEL,644,2026-01-07T17:00:00,111.004,0.0,111.004
7739,station-coxsbazar,PETROL,644,2026-01-07T17:00:00,114.683,0.0,114.683
7740,station-coxsbazar,OCTANE,644,2026-01-07T17:00:00,46.858,0.0,46.858
7741,station-mirpur,DIESEL,645,2026-01-07T17:15:00,129.411,0.0,129.411
7742,station-mirpur,PETROL,645,2026-01-07T17:15:00,147.382,0.0,147.382
7743,station-mirpur,OCTANE,645,2026-01-07T17:15:00,82.246,0.0,82.246
7744,station-tongi,DIESEL,645,2026-01-07T17:15:00,218.21,0.0,218.21
7745,station-tongi,PETROL,645,2026-01-07T17:15:00,72.046,0.0,72.046
7746,station-tongi,OCTANE,645,2026-01-07T17:15:00,38.341,0.0,38.341
7747,station-karnaphuli,DIESEL,645,2026-01-07T17:15:00,170.053,0.0,170.053
7748,station-karnaphuli,PETROL,645,2026-01-07T17:15:00,185.337,0.0,185.337
7749,station-karnaphuli,OCTANE,645,2026-01-07T17:15:00,85.971,0.0,85.971
7750,station-coxsbazar,DIESEL,645,2026-01-07T17:15:00,106.142,0.0,106.142
7751,station-coxsbazar,PETROL,645,2026-01-07T17:15:00,98.739,0.0,98.739
7752,station-coxsbazar,OCTANE,645,2026-01-07T17:15:00,45.672,0.0,45.672
7753,station-mirpur,DIESEL,646,2026-01-07T17:30:00,132.408,0.0,132.408
7754,station-mirpur,PETROL,646,2026-01-07T17:30:00,174.151,0.0,174.151
7755,station-mirpur,OCTANE,646,2026-01-07T17:30:00,79.974,0.0,79.974
7756,station-tongi,DIESEL,646,2026-01-07T17:30:00,236.045,0.0,236.045
7757,station-tongi,PETROL,646,2026-01-07T17:30:00,71.559,0.0,71.559
7758,station-tongi,OCTANE,646,2026-01-07T17:30:00,34.912,0.0,34.912
7759,station-karnaphuli,DIESEL,646,2026-01-07T17:30:00,169.319,0.0,169.319
7760,station-karnaphuli,PETROL,646,2026-01-07T17:30:00,183.293,0.0,183.293
7761,station-karnaphuli,OCTANE,646,2026-01-07T17:30:00,83.75,0.0,83.75
7762,station-coxsbazar,DIESEL,646,2026-01-07T17:30:00,99.353,0.0,99.353
7763,station-coxsbazar,PETROL,646,2026-01-07T17:30:00,109.963,0.0,109.963
7764,station-coxsbazar,OCTANE,646,2026-01-07T17:30:00,53.317,0.0,53.317
7765,station-mirpur,DIESEL,647,2026-01-07T17:45:00,123.264,0.0,123.264
7766,station-mirpur,PETROL,647,2026-01-07T17:45:00,157.304,0.0,157.304
7767,station-mirpur,OCTANE,647,2026-01-07T17:45:00,84.241,0.0,84.241
7768,station-tongi,DIESEL,647,2026-01-07T17:45:00,225.21,0.0,225.21
7769,station-tongi,PETROL,647,2026-01-07T17:45:00,77.336,0.0,77.336
7770,station-tongi,OCTANE,647,2026-01-07T17:45:00,33.702,0.0,33.702
7771,station-karnaphuli,DIESEL,647,2026-01-07T17:45:00,171.813,0.0,171.813
7772,station-karnaphuli,PETROL,647,2026-01-07T17:45:00,160.623,0.0,160.623
7773,station-karnaphuli,OCTANE,647,2026-01-07T17:45:00,89.667,0.0,89.667
7774,station-coxsbazar,DIESEL,647,2026-01-07T17:45:00,97.067,0.0,97.067
7775,station-coxsbazar,PETROL,647,2026-01-07T17:45:00,117.503,0.0,117.503
7776,station-coxsbazar,OCTANE,647,2026-01-07T17:45:00,53.111,0.0,53.111
7777,station-mirpur,DIESEL,648,2026-01-07T18:00:00,128.299,0.0,128.299
7778,station-mirpur,PETROL,648,2026-01-07T18:00:00,143.764,0.0,143.764
7779,station-mirpur,OCTANE,648,2026-01-07T18:00:00,90.97,0.0,90.97
7780,station-tongi,DIESEL,648,2026-01-07T18:00:00,63.726,0.0,63.726
7781,station-tongi,PETROL,648,2026-01-07T18:00:00,20.903,0.0,20.903
7782,station-tongi,OCTANE,648,2026-01-07T18:00:00,9.773,0.0,9.773
7783,station-karnaphuli,DIESEL,648,2026-01-07T18:00:00,146.851,0.0,146.851
7784,station-karnaphuli,PETROL,648,2026-01-07T18:00:00,172.537,0.0,172.537
7785,station-karnaphuli,OCTANE,648,2026-01-07T18:00:00,92.867,0.0,92.867
7786,station-coxsbazar,DIESEL,648,2026-01-07T18:00:00,94.937,0.0,94.937
7787,station-coxsbazar,PETROL,648,2026-01-07T18:00:00,117.334,0.0,117.334
7788,station-coxsbazar,OCTANE,648,2026-01-07T18:00:00,50.517,0.0,50.517
7789,station-mirpur,DIESEL,649,2026-01-07T18:15:00,133.803,0.0,133.803
7790,station-mirpur,PETROL,649,2026-01-07T18:15:00,165.549,0.0,165.549
7791,station-mirpur,OCTANE,649,2026-01-07T18:15:00,91.792,0.0,91.792
7792,station-tongi,DIESEL,649,2026-01-07T18:15:00,62.632,0.0,62.632
7793,station-tongi,PETROL,649,2026-01-07T18:15:00,20.057,0.0,20.057
7794,station-tongi,OCTANE,649,2026-01-07T18:15:00,9.998,0.0,9.998
7795,station-karnaphuli,DIESEL,649,2026-01-07T18:15:00,151.799,0.0,151.799
7796,station-karnaphuli,PETROL,649,2026-01-07T18:15:00,174.798,0.0,174.798
7797,station-karnaphuli,OCTANE,649,2026-01-07T18:15:00,91.803,0.0,91.803
7798,station-coxsbazar,DIESEL,649,2026-01-07T18:15:00,104.615,0.0,104.615
7799,station-coxsbazar,PETROL,649,2026-01-07T18:15:00,108.109,0.0,108.109
7800,station-coxsbazar,OCTANE,649,2026-01-07T18:15:00,51.925,0.0,51.925
7801,station-mirpur,DIESEL,650,2026-01-07T18:30:00,121.35,0.0,121.35
7802,station-mirpur,PETROL,650,2026-01-07T18:30:00,152.922,0.0,152.922
7803,station-mirpur,OCTANE,650,2026-01-07T18:30:00,87.316,0.0,87.316
7804,station-tongi,DIESEL,650,2026-01-07T18:30:00,64.78,0.0,64.78
7805,station-tongi,PETROL,650,2026-01-07T18:30:00,19.83,0.0,19.83
7806,station-tongi,OCTANE,650,2026-01-07T18:30:00,10.943,0.0,10.943
7807,station-karnaphuli,DIESEL,650,2026-01-07T18:30:00,160.751,0.0,160.751
7808,station-karnaphuli,PETROL,650,2026-01-07T18:30:00,154.324,0.0,154.324
7809,station-karnaphuli,OCTANE,650,2026-01-07T18:30:00,86.399,0.0,86.399
7810,station-coxsbazar,DIESEL,650,2026-01-07T18:30:00,107.43,0.0,107.43
7811,station-coxsbazar,PETROL,650,2026-01-07T18:30:00,114.029,0.0,114.029
7812,station-coxsbazar,OCTANE,650,2026-01-07T18:30:00,51.119,0.0,51.119
7813,station-mirpur,DIESEL,651,2026-01-07T18:45:00,118.078,0.0,118.078
7814,station-mirpur,PETROL,651,2026-01-07T18:45:00,170.37,0.0,170.37
7815,station-mirpur,OCTANE,651,2026-01-07T18:45:00,82.522,0.0,82.522
7816,station-tongi,DIESEL,651,2026-01-07T18:45:00,62.497,0.0,62.497
7817,station-tongi,PETROL,651,2026-01-07T18:45:00,19.725,0.0,19.725
7818,station-tongi,OCTANE,651,2026-01-07T18:45:00,9.658,0.0,9.658
7819,station-karnaphuli,DIESEL,651,2026-01-07T18:45:00,141.891,0.0,141.891
7820,station-karnaphuli,PETROL,651,2026-01-07T18:45:00,170.406,0.0,170.406
7821,station-karnaphuli,OCTANE,651,2026-01-07T18:45:00,102.656,0.0,102.656
7822,station-coxsbazar,DIESEL,651,2026-01-07T18:45:00,100.631,0.0,100.631
7823,station-coxsbazar,PETROL,651,2026-01-07T18:45:00,101.389,0.0,101.389
7824,station-coxsbazar,OCTANE,651,2026-01-07T18:45:00,48.152,0.0,48.152
7825,station-mirpur,DIESEL,652,2026-01-07T19:00:00,139.34,0.0,139.34
7826,station-mirpur,PETROL,652,2026-01-07T19:00:00,159.145,0.0,159.145
7827,station-mirpur,OCTANE,652,2026-01-07T19:00:00,82.742,0.0,82.742
7828,station-tongi,DIESEL,652,2026-01-07T19:00:00,61.016,0.0,61.016
7829,station-tongi,PETROL,652,2026-01-07T19:00:00,21.172,0.0,21.172
7830,station-tongi,OCTANE,652,2026-01-07T19:00:00,10.07,0.0,10.07
7831,station-karnaphuli,DIESEL,652,2026-01-07T19:00:00,160.259,0.0,160.259
7832,station-karnaphuli,PETROL,652,2026-01-07T19:00:00,155.506,0.0,155.506
7833,station-karnaphuli,OCTANE,652,2026-01-07T19:00:00,98.769,0.0,98.769
7834,station-coxsbazar,DIESEL,652,2026-01-07T19:00:00,105.693,0.0,105.693
7835,station-coxsbazar,PETROL,652,2026-01-07T19:00:00,106.771,0.0,106.771
7836,station-coxsbazar,OCTANE,652,2026-01-07T19:00:00,54.248,0.0,54.248
7837,station-mirpur,DIESEL,653,2026-01-07T19:15:00,122.206,0.0,122.206
7838,station-mirpur,PETROL,653,2026-01-07T19:15:00,154.476,0.0,154.476
7839,station-mirpur,OCTANE,653,2026-01-07T19:15:00,84.321,0.0,84.321
7840,station-tongi,DIESEL,653,2026-01-07T19:15:00,64.965,0.0,64.965
7841,station-tongi,PETROL,653,2026-01-07T19:15:00,21.233,0.0,21.233
7842,station-tongi,OCTANE,653,2026-01-07T19:15:00,10.508,0.0,10.508
7843,station-karnaphuli,DIESEL,653,2026-01-07T19:15:00,168.628,0.0,168.628
7844,station-karnaphuli,PETROL,653,2026-01-07T19:15:00,176.168,0.0,176.168
7845,station-karnaphuli,OCTANE,653,2026-01-07T19:15:00,83.469,0.0,83.469
7846,station-coxsbazar,DIESEL,653,2026-01-07T19:15:00,103.893,0.0,103.893
7847,station-coxsbazar,PETROL,653,2026-01-07T19:15:00,100.269,0.0,100.269
7848,station-coxsbazar,OCTANE,653,2026-01-07T19:15:00,48.463,0.0,48.463
7849,station-mirpur,DIESEL,654,2026-01-07T19:30:00,121.705,0.0,121.705
7850,station-mirpur,PETROL,654,2026-01-07T19:30:00,164.934,0.0,164.934
7851,station-mirpur,OCTANE,654,2026-01-07T19:30:00,91.519,0.0,91.519
7852,station-tongi,DIESEL,654,2026-01-07T19:30:00,62.513,0.0,62.513
7853,station-tongi,PETROL,654,2026-01-07T19:30:00,19.567,0.0,19.567
7854,station-tongi,OCTANE,654,2026-01-07T19:30:00,10.787,0.0,10.787
7855,station-karnaphuli,DIESEL,654,2026-01-07T19:30:00,141.656,0.0,141.656
7856,station-karnaphuli,PETROL,654,2026-01-07T19:30:00,150.926,0.0,150.926
7857,station-karnaphuli,OCTANE,654,2026-01-07T19:30:00,98.624,0.0,98.624
7858,station-coxsbazar,DIESEL,654,2026-01-07T19:30:00,108.813,0.0,108.813
7859,station-coxsbazar,PETROL,654,2026-01-07T19:30:00,117.172,0.0,117.172
7860,station-coxsbazar,OCTANE,654,2026-01-07T19:30:00,47.55,0.0,47.55
7861,station-mirpur,DIESEL,655,2026-01-07T19:45:00,141.089,0.0,141.089
7862,station-mirpur,PETROL,655,2026-01-07T19:45:00,167.062,0.0,167.062
7863,station-mirpur,OCTANE,655,2026-01-07T19:45:00,86.897,0.0,86.897
7864,station-tongi,DIESEL,655,2026-01-07T19:45:00,64.69,0.0,64.69
7865,station-tongi,PETROL,655,2026-01-07T19:45:00,21.072,0.0,21.072
7866,station-tongi,OCTANE,655,2026-01-07T19:45:00,10.522,0.0,10.522
7867,station-karnaphuli,DIESEL,655,2026-01-07T19:45:00,165.902,0.0,165.902
7868,station-karnaphuli,PETROL,655,2026-01-07T19:45:00,160.803,0.0,160.803
7869,station-karnaphuli,OCTANE,655,2026-01-07T19:45:00,85.465,0.0,85.465
7870,station-coxsbazar,DIESEL,655,2026-01-07T19:45:00,101.416,0.0,101.416
7871,station-coxsbazar,PETROL,655,2026-01-07T19:45:00,97.328,0.0,97.328
7872,station-coxsbazar,OCTANE,655,2026-01-07T19:45:00,51.368,0.0,51.368
7873,station-mirpur,DIESEL,656,2026-01-07T20:00:00,129.738,0.0,129.738
7874,station-mirpur,PETROL,656,2026-01-07T20:00:00,152.503,0.0,152.503
7875,station-mirpur,OCTANE,656,2026-01-07T20:00:00,90.25,0.0,90.25
7876,station-tongi,DIESEL,656,2026-01-07T20:00:00,60.702,0.0,60.702
7877,station-tongi,PETROL,656,2026-01-07T20:00:00,22.434,0.0,22.434
7878,station-tongi,OCTANE,656,2026-01-07T20:00:00,10.724,0.0,10.724
7879,station-karnaphuli,DIESEL,656,2026-01-07T20:00:00,155.541,0.0,155.541
7880,station-karnaphuli,PETROL,656,2026-01-07T20:00:00,185.448,0.0,185.448
7881,station-karnaphuli,OCTANE,656,2026-01-07T20:00:00,86.848,0.0,86.848
7882,station-coxsbazar,DIESEL,656,2026-01-07T20:00:00,99.703,0.0,99.703
7883,station-coxsbazar,PETROL,656,2026-01-07T20:00:00,110.943,0.0,110.943
7884,station-coxsbazar,OCTANE,656,2026-01-07T20:00:00,51.804,0.0,51.804
7885,station-mirpur,DIESEL,657,2026-01-07T20:15:00,135.287,0.0,135.287
7886,station-mirpur,PETROL,657,2026-01-07T20:15:00,148.803,0.0,148.803
7887,station-mirpur,OCTANE,657,2026-01-07T20:15:00,77.456,0.0,77.456
7888,station-tongi,DIESEL,657,2026-01-07T20:15:00,62.034,0.0,62.034
7889,station-tongi,PETROL,657,2026-01-07T20:15:00,19.567,0.0,19.567
7890,station-tongi,OCTANE,657,2026-01-07T20:15:00,9.963,0.0,9.963
7891,station-karnaphuli,DIESEL,657,2026-01-07T20:15:00,143.213,0.0,143.213
7892,station-karnaphuli,PETROL,657,2026-01-07T20:15:00,183.527,0.0,183.527
7893,station-karnaphuli,OCTANE,657,2026-01-07T20:15:00,90.034,0.0,90.034
7894,station-coxsbazar,DIESEL,657,2026-01-07T20:15:00,109.895,0.0,109.895
7895,station-coxsbazar,PETROL,657,2026-01-07T20:15:00,114.649,0.0,114.649
7896,station-coxsbazar,OCTANE,657,2026-01-07T20:15:00,48.273,0.0,48.273
7897,station-mirpur,DIESEL,658,2026-01-07T20:30:00,138.705,0.0,138.705
7898,station-mirpur,PETROL,658,2026-01-07T20:30:00,147.273,0.0,147.273
7899,station-mirpur,OCTANE,658,2026-01-07T20:30:00,79.928,0.0,79.928
7900,station-tongi,DIESEL,658,2026-01-07T20:30:00,70.126,0.0,70.126
7901,station-tongi,PETROL,658,2026-01-07T20:30:00,22.292,0.0,22.292
7902,station-tongi,OCTANE,658,2026-01-07T20:30:00,9.955,0.0,9.955
7903,station-karnaphuli,DIESEL,658,2026-01-07T20:30:00,149.393,0.0,149.393
7904,station-karnaphuli,PETROL,658,2026-01-07T20:30:00,164.819,0.0,164.819
7905,station-karnaphuli,OCTANE,658,2026-01-07T20:30:00,103.699,0.0,103.699
7906,station-coxsbazar,DIESEL,658,2026-01-07T20:30:00,98.904,0.0,98.904
7907,station-coxsbazar,PETROL,658,2026-01-07T20:30:00,103.845,0.0,103.845
7908,station-coxsbazar,OCTANE,658,2026-01-07T20:30:00,46.378,0.0,46.378
7909,station-mirpur,DIESEL,659,2026-01-07T20:45:00,134.7,0.0,134.7
7910,station-mirpur,PETROL,659,2026-01-07T20:45:00,156.647,0.0,156.647
7911,station-mirpur,OCTANE,659,2026-01-07T20:45:00,82.731,0.0,82.731
7912,station-tongi,DIESEL,659,2026-01-07T20:45:00,63.172,0.0,63.172
7913,station-tongi,PETROL,659,2026-01-07T20:45:00,21.695,0.0,21.695
7914,station-tongi,OCTANE,659,2026-01-07T20:45:00,11.053,0.0,11.053
7915,station-karnaphuli,DIESEL,659,2026-01-07T20:45:00,164.859,0.0,164.859
7916,station-karnaphuli,PETROL,659,2026-01-07T20:45:00,161.49,0.0,161.49
7917,station-karnaphuli,OCTANE,659,2026-01-07T20:45:00,101.878,0.0,101.878
7918,station-coxsbazar,DIESEL,659,2026-01-07T20:45:00,92.874,0.0,92.874
7919,station-coxsbazar,PETROL,659,2026-01-07T20:45:00,99.719,0.0,99.719
7920,station-coxsbazar,OCTANE,659,2026-01-07T20:45:00,52.945,0.0,52.945
7921,station-mirpur,DIESEL,660,2026-01-07T21:00:00,59.073,0.0,59.073
7922,station-mirpur,PETROL,660,2026-01-07T21:00:00,69.386,0.0,69.386
7923,station-mirpur,OCTANE,660,2026-01-07T21:00:00,41.701,0.0,41.701
7924,station-tongi,DIESEL,660,2026-01-07T21:00:00,64.949,0.0,64.949
7925,station-tongi,PETROL,660,2026-01-07T21:00:00,21.095,0.0,21.095
7926,station-tongi,OCTANE,660,2026-01-07T21:00:00,10.183,0.0,10.183
7927,station-karnaphuli,DIESEL,660,2026-01-07T21:00:00,95.346,0.0,95.346
7928,station-karnaphuli,PETROL,660,2026-01-07T21:00:00,96.915,0.0,96.915
7929,station-karnaphuli,OCTANE,660,2026-01-07T21:00:00,50.496,0.0,50.496
7930,station-coxsbazar,DIESEL,660,2026-01-07T21:00:00,57.063,0.0,57.063
7931,station-coxsbazar,PETROL,660,2026-01-07T21:00:00,58.572,0.0,58.572
7932,station-coxsbazar,OCTANE,660,2026-01-07T21:00:00,24.152,0.0,24.152
7933,station-mirpur,DIESEL,661,2026-01-07T21:15:00,65.272,0.0,65.272
7934,station-mirpur,PETROL,661,2026-01-07T21:15:00,70.321,0.0,70.321
7935,station-mirpur,OCTANE,661,2026-01-07T21:15:00,37.128,0.0,37.128
7936,station-tongi,DIESEL,661,2026-01-07T21:15:00,61.738,0.0,61.738
7937,station-tongi,PETROL,661,2026-01-07T21:15:00,22.545,0.0,22.545
7938,station-tongi,OCTANE,661,2026-01-07T21:15:00,9.673,0.0,9.673
7939,station-karnaphuli,DIESEL,661,2026-01-07T21:15:00,90.213,0.0,90.213
7940,station-karnaphuli,PETROL,661,2026-01-07T21:15:00,85.269,0.0,85.269
7941,station-karnaphuli,OCTANE,661,2026-01-07T21:15:00,56.508,0.0,56.508
7942,station-coxsbazar,DIESEL,661,2026-01-07T21:15:00,56.227,0.0,56.227
7943,station-coxsbazar,PETROL,661,2026-01-07T21:15:00,52.862,0.0,52.862
7944,station-coxsbazar,OCTANE,661,2026-01-07T21:15:00,24.216,0.0,24.216
7945,station-mirpur,DIESEL,662,2026-01-07T21:30:00,59.546,0.0,59.546
7946,station-mirpur,PETROL,662,2026-01-07T21:30:00,72.799,0.0,72.799
7947,station-mirpur,OCTANE,662,2026-01-07T21:30:00,42.6,0.0,42.6
7948,station-tongi,DIESEL,662,2026-01-07T21:30:00,64.533,0.0,64.533
7949,station-tongi,PETROL,662,2026-01-07T21:30:00,20.426,0.0,20.426
7950,station-tongi,OCTANE,662,2026-01-07T21:30:00,9.782,0.0,9.782
7951,station-karnaphuli,DIESEL,662,2026-01-07T21:30:00,92.463,0.0,92.463
7952,station-karnaphuli,PETROL,662,2026-01-07T21:30:00,93.273,0.0,93.273
7953,station-karnaphuli,OCTANE,662,2026-01-07T21:30:00,57.609,0.0,57.609
7954,station-coxsbazar,DIESEL,662,2026-01-07T21:30:00,53.002,0.0,53.002
7955,station-coxsbazar,PETROL,662,2026-01-07T21:30:00,61.057,0.0,61.057
7956,station-coxsbazar,OCTANE,662,2026-01-07T21:30:00,26.232,0.0,26.232
7957,station-mirpur,DIESEL,663,2026-01-07T21:45:00,60.745,0.0,60.745
7958,station-mirpur,PETROL,663,2026-01-07T21:45:00,79.272,0.0,79.272
7959,station-mirpur,OCTANE,663,2026-01-07T21:45:00,43.313,0.0,43.313
7960,station-tongi,DIESEL,663,2026-01-07T21:45:00,61.121,0.0,61.121
7961,station-tongi,PETROL,663,2026-01-07T21:45:00,22.582,0.0,22.582
7962,station-tongi,OCTANE,663,2026-01-07T21:45:00,10.382,0.0,10.382
7963,station-karnaphuli,DIESEL,663,2026-01-07T21:45:00,92.692,0.0,92.692
7964,station-karnaphuli,PETROL,663,2026-01-07T21:45:00,88.79,0.0,88.79
7965,station-karnaphuli,OCTANE,663,2026-01-07T21:45:00,56.555,0.0,56.555
7966,station-coxsbazar,DIESEL,663,2026-01-07T21:45:00,50.301,0.0,50.301
7967,station-coxsbazar,PETROL,663,2026-01-07T21:45:00,57.134,0.0,57.134
7968,station-coxsbazar,OCTANE,663,2026-01-07T21:45:00,28.424,0.0,28.424
7969,station-mirpur,DIESEL,664,2026-01-07T22:00:00,62.657,0.0,62.657
7970,station-mirpur,PETROL,664,2026-01-07T22:00:00,77.062,0.0,77.062
7971,station-mirpur,OCTANE,664,2026-01-07T22:00:00,42.702,0.0,42.702
7972,station-tongi,DIESEL,664,2026-01-07T22:00:00,66.375,0.0,66.375
7973,station-tongi,PETROL,664,2026-01-07T22:00:00,22.315,0.0,22.315
7974,station-tongi,OCTANE,664,2026-01-07T22:00:00,10.892,0.0,10.892
7975,station-karnaphuli,DIESEL,664,2026-01-07T22:00:00,78.36,0.0,78.36
7976,station-karnaphuli,PETROL,664,2026-01-07T22:00:00,89.34,0.0,89.34
7977,station-karnaphuli,OCTANE,664,2026-01-07T22:00:00,54.999,0.0,54.999
7978,station-coxsbazar,DIESEL,664,2026-01-07T22:00:00,48.231,0.0,48.231
7979,station-coxsbazar,PETROL,664,2026-01-07T22:00:00,56.475,0.0,56.475
7980,station-coxsbazar,OCTANE,664,2026-01-07T22:00:00,25.233,0.0,25.233
7981,station-mirpur,DIESEL,665,2026-01-07T22:15:00,64.344,0.0,64.344
7982,station-mirpur,PETROL,665,2026-01-07T22:15:00,73.289,0.0,73.289
7983,station-mirpur,OCTANE,665,2026-01-07T22:15:00,39.68,0.0,39.68
7984,station-tongi,DIESEL,665,2026-01-07T22:15:00,64.07,0.0,64.07
7985,station-tongi,PETROL,665,2026-01-07T22:15:00,20.409,0.0,20.409
7986,station-tongi,OCTANE,665,2026-01-07T22:15:00,10.388,0.0,10.388
7987,station-karnaphuli,DIESEL,665,2026-01-07T22:15:00,95.663,0.0,95.663
7988,station-karnaphuli,PETROL,665,2026-01-07T22:15:00,96.757,0.0,96.757
7989,station-karnaphuli,OCTANE,665,2026-01-07T22:15:00,53.338,0.0,53.338
7990,station-coxsbazar,DIESEL,665,2026-01-07T22:15:00,53.155,0.0,53.155
7991,station-coxsbazar,PETROL,665,2026-01-07T22:15:00,51.052,0.0,51.052
7992,station-coxsbazar,OCTANE,665,2026-01-07T22:15:00,28.825,0.0,28.825
7993,station-mirpur,DIESEL,666,2026-01-07T22:30:00,56.431,0.0,56.431
7994,station-mirpur,PETROL,666,2026-01-07T22:30:00,76.491,0.0,76.491
7995,station-mirpur,OCTANE,666,2026-01-07T22:30:00,37.247,0.0,37.247
7996,station-tongi,DIESEL,666,2026-01-07T22:30:00,60.489,0.0,60.489
7997,station-tongi,PETROL,666,2026-01-07T22:30:00,22.602,0.0,22.602
7998,station-tongi,OCTANE,666,2026-01-07T22:30:00,10.273,0.0,10.273
7999,station-karnaphuli,DIESEL,666,2026-01-07T22:30:00,81.545,0.0,81.545
8000,station-karnaphuli,PETROL,666,2026-01-07T22:30:00,85.621,0.0,85.621
8001,station-karnaphuli,OCTANE,666,2026-01-07T22:30:00,52.096,0.0,52.096
8002,station-coxsbazar,DIESEL,666,2026-01-07T22:30:00,52.52,0.0,52.52
8003,station-coxsbazar,PETROL,666,2026-01-07T22:30:00,51.297,0.0,51.297
8004,station-coxsbazar,OCTANE,666,2026-01-07T22:30:00,25.344,0.0,25.344
8005,station-mirpur,DIESEL,667,2026-01-07T22:45:00,57.136,0.0,57.136
8006,station-mirpur,PETROL,667,2026-01-07T22:45:00,71.514,0.0,71.514
8007,station-mirpur,OCTANE,667,2026-01-07T22:45:00,40.412,0.0,40.412
8008,station-tongi,DIESEL,667,2026-01-07T22:45:00,63.237,0.0,63.237
8009,station-tongi,PETROL,667,2026-01-07T22:45:00,20.182,0.0,20.182
8010,station-tongi,OCTANE,667,2026-01-07T22:45:00,10.922,0.0,10.922
8011,station-karnaphuli,DIESEL,667,2026-01-07T22:45:00,81.461,0.0,81.461
8012,station-karnaphuli,PETROL,667,2026-01-07T22:45:00,86.307,0.0,86.307
8013,station-karnaphuli,OCTANE,667,2026-01-07T22:45:00,55.32,0.0,55.32
8014,station-coxsbazar,DIESEL,667,2026-01-07T22:45:00,54.63,0.0,54.63
8015,station-coxsbazar,PETROL,667,2026-01-07T22:45:00,52.622,0.0,52.622
8016,station-coxsbazar,OCTANE,667,2026-01-07T22:45:00,27.58,0.0,27.58
8017,station-mirpur,DIESEL,668,2026-01-07T23:00:00,58.782,0.0,58.782
8018,station-mirpur,PETROL,668,2026-01-07T23:00:00,69.041,0.0,69.041
8019,station-mirpur,OCTANE,668,2026-01-07T23:00:00,37.072,0.0,37.072
8020,station-tongi,DIESEL,668,2026-01-07T23:00:00,67.762,0.0,67.762
8021,station-tongi,PETROL,668,2026-01-07T23:00:00,20.653,0.0,20.653
8022,station-tongi,OCTANE,668,2026-01-07T23:00:00,9.571,0.0,9.571
8023,station-karnaphuli,DIESEL,668,2026-01-07T23:00:00,94.367,0.0,94.367
8024,station-karnaphuli,PETROL,668,2026-01-07T23:00:00,91.423,0.0,91.423
8025,station-karnaphuli,OCTANE,668,2026-01-07T23:00:00,57.806,0.0,57.806
8026,station-coxsbazar,DIESEL,668,2026-01-07T23:00:00,54.74,0.0,54.74
8027,station-coxsbazar,PETROL,668,2026-01-07T23:00:00,54.904,0.0,54.904
8028,station-coxsbazar,OCTANE,668,2026-01-07T23:00:00,27.174,0.0,27.174
8029,station-mirpur,DIESEL,669,2026-01-07T23:15:00,60.534,0.0,60.534
8030,station-mirpur,PETROL,669,2026-01-07T23:15:00,75.604,0.0,75.604
8031,station-mirpur,OCTANE,669,2026-01-07T23:15:00,39.061,0.0,39.061
8032,station-tongi,DIESEL,669,2026-01-07T23:15:00,62.196,0.0,62.196
8033,station-tongi,PETROL,669,2026-01-07T23:15:00,21.793,0.0,21.793
8034,station-tongi,OCTANE,669,2026-01-07T23:15:00,10.131,0.0,10.131
8035,station-karnaphuli,DIESEL,669,2026-01-07T23:15:00,82.478,0.0,82.478
8036,station-karnaphuli,PETROL,669,2026-01-07T23:15:00,86.435,0.0,86.435
8037,station-karnaphuli,OCTANE,669,2026-01-07T23:15:00,58.015,0.0,58.015
8038,station-coxsbazar,DIESEL,669,2026-01-07T23:15:00,48.834,0.0,48.834
8039,station-coxsbazar,PETROL,669,2026-01-07T23:15:00,56.402,0.0,56.402
8040,station-coxsbazar,OCTANE,669,2026-01-07T23:15:00,26.196,0.0,26.196
8041,station-mirpur,DIESEL,670,2026-01-07T23:30:00,59.374,0.0,59.374
8042,station-mirpur,PETROL,670,2026-01-07T23:30:00,81.885,0.0,81.885
8043,station-mirpur,OCTANE,670,2026-01-07T23:30:00,38.928,0.0,38.928
8044,station-tongi,DIESEL,670,2026-01-07T23:30:00,68.748,0.0,68.748
8045,station-tongi,PETROL,670,2026-01-07T23:30:00,20.074,0.0,20.074
8046,station-tongi,OCTANE,670,2026-01-07T23:30:00,9.664,0.0,9.664
8047,station-karnaphuli,DIESEL,670,2026-01-07T23:30:00,92.222,0.0,92.222
8048,station-karnaphuli,PETROL,670,2026-01-07T23:30:00,82.572,0.0,82.572
8049,station-karnaphuli,OCTANE,670,2026-01-07T23:30:00,48.913,0.0,48.913
8050,station-coxsbazar,DIESEL,670,2026-01-07T23:30:00,52.194,0.0,52.194
8051,station-coxsbazar,PETROL,670,2026-01-07T23:30:00,55.047,0.0,55.047
8052,station-coxsbazar,OCTANE,670,2026-01-07T23:30:00,25.851,0.0,25.851
8053,station-mirpur,DIESEL,671,2026-01-07T23:45:00,66.267,0.0,66.267
8054,station-mirpur,PETROL,671,2026-01-07T23:45:00,75.172,0.0,75.172
8055,station-mirpur,OCTANE,671,2026-01-07T23:45:00,40.202,0.0,40.202
8056,station-tongi,DIESEL,671,2026-01-07T23:45:00,62.958,0.0,62.958
8057,station-tongi,PETROL,671,2026-01-07T23:45:00,20.113,0.0,20.113
8058,station-tongi,OCTANE,671,2026-01-07T23:45:00,10.043,0.0,10.043
8059,station-karnaphuli,DIESEL,671,2026-01-07T23:45:00,78.012,0.0,78.012
8060,station-karnaphuli,PETROL,671,2026-01-07T23:45:00,96.517,0.0,96.517
8061,station-karnaphuli,OCTANE,671,2026-01-07T23:45:00,48.34,0.0,48.34
8062,station-coxsbazar,DIESEL,671,2026-01-07T23:45:00,52.089,0.0,52.089
8063,station-coxsbazar,PETROL,671,2026-01-07T23:45:00,56.698,0.0,56.698
8064,station-coxsbazar,OCTANE,671,2026-01-07T23:45:00,26.488,0.0,26.488
8065,station-mirpur,DIESEL,672,2026-01-08T00:00:00,61.265,0.0,61.265
8066,station-mirpur,PETROL,672,2026-01-08T00:00:00,73.281,0.0,73.281
8067,station-mirpur,OCTANE,672,2026-01-08T00:00:00,37.731,0.0,37.731
8068,station-tongi,DIESEL,672,2026-01-08T00:00:00,70.251,0.0,70.251
8069,station-tongi,PETROL,672,2026-01-08T00:00:00,22.54,0.0,22.54
8070,station-tongi,OCTANE,672,2026-01-08T00:00:00,10.564,0.0,10.564
8071,station-karnaphuli,DIESEL,672,2026-01-08T00:00:00,78.082,0.0,78.082
8072,station-karnaphuli,PETROL,672,2026-01-08T00:00:00,82.055,0.0,82.055
8073,station-karnaphuli,OCTANE,672,2026-01-08T00:00:00,51.555,0.0,51.555
8074,station-coxsbazar,DIESEL,672,2026-01-08T00:00:00,51.898,0.0,51.898
8075,station-coxsbazar,PETROL,672,2026-01-08T00:00:00,50.451,0.0,50.451
8076,station-coxsbazar,OCTANE,672,2026-01-08T00:00:00,26.829,0.0,26.829
8077,station-mirpur,DIESEL,673,2026-01-08T00:15:00,66.625,0.0,66.625
8078,station-mirpur,PETROL,673,2026-01-08T00:15:00,72.371,0.0,72.371
8079,station-mirpur,OCTANE,673,2026-01-08T00:15:00,38.478,0.0,38.478
8080,station-tongi,DIESEL,673,2026-01-08T00:15:00,69.365,0.0,69.365
8081,station-tongi,PETROL,673,2026-01-08T00:15:00,20.734,0.0,20.734
8082,station-tongi,OCTANE,673,2026-01-08T00:15:00,9.982,0.0,9.982
8083,station-karnaphuli,DIESEL,673,2026-01-08T00:15:00,97.791,0.0,97.791
8084,station-karnaphuli,PETROL,673,2026-01-08T00:15:00,97.604,0.0,97.604
8085,station-karnaphuli,OCTANE,673,2026-01-08T00:15:00,55.452,0.0,55.452
8086,station-coxsbazar,DIESEL,673,2026-01-08T00:15:00,50.035,0.0,50.035
8087,station-coxsbazar,PETROL,673,2026-01-08T00:15:00,50.397,0.0,50.397
8088,station-coxsbazar,OCTANE,673,2026-01-08T00:15:00,26.329,0.0,26.329
8089,station-mirpur,DIESEL,674,2026-01-08T00:30:00,66.621,0.0,66.621
8090,station-mirpur,PETROL,674,2026-01-08T00:30:00,74.075,0.0,74.075
8091,station-mirpur,OCTANE,674,2026-01-08T00:30:00,39.443,0.0,39.443
8092,station-tongi,DIESEL,674,2026-01-08T00:30:00,60.756,0.0,60.756
8093,station-tongi,PETROL,674,2026-01-08T00:30:00,19.908,0.0,19.908
8094,station-tongi,OCTANE,674,2026-01-08T00:30:00,10.208,0.0,10.208
8095,station-karnaphuli,DIESEL,674,2026-01-08T00:30:00,81.224,0.0,81.224
8096,station-karnaphuli,PETROL,674,2026-01-08T00:30:00,96.571,0.0,96.571
8097,station-karnaphuli,OCTANE,674,2026-01-08T00:30:00,47.26,0.0,47.26
8098,station-coxsbazar,DIESEL,674,2026-01-08T00:30:00,52.286,0.0,52.286
8099,station-coxsbazar,PETROL,674,2026-01-08T00:30:00,55.258,0.0,55.258
8100,station-coxsbazar,OCTANE,674,2026-01-08T00:30:00,24.074,0.0,24.074
8101,station-mirpur,DIESEL,675,2026-01-08T00:45:00,67.029,0.0,67.029
8102,station-mirpur,PETROL,675,2026-01-08T00:45:00,80.219,0.0,80.219
8103,station-mirpur,OCTANE,675,2026-01-08T00:45:00,37.322,0.0,37.322
8104,station-tongi,DIESEL,675,2026-01-08T00:45:00,65.998,0.0,65.998
8105,station-tongi,PETROL,675,2026-01-08T00:45:00,20.05,0.0,20.05
8106,station-tongi,OCTANE,675,2026-01-08T00:45:00,9.633,0.0,9.633
8107,station-karnaphuli,DIESEL,675,2026-01-08T00:45:00,82.271,0.0,82.271
8108,station-karnaphuli,PETROL,675,2026-01-08T00:45:00,84.202,0.0,84.202
8109,station-karnaphuli,OCTANE,675,2026-01-08T00:45:00,47.048,0.0,47.048
8110,station-coxsbazar,DIESEL,675,2026-01-08T00:45:00,52.613,0.0,52.613
8111,station-coxsbazar,PETROL,675,2026-01-08T00:45:00,52.635,0.0,52.635
8112,station-coxsbazar,OCTANE,675,2026-01-08T00:45:00,25.07,0.0,25.07
8113,station-mirpur,DIESEL,676,2026-01-08T01:00:00,58.934,0.0,58.934
8114,station-mirpur,PETROL,676,2026-01-08T01:00:00,84.146,0.0,84.146
8115,station-mirpur,OCTANE,676,2026-01-08T01:00:00,42.512,0.0,42.512
8116,station-tongi,DIESEL,676,2026-01-08T01:00:00,68.506,0.0,68.506
8117,station-tongi,PETROL,676,2026-01-08T01:00:00,21.703,0.0,21.703
8118,station-tongi,OCTANE,676,2026-01-08T01:00:00,9.537,0.0,9.537
8119,station-karnaphuli,DIESEL,676,2026-01-08T01:00:00,90.488,0.0,90.488
8120,station-karnaphuli,PETROL,676,2026-01-08T01:00:00,99.716,0.0,99.716
8121,station-karnaphuli,OCTANE,676,2026-01-08T01:00:00,48.376,0.0,48.376
8122,station-coxsbazar,DIESEL,676,2026-01-08T01:00:00,55.788,0.0,55.788
8123,station-coxsbazar,PETROL,676,2026-01-08T01:00:00,56.939,0.0,56.939
8124,station-coxsbazar,OCTANE,676,2026-01-08T01:00:00,24.92,0.0,24.92
8125,station-mirpur,DIESEL,677,2026-01-08T01:15:00,67.423,0.0,67.423
8126,station-mirpur,PETROL,677,2026-01-08T01:15:00,82.825,0.0,82.825
8127,station-mirpur,OCTANE,677,2026-01-08T01:15:00,38.097,0.0,38.097
8128,station-tongi,DIESEL,677,2026-01-08T01:15:00,68.067,0.0,68.067
8129,station-tongi,PETROL,677,2026-01-08T01:15:00,21.118,0.0,21.118
8130,station-tongi,OCTANE,677,2026-01-08T01:15:00,10.02,0.0,10.02
8131,station-karnaphuli,DIESEL,677,2026-01-08T01:15:00,92.194,0.0,92.194
8132,station-karnaphuli,PETROL,677,2026-01-08T01:15:00,92.109,0.0,92.109
8133,station-karnaphuli,OCTANE,677,2026-01-08T01:15:00,56.123,0.0,56.123
8134,station-coxsbazar,DIESEL,677,2026-01-08T01:15:00,50.381,0.0,50.381
8135,station-coxsbazar,PETROL,677,2026-01-08T01:15:00,55.725,0.0,55.725
8136,station-coxsbazar,OCTANE,677,2026-01-08T01:15:00,28.565,0.0,28.565
8137,station-mirpur,DIESEL,678,2026-01-08T01:30:00,64.92,0.0,64.92
8138,station-mirpur,PETROL,678,2026-01-08T01:30:00,70.207,0.0,70.207
8139,station-mirpur,OCTANE,678,2026-01-08T01:30:00,43.008,0.0,43.008
8140,station-tongi,DIESEL,678,2026-01-08T01:30:00,64.184,0.0,64.184
8141,station-tongi,PETROL,678,2026-01-08T01:30:00,19.538,0.0,19.538
8142,station-tongi,OCTANE,678,2026-01-08T01:30:00,9.762,0.0,9.762
8143,station-karnaphuli,DIESEL,678,2026-01-08T01:30:00,88.632,0.0,88.632
8144,station-karnaphuli,PETROL,678,2026-01-08T01:30:00,86.615,0.0,86.615
8145,station-karnaphuli,OCTANE,678,2026-01-08T01:30:00,51.835,0.0,51.835
8146,station-coxsbazar,DIESEL,678,2026-01-08T01:30:00,52.381,0.0,52.381
8147,station-coxsbazar,PETROL,678,2026-01-08T01:30:00,58.637,0.0,58.637
8148,station-coxsbazar,OCTANE,678,2026-01-08T01:30:00,27.91,0.0,27.91
8149,station-mirpur,DIESEL,679,2026-01-08T01:45:00,66.317,0.0,66.317
8150,station-mirpur,PETROL,679,2026-01-08T01:45:00,83.623,0.0,83.623
8151,station-mirpur,OCTANE,679,2026-01-08T01:45:00,40.276,0.0,40.276
8152,station-tongi,DIESEL,679,2026-01-08T01:45:00,60.382,0.0,60.382
8153,station-tongi,PETROL,679,2026-01-08T01:45:00,19.964,0.0,19.964
8154,station-tongi,OCTANE,679,2026-01-08T01:45:00,9.82,0.0,9.82
8155,station-karnaphuli,DIESEL,679,2026-01-08T01:45:00,82.52,0.0,82.52
8156,station-karnaphuli,PETROL,679,2026-01-08T01:45:00,86.394,0.0,86.394
8157,station-karnaphuli,OCTANE,679,2026-01-08T01:45:00,52.051,0.0,52.051
8158,station-coxsbazar,DIESEL,679,2026-01-08T01:45:00,52.689,0.0,52.689
8159,station-coxsbazar,PETROL,679,2026-01-08T01:45:00,60.361,0.0,60.361
8160,station-coxsbazar,OCTANE,679,2026-01-08T01:45:00,28.045,0.0,28.045
8161,station-mirpur,DIESEL,680,2026-01-08T02:00:00,65.274,0.0,65.274
8162,station-mirpur,PETROL,680,2026-01-08T02:00:00,73.153,0.0,73.153
8163,station-mirpur,OCTANE,680,2026-01-08T02:00:00,42.318,0.0,42.318
8164,station-tongi,DIESEL,680,2026-01-08T02:00:00,64.681,0.0,64.681
8165,station-tongi,PETROL,680,2026-01-08T02:00:00,20.41,0.0,20.41
8166,station-tongi,OCTANE,680,2026-01-08T02:00:00,9.626,0.0,9.626
8167,station-karnaphuli,DIESEL,680,2026-01-08T02:00:00,79.406,0.0,79.406
8168,station-karnaphuli,PETROL,680,2026-01-08T02:00:00,83.367,0.0,83.367
8169,station-karnaphuli,OCTANE,680,2026-01-08T02:00:00,49.635,0.0,49.635
8170,station-coxsbazar,DIESEL,680,2026-01-08T02:00:00,54.535,0.0,54.535
8171,station-coxsbazar,PETROL,680,2026-01-08T02:00:00,53.616,0.0,53.616
8172,station-coxsbazar,OCTANE,680,2026-01-08T02:00:00,27.604,0.0,27.604
8173,station-mirpur,DIESEL,681,2026-01-08T02:15:00,61.519,0.0,61.519
8174,station-mirpur,PETROL,681,2026-01-08T02:15:00,69.754,0.0,69.754
8175,station-mirpur,OCTANE,681,2026-01-08T02:15:00,42.089,0.0,42.089
8176,station-tongi,DIESEL,681,2026-01-08T02:15:00,68.185,0.0,68.185
8177,station-tongi,PETROL,681,2026-01-08T02:15:00,20.74,0.0,20.74
8178,station-tongi,OCTANE,681,2026-01-08T02:15:00,10.359,0.0,10.359
8179,station-karnaphuli,DIESEL,681,2026-01-08T02:15:00,78.629,0.0,78.629
8180,station-karnaphuli,PETROL,681,2026-01-08T02:15:00,102.752,0.0,102.752
8181,station-karnaphuli,OCTANE,681,2026-01-08T02:15:00,53.167,0.0,53.167
8182,station-coxsbazar,DIESEL,681,2026-01-08T02:15:00,51.161,0.0,51.161
8183,station-coxsbazar,PETROL,681,2026-01-08T02:15:00,58.554,0.0,58.554
8184,station-coxsbazar,OCTANE,681,2026-01-08T02:15:00,26.568,0.0,26.568
8185,station-mirpur,DIESEL,682,2026-01-08T02:30:00,56.324,0.0,56.324
8186,station-mirpur,PETROL,682,2026-01-08T02:30:00,77.626,0.0,77.626
8187,station-mirpur,OCTANE,682,2026-01-08T02:30:00,36.834,0.0,36.834
8188,station-tongi,DIESEL,682,2026-01-08T02:30:00,69.296,0.0,69.296
8189,station-tongi,PETROL,682,2026-01-08T02:30:00,19.685,0.0,19.685
8190,station-tongi,OCTANE,682,2026-01-08T02:30:00,11.026,0.0,11.026
8191,station-karnaphuli,DIESEL,682,2026-01-08T02:30:00,80.967,0.0,80.967
8192,station-karnaphuli,PETROL,682,2026-01-08T02:30:00,99.029,0.0,99.029
8193,station-karnaphuli,OCTANE,682,2026-01-08T02:30:00,50.632,0.0,50.632
8194,station-coxsbazar,DIESEL,682,2026-01-08T02:30:00,56.211,0.0,56.211
8195,station-coxsbazar,PETROL,682,2026-01-08T02:30:00,58.08,0.0,58.08
8196,station-coxsbazar,OCTANE,682,2026-01-08T02:30:00,27.256,0.0,27.256
8197,station-mirpur,DIESEL,683,2026-01-08T02:45:00,65.097,0.0,65.097
8198,station-mirpur,PETROL,683,2026-01-08T02:45:00,83.111,0.0,83.111
8199,station-mirpur,OCTANE,683,2026-01-08T02:45:00,42.858,0.0,42.858
8200,station-tongi,DIESEL,683,2026-01-08T02:45:00,68.585,0.0,68.585
8201,station-tongi,PETROL,683,2026-01-08T02:45:00,20.407,0.0,20.407
8202,station-tongi,OCTANE,683,2026-01-08T02:45:00,11.093,0.0,11.093
8203,station-karnaphuli,DIESEL,683,2026-01-08T02:45:00,83.696,0.0,83.696
8204,station-karnaphuli,PETROL,683,2026-01-08T02:45:00,101.201,0.0,101.201
8205,station-karnaphuli,OCTANE,683,2026-01-08T02:45:00,47.153,0.0,47.153
8206,station-coxsbazar,DIESEL,683,2026-01-08T02:45:00,56.927,0.0,56.927
8207,station-coxsbazar,PETROL,683,2026-01-08T02:45:00,54.769,0.0,54.769
8208,station-coxsbazar,OCTANE,683,2026-01-08T02:45:00,25.58,0.0,25.58
8209,station-mirpur,DIESEL,684,2026-01-08T03:00:00,58.66,0.0,58.66
8210,station-mirpur,PETROL,684,2026-01-08T03:00:00,75.295,0.0,75.295
8211,station-mirpur,OCTANE,684,2026-01-08T03:00:00,44.171,0.0,44.171
8212,station-tongi,DIESEL,684,2026-01-08T03:00:00,68.417,0.0,68.417
8213,station-tongi,PETROL,684,2026-01-08T03:00:00,19.523,0.0,19.523
8214,station-tongi,OCTANE,684,2026-01-08T03:00:00,9.636,0.0,9.636
8215,station-karnaphuli,DIESEL,684,2026-01-08T03:00:00,96.61,0.0,96.61
8216,station-karnaphuli,PETROL,684,2026-01-08T03:00:00,95.582,0.0,95.582
8217,station-karnaphuli,OCTANE,684,2026-01-08T03:00:00,49.076,0.0,49.076
8218,station-coxsbazar,DIESEL,684,2026-01-08T03:00:00,48.319,0.0,48.319
8219,station-coxsbazar,PETROL,684,2026-01-08T03:00:00,55.306,0.0,55.306
8220,station-coxsbazar,OCTANE,684,2026-01-08T03:00:00,27.477,0.0,27.477
8221,station-mirpur,DIESEL,685,2026-01-08T03:15:00,58.466,0.0,58.466
8222,station-mirpur,PETROL,685,2026-01-08T03:15:00,76.53,0.0,76.53
8223,station-mirpur,OCTANE,685,2026-01-08T03:15:00,40.349,0.0,40.349
8224,station-tongi,DIESEL,685,2026-01-08T03:15:00,61.929,0.0,61.929
8225,station-tongi,PETROL,685,2026-01-08T03:15:00,19.707,0.0,19.707
8226,station-tongi,OCTANE,685,2026-01-08T03:15:00,10.668,0.0,10.668
8227,station-karnaphuli,DIESEL,685,2026-01-08T03:15:00,79.202,0.0,79.202
8228,station-karnaphuli,PETROL,685,2026-01-08T03:15:00,96.191,0.0,96.191
8229,station-karnaphuli,OCTANE,685,2026-01-08T03:15:00,51.368,0.0,51.368
8230,station-coxsbazar,DIESEL,685,2026-01-08T03:15:00,47.524,0.0,47.524
8231,station-coxsbazar,PETROL,685,2026-01-08T03:15:00,55.161,0.0,55.161
8232,station-coxsbazar,OCTANE,685,2026-01-08T03:15:00,26.515,0.0,26.515
8233,station-mirpur,DIESEL,686,2026-01-08T03:30:00,58.648,0.0,58.648
8234,station-mirpur,PETROL,686,2026-01-08T03:30:00,76.896,0.0,76.896
8235,station-mirpur,OCTANE,686,2026-01-08T03:30:00,40.06,0.0,40.06
8236,station-tongi,DIESEL,686,2026-01-08T03:30:00,67.784,0.0,67.784
8237,station-tongi,PETROL,686,2026-01-08T03:30:00,21.262,0.0,21.262
8238,station-tongi,OCTANE,686,2026-01-08T03:30:00,9.969,0.0,9.969
8239,station-karnaphuli,DIESEL,686,2026-01-08T03:30:00,90.865,0.0,90.865
8240,station-karnaphuli,PETROL,686,2026-01-08T03:30:00,92.954,0.0,92.954
8241,station-karnaphuli,OCTANE,686,2026-01-08T03:30:00,48.967,0.0,48.967
8242,station-coxsbazar,DIESEL,686,2026-01-08T03:30:00,47.983,0.0,47.983
8243,station-coxsbazar,PETROL,686,2026-01-08T03:30:00,53.805,0.0,53.805
8244,station-coxsbazar,OCTANE,686,2026-01-08T03:30:00,26.066,0.0,26.066
8245,station-mirpur,DIESEL,687,2026-01-08T03:45:00,60.607,0.0,60.607
8246,station-mirpur,PETROL,687,2026-01-08T03:45:00,70.894,0.0,70.894
8247,station-mirpur,OCTANE,687,2026-01-08T03:45:00,38.604,0.0,38.604
8248,station-tongi,DIESEL,687,2026-01-08T03:45:00,63.874,0.0,63.874
8249,station-tongi,PETROL,687,2026-01-08T03:45:00,19.598,0.0,19.598
8250,station-tongi,OCTANE,687,2026-01-08T03:45:00,10.177,0.0,10.177
8251,station-karnaphuli,DIESEL,687,2026-01-08T03:45:00,85.027,0.0,85.027
8252,station-karnaphuli,PETROL,687,2026-01-08T03:45:00,90.602,0.0,90.602
8253,station-karnaphuli,OCTANE,687,2026-01-08T03:45:00,49.14,0.0,49.14
8254,station-coxsbazar,DIESEL,687,2026-01-08T03:45:00,57.063,0.0,57.063
8255,station-coxsbazar,PETROL,687,2026-01-08T03:45:00,58.999,0.0,58.999
8256,station-coxsbazar,OCTANE,687,2026-01-08T03:45:00,24.131,0.0,24.131
8257,station-mirpur,DIESEL,688,2026-01-08T04:00:00,65.912,0.0,65.912
8258,station-mirpur,PETROL,688,2026-01-08T04:00:00,80.898,0.0,80.898
8259,station-mirpur,OCTANE,688,2026-01-08T04:00:00,40.999,0.0,40.999
8260,station-tongi,DIESEL,688,2026-01-08T04:00:00,67.664,0.0,67.664
8261,station-tongi,PETROL,688,2026-01-08T04:00:00,21.759,0.0,21.759
8262,station-tongi,OCTANE,688,2026-01-08T04:00:00,9.622,0.0,9.622
8263,station-karnaphuli,DIESEL,688,2026-01-08T04:00:00,79.988,0.0,79.988
8264,station-karnaphuli,PETROL,688,2026-01-08T04:00:00,82.982,0.0,82.982
8265,station-karnaphuli,OCTANE,688,2026-01-08T04:00:00,54.989,0.0,54.989
8266,station-coxsbazar,DIESEL,688,2026-01-08T04:00:00,56.109,0.0,56.109
8267,station-coxsbazar,PETROL,688,2026-01-08T04:00:00,54.824,0.0,54.824
8268,station-coxsbazar,OCTANE,688,2026-01-08T04:00:00,27.014,0.0,27.014
8269,station-mirpur,DIESEL,689,2026-01-08T04:15:00,57.088,0.0,57.088
8270,station-mirpur,PETROL,689,2026-01-08T04:15:00,79.389,0.0,79.389
8271,station-mirpur,OCTANE,689,2026-01-08T04:15:00,44.336,0.0,44.336
8272,station-tongi,DIESEL,689,2026-01-08T04:15:00,68.461,0.0,68.461
8273,station-tongi,PETROL,689,2026-01-08T04:15:00,22.012,0.0,22.012
8274,station-tongi,OCTANE,689,2026-01-08T04:15:00,10.85,0.0,10.85
8275,station-karnaphuli,DIESEL,689,2026-01-08T04:15:00,98.79,0.0,98.79
8276,station-karnaphuli,PETROL,689,2026-01-08T04:15:00,96.501,0.0,96.501
8277,station-karnaphuli,OCTANE,689,2026-01-08T04:15:00,46.92,0.0,46.92
8278,station-coxsbazar,DIESEL,689,2026-01-08T04:15:00,50.42,0.0,50.42
8279,station-coxsbazar,PETROL,689,2026-01-08T04:15:00,53.743,0.0,53.743
8280,station-coxsbazar,OCTANE,689,2026-01-08T04:15:00,28.283,0.0,28.283
8281,station-mirpur,DIESEL,690,2026-01-08T04:30:00,60.463,0.0,60.463
8282,station-mirpur,PETROL,690,2026-01-08T04:30:00,76.317,0.0,76.317
8283,station-mirpur,OCTANE,690,2026-01-08T04:30:00,40.624,0.0,40.624
8284,station-tongi,DIESEL,690,2026-01-08T04:30:00,60.639,0.0,60.639
8285,station-tongi,PETROL,690,2026-01-08T04:30:00,22.088,0.0,22.088
8286,station-tongi,OCTANE,690,2026-01-08T04:30:00,10.912,0.0,10.912
8287,station-karnaphuli,DIESEL,690,2026-01-08T04:30:00,78.967,0.0,78.967
8288,station-karnaphuli,PETROL,690,2026-01-08T04:30:00,97.37,0.0,97.37
8289,station-karnaphuli,OCTANE,690,2026-01-08T04:30:00,46.848,0.0,46.848
8290,station-coxsbazar,DIESEL,690,2026-01-08T04:30:00,57.546,0.0,57.546
8291,station-coxsbazar,PETROL,690,2026-01-08T04:30:00,58.825,0.0,58.825
8292,station-coxsbazar,OCTANE,690,2026-01-08T04:30:00,25.124,0.0,25.124
8293,station-mirpur,DIESEL,691,2026-01-08T04:45:00,58.279,0.0,58.279
8294,station-mirpur,PETROL,691,2026-01-08T04:45:00,83.952,0.0,83.952
8295,station-mirpur,OCTANE,691,2026-01-08T04:45:00,38.113,0.0,38.113
8296,station-tongi,DIESEL,691,2026-01-08T04:45:00,61.351,0.0,61.351
8297,station-tongi,PETROL,691,2026-01-08T04:45:00,20.851,0.0,20.851
8298,station-tongi,OCTANE,691,2026-01-08T04:45:00,9.685,0.0,9.685
8299,station-karnaphuli,DIESEL,691,2026-01-08T04:45:00,91.749,0.0,91.749
8300,station-karnaphuli,PETROL,691,2026-01-08T04:45:00,100.924,0.0,100.924
8301,station-karnaphuli,OCTANE,691,2026-01-08T04:45:00,56.49,0.0,56.49
8302,station-coxsbazar,DIESEL,691,2026-01-08T04:45:00,53.122,0.0,53.122
8303,station-coxsbazar,PETROL,691,2026-01-08T04:45:00,55.015,0.0,55.015
8304,station-coxsbazar,OCTANE,691,2026-01-08T04:45:00,24.111,0.0,24.111
8305,station-mirpur,DIESEL,692,2026-01-08T05:00:00,58.552,0.0,58.552
8306,station-mirpur,PETROL,692,2026-01-08T05:00:00,73.575,0.0,73.575
8307,station-mirpur,OCTANE,692,2026-01-08T05:00:00,44.367,0.0,44.367
8308,station-tongi,DIESEL,692,2026-01-08T05:00:00,67.876,0.0,67.876
8309,station-tongi,PETROL,692,2026-01-08T05:00:00,21.117,0.0,21.117
8310,station-tongi,OCTANE,692,2026-01-08T05:00:00,9.717,0.0,9.717
8311,station-karnaphuli,DIESEL,692,2026-01-08T05:00:00,80.609,0.0,80.609
8312,station-karnaphuli,PETROL,692,2026-01-08T05:00:00,86.764,0.0,86.764
8313,station-karnaphuli,OCTANE,692,2026-01-08T05:00:00,57.693,0.0,57.693
8314,station-coxsbazar,DIESEL,692,2026-01-08T05:00:00,57.814,0.0,57.814
8315,station-coxsbazar,PETROL,692,2026-01-08T05:00:00,56.372,0.0,56.372
8316,station-coxsbazar,OCTANE,692,2026-01-08T05:00:00,25.126,0.0,25.126
8317,station-mirpur,DIESEL,693,2026-01-08T05:15:00,57.473,0.0,57.473
8318,station-mirpur,PETROL,693,2026-01-08T05:15:00,83.83,0.0,83.83
8319,station-mirpur,OCTANE,693,2026-01-08T05:15:00,37.796,0.0,37.796
8320,station-tongi,DIESEL,693,2026-01-08T05:15:00,64.419,0.0,64.419
8321,station-tongi,PETROL,693,2026-01-08T05:15:00,20.257,0.0,20.257
8322,station-tongi,OCTANE,693,2026-01-08T05:15:00,10.559,0.0,10.559
8323,station-karnaphuli,DIESEL,693,2026-01-08T05:15:00,79.898,0.0,79.898
8324,station-karnaphuli,PETROL,693,2026-01-08T05:15:00,91.453,0.0,91.453
8325,station-karnaphuli,OCTANE,693,2026-01-08T05:15:00,50.52,0.0,50.52
8326,station-coxsbazar,DIESEL,693,2026-01-08T05:15:00,54.075,0.0,54.075
8327,station-coxsbazar,PETROL,693,2026-01-08T05:15:00,56.036,0.0,56.036
8328,station-coxsbazar,OCTANE,693,2026-01-08T05:15:00,28.296,0.0,28.296
8329,station-mirpur,DIESEL,694,2026-01-08T05:30:00,61.631,0.0,61.631
8330,station-mirpur,PETROL,694,2026-01-08T05:30:00,74.172,0.0,74.172
8331,station-mirpur,OCTANE,694,2026-01-08T05:30:00,40.717,0.0,40.717
8332,station-tongi,DIESEL,694,2026-01-08T05:30:00,64.367,0.0,64.367
8333,station-tongi,PETROL,694,2026-01-08T05:30:00,19.925,0.0,19.925
8334,station-tongi,OCTANE,694,2026-01-08T05:30:00,11.085,0.0,11.085
8335,station-karnaphuli,DIESEL,694,2026-01-08T05:30:00,82.637,0.0,82.637
8336,station-karnaphuli,PETROL,694,2026-01-08T05:30:00,95.097,0.0,95.097
8337,station-karnaphuli,OCTANE,694,2026-01-08T05:30:00,46.096,0.0,46.096
8338,station-coxsbazar,DIESEL,694,2026-01-08T05:30:00,50.873,0.0,50.873
8339,station-coxsbazar,PETROL,694,2026-01-08T05:30:00,57.121,0.0,57.121
8340,station-coxsbazar,OCTANE,694,2026-01-08T05:30:00,24.291,0.0,24.291
8341,station-mirpur,DIESEL,695,2026-01-08T05:45:00,66.817,0.0,66.817
8342,station-mirpur,PETROL,695,2026-01-08T05:45:00,82.864,0.0,82.864
8343,station-mirpur,OCTANE,695,2026-01-08T05:45:00,40.598,0.0,40.598
8344,station-tongi,DIESEL,695,2026-01-08T05:45:00,62.487,0.0,62.487
8345,station-tongi,PETROL,695,2026-01-08T05:45:00,21.453,0.0,21.453
8346,station-tongi,OCTANE,695,2026-01-08T05:45:00,10.742,0.0,10.742
8347,station-karnaphuli,DIESEL,695,2026-01-08T05:45:00,94.268,0.0,94.268
8348,station-karnaphuli,PETROL,695,2026-01-08T05:45:00,92.996,0.0,92.996
8349,station-karnaphuli,OCTANE,695,2026-01-08T05:45:00,53.188,0.0,53.188
8350,station-coxsbazar,DIESEL,695,2026-01-08T05:45:00,53.391,0.0,53.391
8351,station-coxsbazar,PETROL,695,2026-01-08T05:45:00,57.155,0.0,57.155
8352,station-coxsbazar,OCTANE,695,2026-01-08T05:45:00,27.182,0.0,27.182
8353,station-mirpur,DIESEL,696,2026-01-08T06:00:00,64.351,0.0,64.351
8354,station-mirpur,PETROL,696,2026-01-08T06:00:00,68.965,0.0,68.965
8355,station-mirpur,OCTANE,696,2026-01-08T06:00:00,40.226,0.0,40.226
8356,station-tongi,DIESEL,696,2026-01-08T06:00:00,241.642,0.0,241.642
8357,station-tongi,PETROL,696,2026-01-08T06:00:00,74.315,0.0,74.315
8358,station-tongi,OCTANE,696,2026-01-08T06:00:00,38.269,0.0,38.269
8359,station-karnaphuli,DIESEL,696,2026-01-08T06:00:00,171.303,0.0,171.303
8360,station-karnaphuli,PETROL,696,2026-01-08T06:00:00,147.75,0.0,147.75
8361,station-karnaphuli,OCTANE,696,2026-01-08T06:00:00,83.505,0.0,83.505
8362,station-coxsbazar,DIESEL,696,2026-01-08T06:00:00,56.305,0.0,56.305
8363,station-coxsbazar,PETROL,696,2026-01-08T06:00:00,54.202,0.0,54.202
8364,station-coxsbazar,OCTANE,696,2026-01-08T06:00:00,24.878,0.0,24.878
8365,station-mirpur,DIESEL,697,2026-01-08T06:15:00,67.983,0.0,67.983
8366,station-mirpur,PETROL,697,2026-01-08T06:15:00,83.777,0.0,83.777
8367,station-mirpur,OCTANE,697,2026-01-08T06:15:00,40.891,0.0,40.891
8368,station-tongi,DIESEL,697,2026-01-08T06:15:00,213.284,0.0,213.284
8369,station-tongi,PETROL,697,2026-01-08T06:15:00,73.325,0.0,73.325
8370,station-tongi,OCTANE,697,2026-01-08T06:15:00,36.009,0.0,36.009
8371,station-karnaphuli,DIESEL,697,2026-01-08T06:15:00,157.728,0.0,157.728
8372,station-karnaphuli,PETROL,697,2026-01-08T06:15:00,147.928,0.0,147.928
8373,station-karnaphuli,OCTANE,697,2026-01-08T06:15:00,104.964,0.0,104.964
8374,station-coxsbazar,DIESEL,697,2026-01-08T06:15:00,54.328,0.0,54.328
8375,station-coxsbazar,PETROL,697,2026-01-08T06:15:00,59.616,0.0,59.616
8376,station-coxsbazar,OCTANE,697,2026-01-08T06:15:00,25.056,0.0,25.056
8377,station-mirpur,DIESEL,698,2026-01-08T06:30:00,62.055,0.0,62.055
8378,station-mirpur,PETROL,698,2026-01-08T06:30:00,78.307,0.0,78.307
8379,station-mirpur,OCTANE,698,2026-01-08T06:30:00,41.38,0.0,41.38
8380,station-tongi,DIESEL,698,2026-01-08T06:30:00,210.39,0.0,210.39
8381,station-tongi,PETROL,698,2026-01-08T06:30:00,68.951,0.0,68.951
8382,station-tongi,OCTANE,698,2026-01-08T06:30:00,33.393,0.0,33.393
8383,station-karnaphuli,DIESEL,698,2026-01-08T06:30:00,169.804,0.0,169.804
8384,station-karnaphuli,PETROL,698,2026-01-08T06:30:00,169.291,0.0,169.291
8385,station-karnaphuli,OCTANE,698,2026-01-08T06:30:00,94.459,0.0,94.459
8386,station-coxsbazar,DIESEL,698,2026-01-08T06:30:00,53.448,0.0,53.448
8387,station-coxsbazar,PETROL,698,2026-01-08T06:30:00,51.179,0.0,51.179
8388,station-coxsbazar,OCTANE,698,2026-01-08T06:30:00,25.628,0.0,25.628
8389,station-mirpur,DIESEL,699,2026-01-08T06:45:00,67.056,0.0,67.056
8390,station-mirpur,PETROL,699,2026-01-08T06:45:00,75.486,0.0,75.486
8391,station-mirpur,OCTANE,699,2026-01-08T06:45:00,36.911,0.0,36.911
8392,station-tongi,DIESEL,699,2026-01-08T06:45:00,237.655,0.0,237.655
8393,station-tongi,PETROL,699,2026-01-08T06:45:00,67.12,0.0,67.12
8394,station-tongi,OCTANE,699,2026-01-08T06:45:00,36.339,0.0,36.339
8395,station-karnaphuli,DIESEL,699,2026-01-08T06:45:00,172.838,0.0,172.838
8396,station-karnaphuli,PETROL,699,2026-01-08T06:45:00,186.213,0.0,186.213
8397,station-karnaphuli,OCTANE,699,2026-01-08T06:45:00,91.094,0.0,91.094
8398,station-coxsbazar,DIESEL,699,2026-01-08T06:45:00,50.837,0.0,50.837
8399,station-coxsbazar,PETROL,699,2026-01-08T06:45:00,51.188,0.0,51.188
8400,station-coxsbazar,OCTANE,699,2026-01-08T06:45:00,26.274,0.0,26.274
8401,station-mirpur,DIESEL,700,2026-01-08T07:00:00,123.046,0.0,123.046
8402,station-mirpur,PETROL,700,2026-01-08T07:00:00,146.001,0.0,146.001
8403,station-mirpur,OCTANE,700,2026-01-08T07:00:00,85.125,0.0,85.125
8404,station-tongi,DIESEL,700,2026-01-08T07:00:00,209.758,0.0,209.758
8405,station-tongi,PETROL,700,2026-01-08T07:00:00,72.457,0.0,72.457
8406,station-tongi,OCTANE,700,2026-01-08T07:00:00,37.814,0.0,37.814
8407,station-karnaphuli,DIESEL,700,2026-01-08T07:00:00,157.256,0.0,157.256
8408,station-karnaphuli,PETROL,700,2026-01-08T07:00:00,155.211,0.0,155.211
8409,station-karnaphuli,OCTANE,700,2026-01-08T07:00:00,83.622,0.0,83.622
8410,station-coxsbazar,DIESEL,700,2026-01-08T07:00:00,94.671,0.0,94.671
8411,station-coxsbazar,PETROL,700,2026-01-08T07:00:00,103.165,0.0,103.165
8412,station-coxsbazar,OCTANE,700,2026-01-08T07:00:00,51.182,0.0,51.182
8413,station-mirpur,DIESEL,701,2026-01-08T07:15:00,121.522,0.0,121.522
8414,station-mirpur,PETROL,701,2026-01-08T07:15:00,147.447,0.0,147.447
8415,station-mirpur,OCTANE,701,2026-01-08T07:15:00,84.427,0.0,84.427
8416,station-tongi,DIESEL,701,2026-01-08T07:15:00,238.901,0.0,238.901
8417,station-tongi,PETROL,701,2026-01-08T07:15:00,73.328,0.0,73.328
8418,station-tongi,OCTANE,701,2026-01-08T07:15:00,35.75,0.0,35.75
8419,station-karnaphuli,DIESEL,701,2026-01-08T07:15:00,168.7,0.0,168.7
8420,station-karnaphuli,PETROL,701,2026-01-08T07:15:00,149.479,0.0,149.479
8421,station-karnaphuli,OCTANE,701,2026-01-08T07:15:00,101.933,0.0,101.933
8422,station-coxsbazar,DIESEL,701,2026-01-08T07:15:00,100.085,0.0,100.085
8423,station-coxsbazar,PETROL,701,2026-01-08T07:15:00,111.656,0.0,111.656
8424,station-coxsbazar,OCTANE,701,2026-01-08T07:15:00,49.242,0.0,49.242
8425,station-mirpur,DIESEL,702,2026-01-08T07:30:00,125.104,0.0,125.104
8426,station-mirpur,PETROL,702,2026-01-08T07:30:00,164.204,0.0,164.204
8427,station-mirpur,OCTANE,702,2026-01-08T07:30:00,78.72,0.0,78.72
8428,station-tongi,DIESEL,702,2026-01-08T07:30:00,238.721,0.0,238.721
8429,station-tongi,PETROL,702,2026-01-08T07:30:00,73.507,0.0,73.507
8430,station-tongi,OCTANE,702,2026-01-08T07:30:00,34.495,0.0,34.495
8431,station-karnaphuli,DIESEL,702,2026-01-08T07:30:00,166.135,0.0,166.135
8432,station-karnaphuli,PETROL,702,2026-01-08T07:30:00,151.016,0.0,151.016
8433,station-karnaphuli,OCTANE,702,2026-01-08T07:30:00,101.041,0.0,101.041
8434,station-coxsbazar,DIESEL,702,2026-01-08T07:30:00,104.56,0.0,104.56
8435,station-coxsbazar,PETROL,702,2026-01-08T07:30:00,106.021,0.0,106.021
8436,station-coxsbazar,OCTANE,702,2026-01-08T07:30:00,48.709,0.0,48.709
8437,station-mirpur,DIESEL,703,2026-01-08T07:45:00,133.404,0.0,133.404
8438,station-mirpur,PETROL,703,2026-01-08T07:45:00,143.511,0.0,143.511
8439,station-mirpur,OCTANE,703,2026-01-08T07:45:00,89.853,0.0,89.853
8440,station-tongi,DIESEL,703,2026-01-08T07:45:00,219.258,0.0,219.258
8441,station-tongi,PETROL,703,2026-01-08T07:45:00,73.156,0.0,73.156
8442,station-tongi,OCTANE,703,2026-01-08T07:45:00,35.873,0.0,35.873
8443,station-karnaphuli,DIESEL,703,2026-01-08T07:45:00,167.924,0.0,167.924
8444,station-karnaphuli,PETROL,703,2026-01-08T07:45:00,161.271,0.0,161.271
8445,station-karnaphuli,OCTANE,703,2026-01-08T07:45:00,99.908,0.0,99.908
8446,station-coxsbazar,DIESEL,703,2026-01-08T07:45:00,108.62,0.0,108.62
8447,station-coxsbazar,PETROL,703,2026-01-08T07:45:00,107.908,0.0,107.908
8448,station-coxsbazar,OCTANE,703,2026-01-08T07:45:00,51.986,0.0,51.986
8449,station-mirpur,DIESEL,704,2026-01-08T08:00:00,136.659,0.0,136.659
8450,station-mirpur,PETROL,704,2026-01-08T08:00:00,146.326,0.0,146.326
8451,station-mirpur,OCTANE,704,2026-01-08T08:00:00,90.825,0.0,90.825
8452,station-tongi,DIESEL,704,2026-01-08T08:00:00,216.08,0.0,216.08
8453,station-tongi,PETROL,704,2026-01-08T08:00:00,70.383,0.0,70.383
8454,station-tongi,OCTANE,704,2026-01-08T08:00:00,36.697,0.0,36.697
8455,station-karnaphuli,DIESEL,704,2026-01-08T08:00:00,150.035,0.0,150.035
8456,station-karnaphuli,PETROL,704,2026-01-08T08:00:00,150.05,0.0,150.05
8457,station-karnaphuli,OCTANE,704,2026-01-08T08:00:00,97.642,0.0,97.642
8458,station-coxsbazar,DIESEL,704,2026-01-08T08:00:00,101.89,0.0,101.89
8459,station-coxsbazar,PETROL,704,2026-01-08T08:00:00,110.771,0.0,110.771
8460,station-coxsbazar,OCTANE,704,2026-01-08T08:00:00,54.81,0.0,54.81
8461,station-mirpur,DIESEL,705,2026-01-08T08:15:00,116.957,0.0,116.957
8462,station-mirpur,PETROL,705,2026-01-08T08:15:00,170.311,0.0,170.311
8463,station-mirpur,OCTANE,705,2026-01-08T08:15:00,86.703,0.0,86.703
8464,station-tongi,DIESEL,705,2026-01-08T08:15:00,212.652,0.0,212.652
8465,station-tongi,PETROL,705,2026-01-08T08:15:00,76.92,0.0,76.92
8466,station-tongi,OCTANE,705,2026-01-08T08:15:00,36.918,0.0,36.918
8467,station-karnaphuli,DIESEL,705,2026-01-08T08:15:00,148.207,0.0,148.207
8468,station-karnaphuli,PETROL,705,2026-01-08T08:15:00,163.876,0.0,163.876
8469,station-karnaphuli,OCTANE,705,2026-01-08T08:15:00,88.375,0.0,88.375
8470,station-coxsbazar,DIESEL,705,2026-01-08T08:15:00,91.912,0.0,91.912
8471,station-coxsbazar,PETROL,705,2026-01-08T08:15:00,111.687,0.0,111.687
8472,station-coxsbazar,OCTANE,705,2026-01-08T08:15:00,53.848,0.0,53.848
8473,station-mirpur,DIESEL,706,2026-01-08T08:30:00,125.856,0.0,125.856
8474,station-mirpur,PETROL,706,2026-01-08T08:30:00,170.977,0.0,170.977
8475,station-mirpur,OCTANE,706,2026-01-08T08:30:00,85.895,0.0,85.895
8476,station-tongi,DIESEL,706,2026-01-08T08:30:00,231.826,0.0,231.826
8477,station-tongi,PETROL,706,2026-01-08T08:30:00,74.959,0.0,74.959
8478,station-tongi,OCTANE,706,2026-01-08T08:30:00,34.836,0.0,34.836
8479,station-karnaphuli,DIESEL,706,2026-01-08T08:30:00,157.283,0.0,157.283
8480,station-karnaphuli,PETROL,706,2026-01-08T08:30:00,180.19,0.0,180.19
8481,station-karnaphuli,OCTANE,706,2026-01-08T08:30:00,89.262,0.0,89.262
8482,station-coxsbazar,DIESEL,706,2026-01-08T08:30:00,111.021,0.0,111.021
8483,station-coxsbazar,PETROL,706,2026-01-08T08:30:00,115.585,0.0,115.585
8484,station-coxsbazar,OCTANE,706,2026-01-08T08:30:00,45.839,0.0,45.839
8485,station-mirpur,DIESEL,707,2026-01-08T08:45:00,138.961,0.0,138.961
8486,station-mirpur,PETROL,707,2026-01-08T08:45:00,173.465,0.0,173.465
8487,station-mirpur,OCTANE,707,2026-01-08T08:45:00,88.424,0.0,88.424
8488,station-tongi,DIESEL,707,2026-01-08T08:45:00,224.21,0.0,224.21
8489,station-tongi,PETROL,707,2026-01-08T08:45:00,73.263,0.0,73.263
8490,station-tongi,OCTANE,707,2026-01-08T08:45:00,37.314,0.0,37.314
8491,station-karnaphuli,DIESEL,707,2026-01-08T08:45:00,171.092,0.0,171.092
8492,station-karnaphuli,PETROL,707,2026-01-08T08:45:00,171.71,0.0,171.71
8493,station-karnaphuli,OCTANE,707,2026-01-08T08:45:00,93.194,0.0,93.194
8494,station-coxsbazar,DIESEL,707,2026-01-08T08:45:00,92.732,0.0,92.732
8495,station-coxsbazar,PETROL,707,2026-01-08T08:45:00,112.162,0.0,112.162
8496,station-coxsbazar,OCTANE,707,2026-01-08T08:45:00,51.115,0.0,51.115
8497,station-mirpur,DIESEL,708,2026-01-08T09:00:00,119.177,0.0,119.177
8498,station-mirpur,PETROL,708,2026-01-08T09:00:00,158.111,0.0,158.111
8499,station-mirpur,OCTANE,708,2026-01-08T09:00:00,82.993,0.0,82.993
8500,station-tongi,DIESEL,708,2026-01-08T09:00:00,233.992,0.0,233.992
8501,station-tongi,PETROL,708,2026-01-08T09:00:00,76.618,0.0,76.618
8502,station-tongi,OCTANE,708,2026-01-08T09:00:00,34.252,0.0,34.252
8503,station-karnaphuli,DIESEL,708,2026-01-08T09:00:00,142.358,0.0,142.358
8504,station-karnaphuli,PETROL,708,2026-01-08T09:00:00,169.891,0.0,169.891
8505,station-karnaphuli,OCTANE,708,2026-01-08T09:00:00,97.078,0.0,97.078
8506,station-coxsbazar,DIESEL,708,2026-01-08T09:00:00,99.828,0.0,99.828
8507,station-coxsbazar,PETROL,708,2026-01-08T09:00:00,104.827,0.0,104.827
8508,station-coxsbazar,OCTANE,708,2026-01-08T09:00:00,54.573,0.0,54.573
8509,station-mirpur,DIESEL,709,2026-01-08T09:15:00,120.913,0.0,120.913
8510,station-mirpur,PETROL,709,2026-01-08T09:15:00,153.559,0.0,153.559
8511,station-mirpur,OCTANE,709,2026-01-08T09:15:00,77.625,0.0,77.625
8512,station-tongi,DIESEL,709,2026-01-08T09:15:00,232.276,0.0,232.276
8513,station-tongi,PETROL,709,2026-01-08T09:15:00,67.133,0.0,67.133
8514,station-tongi,OCTANE,709,2026-01-08T09:15:00,34.384,0.0,34.384
8515,station-karnaphuli,DIESEL,709,2026-01-08T09:15:00,178.108,0.0,178.108
8516,station-karnaphuli,PETROL,709,2026-01-08T09:15:00,162.353,0.0,162.353
8517,station-karnaphuli,OCTANE,709,2026-01-08T09:15:00,85.135,0.0,85.135
8518,station-coxsbazar,DIESEL,709,2026-01-08T09:15:00,104.042,0.0,104.042
8519,station-coxsbazar,PETROL,709,2026-01-08T09:15:00,117.365,0.0,117.365
8520,station-coxsbazar,OCTANE,709,2026-01-08T09:15:00,45.673,0.0,45.673
8521,station-mirpur,DIESEL,710,2026-01-08T09:30:00,118.628,0.0,118.628
8522,station-mirpur,PETROL,710,2026-01-08T09:30:00,172.3,0.0,172.3
8523,station-mirpur,OCTANE,710,2026-01-08T09:30:00,76.708,0.0,76.708
8524,station-tongi,DIESEL,710,2026-01-08T09:30:00,242.061,0.0,242.061
8525,station-tongi,PETROL,710,2026-01-08T09:30:00,70.361,0.0,70.361
8526,station-tongi,OCTANE,710,2026-01-08T09:30:00,35.118,0.0,35.118
8527,station-karnaphuli,DIESEL,710,2026-01-08T09:30:00,174.428,0.0,174.428
8528,station-karnaphuli,PETROL,710,2026-01-08T09:30:00,165.651,0.0,165.651
8529,station-karnaphuli,OCTANE,710,2026-01-08T09:30:00,97.587,0.0,97.587
8530,station-coxsbazar,DIESEL,710,2026-01-08T09:30:00,99.149,0.0,99.149
8531,station-coxsbazar,PETROL,710,2026-01-08T09:30:00,115.971,0.0,115.971
8532,station-coxsbazar,OCTANE,710,2026-01-08T09:30:00,54.228,0.0,54.228
8533,station-mirpur,DIESEL,711,2026-01-08T09:45:00,133.306,0.0,133.306
8534,station-mirpur,PETROL,711,2026-01-08T09:45:00,161.861,0.0,161.861
8535,station-mirpur,OCTANE,711,2026-01-08T09:45:00,77.989,0.0,77.989
8536,station-tongi,DIESEL,711,2026-01-08T09:45:00,236.874,0.0,236.874
8537,station-tongi,PETROL,711,2026-01-08T09:45:00,71.358,0.0,71.358
8538,station-tongi,OCTANE,711,2026-01-08T09:45:00,37.631,0.0,37.631
8539,station-karnaphuli,DIESEL,711,2026-01-08T09:45:00,142.847,0.0,142.847
8540,station-karnaphuli,PETROL,711,2026-01-08T09:45:00,159.418,0.0,159.418
8541,station-karnaphuli,OCTANE,711,2026-01-08T09:45:00,102.137,0.0,102.137
8542,station-coxsbazar,DIESEL,711,2026-01-08T09:45:00,105.553,0.0,105.553
8543,station-coxsbazar,PETROL,711,2026-01-08T09:45:00,105.408,0.0,105.408
8544,station-coxsbazar,OCTANE,711,2026-01-08T09:45:00,55.21,0.0,55.21
8545,station-mirpur,DIESEL,712,2026-01-08T10:00:00,64.797,0.0,64.797
8546,station-mirpur,PETROL,712,2026-01-08T10:00:00,71.426,0.0,71.426
8547,station-mirpur,OCTANE,712,2026-01-08T10:00:00,37.167,0.0,37.167
8548,station-tongi,DIESEL,712,2026-01-08T10:00:00,216.162,0.0,216.162
8549,station-tongi,PETROL,712,2026-01-08T10:00:00,76.067,0.0,76.067
8550,station-tongi,OCTANE,712,2026-01-08T10:00:00,34.627,0.0,34.627
8551,station-karnaphuli,DIESEL,712,2026-01-08T10:00:00,91.079,0.0,91.079
8552,station-karnaphuli,PETROL,712,2026-01-08T10:00:00,86.365,0.0,86.365
8553,station-karnaphuli,OCTANE,712,2026-01-08T10:00:00,46.072,0.0,46.072
8554,station-coxsbazar,DIESEL,712,2026-01-08T10:00:00,108.019,0.0,108.019
8555,station-coxsbazar,PETROL,712,2026-01-08T10:00:00,108.62,0.0,108.62
8556,station-coxsbazar,OCTANE,712,2026-01-08T10:00:00,47.574,0.0,47.574
8557,station-mirpur,DIESEL,713,2026-01-08T10:15:00,65.42,0.0,65.42
8558,station-mirpur,PETROL,713,2026-01-08T10:15:00,72.951,0.0,72.951
8559,station-mirpur,OCTANE,713,2026-01-08T10:15:00,42.056,0.0,42.056
8560,station-tongi,DIESEL,713,2026-01-08T10:15:00,210.291,0.0,210.291
8561,station-tongi,PETROL,713,2026-01-08T10:15:00,68.965,0.0,68.965
8562,station-tongi,OCTANE,713,2026-01-08T10:15:00,37.24,0.0,37.24
8563,station-karnaphuli,DIESEL,713,2026-01-08T10:15:00,78.952,0.0,78.952
8564,station-karnaphuli,PETROL,713,2026-01-08T10:15:00,89.271,0.0,89.271
8565,station-karnaphuli,OCTANE,713,2026-01-08T10:15:00,46.889,0.0,46.889
8566,station-coxsbazar,DIESEL,713,2026-01-08T10:15:00,102.519,0.0,102.519
8567,station-coxsbazar,PETROL,713,2026-01-08T10:15:00,102.339,0.0,102.339
8568,station-coxsbazar,OCTANE,713,2026-01-08T10:15:00,46.285,0.0,46.285
8569,station-mirpur,DIESEL,714,2026-01-08T10:30:00,56.76,0.0,56.76
8570,station-mirpur,PETROL,714,2026-01-08T10:30:00,76.792,0.0,76.792
8571,station-mirpur,OCTANE,714,2026-01-08T10:30:00,42.422,0.0,42.422
8572,station-tongi,DIESEL,714,2026-01-08T10:30:00,216.984,0.0,216.984
8573,station-tongi,PETROL,714,2026-01-08T10:30:00,75.055,0.0,75.055
8574,station-tongi,OCTANE,714,2026-01-08T10:30:00,33.811,0.0,33.811
8575,station-karnaphuli,DIESEL,714,2026-01-08T10:30:00,90.885,0.0,90.885
8576,station-karnaphuli,PETROL,714,2026-01-08T10:30:00,84.622,0.0,84.622
8577,station-karnaphuli,OCTANE,714,2026-01-08T10:30:00,47.307,0.0,47.307
8578,station-coxsbazar,DIESEL,714,2026-01-08T10:30:00,92.412,0.0,92.412
8579,station-coxsbazar,PETROL,714,2026-01-08T10:30:00,105.706,0.0,105.706
8580,station-coxsbazar,OCTANE,714,2026-01-08T10:30:00,51.637,0.0,51.637
8581,station-mirpur,DIESEL,715,2026-01-08T10:45:00,56.761,0.0,56.761
8582,station-mirpur,PETROL,715,2026-01-08T10:45:00,83.899,0.0,83.899
8583,station-mirpur,OCTANE,715,2026-01-08T10:45:00,40.839,0.0,40.839
8584,station-tongi,DIESEL,715,2026-01-08T10:45:00,217.774,0.0,217.774
8585,station-tongi,PETROL,715,2026-01-08T10:45:00,69.708,0.0,69.708
8586,station-tongi,OCTANE,715,2026-01-08T10:45:00,38.084,0.0,38.084
8587,station-karnaphuli,DIESEL,715,2026-01-08T10:45:00,81.206,0.0,81.206
8588,station-karnaphuli,PETROL,715,2026-01-08T10:45:00,98.45,0.0,98.45
8589,station-karnaphuli,OCTANE,715,2026-01-08T10:45:00,54.212,0.0,54.212
8590,station-coxsbazar,DIESEL,715,2026-01-08T10:45:00,101.362,0.0,101.362
8591,station-coxsbazar,PETROL,715,2026-01-08T10:45:00,110.674,0.0,110.674
8592,station-coxsbazar,OCTANE,715,2026-01-08T10:45:00,54.929,0.0,54.929
8593,station-mirpur,DIESEL,716,2026-01-08T11:00:00,67.086,0.0,67.086
8594,station-mirpur,PETROL,716,2026-01-08T11:00:00,71.655,0.0,71.655
8595,station-mirpur,OCTANE,716,2026-01-08T11:00:00,41.482,0.0,41.482
8596,station-tongi,DIESEL,716,2026-01-08T11:00:00,232.232,0.0,232.232
8597,station-tongi,PETROL,716,2026-01-08T11:00:00,77.737,0.0,77.737
8598,station-tongi,OCTANE,716,2026-01-08T11:00:00,38.284,0.0,38.284
8599,station-karnaphuli,DIESEL,716,2026-01-08T11:00:00,95.759,0.0,95.759
8600,station-karnaphuli,PETROL,716,2026-01-08T11:00:00,101.801,0.0,101.801
8601,station-karnaphuli,OCTANE,716,2026-01-08T11:00:00,47.803,0.0,47.803
8602,station-coxsbazar,DIESEL,716,2026-01-08T11:00:00,94.59,0.0,94.59
8603,station-coxsbazar,PETROL,716,2026-01-08T11:00:00,112.488,0.0,112.488
8604,station-coxsbazar,OCTANE,716,2026-01-08T11:00:00,49.467,0.0,49.467
8605,station-mirpur,DIESEL,717,2026-01-08T11:15:00,59.993,0.0,59.993
8606,station-mirpur,PETROL,717,2026-01-08T11:15:00,80.497,0.0,80.497
8607,station-mirpur,OCTANE,717,2026-01-08T11:15:00,38.075,0.0,38.075
8608,station-tongi,DIESEL,717,2026-01-08T11:15:00,235.326,0.0,235.326
8609,station-tongi,PETROL,717,2026-01-08T11:15:00,76.933,0.0,76.933
8610,station-tongi,OCTANE,717,2026-01-08T11:15:00,33.073,0.0,33.073
8611,station-karnaphuli,DIESEL,717,2026-01-08T11:15:00,89.631,0.0,89.631
8612,station-karnaphuli,PETROL,717,2026-01-08T11:15:00,90.254,0.0,90.254
8613,station-karnaphuli,OCTANE,717,2026-01-08T11:15:00,56.351,0.0,56.351
8614,station-coxsbazar,DIESEL,717,2026-01-08T11:15:00,103.274,0.0,103.274
8615,station-coxsbazar,PETROL,717,2026-01-08T11:15:00,96.406,0.0,96.406
8616,station-coxsbazar,OCTANE,717,2026-01-08T11:15:00,51.617,0.0,51.617
8617,station-mirpur,DIESEL,718,2026-01-08T11:30:00,62.056,0.0,62.056
8618,station-mirpur,PETROL,718,2026-01-08T11:30:00,74.621,0.0,74.621
8619,station-mirpur,OCTANE,718,2026-01-08T11:30:00,38.91,0.0,38.91
8620,station-tongi,DIESEL,718,2026-01-08T11:30:00,217.644,0.0,217.644
8621,station-tongi,PETROL,718,2026-01-08T11:30:00,77.331,0.0,77.331
8622,station-tongi,OCTANE,718,2026-01-08T11:30:00,35.282,0.0,35.282
8623,station-karnaphuli,DIESEL,718,2026-01-08T11:30:00,78.06,0.0,78.06
8624,station-karnaphuli,PETROL,718,2026-01-08T11:30:00,98.342,0.0,98.342
8625,station-karnaphuli,OCTANE,718,2026-01-08T11:30:00,54.104,0.0,54.104
8626,station-coxsbazar,DIESEL,718,2026-01-08T11:30:00,106.765,0.0,106.765
8627,station-coxsbazar,PETROL,718,2026-01-08T11:30:00,102.19,0.0,102.19
8628,station-coxsbazar,OCTANE,718,2026-01-08T11:30:00,53.84,0.0,53.84
8629,station-mirpur,DIESEL,719,2026-01-08T11:45:00,67.072,0.0,67.072
8630,station-mirpur,PETROL,719,2026-01-08T11:45:00,82.919,0.0,82.919
8631,station-mirpur,OCTANE,719,2026-01-08T11:45:00,43.693,0.0,43.693
8632,station-tongi,DIESEL,719,2026-01-08T11:45:00,239.698,0.0,239.698
8633,station-tongi,PETROL,719,2026-01-08T11:45:00,78.234,0.0,78.234
8634,station-tongi,OCTANE,719,2026-01-08T11:45:00,35.98,0.0,35.98
8635,station-karnaphuli,DIESEL,719,2026-01-08T11:45:00,95.482,0.0,95.482
8636,station-karnaphuli,PETROL,719,2026-01-08T11:45:00,87.457,0.0,87.457
8637,station-karnaphuli,OCTANE,719,2026-01-08T11:45:00,54.689,0.0,54.689
8638,station-coxsbazar,DIESEL,719,2026-01-08T11:45:00,107.814,0.0,107.814
8639,station-coxsbazar,PETROL,719,2026-01-08T11:45:00,105.999,0.0,105.999
8640,station-coxsbazar,OCTANE,719,2026-01-08T11:45:00,52.312,0.0,52.312
8641,station-mirpur,DIESEL,720,2026-01-08T12:00:00,58.338,0.0,58.338
8642,station-mirpur,PETROL,720,2026-01-08T12:00:00,74.508,0.0,74.508
8643,station-mirpur,OCTANE,720,2026-01-08T12:00:00,42.189,0.0,42.189
8644,station-tongi,DIESEL,720,2026-01-08T12:00:00,218.421,0.0,218.421
8645,station-tongi,PETROL,720,2026-01-08T12:00:00,76.33,0.0,76.33
8646,station-tongi,OCTANE,720,2026-01-08T12:00:00,38.104,0.0,38.104
8647,station-karnaphuli,DIESEL,720,2026-01-08T12:00:00,78.786,0.0,78.786
8648,station-karnaphuli,PETROL,720,2026-01-08T12:00:00,88.633,0.0,88.633
8649,station-karnaphuli,OCTANE,720,2026-01-08T12:00:00,48.619,0.0,48.619
8650,station-coxsbazar,DIESEL,720,2026-01-08T12:00:00,106.444,0.0,106.444
8651,station-coxsbazar,PETROL,720,2026-01-08T12:00:00,96.991,0.0,96.991
8652,station-coxsbazar,OCTANE,720,2026-01-08T12:00:00,53.847,0.0,53.847
8653,station-mirpur,DIESEL,721,2026-01-08T12:15:00,59.381,0.0,59.381
8654,station-mirpur,PETROL,721,2026-01-08T12:15:00,81.56,0.0,81.56
8655,station-mirpur,OCTANE,721,2026-01-08T12:15:00,38.075,0.0,38.075
8656,station-tongi,DIESEL,721,2026-01-08T12:15:00,221.511,0.0,221.511
8657,station-tongi,PETROL,721,2026-01-08T12:15:00,71.362,0.0,71.362
8658,station-tongi,OCTANE,721,2026-01-08T12:15:00,36.311,0.0,36.311
8659,station-karnaphuli,DIESEL,721,2026-01-08T12:15:00,92.536,0.0,92.536
8660,station-karnaphuli,PETROL,721,2026-01-08T12:15:00,93.568,0.0,93.568
8661,station-karnaphuli,OCTANE,721,2026-01-08T12:15:00,51.622,0.0,51.622
8662,station-coxsbazar,DIESEL,721,2026-01-08T12:15:00,109.913,0.0,109.913
8663,station-coxsbazar,PETROL,721,2026-01-08T12:15:00,100.746,0.0,100.746
8664,station-coxsbazar,OCTANE,721,2026-01-08T12:15:00,53.505,0.0,53.505
8665,station-mirpur,DIESEL,722,2026-01-08T12:30:00,60.666,0.0,60.666
8666,station-mirpur,PETROL,722,2026-01-08T12:30:00,75.463,0.0,75.463
8667,station-mirpur,OCTANE,722,2026-01-08T12:30:00,42.912,0.0,42.912
8668,station-tongi,DIESEL,722,2026-01-08T12:30:00,217.411,0.0,217.411
8669,station-tongi,PETROL,722,2026-01-08T12:30:00,75.103,0.0,75.103
8670,station-tongi,OCTANE,722,2026-01-08T12:30:00,34.252,0.0,34.252
8671,station-karnaphuli,DIESEL,722,2026-01-08T12:30:00,92.623,0.0,92.623
8672,station-karnaphuli,PETROL,722,2026-01-08T12:30:00,82.965,0.0,82.965
8673,station-karnaphuli,OCTANE,722,2026-01-08T12:30:00,53.699,0.0,53.699
8674,station-coxsbazar,DIESEL,722,2026-01-08T12:30:00,93.126,0.0,93.126
8675,station-coxsbazar,PETROL,722,2026-01-08T12:30:00,116.954,0.0,116.954
8676,station-coxsbazar,OCTANE,722,2026-01-08T12:30:00,47.586,0.0,47.586
8677,station-mirpur,DIESEL,723,2026-01-08T12:45:00,63.752,0.0,63.752
8678,station-mirpur,PETROL,723,2026-01-08T12:45:00,69.888,0.0,69.888
8679,station-mirpur,OCTANE,723,2026-01-08T12:45:00,43.654,0.0,43.654
8680,station-tongi,DIESEL,723,2026-01-08T12:45:00,238.547,0.0,238.547
8681,station-tongi,PETROL,723,2026-01-08T12:45:00,76.515,0.0,76.515
8682,station-tongi,OCTANE,723,2026-01-08T12:45:00,36.939,0.0,36.939
8683,station-karnaphuli,DIESEL,723,2026-01-08T12:45:00,95.68,0.0,95.68
8684,station-karnaphuli,PETROL,723,2026-01-08T12:45:00,101.357,0.0,101.357
8685,station-karnaphuli,OCTANE,723,2026-01-08T12:45:00,49.724,0.0,49.724
8686,station-coxsbazar,DIESEL,723,2026-01-08T12:45:00,92.629,0.0,92.629
8687,station-coxsbazar,PETROL,723,2026-01-08T12:45:00,98.453,0.0,98.453
8688,station-coxsbazar,OCTANE,723,2026-01-08T12:45:00,52.096,0.0,52.096
8689,station-mirpur,DIESEL,724,2026-01-08T13:00:00,68.059,0.0,68.059
8690,station-mirpur,PETROL,724,2026-01-08T13:00:00,80.549,0.0,80.549
8691,station-mirpur,OCTANE,724,2026-01-08T13:00:00,43.252,0.0,43.252
8692,station-tongi,DIESEL,724,2026-01-08T13:00:00,242.984,0.0,242.984
8693,station-tongi,PETROL,724,2026-01-08T13:00:00,69.237,0.0,69.237
8694,station-tongi,OCTANE,724,2026-01-08T13:00:00,34.627,0.0,34.627
8695,station-karnaphuli,DIESEL,724,2026-01-08T13:00:00,86.259,0.0,86.259
8696,station-karnaphuli,PETROL,724,2026-01-08T13:00:00,99.652,0.0,99.652
8697,station-karnaphuli,OCTANE,724,2026-01-08T13:00:00,57.359,0.0,57.359
8698,station-coxsbazar,DIESEL,724,2026-01-08T13:00:00,106.979,0.0,106.979
8699,station-coxsbazar,PETROL,724,2026-01-08T13:00:00,115.428,0.0,115.428
8700,station-coxsbazar,OCTANE,724,2026-01-08T13:00:00,55.273,0.0,55.273
8701,station-mirpur,DIESEL,725,2026-01-08T13:15:00,60.412,0.0,60.412
8702,station-mirpur,PETROL,725,2026-01-08T13:15:00,80.968,0.0,80.968
8703,station-mirpur,OCTANE,725,2026-01-08T13:15:00,44.7,0.0,44.7
8704,station-tongi,DIESEL,725,2026-01-08T13:15:00,233.551,0.0,233.551
8705,station-tongi,PETROL,725,2026-01-08T13:15:00,78.239,0.0,78.239
8706,station-tongi,OCTANE,725,2026-01-08T13:15:00,37.604,0.0,37.604
8707,station-karnaphuli,DIESEL,725,2026-01-08T13:15:00,79.154,0.0,79.154
8708,station-karnaphuli,PETROL,725,2026-01-08T13:15:00,91.664,0.0,91.664
8709,station-karnaphuli,OCTANE,725,2026-01-08T13:15:00,54.182,0.0,54.182
8710,station-coxsbazar,DIESEL,725,2026-01-08T13:15:00,95.914,0.0,95.914
8711,station-coxsbazar,PETROL,725,2026-01-08T13:15:00,116.417,0.0,116.417
8712,station-coxsbazar,OCTANE,725,2026-01-08T13:15:00,51.267,0.0,51.267
8713,station-mirpur,DIESEL,726,2026-01-08T13:30:00,57.555,0.0,57.555
8714,station-mirpur,PETROL,726,2026-01-08T13:30:00,73.1,0.0,73.1
8715,station-mirpur,OCTANE,726,2026-01-08T13:30:00,43.401,0.0,43.401
8716,station-tongi,DIESEL,726,2026-01-08T13:30:00,212.101,0.0,212.101
8717,station-tongi,PETROL,726,2026-01-08T13:30:00,70.866,0.0,70.866
8718,station-tongi,OCTANE,726,2026-01-08T13:30:00,37.679,0.0,37.679
8719,station-karnaphuli,DIESEL,726,2026-01-08T13:30:00,80.863,0.0,80.863
8720,station-karnaphuli,PETROL,726,2026-01-08T13:30:00,85.994,0.0,85.994
8721,station-karnaphuli,OCTANE,726,2026-01-08T13:30:00,55.979,0.0,55.979
8722,station-coxsbazar,DIESEL,726,2026-01-08T13:30:00,104.109,0.0,104.109
8723,station-coxsbazar,PETROL,726,2026-01-08T13:30:00,101.84,0.0,101.84
8724,station-coxsbazar,OCTANE,726,2026-01-08T13:30:00,48.281,0.0,48.281
8725,station-mirpur,DIESEL,727,2026-01-08T13:45:00,63.073,0.0,63.073
8726,station-mirpur,PETROL,727,2026-01-08T13:45:00,72.786,0.0,72.786
8727,station-mirpur,OCTANE,727,2026-01-08T13:45:00,40.626,0.0,40.626
8728,station-tongi,DIESEL,727,2026-01-08T13:45:00,226.56,0.0,226.56
8729,station-tongi,PETROL,727,2026-01-08T13:45:00,71.653,0.0,71.653
8730,station-tongi,OCTANE,727,2026-01-08T13:45:00,34.873,0.0,34.873
8731,station-karnaphuli,DIESEL,727,2026-01-08T13:45:00,78.965,0.0,78.965
8732,station-karnaphuli,PETROL,727,2026-01-08T13:45:00,100.622,0.0,100.622
8733,station-karnaphuli,OCTANE,727,2026-01-08T13:45:00,50.709,0.0,50.709
8734,station-coxsbazar,DIESEL,727,2026-01-08T13:45:00,98.763,0.0,98.763
8735,station-coxsbazar,PETROL,727,2026-01-08T13:45:00,106.429,0.0,106.429
8736,station-coxsbazar,OCTANE,727,2026-01-08T13:45:00,52.083,0.0,52.083
8737,station-mirpur,DIESEL,728,2026-01-08T14:00:00,66.256,0.0,66.256
8738,station-mirpur,PETROL,728,2026-01-08T14:00:00,71.139,0.0,71.139
8739,station-mirpur,OCTANE,728,2026-01-08T14:00:00,39.59,0.0,39.59
8740,station-tongi,DIESEL,728,2026-01-08T14:00:00,230.561,0.0,230.561
8741,station-tongi,PETROL,728,2026-01-08T14:00:00,68.695,0.0,68.695
8742,station-tongi,OCTANE,728,2026-01-08T14:00:00,33.921,0.0,33.921
8743,station-karnaphuli,DIESEL,728,2026-01-08T14:00:00,87.115,0.0,87.115
8744,station-karnaphuli,PETROL,728,2026-01-08T14:00:00,87.742,0.0,87.742
8745,station-karnaphuli,OCTANE,728,2026-01-08T14:00:00,47.21,0.0,47.21
8746,station-coxsbazar,DIESEL,728,2026-01-08T14:00:00,101.397,0.0,101.397
8747,station-coxsbazar,PETROL,728,2026-01-08T14:00:00,101.063,0.0,101.063
8748,station-coxsbazar,OCTANE,728,2026-01-08T14:00:00,46.36,0.0,46.36
8749,station-mirpur,DIESEL,729,2026-01-08T14:15:00,56.728,0.0,56.728
8750,station-mirpur,PETROL,729,2026-01-08T14:15:00,78.225,0.0,78.225
8751,station-mirpur,OCTANE,729,2026-01-08T14:15:00,39.152,0.0,39.152
8752,station-tongi,DIESEL,729,2026-01-08T14:15:00,214.393,0.0,214.393
8753,station-tongi,PETROL,729,2026-01-08T14:15:00,72.275,0.0,72.275
8754,station-tongi,OCTANE,729,2026-01-08T14:15:00,38.234,0.0,38.234
8755,station-karnaphuli,DIESEL,729,2026-01-08T14:15:00,91.802,0.0,91.802
8756,station-karnaphuli,PETROL,729,2026-01-08T14:15:00,98.807,0.0,98.807
8757,station-karnaphuli,OCTANE,729,2026-01-08T14:15:00,53.31,0.0,53.31
8758,station-coxsbazar,DIESEL,729,2026-01-08T14:15:00,91.819,0.0,91.819
8759,station-coxsbazar,PETROL,729,2026-01-08T14:15:00,100.234,0.0,100.234
8760,station-coxsbazar,OCTANE,729,2026-01-08T14:15:00,53.597,0.0,53.597
8761,station-mirpur,DIESEL,730,2026-01-08T14:30:00,62.993,0.0,62.993
8762,station-mirpur,PETROL,730,2026-01-08T14:30:00,83.079,0.0,83.079
8763,station-mirpur,OCTANE,730,2026-01-08T14:30:00,43.059,0.0,43.059
8764,station-tongi,DIESEL,730,2026-01-08T14:30:00,237.148,0.0,237.148
8765,station-tongi,PETROL,730,2026-01-08T14:30:00,69.262,0.0,69.262
8766,station-tongi,OCTANE,730,2026-01-08T14:30:00,35.962,0.0,35.962
8767,station-karnaphuli,DIESEL,730,2026-01-08T14:30:00,86.331,0.0,86.331
8768,station-karnaphuli,PETROL,730,2026-01-08T14:30:00,92.561,0.0,92.561
8769,station-karnaphuli,OCTANE,730,2026-01-08T14:30:00,48.226,0.0,48.226
8770,station-coxsbazar,DIESEL,730,2026-01-08T14:30:00,106.818,0.0,106.818
8771,station-coxsbazar,PETROL,730,2026-01-08T14:30:00,108.079,0.0,108.079
8772,station-coxsbazar,OCTANE,730,2026-01-08T14:30:00,51.738,0.0,51.738
8773,station-mirpur,DIESEL,731,2026-01-08T14:45:00,56.049,0.0,56.049
8774,station-mirpur,PETROL,731,2026-01-08T14:45:00,78.933,0.0,78.933
8775,station-mirpur,OCTANE,731,2026-01-08T14:45:00,38.748,0.0,38.748
8776,station-tongi,DIESEL,731,2026-01-08T14:45:00,229.044,0.0,229.044
8777,station-tongi,PETROL,731,2026-01-08T14:45:00,69.542,0.0,69.542
8778,station-tongi,OCTANE,731,2026-01-08T14:45:00,33.327,0.0,33.327
8779,station-karnaphuli,DIESEL,731,2026-01-08T14:45:00,81.76,0.0,81.76
8780,station-karnaphuli,PETROL,731,2026-01-08T14:45:00,85.51,0.0,85.51
8781,station-karnaphuli,OCTANE,731,2026-01-08T14:45:00,56.353,0.0,56.353
8782,station-coxsbazar,DIESEL,731,2026-01-08T14:45:00,105.6,0.0,105.6
8783,station-coxsbazar,PETROL,731,2026-01-08T14:45:00,107.296,0.0,107.296
8784,station-coxsbazar,OCTANE,731,2026-01-08T14:45:00,47.494,0.0,47.494
8785,station-mirpur,DIESEL,732,2026-01-08T15:00:00,64.012,0.0,64.012
8786,station-mirpur,PETROL,732,2026-01-08T15:00:00,71.761,0.0,71.761
8787,station-mirpur,OCTANE,732,2026-01-08T15:00:00,41.937,0.0,41.937
8788,station-tongi,DIESEL,732,2026-01-08T15:00:00,220.679,0.0,220.679
8789,station-tongi,PETROL,732,2026-01-08T15:00:00,69.329,0.0,69.329
8790,station-tongi,OCTANE,732,2026-01-08T15:00:00,33.156,0.0,33.156
8791,station-karnaphuli,DIESEL,732,2026-01-08T15:00:00,78.106,0.0,78.106
8792,station-karnaphuli,PETROL,732,2026-01-08T15:00:00,100.028,0.0,100.028
8793,station-karnaphuli,OCTANE,732,2026-01-08T15:00:00,57.811,0.0,57.811
8794,station-coxsbazar,DIESEL,732,2026-01-08T15:00:00,103.309,0.0,103.309
8795,station-coxsbazar,PETROL,732,2026-01-08T15:00:00,115.926,0.0,115.926
8796,station-coxsbazar,OCTANE,732,2026-01-08T15:00:00,53.942,0.0,53.942
8797,station-mirpur,DIESEL,733,2026-01-08T15:15:00,64.483,0.0,64.483
8798,station-mirpur,PETROL,733,2026-01-08T15:15:00,76.305,0.0,76.305
8799,station-mirpur,OCTANE,733,2026-01-08T15:15:00,42.716,0.0,42.716
8800,station-tongi,DIESEL,733,2026-01-08T15:15:00,223.592,0.0,223.592
8801,station-tongi,PETROL,733,2026-01-08T15:15:00,73.632,0.0,73.632
8802,station-tongi,OCTANE,733,2026-01-08T15:15:00,33.438,0.0,33.438
8803,station-karnaphuli,DIESEL,733,2026-01-08T15:15:00,79.725,0.0,79.725
8804,station-karnaphuli,PETROL,733,2026-01-08T15:15:00,84.318,0.0,84.318
8805,station-karnaphuli,OCTANE,733,2026-01-08T15:15:00,52.362,0.0,52.362
8806,station-coxsbazar,DIESEL,733,2026-01-08T15:15:00,106.96,0.0,106.96
8807,station-coxsbazar,PETROL,733,2026-01-08T15:15:00,116.458,0.0,116.458
8808,station-coxsbazar,OCTANE,733,2026-01-08T15:15:00,50.199,0.0,50.199
8809,station-mirpur,DIESEL,734,2026-01-08T15:30:00,67.491,0.0,67.491
8810,station-mirpur,PETROL,734,2026-01-08T15:30:00,82.642,0.0,82.642
8811,station-mirpur,OCTANE,734,2026-01-08T15:30:00,39.577,0.0,39.577
8812,station-tongi,DIESEL,734,2026-01-08T15:30:00,242.031,0.0,242.031
8813,station-tongi,PETROL,734,2026-01-08T15:30:00,72.637,0.0,72.637
8814,station-tongi,OCTANE,734,2026-01-08T15:30:00,34.871,0.0,34.871
8815,station-karnaphuli,DIESEL,734,2026-01-08T15:30:00,78.832,0.0,78.832
8816,station-karnaphuli,PETROL,734,2026-01-08T15:30:00,91.656,0.0,91.656
8817,station-karnaphuli,OCTANE,734,2026-01-08T15:30:00,53.873,0.0,53.873
8818,station-coxsbazar,DIESEL,734,2026-01-08T15:30:00,109.914,0.0,109.914
8819,station-coxsbazar,PETROL,734,2026-01-08T15:30:00,102.469,0.0,102.469
8820,station-coxsbazar,OCTANE,734,2026-01-08T15:30:00,49.975,0.0,49.975
8821,station-mirpur,DIESEL,735,2026-01-08T15:45:00,66.899,0.0,66.899
8822,station-mirpur,PETROL,735,2026-01-08T15:45:00,78.343,0.0,78.343
8823,station-mirpur,OCTANE,735,2026-01-08T15:45:00,44.363,0.0,44.363
8824,station-tongi,DIESEL,735,2026-01-08T15:45:00,215.866,0.0,215.866
8825,station-tongi,PETROL,735,2026-01-08T15:45:00,74.719,0.0,74.719
8826,station-tongi,OCTANE,735,2026-01-08T15:45:00,33.468,0.0,33.468
8827,station-karnaphuli,DIESEL,735,2026-01-08T15:45:00,79.493,0.0,79.493
8828,station-karnaphuli,PETROL,735,2026-01-08T15:45:00,89.775,0.0,89.775
8829,station-karnaphuli,OCTANE,735,2026-01-08T15:45:00,58.482,0.0,58.482
8830,station-coxsbazar,DIESEL,735,2026-01-08T15:45:00,104.908,0.0,104.908
8831,station-coxsbazar,PETROL,735,2026-01-08T15:45:00,102.717,0.0,102.717
8832,station-coxsbazar,OCTANE,735,2026-01-08T15:45:00,45.893,0.0,45.893
8833,station-mirpur,DIESEL,736,2026-01-08T16:00:00,140.19,0.0,140.19
8834,station-mirpur,PETROL,736,2026-01-08T16:00:00,171.558,0.0,171.558
8835,station-mirpur,OCTANE,736,2026-01-08T16:00:00,81.487,0.0,81.487
8836,station-tongi,DIESEL,736,2026-01-08T16:00:00,232.669,0.0,232.669
8837,station-tongi,PETROL,736,2026-01-08T16:00:00,67.578,0.0,67.578
8838,station-tongi,OCTANE,736,2026-01-08T16:00:00,37.162,0.0,37.162
8839,station-karnaphuli,DIESEL,736,2026-01-08T16:00:00,160.427,0.0,160.427
8840,station-karnaphuli,PETROL,736,2026-01-08T16:00:00,173.761,0.0,173.761
8841,station-karnaphuli,OCTANE,736,2026-01-08T16:00:00,90.008,0.0,90.008
8842,station-coxsbazar,DIESEL,736,2026-01-08T16:00:00,97.476,0.0,97.476
8843,station-coxsbazar,PETROL,736,2026-01-08T16:00:00,99.174,0.0,99.174
8844,station-coxsbazar,OCTANE,736,2026-01-08T16:00:00,52.014,0.0,52.014
8845,station-mirpur,DIESEL,737,2026-01-08T16:15:00,141.044,0.0,141.044
8846,station-mirpur,PETROL,737,2026-01-08T16:15:00,169.964,0.0,169.964
8847,station-mirpur,OCTANE,737,2026-01-08T16:15:00,80.152,0.0,80.152
8848,station-tongi,DIESEL,737,2026-01-08T16:15:00,232.018,0.0,232.018
8849,station-tongi,PETROL,737,2026-01-08T16:15:00,68.573,0.0,68.573
8850,station-tongi,OCTANE,737,2026-01-08T16:15:00,34.988,0.0,34.988
8851,station-karnaphuli,DIESEL,737,2026-01-08T16:15:00,144.789,0.0,144.789
8852,station-karnaphuli,PETROL,737,2026-01-08T16:15:00,180.001,0.0,180.001
8853,station-karnaphuli,OCTANE,737,2026-01-08T16:15:00,95.178,0.0,95.178
8854,station-coxsbazar,DIESEL,737,2026-01-08T16:15:00,109.227,0.0,109.227
8855,station-coxsbazar,PETROL,737,2026-01-08T16:15:00,108.688,0.0,108.688
8856,station-coxsbazar,OCTANE,737,2026-01-08T16:15:00,49.273,0.0,49.273
8857,station-mirpur,DIESEL,738,2026-01-08T16:30:00,129.628,0.0,129.628
8858,station-mirpur,PETROL,738,2026-01-08T16:30:00,145.163,0.0,145.163
8859,station-mirpur,OCTANE,738,2026-01-08T16:30:00,86.704,0.0,86.704
8860,station-tongi,DIESEL,738,2026-01-08T16:30:00,217.722,0.0,217.722
8861,station-tongi,PETROL,738,2026-01-08T16:30:00,77.918,0.0,77.918
8862,station-tongi,OCTANE,738,2026-01-08T16:30:00,35.561,0.0,35.561
8863,station-karnaphuli,DIESEL,738,2026-01-08T16:30:00,152.515,0.0,152.515
8864,station-karnaphuli,PETROL,738,2026-01-08T16:30:00,171.646,0.0,171.646
8865,station-karnaphuli,OCTANE,738,2026-01-08T16:30:00,85.744,0.0,85.744
8866,station-coxsbazar,DIESEL,738,2026-01-08T16:30:00,103.731,0.0,103.731
8867,station-coxsbazar,PETROL,738,2026-01-08T16:30:00,114.458,0.0,114.458
8868,station-coxsbazar,OCTANE,738,2026-01-08T16:30:00,54.065,0.0,54.065
8869,station-mirpur,DIESEL,739,2026-01-08T16:45:00,140.076,0.0,140.076
8870,station-mirpur,PETROL,739,2026-01-08T16:45:00,151.537,0.0,151.537
8871,station-mirpur,OCTANE,739,2026-01-08T16:45:00,77.839,0.0,77.839
8872,station-tongi,DIESEL,739,2026-01-08T16:45:00,218.717,0.0,218.717
8873,station-tongi,PETROL,739,2026-01-08T16:45:00,74.426,0.0,74.426
8874,station-tongi,OCTANE,739,2026-01-08T16:45:00,37.173,0.0,37.173
8875,station-karnaphuli,DIESEL,739,2026-01-08T16:45:00,171.895,0.0,171.895
8876,station-karnaphuli,PETROL,739,2026-01-08T16:45:00,160.366,0.0,160.366
8877,station-karnaphuli,OCTANE,739,2026-01-08T16:45:00,95.691,0.0,95.691
8878,station-coxsbazar,DIESEL,739,2026-01-08T16:45:00,103.152,0.0,103.152
8879,station-coxsbazar,PETROL,739,2026-01-08T16:45:00,105.366,0.0,105.366
8880,station-coxsbazar,OCTANE,739,2026-01-08T16:45:00,52.022,0.0,52.022
8881,station-mirpur,DIESEL,740,2026-01-08T17:00:00,118.793,0.0,118.793
8882,station-mirpur,PETROL,740,2026-01-08T17:00:00,150.327,0.0,150.327
8883,station-mirpur,OCTANE,740,2026-01-08T17:00:00,77.15,0.0,77.15
8884,station-tongi,DIESEL,740,2026-01-08T17:00:00,242.164,0.0,242.164
8885,station-tongi,PETROL,740,2026-01-08T17:00:00,72.909,0.0,72.909
8886,station-tongi,OCTANE,740,2026-01-08T17:00:00,37.428,0.0,37.428
8887,station-karnaphuli,DIESEL,740,2026-01-08T17:00:00,168.595,0.0,168.595
8888,station-karnaphuli,PETROL,740,2026-01-08T17:00:00,157.007,0.0,157.007
8889,station-karnaphuli,OCTANE,740,2026-01-08T17:00:00,103.334,0.0,103.334
8890,station-coxsbazar,DIESEL,740,2026-01-08T17:00:00,93.642,0.0,93.642
8891,station-coxsbazar,PETROL,740,2026-01-08T17:00:00,111.547,0.0,111.547
8892,station-coxsbazar,OCTANE,740,2026-01-08T17:00:00,51.116,0.0,51.116
8893,station-mirpur,DIESEL,741,2026-01-08T17:15:00,134.338,0.0,134.338
8894,station-mirpur,PETROL,741,2026-01-08T17:15:00,167.676,0.0,167.676
8895,station-mirpur,OCTANE,741,2026-01-08T17:15:00,90.9,0.0,90.9
8896,station-tongi,DIESEL,741,2026-01-08T17:15:00,217.968,0.0,217.968
8897,station-tongi,PETROL,741,2026-01-08T17:15:00,67.933,0.0,67.933
8898,station-tongi,OCTANE,741,2026-01-08T17:15:00,33.63,0.0,33.63
8899,station-karnaphuli,DIESEL,741,2026-01-08T17:15:00,163.914,0.0,163.914
8900,station-karnaphuli,PETROL,741,2026-01-08T17:15:00,179.973,0.0,179.973
8901,station-karnaphuli,OCTANE,741,2026-01-08T17:15:00,95.311,0.0,95.311
8902,station-coxsbazar,DIESEL,741,2026-01-08T17:15:00,101.691,0.0,101.691
8903,station-coxsbazar,PETROL,741,2026-01-08T17:15:00,112.094,0.0,112.094
8904,station-coxsbazar,OCTANE,741,2026-01-08T17:15:00,46.565,0.0,46.565
8905,station-mirpur,DIESEL,742,2026-01-08T17:30:00,124.281,0.0,124.281
8906,station-mirpur,PETROL,742,2026-01-08T17:30:00,162.602,0.0,162.602
8907,station-mirpur,OCTANE,742,2026-01-08T17:30:00,84.444,0.0,84.444
8908,station-tongi,DIESEL,742,2026-01-08T17:30:00,215.561,0.0,215.561
8909,station-tongi,PETROL,742,2026-01-08T17:30:00,71.803,0.0,71.803
8910,station-tongi,OCTANE,742,2026-01-08T17:30:00,35.824,0.0,35.824
8911,station-karnaphuli,DIESEL,742,2026-01-08T17:30:00,142.625,0.0,142.625
8912,station-karnaphuli,PETROL,742,2026-01-08T17:30:00,185.538,0.0,185.538
8913,station-karnaphuli,OCTANE,742,2026-01-08T17:30:00,86.04,0.0,86.04
8914,station-coxsbazar,DIESEL,742,2026-01-08T17:30:00,109.765,0.0,109.765
8915,station-coxsbazar,PETROL,742,2026-01-08T17:30:00,107.311,0.0,107.311
8916,station-coxsbazar,OCTANE,742,2026-01-08T17:30:00,47.766,0.0,47.766
8917,station-mirpur,DIESEL,743,2026-01-08T17:45:00,134.777,0.0,134.777
8918,station-mirpur,PETROL,743,2026-01-08T17:45:00,149.502,0.0,149.502
8919,station-mirpur,OCTANE,743,2026-01-08T17:45:00,91.34,0.0,91.34
8920,station-tongi,DIESEL,743,2026-01-08T17:45:00,236.075,0.0,236.075
8921,station-tongi,PETROL,743,2026-01-08T17:45:00,74.635,0.0,74.635
8922,station-tongi,OCTANE,743,2026-01-08T17:45:00,37.259,0.0,37.259
8923,station-karnaphuli,DIESEL,743,2026-01-08T17:45:00,173.668,0.0,173.668
8924,station-karnaphuli,PETROL,743,2026-01-08T17:45:00,151.128,0.0,151.128
8925,station-karnaphuli,OCTANE,743,2026-01-08T17:45:00,85.138,0.0,85.138
8926,station-coxsbazar,DIESEL,743,2026-01-08T17:45:00,97.847,0.0,97.847
8927,station-coxsbazar,PETROL,743,2026-01-08T17:45:00,106.607,0.0,106.607
8928,station-coxsbazar,OCTANE,743,2026-01-08T17:45:00,47.189,0.0,47.189
8929,station-mirpur,DIESEL,744,2026-01-08T18:00:00,118.855,0.0,118.855
8930,station-mirpur,PETROL,744,2026-01-08T18:00:00,163.889,0.0,163.889
8931,station-mirpur,OCTANE,744,2026-01-08T18:00:00,83.324,0.0,83.324
8932,station-tongi,DIESEL,744,2026-01-08T18:00:00,65.334,0.0,65.334
8933,station-tongi,PETROL,744,2026-01-08T18:00:00,22.097,0.0,22.097
8934,station-tongi,OCTANE,744,2026-01-08T18:00:00,10.192,0.0,10.192
8935,station-karnaphuli,DIESEL,744,2026-01-08T18:00:00,153.663,0.0,153.663
8936,station-karnaphuli,PETROL,744,2026-01-08T18:00:00,161.428,0.0,161.428
8937,station-karnaphuli,OCTANE,744,2026-01-08T18:00:00,94.672,0.0,94.672
8938,station-coxsbazar,DIESEL,744,2026-01-08T18:00:00,96.47,0.0,96.47
8939,station-coxsbazar,PETROL,744,2026-01-08T18:00:00,105.045,0.0,105.045
8940,station-coxsbazar,OCTANE,744,2026-01-08T18:00:00,50.596,0.0,50.596
8941,station-mirpur,DIESEL,745,2026-01-08T18:15:00,128.211,0.0,128.211
8942,station-mirpur,PETROL,745,2026-01-08T18:15:00,172.231,0.0,172.231
8943,station-mirpur,OCTANE,745,2026-01-08T18:15:00,87.164,0.0,87.164
8944,station-tongi,DIESEL,745,2026-01-08T18:15:00,60.397,0.0,60.397
8945,station-tongi,PETROL,745,2026-01-08T18:15:00,20.907,0.0,20.907
8946,station-tongi,OCTANE,745,2026-01-08T18:15:00,10.299,0.0,10.299
8947,station-karnaphuli,DIESEL,745,2026-01-08T18:15:00,147.403,0.0,147.403
8948,station-karnaphuli,PETROL,745,2026-01-08T18:15:00,164.046,0.0,164.046
8949,station-karnaphuli,OCTANE,745,2026-01-08T18:15:00,96.685,0.0,96.685
8950,station-coxsbazar,DIESEL,745,2026-01-08T18:15:00,104.902,0.0,104.902
8951,station-coxsbazar,PETROL,745,2026-01-08T18:15:00,110.409,0.0,110.409
8952,station-coxsbazar,OCTANE,745,2026-01-08T18:15:00,49.144,0.0,49.144
8953,station-mirpur,DIESEL,746,2026-01-08T18:30:00,126.076,0.0,126.076
8954,station-mirpur,PETROL,746,2026-01-08T18:30:00,156.567,0.0,156.567
8955,station-mirpur,OCTANE,746,2026-01-08T18:30:00,84.779,0.0,84.779
8956,station-tongi,DIESEL,746,2026-01-08T18:30:00,60.968,0.0,60.968
8957,station-tongi,PETROL,746,2026-01-08T18:30:00,20.445,0.0,20.445
8958,station-tongi,OCTANE,746,2026-01-08T18:30:00,9.491,0.0,9.491
8959,station-karnaphuli,DIESEL,746,2026-01-08T18:30:00,169.345,0.0,169.345
8960,station-karnaphuli,PETROL,746,2026-01-08T18:30:00,171.782,0.0,171.782
8961,station-karnaphuli,OCTANE,746,2026-01-08T18:30:00,94.341,0.0,94.341
8962,station-coxsbazar,DIESEL,746,2026-01-08T18:30:00,95.2,0.0,95.2
8963,station-coxsbazar,PETROL,746,2026-01-08T18:30:00,111.291,0.0,111.291
8964,station-coxsbazar,OCTANE,746,2026-01-08T18:30:00,45.915,0.0,45.915
8965,station-mirpur,DIESEL,747,2026-01-08T18:45:00,135.874,0.0,135.874
8966,station-mirpur,PETROL,747,2026-01-08T18:45:00,173.373,0.0,173.373
8967,station-mirpur,OCTANE,747,2026-01-08T18:45:00,87.482,0.0,87.482
8968,station-tongi,DIESEL,747,2026-01-08T18:45:00,66.095,0.0,66.095
8969,station-tongi,PETROL,747,2026-01-08T18:45:00,22.086,0.0,22.086
8970,station-tongi,OCTANE,747,2026-01-08T18:45:00,9.873,0.0,9.873
8971,station-karnaphuli,DIESEL,747,2026-01-08T18:45:00,161.465,0.0,161.465
8972,station-karnaphuli,PETROL,747,2026-01-08T18:45:00,152.135,0.0,152.135
8973,station-karnaphuli,OCTANE,747,2026-01-08T18:45:00,100.681,0.0,100.681
8974,station-coxsbazar,DIESEL,747,2026-01-08T18:45:00,108.408,0.0,108.408
8975,station-coxsbazar,PETROL,747,2026-01-08T18:45:00,111.909,0.0,111.909
8976,station-coxsbazar,OCTANE,747,2026-01-08T18:45:00,50.243,0.0,50.243
8977,station-mirpur,DIESEL,748,2026-01-08T19:00:00,116.665,0.0,116.665
8978,station-mirpur,PETROL,748,2026-01-08T19:00:00,143.37,0.0,143.37
8979,station-mirpur,OCTANE,748,2026-01-08T19:00:00,92.253,0.0,92.253
8980,station-tongi,DIESEL,748,2026-01-08T19:00:00,62.913,0.0,62.913
8981,station-tongi,PETROL,748,2026-01-08T19:00:00,20.011,0.0,20.011
8982,station-tongi,OCTANE,748,2026-01-08T19:00:00,9.677,0.0,9.677
8983,station-karnaphuli,DIESEL,748,2026-01-08T19:00:00,146.981,0.0,146.981
8984,station-karnaphuli,PETROL,748,2026-01-08T19:00:00,148.051,0.0,148.051
8985,station-karnaphuli,OCTANE,748,2026-01-08T19:00:00,99.118,0.0,99.118
8986,station-coxsbazar,DIESEL,748,2026-01-08T19:00:00,99.036,0.0,99.036
8987,station-coxsbazar,PETROL,748,2026-01-08T19:00:00,107.714,0.0,107.714
8988,station-coxsbazar,OCTANE,748,2026-01-08T19:00:00,51.955,0.0,51.955
8989,station-mirpur,DIESEL,749,2026-01-08T19:15:00,121.812,0.0,121.812
8990,station-mirpur,PETROL,749,2026-01-08T19:15:00,158.184,0.0,158.184
8991,station-mirpur,OCTANE,749,2026-01-08T19:15:00,92.119,0.0,92.119
8992,station-tongi,DIESEL,749,2026-01-08T19:15:00,66.371,0.0,66.371
8993,station-tongi,PETROL,749,2026-01-08T19:15:00,21.496,0.0,21.496
8994,station-tongi,OCTANE,749,2026-01-08T19:15:00,11.105,0.0,11.105
8995,station-karnaphuli,DIESEL,749,2026-01-08T19:15:00,147.19,0.0,147.19
8996,station-karnaphuli,PETROL,749,2026-01-08T19:15:00,186.944,0.0,186.944
8997,station-karnaphuli,OCTANE,749,2026-01-08T19:15:00,100.159,0.0,100.159
8998,station-coxsbazar,DIESEL,749,2026-01-08T19:15:00,96.735,0.0,96.735
8999,station-coxsbazar,PETROL,749,2026-01-08T19:15:00,110.75,0.0,110.75
9000,station-coxsbazar,OCTANE,749,2026-01-08T19:15:00,53.917,0.0,53.917
9001,station-mirpur,DIESEL,750,2026-01-08T19:30:00,127.071,0.0,127.071
9002,station-mirpur,PETROL,750,2026-01-08T19:30:00,162.952,0.0,162.952
9003,station-mirpur,OCTANE,750,2026-01-08T19:30:00,76.644,0.0,76.644
9004,station-tongi,DIESEL,750,2026-01-08T19:30:00,68.401,0.0,68.401
9005,station-tongi,PETROL,750,2026-01-08T19:30:00,20.775,0.0,20.775
9006,station-tongi,OCTANE,750,2026-01-08T19:30:00,11.123,0.0,11.123
9007,station-karnaphuli,DIESEL,750,2026-01-08T19:30:00,150.39,0.0,150.39
9008,station-karnaphuli,PETROL,750,2026-01-08T19:30:00,168.313,0.0,168.313
9009,station-karnaphuli,OCTANE,750,2026-01-08T19:30:00,97.608,0.0,97.608
9010,station-coxsbazar,DIESEL,750,2026-01-08T19:30:00,110.971,0.0,110.971
9011,station-coxsbazar,PETROL,750,2026-01-08T19:30:00,104.184,0.0,104.184
9012,station-coxsbazar,OCTANE,750,2026-01-08T19:30:00,55.151,0.0,55.151
9013,station-mirpur,DIESEL,751,2026-01-08T19:45:00,131.58,0.0,131.58
9014,station-mirpur,PETROL,751,2026-01-08T19:45:00,150.278,0.0,150.278
9015,station-mirpur,OCTANE,751,2026-01-08T19:45:00,87.633,0.0,87.633
9016,station-tongi,DIESEL,751,2026-01-08T19:45:00,69.788,0.0,69.788
9017,station-tongi,PETROL,751,2026-01-08T19:45:00,20.236,0.0,20.236
9018,station-tongi,OCTANE,751,2026-01-08T19:45:00,9.987,0.0,9.987
9019,station-karnaphuli,DIESEL,751,2026-01-08T19:45:00,171.246,0.0,171.246
9020,station-karnaphuli,PETROL,751,2026-01-08T19:45:00,171.476,0.0,171.476
9021,station-karnaphuli,OCTANE,751,2026-01-08T19:45:00,90.533,0.0,90.533
9022,station-coxsbazar,DIESEL,751,2026-01-08T19:45:00,92.339,0.0,92.339
9023,station-coxsbazar,PETROL,751,2026-01-08T19:45:00,102.458,0.0,102.458
9024,station-coxsbazar,OCTANE,751,2026-01-08T19:45:00,52.632,0.0,52.632
9025,station-mirpur,DIESEL,752,2026-01-08T20:00:00,130.104,0.0,130.104
9026,station-mirpur,PETROL,752,2026-01-08T20:00:00,158.477,0.0,158.477
9027,station-mirpur,OCTANE,752,2026-01-08T20:00:00,86.54,0.0,86.54
9028,station-tongi,DIESEL,752,2026-01-08T20:00:00,63.478,0.0,63.478
9029,station-tongi,PETROL,752,2026-01-08T20:00:00,19.872,0.0,19.872
9030,station-tongi,OCTANE,752,2026-01-08T20:00:00,11.043,0.0,11.043
9031,station-karnaphuli,DIESEL,752,2026-01-08T20:00:00,168.924,0.0,168.924
9032,station-karnaphuli,PETROL,752,2026-01-08T20:00:00,155.84,0.0,155.84
9033,station-karnaphuli,OCTANE,752,2026-01-08T20:00:00,103.774,0.0,103.774
9034,station-coxsbazar,DIESEL,752,2026-01-08T20:00:00,99.086,0.0,99.086
9035,station-coxsbazar,PETROL,752,2026-01-08T20:00:00,115.559,0.0,115.559
9036,station-coxsbazar,OCTANE,752,2026-01-08T20:00:00,48.052,0.0,48.052
9037,station-mirpur,DIESEL,753,2026-01-08T20:15:00,137.985,0.0,137.985
9038,station-mirpur,PETROL,753,2026-01-08T20:15:00,161.081,0.0,161.081
9039,station-mirpur,OCTANE,753,2026-01-08T20:15:00,90.475,0.0,90.475
9040,station-tongi,DIESEL,753,2026-01-08T20:15:00,66.281,0.0,66.281
9041,station-tongi,PETROL,753,2026-01-08T20:15:00,19.461,0.0,19.461
9042,station-tongi,OCTANE,753,2026-01-08T20:15:00,10.299,0.0,10.299
9043,station-karnaphuli,DIESEL,753,2026-01-08T20:15:00,155.347,0.0,155.347
9044,station-karnaphuli,PETROL,753,2026-01-08T20:15:00,154.344,0.0,154.344
9045,station-karnaphuli,OCTANE,753,2026-01-08T20:15:00,87.642,0.0,87.642
9046,station-coxsbazar,DIESEL,753,2026-01-08T20:15:00,107.139,0.0,107.139
9047,station-coxsbazar,PETROL,753,2026-01-08T20:15:00,116.614,0.0,116.614
9048,station-coxsbazar,OCTANE,753,2026-01-08T20:15:00,46.519,0.0,46.519
9049,station-mirpur,DIESEL,754,2026-01-08T20:30:00,134.441,0.0,134.441
9050,station-mirpur,PETROL,754,2026-01-08T20:30:00,161.061,0.0,161.061
9051,station-mirpur,OCTANE,754,2026-01-08T20:30:00,76.573,0.0,76.573
9052,station-tongi,DIESEL,754,2026-01-08T20:30:00,64.404,0.0,64.404
9053,station-tongi,PETROL,754,2026-01-08T20:30:00,21.395,0.0,21.395
9054,station-tongi,OCTANE,754,2026-01-08T20:30:00,10.903,0.0,10.903
9055,station-karnaphuli,DIESEL,754,2026-01-08T20:30:00,146.567,0.0,146.567
9056,station-karnaphuli,PETROL,754,2026-01-08T20:30:00,187.084,0.0,187.084
9057,station-karnaphuli,OCTANE,754,2026-01-08T20:30:00,90.609,0.0,90.609
9058,station-coxsbazar,DIESEL,754,2026-01-08T20:30:00,92.281,0.0,92.281
9059,station-coxsbazar,PETROL,754,2026-01-08T20:30:00,106.98,0.0,106.98
9060,station-coxsbazar,OCTANE,754,2026-01-08T20:30:00,52.588,0.0,52.588
9061,station-mirpur,DIESEL,755,2026-01-08T20:45:00,135.836,0.0,135.836
9062,station-mirpur,PETROL,755,2026-01-08T20:45:00,171.06,0.0,171.06
9063,station-mirpur,OCTANE,755,2026-01-08T20:45:00,83.649,0.0,83.649
9064,station-tongi,DIESEL,755,2026-01-08T20:45:00,62.67,0.0,62.67
9065,station-tongi,PETROL,755,2026-01-08T20:45:00,21.624,0.0,21.624
9066,station-tongi,OCTANE,755,2026-01-08T20:45:00,10.092,0.0,10.092
9067,station-karnaphuli,DIESEL,755,2026-01-08T20:45:00,166.231,0.0,166.231
9068,station-karnaphuli,PETROL,755,2026-01-08T20:45:00,165.874,0.0,165.874
9069,station-karnaphuli,OCTANE,755,2026-01-08T20:45:00,90.103,0.0,90.103
9070,station-coxsbazar,DIESEL,755,2026-01-08T20:45:00,108.916,0.0,108.916
9071,station-coxsbazar,PETROL,755,2026-01-08T20:45:00,109.3,0.0,109.3
9072,station-coxsbazar,OCTANE,755,2026-01-08T20:45:00,46.315,0.0,46.315
9073,station-mirpur,DIESEL,756,2026-01-08T21:00:00,59.038,0.0,59.038
9074,station-mirpur,PETROL,756,2026-01-08T21:00:00,75.525,0.0,75.525
9075,station-mirpur,OCTANE,756,2026-01-08T21:00:00,43.033,0.0,43.033
9076,station-tongi,DIESEL,756,2026-01-08T21:00:00,63.975,0.0,63.975
9077,station-tongi,PETROL,756,2026-01-08T21:00:00,22.322,0.0,22.322
9078,station-tongi,OCTANE,756,2026-01-08T21:00:00,9.624,0.0,9.624
9079,station-karnaphuli,DIESEL,756,2026-01-08T21:00:00,91.414,0.0,91.414
9080,station-karnaphuli,PETROL,756,2026-01-08T21:00:00,82.004,0.0,82.004
9081,station-karnaphuli,OCTANE,756,2026-01-08T21:00:00,57.795,0.0,57.795
9082,station-coxsbazar,DIESEL,756,2026-01-08T21:00:00,57.489,0.0,57.489
9083,station-coxsbazar,PETROL,756,2026-01-08T21:00:00,52.807,0.0,52.807
9084,station-coxsbazar,OCTANE,756,2026-01-08T21:00:00,24.834,0.0,24.834
9085,station-mirpur,DIESEL,757,2026-01-08T21:15:00,67.285,0.0,67.285
9086,station-mirpur,PETROL,757,2026-01-08T21:15:00,70.296,0.0,70.296
9087,station-mirpur,OCTANE,757,2026-01-08T21:15:00,37.558,0.0,37.558
9088,station-tongi,DIESEL,757,2026-01-08T21:15:00,69.219,0.0,69.219
9089,station-tongi,PETROL,757,2026-01-08T21:15:00,22.758,0.0,22.758
9090,station-tongi,OCTANE,757,2026-01-08T21:15:00,10.937,0.0,10.937
9091,station-karnaphuli,DIESEL,757,2026-01-08T21:15:00,84.015,0.0,84.015
9092,station-karnaphuli,PETROL,757,2026-01-08T21:15:00,91.304,0.0,91.304
9093,station-karnaphuli,OCTANE,757,2026-01-08T21:15:00,48.069,0.0,48.069
9094,station-coxsbazar,DIESEL,757,2026-01-08T21:15:00,55.786,0.0,55.786
9095,station-coxsbazar,PETROL,757,2026-01-08T21:15:00,60.293,0.0,60.293
9096,station-coxsbazar,OCTANE,757,2026-01-08T21:15:00,28.843,0.0,28.843
9097,station-mirpur,DIESEL,758,2026-01-08T21:30:00,61.419,0.0,61.419
9098,station-mirpur,PETROL,758,2026-01-08T21:30:00,84.03,0.0,84.03
9099,station-mirpur,OCTANE,758,2026-01-08T21:30:00,41.288,0.0,41.288
9100,station-tongi,DIESEL,758,2026-01-08T21:30:00,67.469,0.0,67.469
9101,station-tongi,PETROL,758,2026-01-08T21:30:00,20.281,0.0,20.281
9102,station-tongi,OCTANE,758,2026-01-08T21:30:00,10.455,0.0,10.455
9103,station-karnaphuli,DIESEL,758,2026-01-08T21:30:00,85.299,0.0,85.299
9104,station-karnaphuli,PETROL,758,2026-01-08T21:30:00,96.992,0.0,96.992
9105,station-karnaphuli,OCTANE,758,2026-01-08T21:30:00,50.766,0.0,50.766
9106,station-coxsbazar,DIESEL,758,2026-01-08T21:30:00,57.418,0.0,57.418
9107,station-coxsbazar,PETROL,758,2026-01-08T21:30:00,52.106,0.0,52.106
9108,station-coxsbazar,OCTANE,758,2026-01-08T21:30:00,24.276,0.0,24.276
9109,station-mirpur,DIESEL,759,2026-01-08T21:45:00,65.75,0.0,65.75
9110,station-mirpur,PETROL,759,2026-01-08T21:45:00,78.248,0.0,78.248
9111,station-mirpur,OCTANE,759,2026-01-08T21:45:00,41.179,0.0,41.179
9112,station-tongi,DIESEL,759,2026-01-08T21:45:00,61.917,0.0,61.917
9113,station-tongi,PETROL,759,2026-01-08T21:45:00,19.755,0.0,19.755
9114,station-tongi,OCTANE,759,2026-01-08T21:45:00,10.084,0.0,10.084
9115,station-karnaphuli,DIESEL,759,2026-01-08T21:45:00,95.421,0.0,95.421
9116,station-karnaphuli,PETROL,759,2026-01-08T21:45:00,86.427,0.0,86.427
9117,station-karnaphuli,OCTANE,759,2026-01-08T21:45:00,48.833,0.0,48.833
9118,station-coxsbazar,DIESEL,759,2026-01-08T21:45:00,47.818,0.0,47.818
9119,station-coxsbazar,PETROL,759,2026-01-08T21:45:00,53.465,0.0,53.465
9120,station-coxsbazar,OCTANE,759,2026-01-08T21:45:00,26.546,0.0,26.546
9121,station-mirpur,DIESEL,760,2026-01-08T22:00:00,57.834,0.0,57.834
9122,station-mirpur,PETROL,760,2026-01-08T22:00:00,74.02,0.0,74.02
9123,station-mirpur,OCTANE,760,2026-01-08T22:00:00,39.698,0.0,39.698
9124,station-tongi,DIESEL,760,2026-01-08T22:00:00,66.419,0.0,66.419
9125,station-tongi,PETROL,760,2026-01-08T22:00:00,20.04,0.0,20.04
9126,station-tongi,OCTANE,760,2026-01-08T22:00:00,10.15,0.0,10.15
9127,station-karnaphuli,DIESEL,760,2026-01-08T22:00:00,97.006,0.0,97.006
9128,station-karnaphuli,PETROL,760,2026-01-08T22:00:00,83.818,0.0,83.818
9129,station-karnaphuli,OCTANE,760,2026-01-08T22:00:00,53.984,0.0,53.984
9130,station-coxsbazar,DIESEL,760,2026-01-08T22:00:00,49.557,0.0,49.557
9131,station-coxsbazar,PETROL,760,2026-01-08T22:00:00,60.189,0.0,60.189
9132,station-coxsbazar,OCTANE,760,2026-01-08T22:00:00,25.903,0.0,25.903
9133,station-mirpur,DIESEL,761,2026-01-08T22:15:00,58.807,0.0,58.807
9134,station-mirpur,PETROL,761,2026-01-08T22:15:00,80.363,0.0,80.363
9135,station-mirpur,OCTANE,761,2026-01-08T22:15:00,44.321,0.0,44.321
9136,station-tongi,DIESEL,761,2026-01-08T22:15:00,62.115,0.0,62.115
9137,station-tongi,PETROL,761,2026-01-08T22:15:00,20.194,0.0,20.194
9138,station-tongi,OCTANE,761,2026-01-08T22:15:00,9.585,0.0,9.585
9139,station-karnaphuli,DIESEL,761,2026-01-08T22:15:00,91.204,0.0,91.204
9140,station-karnaphuli,PETROL,761,2026-01-08T22:15:00,99.706,0.0,99.706
9141,station-karnaphuli,OCTANE,761,2026-01-08T22:15:00,46.584,0.0,46.584
9142,station-coxsbazar,DIESEL,761,2026-01-08T22:15:00,49.926,0.0,49.926
9143,station-coxsbazar,PETROL,761,2026-01-08T22:15:00,54.263,0.0,54.263
9144,station-coxsbazar,OCTANE,761,2026-01-08T22:15:00,28.701,0.0,28.701
9145,station-mirpur,DIESEL,762,2026-01-08T22:30:00,57.77,0.0,57.77
9146,station-mirpur,PETROL,762,2026-01-08T22:30:00,84.065,0.0,84.065
9147,station-mirpur,OCTANE,762,2026-01-08T22:30:00,38.059,0.0,38.059
9148,station-tongi,DIESEL,762,2026-01-08T22:30:00,63.465,0.0,63.465
9149,station-tongi,PETROL,762,2026-01-08T22:30:00,19.954,0.0,19.954
9150,station-tongi,OCTANE,762,2026-01-08T22:30:00,10.843,0.0,10.843
9151,station-karnaphuli,DIESEL,762,2026-01-08T22:30:00,79.448,0.0,79.448
9152,station-karnaphuli,PETROL,762,2026-01-08T22:30:00,87.366,0.0,87.366
9153,station-karnaphuli,OCTANE,762,2026-01-08T22:30:00,49.044,0.0,49.044
9154,station-coxsbazar,DIESEL,762,2026-01-08T22:30:00,53.522,0.0,53.522
9155,station-coxsbazar,PETROL,762,2026-01-08T22:30:00,54.102,0.0,54.102
9156,station-coxsbazar,OCTANE,762,2026-01-08T22:30:00,27.371,0.0,27.371
9157,station-mirpur,DIESEL,763,2026-01-08T22:45:00,66.072,0.0,66.072
9158,station-mirpur,PETROL,763,2026-01-08T22:45:00,78.014,0.0,78.014
9159,station-mirpur,OCTANE,763,2026-01-08T22:45:00,44.212,0.0,44.212
9160,station-tongi,DIESEL,763,2026-01-08T22:45:00,61.98,0.0,61.98
9161,station-tongi,PETROL,763,2026-01-08T22:45:00,19.695,0.0,19.695
9162,station-tongi,OCTANE,763,2026-01-08T22:45:00,9.785,0.0,9.785
9163,station-karnaphuli,DIESEL,763,2026-01-08T22:45:00,84.623,0.0,84.623
9164,station-karnaphuli,PETROL,763,2026-01-08T22:45:00,85.553,0.0,85.553
9165,station-karnaphuli,OCTANE,763,2026-01-08T22:45:00,56.197,0.0,56.197
9166,station-coxsbazar,DIESEL,763,2026-01-08T22:45:00,53.756,0.0,53.756
9167,station-coxsbazar,PETROL,763,2026-01-08T22:45:00,57.338,0.0,57.338
9168,station-coxsbazar,OCTANE,763,2026-01-08T22:45:00,25.277,0.0,25.277
9169,station-mirpur,DIESEL,764,2026-01-08T23:00:00,61.885,0.0,61.885
9170,station-mirpur,PETROL,764,2026-01-08T23:00:00,75.714,0.0,75.714
9171,station-mirpur,OCTANE,764,2026-01-08T23:00:00,38.735,0.0,38.735
9172,station-tongi,DIESEL,764,2026-01-08T23:00:00,64.639,0.0,64.639
9173,station-tongi,PETROL,764,2026-01-08T23:00:00,20.216,0.0,20.216
9174,station-tongi,OCTANE,764,2026-01-08T23:00:00,10.836,0.0,10.836
9175,station-karnaphuli,DIESEL,764,2026-01-08T23:00:00,90.016,0.0,90.016
9176,station-karnaphuli,PETROL,764,2026-01-08T23:00:00,97.404,0.0,97.404
9177,station-karnaphuli,OCTANE,764,2026-01-08T23:00:00,57.497,0.0,57.497
9178,station-coxsbazar,DIESEL,764,2026-01-08T23:00:00,53.848,0.0,53.848
9179,station-coxsbazar,PETROL,764,2026-01-08T23:00:00,55.744,0.0,55.744
9180,station-coxsbazar,OCTANE,764,2026-01-08T23:00:00,26.497,0.0,26.497
9181,station-mirpur,DIESEL,765,2026-01-08T23:15:00,68.104,0.0,68.104
9182,station-mirpur,PETROL,765,2026-01-08T23:15:00,71.323,0.0,71.323
9183,station-mirpur,OCTANE,765,2026-01-08T23:15:00,37.33,0.0,37.33
9184,station-tongi,DIESEL,765,2026-01-08T23:15:00,65.442,0.0,65.442
9185,station-tongi,PETROL,765,2026-01-08T23:15:00,20.316,0.0,20.316
9186,station-tongi,OCTANE,765,2026-01-08T23:15:00,10.156,0.0,10.156
9187,station-karnaphuli,DIESEL,765,2026-01-08T23:15:00,88.184,0.0,88.184
9188,station-karnaphuli,PETROL,765,2026-01-08T23:15:00,96.485,0.0,96.485
9189,station-karnaphuli,OCTANE,765,2026-01-08T23:15:00,48.968,0.0,48.968
9190,station-coxsbazar,DIESEL,765,2026-01-08T23:15:00,49.538,0.0,49.538
9191,station-coxsbazar,PETROL,765,2026-01-08T23:15:00,61.008,0.0,61.008
9192,station-coxsbazar,OCTANE,765,2026-01-08T23:15:00,26.03,0.0,26.03
9193,station-mirpur,DIESEL,766,2026-01-08T23:30:00,67.482,0.0,67.482
9194,station-mirpur,PETROL,766,2026-01-08T23:30:00,80.344,0.0,80.344
9195,station-mirpur,OCTANE,766,2026-01-08T23:30:00,37.553,0.0,37.553
9196,station-tongi,DIESEL,766,2026-01-08T23:30:00,64.742,0.0,64.742
9197,station-tongi,PETROL,766,2026-01-08T23:30:00,20.983,0.0,20.983
9198,station-tongi,OCTANE,766,2026-01-08T23:30:00,10.063,0.0,10.063
9199,station-karnaphuli,DIESEL,766,2026-01-08T23:30:00,85.834,0.0,85.834
9200,station-karnaphuli,PETROL,766,2026-01-08T23:30:00,94.767,0.0,94.767
9201,station-karnaphuli,OCTANE,766,2026-01-08T23:30:00,46.531,0.0,46.531
9202,station-coxsbazar,DIESEL,766,2026-01-08T23:30:00,55.191,0.0,55.191
9203,station-coxsbazar,PETROL,766,2026-01-08T23:30:00,55.965,0.0,55.965
9204,station-coxsbazar,OCTANE,766,2026-01-08T23:30:00,26.804,0.0,26.804
9205,station-mirpur,DIESEL,767,2026-01-08T23:45:00,62.033,0.0,62.033
9206,station-mirpur,PETROL,767,2026-01-08T23:45:00,81.937,0.0,81.937
9207,station-mirpur,OCTANE,767,2026-01-08T23:45:00,38.909,0.0,38.909
9208,station-tongi,DIESEL,767,2026-01-08T23:45:00,60.704,0.0,60.704
9209,station-tongi,PETROL,767,2026-01-08T23:45:00,19.751,0.0,19.751
9210,station-tongi,OCTANE,767,2026-01-08T23:45:00,10.346,0.0,10.346
9211,station-karnaphuli,DIESEL,767,2026-01-08T23:45:00,90.697,0.0,90.697
9212,station-karnaphuli,PETROL,767,2026-01-08T23:45:00,92.725,0.0,92.725
9213,station-karnaphuli,OCTANE,767,2026-01-08T23:45:00,47.458,0.0,47.458
9214,station-coxsbazar,DIESEL,767,2026-01-08T23:45:00,55.318,0.0,55.318
9215,station-coxsbazar,PETROL,767,2026-01-08T23:45:00,52.304,0.0,52.304
9216,station-coxsbazar,OCTANE,767,2026-01-08T23:45:00,27.358,0.0,27.358
9217,station-mirpur,DIESEL,768,2026-01-09T00:00:00,59.789,0.0,59.789
9218,station-mirpur,PETROL,768,2026-01-09T00:00:00,69.081,0.0,69.081
9219,station-mirpur,OCTANE,768,2026-01-09T00:00:00,41.059,0.0,41.059
9220,station-tongi,DIESEL,768,2026-01-09T00:00:00,63.227,0.0,63.227
9221,station-tongi,PETROL,768,2026-01-09T00:00:00,22.28,0.0,22.28
9222,station-tongi,OCTANE,768,2026-01-09T00:00:00,10.63,0.0,10.63
9223,station-karnaphuli,DIESEL,768,2026-01-09T00:00:00,79.123,0.0,79.123
9224,station-karnaphuli,PETROL,768,2026-01-09T00:00:00,98.952,0.0,98.952
9225,station-karnaphuli,OCTANE,768,2026-01-09T00:00:00,55.798,0.0,55.798
9226,station-coxsbazar,DIESEL,768,2026-01-09T00:00:00,50.41,0.0,50.41
9227,station-coxsbazar,PETROL,768,2026-01-09T00:00:00,53.982,0.0,53.982
9228,station-coxsbazar,OCTANE,768,2026-01-09T00:00:00,25.35,0.0,25.35
9229,station-mirpur,DIESEL,769,2026-01-09T00:15:00,65.908,0.0,65.908
9230,station-mirpur,PETROL,769,2026-01-09T00:15:00,77.797,0.0,77.797
9231,station-mirpur,OCTANE,769,2026-01-09T00:15:00,43.893,0.0,43.893
9232,station-tongi,DIESEL,769,2026-01-09T00:15:00,70.572,0.0,70.572
9233,station-tongi,PETROL,769,2026-01-09T00:15:00,19.937,0.0,19.937
9234,station-tongi,OCTANE,769,2026-01-09T00:15:00,9.895,0.0,9.895
9235,station-karnaphuli,DIESEL,769,2026-01-09T00:15:00,78.779,0.0,78.779
9236,station-karnaphuli,PETROL,769,2026-01-09T00:15:00,100.209,0.0,100.209
9237,station-karnaphuli,OCTANE,769,2026-01-09T00:15:00,53.613,0.0,53.613
9238,station-coxsbazar,DIESEL,769,2026-01-09T00:15:00,50.139,0.0,50.139
9239,station-coxsbazar,PETROL,769,2026-01-09T00:15:00,52.236,0.0,52.236
9240,station-coxsbazar,OCTANE,769,2026-01-09T00:15:00,26.391,0.0,26.391
9241,station-mirpur,DIESEL,770,2026-01-09T00:30:00,55.972,0.0,55.972
9242,station-mirpur,PETROL,770,2026-01-09T00:30:00,75.359,0.0,75.359
9243,station-mirpur,OCTANE,770,2026-01-09T00:30:00,37.724,0.0,37.724
9244,station-tongi,DIESEL,770,2026-01-09T00:30:00,67.843,0.0,67.843
9245,station-tongi,PETROL,770,2026-01-09T00:30:00,21.466,0.0,21.466
9246,station-tongi,OCTANE,770,2026-01-09T00:30:00,10.148,0.0,10.148
9247,station-karnaphuli,DIESEL,770,2026-01-09T00:30:00,94.793,0.0,94.793
9248,station-karnaphuli,PETROL,770,2026-01-09T00:30:00,102.735,0.0,102.735
9249,station-karnaphuli,OCTANE,770,2026-01-09T00:30:00,48.547,0.0,48.547
9250,station-coxsbazar,DIESEL,770,2026-01-09T00:30:00,48.199,0.0,48.199
9251,station-coxsbazar,PETROL,770,2026-01-09T00:30:00,52.874,0.0,52.874
9252,station-coxsbazar,OCTANE,770,2026-01-09T00:30:00,27.464,0.0,27.464
9253,station-mirpur,DIESEL,771,2026-01-09T00:45:00,65.013,0.0,65.013
9254,station-mirpur,PETROL,771,2026-01-09T00:45:00,72.725,0.0,72.725
9255,station-mirpur,OCTANE,771,2026-01-09T00:45:00,42.654,0.0,42.654
9256,station-tongi,DIESEL,771,2026-01-09T00:45:00,68.387,0.0,68.387
9257,station-tongi,PETROL,771,2026-01-09T00:45:00,21.11,0.0,21.11
9258,station-tongi,OCTANE,771,2026-01-09T00:45:00,10.811,0.0,10.811
9259,station-karnaphuli,DIESEL,771,2026-01-09T00:45:00,96.847,0.0,96.847
9260,station-karnaphuli,PETROL,771,2026-01-09T00:45:00,93.379,0.0,93.379
9261,station-karnaphuli,OCTANE,771,2026-01-09T00:45:00,50.176,0.0,50.176
9262,station-coxsbazar,DIESEL,771,2026-01-09T00:45:00,54.701,0.0,54.701
9263,station-coxsbazar,PETROL,771,2026-01-09T00:45:00,59.489,0.0,59.489
9264,station-coxsbazar,OCTANE,771,2026-01-09T00:45:00,23.804,0.0,23.804
9265,station-mirpur,DIESEL,772,2026-01-09T01:00:00,64.047,0.0,64.047
9266,station-mirpur,PETROL,772,2026-01-09T01:00:00,83.731,0.0,83.731
9267,station-mirpur,OCTANE,772,2026-01-09T01:00:00,42.045,0.0,42.045
9268,station-tongi,DIESEL,772,2026-01-09T01:00:00,62.471,0.0,62.471
9269,station-tongi,PETROL,772,2026-01-09T01:00:00,19.475,0.0,19.475
9270,station-tongi,OCTANE,772,2026-01-09T01:00:00,10.892,0.0,10.892
9271,station-karnaphuli,DIESEL,772,2026-01-09T01:00:00,78.889,0.0,78.889
9272,station-karnaphuli,PETROL,772,2026-01-09T01:00:00,85.345,0.0,85.345
9273,station-karnaphuli,OCTANE,772,2026-01-09T01:00:00,56.896,0.0,56.896
9274,station-coxsbazar,DIESEL,772,2026-01-09T01:00:00,57.26,0.0,57.26
9275,station-coxsbazar,PETROL,772,2026-01-09T01:00:00,56.168,0.0,56.168
9276,station-coxsbazar,OCTANE,772,2026-01-09T01:00:00,27.079,0.0,27.079
9277,station-mirpur,DIESEL,773,2026-01-09T01:15:00,61.44,0.0,61.44
9278,station-mirpur,PETROL,773,2026-01-09T01:15:00,73.188,0.0,73.188
9279,station-mirpur,OCTANE,773,2026-01-09T01:15:00,37.377,0.0,37.377
9280,station-tongi,DIESEL,773,2026-01-09T01:15:00,65.256,0.0,65.256
9281,station-tongi,PETROL,773,2026-01-09T01:15:00,19.74,0.0,19.74
9282,station-tongi,OCTANE,773,2026-01-09T01:15:00,9.562,0.0,9.562
9283,station-karnaphuli,DIESEL,773,2026-01-09T01:15:00,98.112,0.0,98.112
9284,station-karnaphuli,PETROL,773,2026-01-09T01:15:00,97.974,0.0,97.974
9285,station-karnaphuli,OCTANE,773,2026-01-09T01:15:00,55.587,0.0,55.587
9286,station-coxsbazar,DIESEL,773,2026-01-09T01:15:00,56.884,0.0,56.884
9287,station-coxsbazar,PETROL,773,2026-01-09T01:15:00,56.296,0.0,56.296
9288,station-coxsbazar,OCTANE,773,2026-01-09T01:15:00,25.344,0.0,25.344
9289,station-mirpur,DIESEL,774,2026-01-09T01:30:00,62.56,0.0,62.56
9290,station-mirpur,PETROL,774,2026-01-09T01:30:00,81.61,0.0,81.61
9291,station-mirpur,OCTANE,774,2026-01-09T01:30:00,42.65,0.0,42.65
9292,station-tongi,DIESEL,774,2026-01-09T01:30:00,62.192,0.0,62.192
9293,station-tongi,PETROL,774,2026-01-09T01:30:00,21.139,0.0,21.139
9294,station-tongi,OCTANE,774,2026-01-09T01:30:00,9.977,0.0,9.977
9295,station-karnaphuli,DIESEL,774,2026-01-09T01:30:00,83.151,0.0,83.151
9296,station-karnaphuli,PETROL,774,2026-01-09T01:30:00,98.067,0.0,98.067
9297,station-karnaphuli,OCTANE,774,2026-01-09T01:30:00,50.923,0.0,50.923
9298,station-coxsbazar,DIESEL,774,2026-01-09T01:30:00,56.345,0.0,56.345
9299,station-coxsbazar,PETROL,774,2026-01-09T01:30:00,51.866,0.0,51.866
9300,station-coxsbazar,OCTANE,774,2026-01-09T01:30:00,28.73,0.0,28.73
9301,station-mirpur,DIESEL,775,2026-01-09T01:45:00,56.481,0.0,56.481
9302,station-mirpur,PETROL,775,2026-01-09T01:45:00,83.932,0.0,83.932
9303,station-mirpur,OCTANE,775,2026-01-09T01:45:00,44.853,0.0,44.853
9304,station-tongi,DIESEL,775,2026-01-09T01:45:00,66.043,0.0,66.043
9305,station-tongi,PETROL,775,2026-01-09T01:45:00,20.869,0.0,20.869
9306,station-tongi,OCTANE,775,2026-01-09T01:45:00,10.509,0.0,10.509
9307,station-karnaphuli,DIESEL,775,2026-01-09T01:45:00,95.076,0.0,95.076
9308,station-karnaphuli,PETROL,775,2026-01-09T01:45:00,85.358,0.0,85.358
9309,station-karnaphuli,OCTANE,775,2026-01-09T01:45:00,55.381,0.0,55.381
9310,station-coxsbazar,DIESEL,775,2026-01-09T01:45:00,50.977,0.0,50.977
9311,station-coxsbazar,PETROL,775,2026-01-09T01:45:00,59.307,0.0,59.307
9312,station-coxsbazar,OCTANE,775,2026-01-09T01:45:00,28.464,0.0,28.464
9313,station-mirpur,DIESEL,776,2026-01-09T02:00:00,61.564,0.0,61.564
9314,station-mirpur,PETROL,776,2026-01-09T02:00:00,79.11,0.0,79.11
9315,station-mirpur,OCTANE,776,2026-01-09T02:00:00,38.177,0.0,38.177
9316,station-tongi,DIESEL,776,2026-01-09T02:00:00,61.963,0.0,61.963
9317,station-tongi,PETROL,776,2026-01-09T02:00:00,20.363,0.0,20.363
9318,station-tongi,OCTANE,776,2026-01-09T02:00:00,9.868,0.0,9.868
9319,station-karnaphuli,DIESEL,776,2026-01-09T02:00:00,96.333,0.0,96.333
9320,station-karnaphuli,PETROL,776,2026-01-09T02:00:00,95.203,0.0,95.203
9321,station-karnaphuli,OCTANE,776,2026-01-09T02:00:00,56.701,0.0,56.701
9322,station-coxsbazar,DIESEL,776,2026-01-09T02:00:00,48.191,0.0,48.191
9323,station-coxsbazar,PETROL,776,2026-01-09T02:00:00,58.1,0.0,58.1
9324,station-coxsbazar,OCTANE,776,2026-01-09T02:00:00,27.685,0.0,27.685
9325,station-mirpur,DIESEL,777,2026-01-09T02:15:00,63.175,0.0,63.175
9326,station-mirpur,PETROL,777,2026-01-09T02:15:00,72.125,0.0,72.125
9327,station-mirpur,OCTANE,777,2026-01-09T02:15:00,42.153,0.0,42.153
9328,station-tongi,DIESEL,777,2026-01-09T02:15:00,64.92,0.0,64.92
9329,station-tongi,PETROL,777,2026-01-09T02:15:00,20.005,0.0,20.005
9330,station-tongi,OCTANE,777,2026-01-09T02:15:00,10.508,0.0,10.508
9331,station-karnaphuli,DIESEL,777,2026-01-09T02:15:00,92.189,0.0,92.189
9332,station-karnaphuli,PETROL,777,2026-01-09T02:15:00,98.948,0.0,98.948
9333,station-karnaphuli,OCTANE,777,2026-01-09T02:15:00,46.113,0.0,46.113
9334,station-coxsbazar,DIESEL,777,2026-01-09T02:15:00,52.859,0.0,52.859
9335,station-coxsbazar,PETROL,777,2026-01-09T02:15:00,57.544,0.0,57.544
9336,station-coxsbazar,OCTANE,777,2026-01-09T02:15:00,27.018,0.0,27.018
9337,station-mirpur,DIESEL,778,2026-01-09T02:30:00,62.812,0.0,62.812
9338,station-mirpur,PETROL,778,2026-01-09T02:30:00,79.475,0.0,79.475
9339,station-mirpur,OCTANE,778,2026-01-09T02:30:00,42.746,0.0,42.746
9340,station-tongi,DIESEL,778,2026-01-09T02:30:00,67.528,0.0,67.528
9341,station-tongi,PETROL,778,2026-01-09T02:30:00,20.758,0.0,20.758
9342,station-tongi,OCTANE,778,2026-01-09T02:30:00,9.74,0.0,9.74
9343,station-karnaphuli,DIESEL,778,2026-01-09T02:30:00,92.697,0.0,92.697
9344,station-karnaphuli,PETROL,778,2026-01-09T02:30:00,90.096,0.0,90.096
9345,station-karnaphuli,OCTANE,778,2026-01-09T02:30:00,56.094,0.0,56.094
9346,station-coxsbazar,DIESEL,778,2026-01-09T02:30:00,57.739,0.0,57.739
9347,station-coxsbazar,PETROL,778,2026-01-09T02:30:00,55.236,0.0,55.236
9348,station-coxsbazar,OCTANE,778,2026-01-09T02:30:00,28.73,0.0,28.73
9349,station-mirpur,DIESEL,779,2026-01-09T02:45:00,65.279,0.0,65.279
9350,station-mirpur,PETROL,779,2026-01-09T02:45:00,81.761,0.0,81.761
9351,station-mirpur,OCTANE,779,2026-01-09T02:45:00,44.007,0.0,44.007
9352,station-tongi,DIESEL,779,2026-01-09T02:45:00,63.662,0.0,63.662
9353,station-tongi,PETROL,779,2026-01-09T02:45:00,21.16,0.0,21.16
9354,station-tongi,OCTANE,779,2026-01-09T02:45:00,10.709,0.0,10.709
9355,station-karnaphuli,DIESEL,779,2026-01-09T02:45:00,82.985,0.0,82.985
9356,station-karnaphuli,PETROL,779,2026-01-09T02:45:00,97.924,0.0,97.924
9357,station-karnaphuli,OCTANE,779,2026-01-09T02:45:00,52.183,0.0,52.183
9358,station-coxsbazar,DIESEL,779,2026-01-09T02:45:00,53.955,0.0,53.955
9359,station-coxsbazar,PETROL,779,2026-01-09T02:45:00,58.296,0.0,58.296
9360,station-coxsbazar,OCTANE,779,2026-01-09T02:45:00,24.281,0.0,24.281
9361,station-mirpur,DIESEL,780,2026-01-09T03:00:00,59.092,0.0,59.092
9362,station-mirpur,PETROL,780,2026-01-09T03:00:00,79.704,0.0,79.704
9363,station-mirpur,OCTANE,780,2026-01-09T03:00:00,37.661,0.0,37.661
9364,station-tongi,DIESEL,780,2026-01-09T03:00:00,63.846,0.0,63.846
9365,station-tongi,PETROL,780,2026-01-09T03:00:00,22.483,0.0,22.483
9366,station-tongi,OCTANE,780,2026-01-09T03:00:00,10.01,0.0,10.01
9367,station-karnaphuli,DIESEL,780,2026-01-09T03:00:00,99.153,0.0,99.153
9368,station-karnaphuli,PETROL,780,2026-01-09T03:00:00,101.001,0.0,101.001
9369,station-karnaphuli,OCTANE,780,2026-01-09T03:00:00,51.375,0.0,51.375
9370,station-coxsbazar,DIESEL,780,2026-01-09T03:00:00,51.771,0.0,51.771
9371,station-coxsbazar,PETROL,780,2026-01-09T03:00:00,54.106,0.0,54.106
9372,station-coxsbazar,OCTANE,780,2026-01-09T03:00:00,26.905,0.0,26.905
9373,station-mirpur,DIESEL,781,2026-01-09T03:15:00,56.863,0.0,56.863
9374,station-mirpur,PETROL,781,2026-01-09T03:15:00,72.59,0.0,72.59
9375,station-mirpur,OCTANE,781,2026-01-09T03:15:00,38.573,0.0,38.573
9376,station-tongi,DIESEL,781,2026-01-09T03:15:00,63.069,0.0,63.069
9377,station-tongi,PETROL,781,2026-01-09T03:15:00,21.523,0.0,21.523
9378,station-tongi,OCTANE,781,2026-01-09T03:15:00,10.003,0.0,10.003
9379,station-karnaphuli,DIESEL,781,2026-01-09T03:15:00,80.582,0.0,80.582
9380,station-karnaphuli,PETROL,781,2026-01-09T03:15:00,99.618,0.0,99.618
9381,station-karnaphuli,OCTANE,781,2026-01-09T03:15:00,51.87,0.0,51.87
9382,station-coxsbazar,DIESEL,781,2026-01-09T03:15:00,57.722,0.0,57.722
9383,station-coxsbazar,PETROL,781,2026-01-09T03:15:00,60.353,0.0,60.353
9384,station-coxsbazar,OCTANE,781,2026-01-09T03:15:00,27.279,0.0,27.279
9385,station-mirpur,DIESEL,782,2026-01-09T03:30:00,59.629,0.0,59.629
9386,station-mirpur,PETROL,782,2026-01-09T03:30:00,78.856,0.0,78.856
9387,station-mirpur,OCTANE,782,2026-01-09T03:30:00,44.864,0.0,44.864
9388,station-tongi,DIESEL,782,2026-01-09T03:30:00,65.939,0.0,65.939
9389,station-tongi,PETROL,782,2026-01-09T03:30:00,20.417,0.0,20.417
9390,station-tongi,OCTANE,782,2026-01-09T03:30:00,9.603,0.0,9.603
9391,station-karnaphuli,DIESEL,782,2026-01-09T03:30:00,83.834,0.0,83.834
9392,station-karnaphuli,PETROL,782,2026-01-09T03:30:00,96.227,0.0,96.227
9393,station-karnaphuli,OCTANE,782,2026-01-09T03:30:00,46.967,0.0,46.967
9394,station-coxsbazar,DIESEL,782,2026-01-09T03:30:00,53.386,0.0,53.386
9395,station-coxsbazar,PETROL,782,2026-01-09T03:30:00,54.347,0.0,54.347
9396,station-coxsbazar,OCTANE,782,2026-01-09T03:30:00,25.259,0.0,25.259
9397,station-mirpur,DIESEL,783,2026-01-09T03:45:00,62.303,0.0,62.303
9398,station-mirpur,PETROL,783,2026-01-09T03:45:00,81.083,0.0,81.083
9399,station-mirpur,OCTANE,783,2026-01-09T03:45:00,40.664,0.0,40.664
9400,station-tongi,DIESEL,783,2026-01-09T03:45:00,63.733,0.0,63.733
9401,station-tongi,PETROL,783,2026-01-09T03:45:00,20.514,0.0,20.514
9402,station-tongi,OCTANE,783,2026-01-09T03:45:00,10.652,0.0,10.652
9403,station-karnaphuli,DIESEL,783,2026-01-09T03:45:00,94.249,0.0,94.249
9404,station-karnaphuli,PETROL,783,2026-01-09T03:45:00,90.112,0.0,90.112
9405,station-karnaphuli,OCTANE,783,2026-01-09T03:45:00,52.96,0.0,52.96
9406,station-coxsbazar,DIESEL,783,2026-01-09T03:45:00,48.826,0.0,48.826
9407,station-coxsbazar,PETROL,783,2026-01-09T03:45:00,56.918,0.0,56.918
9408,station-coxsbazar,OCTANE,783,2026-01-09T03:45:00,27.086,0.0,27.086
9409,station-mirpur,DIESEL,784,2026-01-09T04:00:00,57.43,0.0,57.43
9410,station-mirpur,PETROL,784,2026-01-09T04:00:00,70.112,0.0,70.112
9411,station-mirpur,OCTANE,784,2026-01-09T04:00:00,42.804,0.0,42.804
9412,station-tongi,DIESEL,784,2026-01-09T04:00:00,70.044,0.0,70.044
9413,station-tongi,PETROL,784,2026-01-09T04:00:00,22.114,0.0,22.114
9414,station-tongi,OCTANE,784,2026-01-09T04:00:00,9.76,0.0,9.76
9415,station-karnaphuli,DIESEL,784,2026-01-09T04:00:00,91.3,0.0,91.3
9416,station-karnaphuli,PETROL,784,2026-01-09T04:00:00,89.405,0.0,89.405
9417,station-karnaphuli,OCTANE,784,2026-01-09T04:00:00,50.583,0.0,50.583
9418,station-coxsbazar,DIESEL,784,2026-01-09T04:00:00,52.054,0.0,52.054
9419,station-coxsbazar,PETROL,784,2026-01-09T04:00:00,55.212,0.0,55.212
9420,station-coxsbazar,OCTANE,784,2026-01-09T04:00:00,24.445,0.0,24.445
9421,station-mirpur,DIESEL,785,2026-01-09T04:15:00,57.512,0.0,57.512
9422,station-mirpur,PETROL,785,2026-01-09T04:15:00,75.778,0.0,75.778
9423,station-mirpur,OCTANE,785,2026-01-09T04:15:00,43.888,0.0,43.888
9424,station-tongi,DIESEL,785,2026-01-09T04:15:00,68.324,0.0,68.324
9425,station-tongi,PETROL,785,2026-01-09T04:15:00,19.697,0.0,19.697
9426,station-tongi,OCTANE,785,2026-01-09T04:15:00,10.155,0.0,10.155
9427,station-karnaphuli,DIESEL,785,2026-01-09T04:15:00,83.01,0.0,83.01
9428,station-karnaphuli,PETROL,785,2026-01-09T04:15:00,92.367,0.0,92.367
9429,station-karnaphuli,OCTANE,785,2026-01-09T04:15:00,54.07,0.0,54.07
9430,station-coxsbazar,DIESEL,785,2026-01-09T04:15:00,47.697,0.0,47.697
9431,station-coxsbazar,PETROL,785,2026-01-09T04:15:00,55.907,0.0,55.907
9432,station-coxsbazar,OCTANE,785,2026-01-09T04:15:00,28.513,0.0,28.513
9433,station-mirpur,DIESEL,786,2026-01-09T04:30:00,63.914,0.0,63.914
9434,station-mirpur,PETROL,786,2026-01-09T04:30:00,69.247,0.0,69.247
9435,station-mirpur,OCTANE,786,2026-01-09T04:30:00,43.698,0.0,43.698
9436,station-tongi,DIESEL,786,2026-01-09T04:30:00,64.848,0.0,64.848
9437,station-tongi,PETROL,786,2026-01-09T04:30:00,20.224,0.0,20.224
9438,station-tongi,OCTANE,786,2026-01-09T04:30:00,10.615,0.0,10.615
9439,station-karnaphuli,DIESEL,786,2026-01-09T04:30:00,85.467,0.0,85.467
9440,station-karnaphuli,PETROL,786,2026-01-09T04:30:00,93.193,0.0,93.193
9441,station-karnaphuli,OCTANE,786,2026-01-09T04:30:00,57.352,0.0,57.352
9442,station-coxsbazar,DIESEL,786,2026-01-09T04:30:00,57.386,0.0,57.386
9443,station-coxsbazar,PETROL,786,2026-01-09T04:30:00,56.795,0.0,56.795
9444,station-coxsbazar,OCTANE,786,2026-01-09T04:30:00,28.032,0.0,28.032
9445,station-mirpur,DIESEL,787,2026-01-09T04:45:00,63.981,0.0,63.981
9446,station-mirpur,PETROL,787,2026-01-09T04:45:00,72.904,0.0,72.904
9447,station-mirpur,OCTANE,787,2026-01-09T04:45:00,37.087,0.0,37.087
9448,station-tongi,DIESEL,787,2026-01-09T04:45:00,65.38,0.0,65.38
9449,station-tongi,PETROL,787,2026-01-09T04:45:00,21.573,0.0,21.573
9450,station-tongi,OCTANE,787,2026-01-09T04:45:00,10.376,0.0,10.376
9451,station-karnaphuli,DIESEL,787,2026-01-09T04:45:00,80.162,0.0,80.162
9452,station-karnaphuli,PETROL,787,2026-01-09T04:45:00,90.516,0.0,90.516
9453,station-karnaphuli,OCTANE,787,2026-01-09T04:45:00,54.447,0.0,54.447
9454,station-coxsbazar,DIESEL,787,2026-01-09T04:45:00,55.346,0.0,55.346
9455,station-coxsbazar,PETROL,787,2026-01-09T04:45:00,55.456,0.0,55.456
9456,station-coxsbazar,OCTANE,787,2026-01-09T04:45:00,28.214,0.0,28.214
9457,station-mirpur,DIESEL,788,2026-01-09T05:00:00,66.547,0.0,66.547
9458,station-mirpur,PETROL,788,2026-01-09T05:00:00,72.586,0.0,72.586
9459,station-mirpur,OCTANE,788,2026-01-09T05:00:00,40.527,0.0,40.527
9460,station-tongi,DIESEL,788,2026-01-09T05:00:00,66.028,0.0,66.028
9461,station-tongi,PETROL,788,2026-01-09T05:00:00,19.558,0.0,19.558
9462,station-tongi,OCTANE,788,2026-01-09T05:00:00,10.392,0.0,10.392
9463,station-karnaphuli,DIESEL,788,2026-01-09T05:00:00,89.042,0.0,89.042
9464,station-karnaphuli,PETROL,788,2026-01-09T05:00:00,86.61,0.0,86.61
9465,station-karnaphuli,OCTANE,788,2026-01-09T05:00:00,53.074,0.0,53.074
9466,station-coxsbazar,DIESEL,788,2026-01-09T05:00:00,57.682,0.0,57.682
9467,station-coxsbazar,PETROL,788,2026-01-09T05:00:00,57.951,0.0,57.951
9468,station-coxsbazar,OCTANE,788,2026-01-09T05:00:00,25.439,0.0,25.439
9469,station-mirpur,DIESEL,789,2026-01-09T05:15:00,67.328,0.0,67.328
9470,station-mirpur,PETROL,789,2026-01-09T05:15:00,80.656,0.0,80.656
9471,station-mirpur,OCTANE,789,2026-01-09T05:15:00,43.69,0.0,43.69
9472,station-tongi,DIESEL,789,2026-01-09T05:15:00,70.658,0.0,70.658
9473,station-tongi,PETROL,789,2026-01-09T05:15:00,19.954,0.0,19.954
9474,station-tongi,OCTANE,789,2026-01-09T05:15:00,10.053,0.0,10.053
9475,station-karnaphuli,DIESEL,789,2026-01-09T05:15:00,83.799,0.0,83.799
9476,station-karnaphuli,PETROL,789,2026-01-09T05:15:00,88.981,0.0,88.981
9477,station-karnaphuli,OCTANE,789,2026-01-09T05:15:00,48.55,0.0,48.55
9478,station-coxsbazar,DIESEL,789,2026-01-09T05:15:00,57.077,0.0,57.077
9479,station-coxsbazar,PETROL,789,2026-01-09T05:15:00,51.86,0.0,51.86
9480,station-coxsbazar,OCTANE,789,2026-01-09T05:15:00,24.984,0.0,24.984
9481,station-mirpur,DIESEL,790,2026-01-09T05:30:00,67.022,0.0,67.022
9482,station-mirpur,PETROL,790,2026-01-09T05:30:00,82.764,0.0,82.764
9483,station-mirpur,OCTANE,790,2026-01-09T05:30:00,39.001,0.0,39.001
9484,station-tongi,DIESEL,790,2026-01-09T05:30:00,61.141,0.0,61.141
9485,station-tongi,PETROL,790,2026-01-09T05:30:00,20.968,0.0,20.968
9486,station-tongi,OCTANE,790,2026-01-09T05:30:00,10.924,0.0,10.924
9487,station-karnaphuli,DIESEL,790,2026-01-09T05:30:00,81.513,0.0,81.513
9488,station-karnaphuli,PETROL,790,2026-01-09T05:30:00,81.734,0.0,81.734
9489,station-karnaphuli,OCTANE,790,2026-01-09T05:30:00,46.513,0.0,46.513
9490,station-coxsbazar,DIESEL,790,2026-01-09T05:30:00,49.55,0.0,49.55
9491,station-coxsbazar,PETROL,790,2026-01-09T05:30:00,58.782,0.0,58.782
9492,station-coxsbazar,OCTANE,790,2026-01-09T05:30:00,28.456,0.0,28.456
9493,station-mirpur,DIESEL,791,2026-01-09T05:45:00,60.419,0.0,60.419
9494,station-mirpur,PETROL,791,2026-01-09T05:45:00,70.517,0.0,70.517
9495,station-mirpur,OCTANE,791,2026-01-09T05:45:00,36.944,0.0,36.944
9496,station-tongi,DIESEL,791,2026-01-09T05:45:00,67.56,0.0,67.56
9497,station-tongi,PETROL,791,2026-01-09T05:45:00,20.417,0.0,20.417
9498,station-tongi,OCTANE,791,2026-01-09T05:45:00,10.886,0.0,10.886
9499,station-karnaphuli,DIESEL,791,2026-01-09T05:45:00,89.862,0.0,89.862
9500,station-karnaphuli,PETROL,791,2026-01-09T05:45:00,83.886,0.0,83.886
9501,station-karnaphuli,OCTANE,791,2026-01-09T05:45:00,56.67,0.0,56.67
9502,station-coxsbazar,DIESEL,791,2026-01-09T05:45:00,53.507,0.0,53.507
9503,station-coxsbazar,PETROL,791,2026-01-09T05:45:00,56.863,0.0,56.863
9504,station-coxsbazar,OCTANE,791,2026-01-09T05:45:00,25.238,0.0,25.238
9505,station-mirpur,DIESEL,792,2026-01-09T06:00:00,59.533,0.0,59.533
9506,station-mirpur,PETROL,792,2026-01-09T06:00:00,80.06,0.0,80.06
9507,station-mirpur,OCTANE,792,2026-01-09T06:00:00,42.319,0.0,42.319
9508,station-tongi,DIESEL,792,2026-01-09T06:00:00,223.076,0.0,223.076
9509,station-tongi,PETROL,792,2026-01-09T06:00:00,69.56,0.0,69.56
9510,station-tongi,OCTANE,792,2026-01-09T06:00:00,34.771,0.0,34.771
9511,station-karnaphuli,DIESEL,792,2026-01-09T06:00:00,146.514,0.0,146.514
9512,station-karnaphuli,PETROL,792,2026-01-09T06:00:00,162.275,0.0,162.275
9513,station-karnaphuli,OCTANE,792,2026-01-09T06:00:00,98.774,0.0,98.774
9514,station-coxsbazar,DIESEL,792,2026-01-09T06:00:00,57.007,0.0,57.007
9515,station-coxsbazar,PETROL,792,2026-01-09T06:00:00,58.192,0.0,58.192
9516,station-coxsbazar,OCTANE,792,2026-01-09T06:00:00,24.42,0.0,24.42
9517,station-mirpur,DIESEL,793,2026-01-09T06:15:00,56.83,0.0,56.83
9518,station-mirpur,PETROL,793,2026-01-09T06:15:00,78.941,0.0,78.941
9519,station-mirpur,OCTANE,793,2026-01-09T06:15:00,38.311,0.0,38.311
9520,station-tongi,DIESEL,793,2026-01-09T06:15:00,239.122,0.0,239.122
9521,station-tongi,PETROL,793,2026-01-09T06:15:00,74.408,0.0,74.408
9522,station-tongi,OCTANE,793,2026-01-09T06:15:00,37.436,0.0,37.436
9523,station-karnaphuli,DIESEL,793,2026-01-09T06:15:00,177.749,0.0,177.749
9524,station-karnaphuli,PETROL,793,2026-01-09T06:15:00,181.178,0.0,181.178
9525,station-karnaphuli,OCTANE,793,2026-01-09T06:15:00,97.481,0.0,97.481
9526,station-coxsbazar,DIESEL,793,2026-01-09T06:15:00,57.014,0.0,57.014
9527,station-coxsbazar,PETROL,793,2026-01-09T06:15:00,51.847,0.0,51.847
9528,station-coxsbazar,OCTANE,793,2026-01-09T06:15:00,28.53,0.0,28.53
9529,station-mirpur,DIESEL,794,2026-01-09T06:30:00,60.291,0.0,60.291
9530,station-mirpur,PETROL,794,2026-01-09T06:30:00,74.043,0.0,74.043
9531,station-mirpur,OCTANE,794,2026-01-09T06:30:00,39.126,0.0,39.126
9532,station-tongi,DIESEL,794,2026-01-09T06:30:00,242.541,0.0,242.541
9533,station-tongi,PETROL,794,2026-01-09T06:30:00,72.218,0.0,72.218
9534,station-tongi,OCTANE,794,2026-01-09T06:30:00,38.041,0.0,38.041
9535,station-karnaphuli,DIESEL,794,2026-01-09T06:30:00,158.027,0.0,158.027
9536,station-karnaphuli,PETROL,794,2026-01-09T06:30:00,177.925,0.0,177.925
9537,station-karnaphuli,OCTANE,794,2026-01-09T06:30:00,96.011,0.0,96.011
9538,station-coxsbazar,DIESEL,794,2026-01-09T06:30:00,51.331,0.0,51.331
9539,station-coxsbazar,PETROL,794,2026-01-09T06:30:00,57.312,0.0,57.312
9540,station-coxsbazar,OCTANE,794,2026-01-09T06:30:00,24.946,0.0,24.946
9541,station-mirpur,DIESEL,795,2026-01-09T06:45:00,67.548,0.0,67.548
9542,station-mirpur,PETROL,795,2026-01-09T06:45:00,74.469,0.0,74.469
9543,station-mirpur,OCTANE,795,2026-01-09T06:45:00,39.009,0.0,39.009
9544,station-tongi,DIESEL,795,2026-01-09T06:45:00,243.031,0.0,243.031
9545,station-tongi,PETROL,795,2026-01-09T06:45:00,74.664,0.0,74.664
9546,station-tongi,OCTANE,795,2026-01-09T06:45:00,33.988,0.0,33.988
9547,station-karnaphuli,DIESEL,795,2026-01-09T06:45:00,160.609,0.0,160.609
9548,station-karnaphuli,PETROL,795,2026-01-09T06:45:00,169.298,0.0,169.298
9549,station-karnaphuli,OCTANE,795,2026-01-09T06:45:00,101.867,0.0,101.867
9550,station-coxsbazar,DIESEL,795,2026-01-09T06:45:00,49.365,0.0,49.365
9551,station-coxsbazar,PETROL,795,2026-01-09T06:45:00,60.197,0.0,60.197
9552,station-coxsbazar,OCTANE,795,2026-01-09T06:45:00,24.995,0.0,24.995
9553,station-mirpur,DIESEL,796,2026-01-09T07:00:00,126.043,0.0,126.043
9554,station-mirpur,PETROL,796,2026-01-09T07:00:00,158.072,0.0,158.072
9555,station-mirpur,OCTANE,796,2026-01-09T07:00:00,92.486,0.0,92.486
9556,station-tongi,DIESEL,796,2026-01-09T07:00:00,234.351,0.0,234.351
9557,station-tongi,PETROL,796,2026-01-09T07:00:00,70.047,0.0,70.047
9558,station-tongi,OCTANE,796,2026-01-09T07:00:00,37.875,0.0,37.875
9559,station-karnaphuli,DIESEL,796,2026-01-09T07:00:00,177.278,0.0,177.278
9560,station-karnaphuli,PETROL,796,2026-01-09T07:00:00,148.808,0.0,148.808
9561,station-karnaphuli,OCTANE,796,2026-01-09T07:00:00,85.196,0.0,85.196
9562,station-coxsbazar,DIESEL,796,2026-01-09T07:00:00,110.978,0.0,110.978
9563,station-coxsbazar,PETROL,796,2026-01-09T07:00:00,105.051,0.0,105.051
9564,station-coxsbazar,OCTANE,796,2026-01-09T07:00:00,52.423,0.0,52.423
9565,station-mirpur,DIESEL,797,2026-01-09T07:15:00,132.586,0.0,132.586
9566,station-mirpur,PETROL,797,2026-01-09T07:15:00,146.34,0.0,146.34
9567,station-mirpur,OCTANE,797,2026-01-09T07:15:00,84.622,0.0,84.622
9568,station-tongi,DIESEL,797,2026-01-09T07:15:00,210.477,0.0,210.477
9569,station-tongi,PETROL,797,2026-01-09T07:15:00,68.596,0.0,68.596
9570,station-tongi,OCTANE,797,2026-01-09T07:15:00,35.604,0.0,35.604
9571,station-karnaphuli,DIESEL,797,2026-01-09T07:15:00,149.477,0.0,149.477
9572,station-karnaphuli,PETROL,797,2026-01-09T07:15:00,184.527,0.0,184.527
9573,station-karnaphuli,OCTANE,797,2026-01-09T07:15:00,84.489,0.0,84.489
9574,station-coxsbazar,DIESEL,797,2026-01-09T07:15:00,106.9,0.0,106.9
9575,station-coxsbazar,PETROL,797,2026-01-09T07:15:00,100.736,0.0,100.736
9576,station-coxsbazar,OCTANE,797,2026-01-09T07:15:00,48.063,0.0,48.063
9577,station-mirpur,DIESEL,798,2026-01-09T07:30:00,120.39,0.0,120.39
9578,station-mirpur,PETROL,798,2026-01-09T07:30:00,167.796,0.0,167.796
9579,station-mirpur,OCTANE,798,2026-01-09T07:30:00,82.002,0.0,82.002
9580,station-tongi,DIESEL,798,2026-01-09T07:30:00,208.607,0.0,208.607
9581,station-tongi,PETROL,798,2026-01-09T07:30:00,72.138,0.0,72.138
9582,station-tongi,OCTANE,798,2026-01-09T07:30:00,38.215,0.0,38.215
9583,station-karnaphuli,DIESEL,798,2026-01-09T07:30:00,173.834,0.0,173.834
9584,station-karnaphuli,PETROL,798,2026-01-09T07:30:00,147.705,0.0,147.705
9585,station-karnaphuli,OCTANE,798,2026-01-09T07:30:00,91.346,0.0,91.346
9586,station-coxsbazar,DIESEL,798,2026-01-09T07:30:00,108.931,0.0,108.931
9587,station-coxsbazar,PETROL,798,2026-01-09T07:30:00,113.693,0.0,113.693
9588,station-coxsbazar,OCTANE,798,2026-01-09T07:30:00,49.82,0.0,49.82
9589,station-mirpur,DIESEL,799,2026-01-09T07:45:00,117.865,0.0,117.865
9590,station-mirpur,PETROL,799,2026-01-09T07:45:00,159.981,0.0,159.981
9591,station-mirpur,OCTANE,799,2026-01-09T07:45:00,92.001,0.0,92.001
9592,station-tongi,DIESEL,799,2026-01-09T07:45:00,210.897,0.0,210.897
9593,station-tongi,PETROL,799,2026-01-09T07:45:00,73.078,0.0,73.078
9594,station-tongi,OCTANE,799,2026-01-09T07:45:00,35.954,0.0,35.954
9595,station-karnaphuli,DIESEL,799,2026-01-09T07:45:00,146.594,0.0,146.594
9596,station-karnaphuli,PETROL,799,2026-01-09T07:45:00,168.268,0.0,168.268
9597,station-karnaphuli,OCTANE,799,2026-01-09T07:45:00,103.903,0.0,103.903
9598,station-coxsbazar,DIESEL,799,2026-01-09T07:45:00,103.966,0.0,103.966
9599,station-coxsbazar,PETROL,799,2026-01-09T07:45:00,101.698,0.0,101.698
9600,station-coxsbazar,OCTANE,799,2026-01-09T07:45:00,54.591,0.0,54.591
9601,station-mirpur,DIESEL,800,2026-01-09T08:00:00,131.786,0.0,131.786
9602,station-mirpur,PETROL,800,2026-01-09T08:00:00,154.727,0.0,154.727
9603,station-mirpur,OCTANE,800,2026-01-09T08:00:00,88.679,0.0,88.679
9604,station-tongi,DIESEL,800,2026-01-09T08:00:00,230.098,0.0,230.098
9605,station-tongi,PETROL,800,2026-01-09T08:00:00,70.737,0.0,70.737
9606,station-tongi,OCTANE,800,2026-01-09T08:00:00,36.887,0.0,36.887
9607,station-karnaphuli,DIESEL,800,2026-01-09T08:00:00,174.184,0.0,174.184
9608,station-karnaphuli,PETROL,800,2026-01-09T08:00:00,182.81,0.0,182.81
9609,station-karnaphuli,OCTANE,800,2026-01-09T08:00:00,93.893,0.0,93.893
9610,station-coxsbazar,DIESEL,800,2026-01-09T08:00:00,107.936,0.0,107.936
9611,station-coxsbazar,PETROL,800,2026-01-09T08:00:00,102.361,0.0,102.361
9612,station-coxsbazar,OCTANE,800,2026-01-09T08:00:00,50.422,0.0,50.422
9613,station-mirpur,DIESEL,801,2026-01-09T08:15:00,116.612,0.0,116.612
9614,station-mirpur,PETROL,801,2026-01-09T08:15:00,166.093,0.0,166.093
9615,station-mirpur,OCTANE,801,2026-01-09T08:15:00,82.352,0.0,82.352
9616,station-tongi,DIESEL,801,2026-01-09T08:15:00,215.116,0.0,215.116
9617,station-tongi,PETROL,801,2026-01-09T08:15:00,74.568,0.0,74.568
9618,station-tongi,OCTANE,801,2026-01-09T08:15:00,36.15,0.0,36.15
9619,station-karnaphuli,DIESEL,801,2026-01-09T08:15:00,174.484,0.0,174.484
9620,station-karnaphuli,PETROL,801,2026-01-09T08:15:00,166.415,0.0,166.415
9621,station-karnaphuli,OCTANE,801,2026-01-09T08:15:00,84.88,0.0,84.88
9622,station-coxsbazar,DIESEL,801,2026-01-09T08:15:00,92.919,0.0,92.919
9623,station-coxsbazar,PETROL,801,2026-01-09T08:15:00,117.299,0.0,117.299
9624,station-coxsbazar,OCTANE,801,2026-01-09T08:15:00,45.915,0.0,45.915
9625,station-mirpur,DIESEL,802,2026-01-09T08:30:00,119.234,0.0,119.234
9626,station-mirpur,PETROL,802,2026-01-09T08:30:00,148.456,0.0,148.456
9627,station-mirpur,OCTANE,802,2026-01-09T08:30:00,90.526,0.0,90.526
9628,station-tongi,DIESEL,802,2026-01-09T08:30:00,212.271,0.0,212.271
9629,station-tongi,PETROL,802,2026-01-09T08:30:00,75.455,0.0,75.455
9630,station-tongi,OCTANE,802,2026-01-09T08:30:00,36.651,0.0,36.651
9631,station-karnaphuli,DIESEL,802,2026-01-09T08:30:00,151.199,0.0,151.199
9632,station-karnaphuli,PETROL,802,2026-01-09T08:30:00,153.223,0.0,153.223
9633,station-karnaphuli,OCTANE,802,2026-01-09T08:30:00,104.81,0.0,104.81
9634,station-coxsbazar,DIESEL,802,2026-01-09T08:30:00,101.846,0.0,101.846
9635,station-coxsbazar,PETROL,802,2026-01-09T08:30:00,99.428,0.0,99.428
9636,station-coxsbazar,OCTANE,802,2026-01-09T08:30:00,47.576,0.0,47.576
9637,station-mirpur,DIESEL,803,2026-01-09T08:45:00,138.87,0.0,138.87
9638,station-mirpur,PETROL,803,2026-01-09T08:45:00,165.561,0.0,165.561
9639,station-mirpur,OCTANE,803,2026-01-09T08:45:00,80.682,0.0,80.682
9640,station-tongi,DIESEL,803,2026-01-09T08:45:00,215.269,0.0,215.269
9641,station-tongi,PETROL,803,2026-01-09T08:45:00,76.317,0.0,76.317
9642,station-tongi,OCTANE,803,2026-01-09T08:45:00,36.48,0.0,36.48
9643,station-karnaphuli,DIESEL,803,2026-01-09T08:45:00,140.776,0.0,140.776
9644,station-karnaphuli,PETROL,803,2026-01-09T08:45:00,180.287,0.0,180.287
9645,station-karnaphuli,OCTANE,803,2026-01-09T08:45:00,101.981,0.0,101.981
9646,station-coxsbazar,DIESEL,803,2026-01-09T08:45:00,96.799,0.0,96.799
9647,station-coxsbazar,PETROL,803,2026-01-09T08:45:00,113.149,0.0,113.149
9648,station-coxsbazar,OCTANE,803,2026-01-09T08:45:00,50.97,0.0,50.97
9649,station-mirpur,DIESEL,804,2026-01-09T09:00:00,129.307,0.0,129.307
9650,station-mirpur,PETROL,804,2026-01-09T09:00:00,153.331,0.0,153.331
9651,station-mirpur,OCTANE,804,2026-01-09T09:00:00,79.488,0.0,79.488
9652,station-tongi,DIESEL,804,2026-01-09T09:00:00,241.472,0.0,241.472
9653,station-tongi,PETROL,804,2026-01-09T09:00:00,69.895,0.0,69.895
9654,station-tongi,OCTANE,804,2026-01-09T09:00:00,32.837,0.0,32.837
9655,station-karnaphuli,DIESEL,804,2026-01-09T09:00:00,173.431,0.0,173.431
9656,station-karnaphuli,PETROL,804,2026-01-09T09:00:00,150.067,0.0,150.067
9657,station-karnaphuli,OCTANE,804,2026-01-09T09:00:00,97.162,0.0,97.162
9658,station-coxsbazar,DIESEL,804,2026-01-09T09:00:00,101.744,0.0,101.744
9659,station-coxsbazar,PETROL,804,2026-01-09T09:00:00,113.576,0.0,113.576
9660,station-coxsbazar,OCTANE,804,2026-01-09T09:00:00,53.008,0.0,53.008
9661,station-mirpur,DIESEL,805,2026-01-09T09:15:00,124.147,0.0,124.147
9662,station-mirpur,PETROL,805,2026-01-09T09:15:00,158.104,0.0,158.104
9663,station-mirpur,OCTANE,805,2026-01-09T09:15:00,79.124,0.0,79.124
9664,station-tongi,DIESEL,805,2026-01-09T09:15:00,209.7,0.0,209.7
9665,station-tongi,PETROL,805,2026-01-09T09:15:00,73.746,0.0,73.746
9666,station-tongi,OCTANE,805,2026-01-09T09:15:00,37.837,0.0,37.837
9667,station-karnaphuli,DIESEL,805,2026-01-09T09:15:00,168.454,0.0,168.454
9668,station-karnaphuli,PETROL,805,2026-01-09T09:15:00,177.055,0.0,177.055
9669,station-karnaphuli,OCTANE,805,2026-01-09T09:15:00,101.289,0.0,101.289
9670,station-coxsbazar,DIESEL,805,2026-01-09T09:15:00,101.687,0.0,101.687
9671,station-coxsbazar,PETROL,805,2026-01-09T09:15:00,106.559,0.0,106.559
9672,station-coxsbazar,OCTANE,805,2026-01-09T09:15:00,53.396,0.0,53.396
9673,station-mirpur,DIESEL,806,2026-01-09T09:30:00,127.706,0.0,127.706
9674,station-mirpur,PETROL,806,2026-01-09T09:30:00,159.686,0.0,159.686
9675,station-mirpur,OCTANE,806,2026-01-09T09:30:00,91.611,0.0,91.611
9676,station-tongi,DIESEL,806,2026-01-09T09:30:00,236.414,0.0,236.414
9677,station-tongi,PETROL,806,2026-01-09T09:30:00,76.267,0.0,76.267
9678,station-tongi,OCTANE,806,2026-01-09T09:30:00,34.342,0.0,34.342
9679,station-karnaphuli,DIESEL,806,2026-01-09T09:30:00,170.275,0.0,170.275
9680,station-karnaphuli,PETROL,806,2026-01-09T09:30:00,167.619,0.0,167.619
9681,station-karnaphuli,OCTANE,806,2026-01-09T09:30:00,102.303,0.0,102.303
9682,station-coxsbazar,DIESEL,806,2026-01-09T09:30:00,106.515,0.0,106.515
9683,station-coxsbazar,PETROL,806,2026-01-09T09:30:00,97.374,0.0,97.374
9684,station-coxsbazar,OCTANE,806,2026-01-09T09:30:00,51.86,0.0,51.86
9685,station-mirpur,DIESEL,807,2026-01-09T09:45:00,120.073,0.0,120.073
9686,station-mirpur,PETROL,807,2026-01-09T09:45:00,145.767,0.0,145.767
9687,station-mirpur,OCTANE,807,2026-01-09T09:45:00,78.739,0.0,78.739
9688,station-tongi,DIESEL,807,2026-01-09T09:45:00,242.265,0.0,242.265
9689,station-tongi,PETROL,807,2026-01-09T09:45:00,67.745,0.0,67.745
9690,station-tongi,OCTANE,807,2026-01-09T09:45:00,33.682,0.0,33.682
9691,station-karnaphuli,DIESEL,807,2026-01-09T09:45:00,170.802,0.0,170.802
9692,station-karnaphuli,PETROL,807,2026-01-09T09:45:00,171.606,0.0,171.606
9693,station-karnaphuli,OCTANE,807,2026-01-09T09:45:00,95.385,0.0,95.385
9694,station-coxsbazar,DIESEL,807,2026-01-09T09:45:00,93.494,0.0,93.494
9695,station-coxsbazar,PETROL,807,2026-01-09T09:45:00,109.774,0.0,109.774
9696,station-coxsbazar,OCTANE,807,2026-01-09T09:45:00,46.844,0.0,46.844
9697,station-mirpur,DIESEL,808,2026-01-09T10:00:00,60.21,0.0,60.21
9698,station-mirpur,PETROL,808,2026-01-09T10:00:00,83.245,0.0,83.245
9699,station-mirpur,OCTANE,808,2026-01-09T10:00:00,36.987,0.0,36.987
9700,station-tongi,DIESEL,808,2026-01-09T10:00:00,211.174,0.0,211.174
9701,station-tongi,PETROL,808,2026-01-09T10:00:00,77.082,0.0,77.082
9702,station-tongi,OCTANE,808,2026-01-09T10:00:00,34.969,0.0,34.969
9703,station-karnaphuli,DIESEL,808,2026-01-09T10:00:00,90.507,0.0,90.507
9704,station-karnaphuli,PETROL,808,2026-01-09T10:00:00,87.926,0.0,87.926
9705,station-karnaphuli,OCTANE,808,2026-01-09T10:00:00,52.152,0.0,52.152
9706,station-coxsbazar,DIESEL,808,2026-01-09T10:00:00,100.503,0.0,100.503
9707,station-coxsbazar,PETROL,808,2026-01-09T10:00:00,108.727,0.0,108.727
9708,station-coxsbazar,OCTANE,808,2026-01-09T10:00:00,46.546,0.0,46.546
9709,station-mirpur,DIESEL,809,2026-01-09T10:15:00,60.644,0.0,60.644
9710,station-mirpur,PETROL,809,2026-01-09T10:15:00,69.519,0.0,69.519
9711,station-mirpur,OCTANE,809,2026-01-09T10:15:00,43.021,0.0,43.021
9712,station-tongi,DIESEL,809,2026-01-09T10:15:00,208.273,0.0,208.273
9713,station-tongi,PETROL,809,2026-01-09T10:15:00,69.475,0.0,69.475
9714,station-tongi,OCTANE,809,2026-01-09T10:15:00,34.675,0.0,34.675
9715,station-karnaphuli,DIESEL,809,2026-01-09T10:15:00,88.505,0.0,88.505
9716,station-karnaphuli,PETROL,809,2026-01-09T10:15:00,83.95,0.0,83.95
9717,station-karnaphuli,OCTANE,809,2026-01-09T10:15:00,56.898,0.0,56.898
9718,station-coxsbazar,DIESEL,809,2026-01-09T10:15:00,108.475,0.0,108.475
9719,station-coxsbazar,PETROL,809,2026-01-09T10:15:00,96.249,0.0,96.249
9720,station-coxsbazar,OCTANE,809,2026-01-09T10:15:00,52.815,0.0,52.815
9721,station-mirpur,DIESEL,810,2026-01-09T10:30:00,55.837,0.0,55.837
9722,station-mirpur,PETROL,810,2026-01-09T10:30:00,69.635,0.0,69.635
9723,station-mirpur,OCTANE,810,2026-01-09T10:30:00,36.879,0.0,36.879
9724,station-tongi,DIESEL,810,2026-01-09T10:30:00,242.452,0.0,242.452
9725,station-tongi,PETROL,810,2026-01-09T10:30:00,71.787,0.0,71.787
9726,station-tongi,OCTANE,810,2026-01-09T10:30:00,32.755,0.0,32.755
9727,station-karnaphuli,DIESEL,810,2026-01-09T10:30:00,87.045,0.0,87.045
9728,station-karnaphuli,PETROL,810,2026-01-09T10:30:00,83.377,0.0,83.377
9729,station-karnaphuli,OCTANE,810,2026-01-09T10:30:00,51.877,0.0,51.877
9730,station-coxsbazar,DIESEL,810,2026-01-09T10:30:00,98.908,0.0,98.908
9731,station-coxsbazar,PETROL,810,2026-01-09T10:30:00,116.789,0.0,116.789
9732,station-coxsbazar,OCTANE,810,2026-01-09T10:30:00,52.515,0.0,52.515
9733,station-mirpur,DIESEL,811,2026-01-09T10:45:00,57.147,0.0,57.147
9734,station-mirpur,PETROL,811,2026-01-09T10:45:00,77.449,0.0,77.449
9735,station-mirpur,OCTANE,811,2026-01-09T10:45:00,42.573,0.0,42.573
9736,station-tongi,DIESEL,811,2026-01-09T10:45:00,223.026,0.0,223.026
9737,station-tongi,PETROL,811,2026-01-09T10:45:00,74.334,0.0,74.334
9738,station-tongi,OCTANE,811,2026-01-09T10:45:00,37.822,0.0,37.822
9739,station-karnaphuli,DIESEL,811,2026-01-09T10:45:00,85.095,0.0,85.095
9740,station-karnaphuli,PETROL,811,2026-01-09T10:45:00,97.489,0.0,97.489
9741,station-karnaphuli,OCTANE,811,2026-01-09T10:45:00,56.498,0.0,56.498
9742,station-coxsbazar,DIESEL,811,2026-01-09T10:45:00,91.874,0.0,91.874
9743,station-coxsbazar,PETROL,811,2026-01-09T10:45:00,104.534,0.0,104.534
9744,station-coxsbazar,OCTANE,811,2026-01-09T10:45:00,55.383,0.0,55.383
9745,station-mirpur,DIESEL,812,2026-01-09T11:00:00,61.705,0.0,61.705
9746,station-mirpur,PETROL,812,2026-01-09T11:00:00,75.226,0.0,75.226
9747,station-mirpur,OCTANE,812,2026-01-09T11:00:00,43.416,0.0,43.416
9748,station-tongi,DIESEL,812,2026-01-09T11:00:00,224.094,0.0,224.094
9749,station-tongi,PETROL,812,2026-01-09T11:00:00,72.268,0.0,72.268
9750,station-tongi,OCTANE,812,2026-01-09T11:00:00,38.169,0.0,38.169
9751,station-karnaphuli,DIESEL,812,2026-01-09T11:00:00,90.769,0.0,90.769
9752,station-karnaphuli,PETROL,812,2026-01-09T11:00:00,101.781,0.0,101.781
9753,station-karnaphuli,OCTANE,812,2026-01-09T11:00:00,57.362,0.0,57.362
9754,station-coxsbazar,DIESEL,812,2026-01-09T11:00:00,110.944,0.0,110.944
9755,station-coxsbazar,PETROL,812,2026-01-09T11:00:00,117.392,0.0,117.392
9756,station-coxsbazar,OCTANE,812,2026-01-09T11:00:00,52.995,0.0,52.995
9757,station-mirpur,DIESEL,813,2026-01-09T11:15:00,56.634,0.0,56.634
9758,station-mirpur,PETROL,813,2026-01-09T11:15:00,82.037,0.0,82.037
9759,station-mirpur,OCTANE,813,2026-01-09T11:15:00,39.811,0.0,39.811
9760,station-tongi,DIESEL,813,2026-01-09T11:15:00,224.232,0.0,224.232
9761,station-tongi,PETROL,813,2026-01-09T11:15:00,76.973,0.0,76.973
9762,station-tongi,OCTANE,813,2026-01-09T11:15:00,32.98,0.0,32.98
9763,station-karnaphuli,DIESEL,813,2026-01-09T11:15:00,88.244,0.0,88.244
9764,station-karnaphuli,PETROL,813,2026-01-09T11:15:00,95.685,0.0,95.685
9765,station-karnaphuli,OCTANE,813,2026-01-09T11:15:00,51.25,0.0,51.25
9766,station-coxsbazar,DIESEL,813,2026-01-09T11:15:00,100.935,0.0,100.935
9767,station-coxsbazar,PETROL,813,2026-01-09T11:15:00,102.163,0.0,102.163
9768,station-coxsbazar,OCTANE,813,2026-01-09T11:15:00,50.851,0.0,50.851
9769,station-mirpur,DIESEL,814,2026-01-09T11:30:00,67.358,0.0,67.358
9770,station-mirpur,PETROL,814,2026-01-09T11:30:00,70.859,0.0,70.859
9771,station-mirpur,OCTANE,814,2026-01-09T11:30:00,42.719,0.0,42.719
9772,station-tongi,DIESEL,814,2026-01-09T11:30:00,237.252,0.0,237.252
9773,station-tongi,PETROL,814,2026-01-09T11:30:00,75.95,0.0,75.95
9774,station-tongi,OCTANE,814,2026-01-09T11:30:00,37.871,0.0,37.871
9775,station-karnaphuli,DIESEL,814,2026-01-09T11:30:00,78.035,0.0,78.035
9776,station-karnaphuli,PETROL,814,2026-01-09T11:30:00,100.582,0.0,100.582
9777,station-karnaphuli,OCTANE,814,2026-01-09T11:30:00,47.665,0.0,47.665
9778,station-coxsbazar,DIESEL,814,2026-01-09T11:30:00,111.087,0.0,111.087
9779,station-coxsbazar,PETROL,814,2026-01-09T11:30:00,108.058,0.0,108.058
9780,station-coxsbazar,OCTANE,814,2026-01-09T11:30:00,47.781,0.0,47.781
9781,station-mirpur,DIESEL,815,2026-01-09T11:45:00,64.126,0.0,64.126
9782,station-mirpur,PETROL,815,2026-01-09T11:45:00,73.442,0.0,73.442
9783,station-mirpur,OCTANE,815,2026-01-09T11:45:00,42.439,0.0,42.439
9784,station-tongi,DIESEL,815,2026-01-09T11:45:00,211.462,0.0,211.462
9785,station-tongi,PETROL,815,2026-01-09T11:45:00,70.207,0.0,70.207
9786,station-tongi,OCTANE,815,2026-01-09T11:45:00,35.366,0.0,35.366
9787,station-karnaphuli,DIESEL,815,2026-01-09T11:45:00,81.082,0.0,81.082
9788,station-karnaphuli,PETROL,815,2026-01-09T11:45:00,99.546,0.0,99.546
9789,station-karnaphuli,OCTANE,815,2026-01-09T11:45:00,54.995,0.0,54.995
9790,station-coxsbazar,DIESEL,815,2026-01-09T11:45:00,97.324,0.0,97.324
9791,station-coxsbazar,PETROL,815,2026-01-09T11:45:00,102.33,0.0,102.33
9792,station-coxsbazar,OCTANE,815,2026-01-09T11:45:00,51.034,0.0,51.034
9793,station-mirpur,DIESEL,816,2026-01-09T12:00:00,56.295,0.0,56.295
9794,station-mirpur,PETROL,816,2026-01-09T12:00:00,75.171,0.0,75.171
9795,station-mirpur,OCTANE,816,2026-01-09T12:00:00,40.421,0.0,40.421
9796,station-tongi,DIESEL,816,2026-01-09T12:00:00,244.108,0.0,244.108
9797,station-tongi,PETROL,816,2026-01-09T12:00:00,75.457,0.0,75.457
9798,station-tongi,OCTANE,816,2026-01-09T12:00:00,34.067,0.0,34.067
9799,station-karnaphuli,DIESEL,816,2026-01-09T12:00:00,79.91,0.0,79.91
9800,station-karnaphuli,PETROL,816,2026-01-09T12:00:00,85.416,0.0,85.416
9801,station-karnaphuli,OCTANE,816,2026-01-09T12:00:00,50.907,0.0,50.907
9802,station-coxsbazar,DIESEL,816,2026-01-09T12:00:00,97.985,0.0,97.985
9803,station-coxsbazar,PETROL,816,2026-01-09T12:00:00,100.666,0.0,100.666
9804,station-coxsbazar,OCTANE,816,2026-01-09T12:00:00,50.873,0.0,50.873
9805,station-mirpur,DIESEL,817,2026-01-09T12:15:00,65.988,0.0,65.988
9806,station-mirpur,PETROL,817,2026-01-09T12:15:00,72.172,0.0,72.172
9807,station-mirpur,OCTANE,817,2026-01-09T12:15:00,39.659,0.0,39.659
9808,station-tongi,DIESEL,817,2026-01-09T12:15:00,216.29,0.0,216.29
9809,station-tongi,PETROL,817,2026-01-09T12:15:00,78.244,0.0,78.244
9810,station-tongi,OCTANE,817,2026-01-09T12:15:00,32.854,0.0,32.854
9811,station-karnaphuli,DIESEL,817,2026-01-09T12:15:00,81.47,0.0,81.47
9812,station-karnaphuli,PETROL,817,2026-01-09T12:15:00,96.241,0.0,96.241
9813,station-karnaphuli,OCTANE,817,2026-01-09T12:15:00,48.228,0.0,48.228
9814,station-coxsbazar,DIESEL,817,2026-01-09T12:15:00,96.959,0.0,96.959
9815,station-coxsbazar,PETROL,817,2026-01-09T12:15:00,96.581,0.0,96.581
9816,station-coxsbazar,OCTANE,817,2026-01-09T12:15:00,50.126,0.0,50.126
9817,station-mirpur,DIESEL,818,2026-01-09T12:30:00,67.561,0.0,67.561
9818,station-mirpur,PETROL,818,2026-01-09T12:30:00,74.445,0.0,74.445
9819,station-mirpur,OCTANE,818,2026-01-09T12:30:00,37.219,0.0,37.219
9820,station-tongi,DIESEL,818,2026-01-09T12:30:00,222.725,0.0,222.725
9821,station-tongi,PETROL,818,2026-01-09T12:30:00,75.504,0.0,75.504
9822,station-tongi,OCTANE,818,2026-01-09T12:30:00,33.865,0.0,33.865
9823,station-karnaphuli,DIESEL,818,2026-01-09T12:30:00,89.84,0.0,89.84
9824,station-karnaphuli,PETROL,818,2026-01-09T12:30:00,91.422,0.0,91.422
9825,station-karnaphuli,OCTANE,818,2026-01-09T12:30:00,55.442,0.0,55.442
9826,station-coxsbazar,DIESEL,818,2026-01-09T12:30:00,97.804,0.0,97.804
9827,station-coxsbazar,PETROL,818,2026-01-09T12:30:00,104.116,0.0,104.116
9828,station-coxsbazar,OCTANE,818,2026-01-09T12:30:00,48.556,0.0,48.556
9829,station-mirpur,DIESEL,819,2026-01-09T12:45:00,63.459,0.0,63.459
9830,station-mirpur,PETROL,819,2026-01-09T12:45:00,82.077,0.0,82.077
9831,station-mirpur,OCTANE,819,2026-01-09T12:45:00,38.576,0.0,38.576
9832,station-tongi,DIESEL,819,2026-01-09T12:45:00,225.985,0.0,225.985
9833,station-tongi,PETROL,819,2026-01-09T12:45:00,67.671,0.0,67.671
9834,station-tongi,OCTANE,819,2026-01-09T12:45:00,33.352,0.0,33.352
9835,station-karnaphuli,DIESEL,819,2026-01-09T12:45:00,85.973,0.0,85.973
9836,station-karnaphuli,PETROL,819,2026-01-09T12:45:00,90.376,0.0,90.376
9837,station-karnaphuli,OCTANE,819,2026-01-09T12:45:00,56.79,0.0,56.79
9838,station-coxsbazar,DIESEL,819,2026-01-09T12:45:00,101.594,0.0,101.594
9839,station-coxsbazar,PETROL,819,2026-01-09T12:45:00,96.536,0.0,96.536
9840,station-coxsbazar,OCTANE,819,2026-01-09T12:45:00,52.741,0.0,52.741
9841,station-mirpur,DIESEL,820,2026-01-09T13:00:00,65.694,0.0,65.694
9842,station-mirpur,PETROL,820,2026-01-09T13:00:00,83.102,0.0,83.102
9843,station-mirpur,OCTANE,820,2026-01-09T13:00:00,38.897,0.0,38.897
9844,station-tongi,DIESEL,820,2026-01-09T13:00:00,215.17,0.0,215.17
9845,station-tongi,PETROL,820,2026-01-09T13:00:00,76.85,0.0,76.85
9846,station-tongi,OCTANE,820,2026-01-09T13:00:00,34.163,0.0,34.163
9847,station-karnaphuli,DIESEL,820,2026-01-09T13:00:00,80.773,0.0,80.773
9848,station-karnaphuli,PETROL,820,2026-01-09T13:00:00,83.819,0.0,83.819
9849,station-karnaphuli,OCTANE,820,2026-01-09T13:00:00,54.654,0.0,54.654
9850,station-coxsbazar,DIESEL,820,2026-01-09T13:00:00,103.43,0.0,103.43
9851,station-coxsbazar,PETROL,820,2026-01-09T13:00:00,111.246,0.0,111.246
9852,station-coxsbazar,OCTANE,820,2026-01-09T13:00:00,50.386,0.0,50.386
9853,station-mirpur,DIESEL,821,2026-01-09T13:15:00,63.478,0.0,63.478
9854,station-mirpur,PETROL,821,2026-01-09T13:15:00,77.763,0.0,77.763
9855,station-mirpur,OCTANE,821,2026-01-09T13:15:00,41.97,0.0,41.97
9856,station-tongi,DIESEL,821,2026-01-09T13:15:00,231.297,0.0,231.297
9857,station-tongi,PETROL,821,2026-01-09T13:15:00,70.718,0.0,70.718
9858,station-tongi,OCTANE,821,2026-01-09T13:15:00,35.771,0.0,35.771
9859,station-karnaphuli,DIESEL,821,2026-01-09T13:15:00,94.932,0.0,94.932
9860,station-karnaphuli,PETROL,821,2026-01-09T13:15:00,81.984,0.0,81.984
9861,station-karnaphuli,OCTANE,821,2026-01-09T13:15:00,54.12,0.0,54.12
9862,station-coxsbazar,DIESEL,821,2026-01-09T13:15:00,91.371,0.0,91.371
9863,station-coxsbazar,PETROL,821,2026-01-09T13:15:00,109.057,0.0,109.057
9864,station-coxsbazar,OCTANE,821,2026-01-09T13:15:00,54.444,0.0,54.444
9865,station-mirpur,DIESEL,822,2026-01-09T13:30:00,63.751,0.0,63.751
9866,station-mirpur,PETROL,822,2026-01-09T13:30:00,78.754,0.0,78.754
9867,station-mirpur,OCTANE,822,2026-01-09T13:30:00,40.286,0.0,40.286
9868,station-tongi,DIESEL,822,2026-01-09T13:30:00,213.219,0.0,213.219
9869,station-tongi,PETROL,822,2026-01-09T13:30:00,74.549,0.0,74.549
9870,station-tongi,OCTANE,822,2026-01-09T13:30:00,32.865,0.0,32.865
9871,station-karnaphuli,DIESEL,822,2026-01-09T13:30:00,95.212,0.0,95.212
9872,station-karnaphuli,PETROL,822,2026-01-09T13:30:00,86.094,0.0,86.094
9873,station-karnaphuli,OCTANE,822,2026-01-09T13:30:00,46.069,0.0,46.069
9874,station-coxsbazar,DIESEL,822,2026-01-09T13:30:00,104.327,0.0,104.327
9875,station-coxsbazar,PETROL,822,2026-01-09T13:30:00,115.481,0.0,115.481
9876,station-coxsbazar,OCTANE,822,2026-01-09T13:30:00,46.936,0.0,46.936
9877,station-mirpur,DIESEL,823,2026-01-09T13:45:00,60.537,0.0,60.537
9878,station-mirpur,PETROL,823,2026-01-09T13:45:00,77.924,0.0,77.924
9879,station-mirpur,OCTANE,823,2026-01-09T13:45:00,43.131,0.0,43.131
9880,station-tongi,DIESEL,823,2026-01-09T13:45:00,222.269,0.0,222.269
9881,station-tongi,PETROL,823,2026-01-09T13:45:00,69.928,0.0,69.928
9882,station-tongi,OCTANE,823,2026-01-09T13:45:00,35.377,0.0,35.377
9883,station-karnaphuli,DIESEL,823,2026-01-09T13:45:00,84.49,0.0,84.49
9884,station-karnaphuli,PETROL,823,2026-01-09T13:45:00,94.419,0.0,94.419
9885,station-karnaphuli,OCTANE,823,2026-01-09T13:45:00,54.376,0.0,54.376
9886,station-coxsbazar,DIESEL,823,2026-01-09T13:45:00,95.529,0.0,95.529
9887,station-coxsbazar,PETROL,823,2026-01-09T13:45:00,109.303,0.0,109.303
9888,station-coxsbazar,OCTANE,823,2026-01-09T13:45:00,55.555,0.0,55.555
9889,station-mirpur,DIESEL,824,2026-01-09T14:00:00,66.953,0.0,66.953
9890,station-mirpur,PETROL,824,2026-01-09T14:00:00,70.85,0.0,70.85
9891,station-mirpur,OCTANE,824,2026-01-09T14:00:00,38.874,0.0,38.874
9892,station-tongi,DIESEL,824,2026-01-09T14:00:00,232.258,0.0,232.258
9893,station-tongi,PETROL,824,2026-01-09T14:00:00,76.189,0.0,76.189
9894,station-tongi,OCTANE,824,2026-01-09T14:00:00,34.752,0.0,34.752
9895,station-karnaphuli,DIESEL,824,2026-01-09T14:00:00,90.5,0.0,90.5
9896,station-karnaphuli,PETROL,824,2026-01-09T14:00:00,97.626,0.0,97.626
9897,station-karnaphuli,OCTANE,824,2026-01-09T14:00:00,51.497,0.0,51.497
9898,station-coxsbazar,DIESEL,824,2026-01-09T14:00:00,99.4,0.0,99.4
9899,station-coxsbazar,PETROL,824,2026-01-09T14:00:00,105.813,0.0,105.813
9900,station-coxsbazar,OCTANE,824,2026-01-09T14:00:00,47.375,0.0,47.375
9901,station-mirpur,DIESEL,825,2026-01-09T14:15:00,64.811,0.0,64.811
9902,station-mirpur,PETROL,825,2026-01-09T14:15:00,69.329,0.0,69.329
9903,station-mirpur,OCTANE,825,2026-01-09T14:15:00,42.893,0.0,42.893
9904,station-tongi,DIESEL,825,2026-01-09T14:15:00,226.042,0.0,226.042
9905,station-tongi,PETROL,825,2026-01-09T14:15:00,73.426,0.0,73.426
9906,station-tongi,OCTANE,825,2026-01-09T14:15:00,35.23,0.0,35.23
9907,station-karnaphuli,DIESEL,825,2026-01-09T14:15:00,87.438,0.0,87.438
9908,station-karnaphuli,PETROL,825,2026-01-09T14:15:00,98.914,0.0,98.914
9909,station-karnaphuli,OCTANE,825,2026-01-09T14:15:00,49.033,0.0,49.033
9910,station-coxsbazar,DIESEL,825,2026-01-09T14:15:00,96.29,0.0,96.29
9911,station-coxsbazar,PETROL,825,2026-01-09T14:15:00,113.561,0.0,113.561
9912,station-coxsbazar,OCTANE,825,2026-01-09T14:15:00,46.038,0.0,46.038
9913,station-mirpur,DIESEL,826,2026-01-09T14:30:00,56.115,0.0,56.115
9914,station-mirpur,PETROL,826,2026-01-09T14:30:00,82.472,0.0,82.472
9915,station-mirpur,OCTANE,826,2026-01-09T14:30:00,38.205,0.0,38.205
9916,station-tongi,DIESEL,826,2026-01-09T14:30:00,226.28,0.0,226.28
9917,station-tongi,PETROL,826,2026-01-09T14:30:00,72.824,0.0,72.824
9918,station-tongi,OCTANE,826,2026-01-09T14:30:00,37.008,0.0,37.008
9919,station-karnaphuli,DIESEL,826,2026-01-09T14:30:00,86.42,0.0,86.42
9920,station-karnaphuli,PETROL,826,2026-01-09T14:30:00,99.311,0.0,99.311
9921,station-karnaphuli,OCTANE,826,2026-01-09T14:30:00,56.03,0.0,56.03
9922,station-coxsbazar,DIESEL,826,2026-01-09T14:30:00,106.976,0.0,106.976
9923,station-coxsbazar,PETROL,826,2026-01-09T14:30:00,105.614,0.0,105.614
9924,station-coxsbazar,OCTANE,826,2026-01-09T14:30:00,47.98,0.0,47.98
9925,station-mirpur,DIESEL,827,2026-01-09T14:45:00,56.348,0.0,56.348
9926,station-mirpur,PETROL,827,2026-01-09T14:45:00,72.595,0.0,72.595
9927,station-mirpur,OCTANE,827,2026-01-09T14:45:00,41.32,0.0,41.32
9928,station-tongi,DIESEL,827,2026-01-09T14:45:00,237.035,0.0,237.035
9929,station-tongi,PETROL,827,2026-01-09T14:45:00,72.577,0.0,72.577
9930,station-tongi,OCTANE,827,2026-01-09T14:45:00,35.826,0.0,35.826
9931,station-karnaphuli,DIESEL,827,2026-01-09T14:45:00,95.247,0.0,95.247
9932,station-karnaphuli,PETROL,827,2026-01-09T14:45:00,97.263,0.0,97.263
9933,station-karnaphuli,OCTANE,827,2026-01-09T14:45:00,49.998,0.0,49.998
9934,station-coxsbazar,DIESEL,827,2026-01-09T14:45:00,107.808,0.0,107.808
9935,station-coxsbazar,PETROL,827,2026-01-09T14:45:00,108.009,0.0,108.009
9936,station-coxsbazar,OCTANE,827,2026-01-09T14:45:00,45.803,0.0,45.803
9937,station-mirpur,DIESEL,828,2026-01-09T15:00:00,57.568,0.0,57.568
9938,station-mirpur,PETROL,828,2026-01-09T15:00:00,71.014,0.0,71.014
9939,station-mirpur,OCTANE,828,2026-01-09T15:00:00,41.13,0.0,41.13
9940,station-tongi,DIESEL,828,2026-01-09T15:00:00,233.534,0.0,233.534
9941,station-tongi,PETROL,828,2026-01-09T15:00:00,70.152,0.0,70.152
9942,station-tongi,OCTANE,828,2026-01-09T15:00:00,33.615,0.0,33.615
9943,station-karnaphuli,DIESEL,828,2026-01-09T15:00:00,82.647,0.0,82.647
9944,station-karnaphuli,PETROL,828,2026-01-09T15:00:00,91.44,0.0,91.44
9945,station-karnaphuli,OCTANE,828,2026-01-09T15:00:00,48.622,0.0,48.622
9946,station-coxsbazar,DIESEL,828,2026-01-09T15:00:00,101.311,0.0,101.311
9947,station-coxsbazar,PETROL,828,2026-01-09T15:00:00,113.349,0.0,113.349
9948,station-coxsbazar,OCTANE,828,2026-01-09T15:00:00,52.67,0.0,52.67
9949,station-mirpur,DIESEL,829,2026-01-09T15:15:00,61.63,0.0,61.63
9950,station-mirpur,PETROL,829,2026-01-09T15:15:00,82.686,0.0,82.686
9951,station-mirpur,OCTANE,829,2026-01-09T15:15:00,42.413,0.0,42.413
9952,station-tongi,DIESEL,829,2026-01-09T15:15:00,210.288,0.0,210.288
9953,station-tongi,PETROL,829,2026-01-09T15:15:00,70.665,0.0,70.665
9954,station-tongi,OCTANE,829,2026-01-09T15:15:00,36.452,0.0,36.452
9955,station-karnaphuli,DIESEL,829,2026-01-09T15:15:00,82.564,0.0,82.564
9956,station-karnaphuli,PETROL,829,2026-01-09T15:15:00,83.384,0.0,83.384
9957,station-karnaphuli,OCTANE,829,2026-01-09T15:15:00,57.428,0.0,57.428
9958,station-coxsbazar,DIESEL,829,2026-01-09T15:15:00,107.224,0.0,107.224
9959,station-coxsbazar,PETROL,829,2026-01-09T15:15:00,112.532,0.0,112.532
9960,station-coxsbazar,OCTANE,829,2026-01-09T15:15:00,51.682,0.0,51.682
9961,station-mirpur,DIESEL,830,2026-01-09T15:30:00,56.206,0.0,56.206
9962,station-mirpur,PETROL,830,2026-01-09T15:30:00,78.995,0.0,78.995
9963,station-mirpur,OCTANE,830,2026-01-09T15:30:00,40.206,0.0,40.206
9964,station-tongi,DIESEL,830,2026-01-09T15:30:00,227.958,0.0,227.958
9965,station-tongi,PETROL,830,2026-01-09T15:30:00,66.848,0.0,66.848
9966,station-tongi,OCTANE,830,2026-01-09T15:30:00,38.164,0.0,38.164
9967,station-karnaphuli,DIESEL,830,2026-01-09T15:30:00,94.626,0.0,94.626
9968,station-karnaphuli,PETROL,830,2026-01-09T15:30:00,93.228,0.0,93.228
9969,station-karnaphuli,OCTANE,830,2026-01-09T15:30:00,52.832,0.0,52.832
9970,station-coxsbazar,DIESEL,830,2026-01-09T15:30:00,103.635,0.0,103.635
9971,station-coxsbazar,PETROL,830,2026-01-09T15:30:00,115.587,0.0,115.587
9972,station-coxsbazar,OCTANE,830,2026-01-09T15:30:00,51.368,0.0,51.368
9973,station-mirpur,DIESEL,831,2026-01-09T15:45:00,55.854,0.0,55.854
9974,station-mirpur,PETROL,831,2026-01-09T15:45:00,71.802,0.0,71.802
9975,station-mirpur,OCTANE,831,2026-01-09T15:45:00,40.113,0.0,40.113
9976,station-tongi,DIESEL,831,2026-01-09T15:45:00,236.036,0.0,236.036
9977,station-tongi,PETROL,831,2026-01-09T15:45:00,73.378,0.0,73.378
9978,station-tongi,OCTANE,831,2026-01-09T15:45:00,33.766,0.0,33.766
9979,station-karnaphuli,DIESEL,831,2026-01-09T15:45:00,94.567,0.0,94.567
9980,station-karnaphuli,PETROL,831,2026-01-09T15:45:00,91.256,0.0,91.256
9981,station-karnaphuli,OCTANE,831,2026-01-09T15:45:00,57.443,0.0,57.443
9982,station-coxsbazar,DIESEL,831,2026-01-09T15:45:00,99.708,0.0,99.708
9983,station-coxsbazar,PETROL,831,2026-01-09T15:45:00,98.145,0.0,98.145
9984,station-coxsbazar,OCTANE,831,2026-01-09T15:45:00,51.203,0.0,51.203
9985,station-mirpur,DIESEL,832,2026-01-09T16:00:00,138.933,0.0,138.933
9986,station-mirpur,PETROL,832,2026-01-09T16:00:00,164.867,0.0,164.867
9987,station-mirpur,OCTANE,832,2026-01-09T16:00:00,85.812,0.0,85.812
9988,station-tongi,DIESEL,832,2026-01-09T16:00:00,234.381,0.0,234.381
9989,station-tongi,PETROL,832,2026-01-09T16:00:00,69.319,0.0,69.319
9990,station-tongi,OCTANE,832,2026-01-09T16:00:00,36.279,0.0,36.279
9991,station-karnaphuli,DIESEL,832,2026-01-09T16:00:00,145.363,0.0,145.363
9992,station-karnaphuli,PETROL,832,2026-01-09T16:00:00,154.799,0.0,154.799
9993,station-karnaphuli,OCTANE,832,2026-01-09T16:00:00,95.015,0.0,95.015
9994,station-coxsbazar,DIESEL,832,2026-01-09T16:00:00,98.838,0.0,98.838
9995,station-coxsbazar,PETROL,832,2026-01-09T16:00:00,104.317,0.0,104.317
9996,station-coxsbazar,OCTANE,832,2026-01-09T16:00:00,46.158,0.0,46.158
9997,station-mirpur,DIESEL,833,2026-01-09T16:15:00,134.719,0.0,134.719
9998,station-mirpur,PETROL,833,2026-01-09T16:15:00,162.127,0.0,162.127
9999,station-mirpur,OCTANE,833,2026-01-09T16:15:00,78.404,0.0,78.404
10000,station-tongi,DIESEL,833,2026-01-09T16:15:00,219.497,0.0,219.497
10001,station-tongi,PETROL,833,2026-01-09T16:15:00,77.514,0.0,77.514
10002,station-tongi,OCTANE,833,2026-01-09T16:15:00,38.066,0.0,38.066
10003,station-karnaphuli,DIESEL,833,2026-01-09T16:15:00,153.502,0.0,153.502
10004,station-karnaphuli,PETROL,833,2026-01-09T16:15:00,150.226,0.0,150.226
10005,station-karnaphuli,OCTANE,833,2026-01-09T16:15:00,87.185,0.0,87.185
10006,station-coxsbazar,DIESEL,833,2026-01-09T16:15:00,110.913,0.0,110.913
10007,station-coxsbazar,PETROL,833,2026-01-09T16:15:00,113.833,0.0,113.833
10008,station-coxsbazar,OCTANE,833,2026-01-09T16:15:00,51.011,0.0,51.011
10009,station-mirpur,DIESEL,834,2026-01-09T16:30:00,115.668,0.0,115.668
10010,station-mirpur,PETROL,834,2026-01-09T16:30:00,146.747,0.0,146.747
10011,station-mirpur,OCTANE,834,2026-01-09T16:30:00,92.829,0.0,92.829
10012,station-tongi,DIESEL,834,2026-01-09T16:30:00,231.345,0.0,231.345
10013,station-tongi,PETROL,834,2026-01-09T16:30:00,69.824,0.0,69.824
10014,station-tongi,OCTANE,834,2026-01-09T16:30:00,35.173,0.0,35.173
10015,station-karnaphuli,DIESEL,834,2026-01-09T16:30:00,144.065,0.0,144.065
10016,station-karnaphuli,PETROL,834,2026-01-09T16:30:00,154.441,0.0,154.441
10017,station-karnaphuli,OCTANE,834,2026-01-09T16:30:00,84.635,0.0,84.635
10018,station-coxsbazar,DIESEL,834,2026-01-09T16:30:00,104.066,0.0,104.066
10019,station-coxsbazar,PETROL,834,2026-01-09T16:30:00,98.904,0.0,98.904
10020,station-coxsbazar,OCTANE,834,2026-01-09T16:30:00,52.686,0.0,52.686
10021,station-mirpur,DIESEL,835,2026-01-09T16:45:00,133.388,0.0,133.388
10022,station-mirpur,PETROL,835,2026-01-09T16:45:00,146.873,0.0,146.873
10023,station-mirpur,OCTANE,835,2026-01-09T16:45:00,85.702,0.0,85.702
10024,station-tongi,DIESEL,835,2026-01-09T16:45:00,214.635,0.0,214.635
10025,station-tongi,PETROL,835,2026-01-09T16:45:00,71.944,0.0,71.944
10026,station-tongi,OCTANE,835,2026-01-09T16:45:00,36.456,0.0,36.456
10027,station-karnaphuli,DIESEL,835,2026-01-09T16:45:00,170.891,0.0,170.891
10028,station-karnaphuli,PETROL,835,2026-01-09T16:45:00,179.532,0.0,179.532
10029,station-karnaphuli,OCTANE,835,2026-01-09T16:45:00,102.099,0.0,102.099
10030,station-coxsbazar,DIESEL,835,2026-01-09T16:45:00,99.433,0.0,99.433
10031,station-coxsbazar,PETROL,835,2026-01-09T16:45:00,96.33,0.0,96.33
10032,station-coxsbazar,OCTANE,835,2026-01-09T16:45:00,55.476,0.0,55.476
10033,station-mirpur,DIESEL,836,2026-01-09T17:00:00,117.152,0.0,117.152
10034,station-mirpur,PETROL,836,2026-01-09T17:00:00,152.29,0.0,152.29
10035,station-mirpur,OCTANE,836,2026-01-09T17:00:00,84.701,0.0,84.701
10036,station-tongi,DIESEL,836,2026-01-09T17:00:00,233.197,0.0,233.197
10037,station-tongi,PETROL,836,2026-01-09T17:00:00,77.478,0.0,77.478
10038,station-tongi,OCTANE,836,2026-01-09T17:00:00,36.285,0.0,36.285
10039,station-karnaphuli,DIESEL,836,2026-01-09T17:00:00,169.644,0.0,169.644
10040,station-karnaphuli,PETROL,836,2026-01-09T17:00:00,174.853,0.0,174.853
10041,station-karnaphuli,OCTANE,836,2026-01-09T17:00:00,104.819,0.0,104.819
10042,station-coxsbazar,DIESEL,836,2026-01-09T17:00:00,92.684,0.0,92.684
10043,station-coxsbazar,PETROL,836,2026-01-09T17:00:00,110.491,0.0,110.491
10044,station-coxsbazar,OCTANE,836,2026-01-09T17:00:00,46.476,0.0,46.476
10045,station-mirpur,DIESEL,837,2026-01-09T17:15:00,129.317,0.0,129.317
10046,station-mirpur,PETROL,837,2026-01-09T17:15:00,148.673,0.0,148.673
10047,station-mirpur,OCTANE,837,2026-01-09T17:15:00,90.588,0.0,90.588
10048,station-tongi,DIESEL,837,2026-01-09T17:15:00,233.814,0.0,233.814
10049,station-tongi,PETROL,837,2026-01-09T17:15:00,75.519,0.0,75.519
10050,station-tongi,OCTANE,837,2026-01-09T17:15:00,33.656,0.0,33.656
10051,station-karnaphuli,DIESEL,837,2026-01-09T17:15:00,174.979,0.0,174.979
10052,station-karnaphuli,PETROL,837,2026-01-09T17:15:00,149.201,0.0,149.201
10053,station-karnaphuli,OCTANE,837,2026-01-09T17:15:00,92.923,0.0,92.923
10054,station-coxsbazar,DIESEL,837,2026-01-09T17:15:00,102.812,0.0,102.812
10055,station-coxsbazar,PETROL,837,2026-01-09T17:15:00,115.849,0.0,115.849
10056,station-coxsbazar,OCTANE,837,2026-01-09T17:15:00,54.76,0.0,54.76
10057,station-mirpur,DIESEL,838,2026-01-09T17:30:00,126.524,0.0,126.524
10058,station-mirpur,PETROL,838,2026-01-09T17:30:00,151.066,0.0,151.066
10059,station-mirpur,OCTANE,838,2026-01-09T17:30:00,78.807,0.0,78.807
10060,station-tongi,DIESEL,838,2026-01-09T17:30:00,222.525,0.0,222.525
10061,station-tongi,PETROL,838,2026-01-09T17:30:00,72.177,0.0,72.177
10062,station-tongi,OCTANE,838,2026-01-09T17:30:00,33.72,0.0,33.72
10063,station-karnaphuli,DIESEL,838,2026-01-09T17:30:00,174.388,0.0,174.388
10064,station-karnaphuli,PETROL,838,2026-01-09T17:30:00,173.766,0.0,173.766
10065,station-karnaphuli,OCTANE,838,2026-01-09T17:30:00,91.845,0.0,91.845
10066,station-coxsbazar,DIESEL,838,2026-01-09T17:30:00,99.595,0.0,99.595
10067,station-coxsbazar,PETROL,838,2026-01-09T17:30:00,111.122,0.0,111.122
10068,station-coxsbazar,OCTANE,838,2026-01-09T17:30:00,54.361,0.0,54.361
10069,station-mirpur,DIESEL,839,2026-01-09T17:45:00,134.606,0.0,134.606
10070,station-mirpur,PETROL,839,2026-01-09T17:45:00,143.69,0.0,143.69
10071,station-mirpur,OCTANE,839,2026-01-09T17:45:00,82.379,0.0,82.379
10072,station-tongi,DIESEL,839,2026-01-09T17:45:00,216.145,0.0,216.145
10073,station-tongi,PETROL,839,2026-01-09T17:45:00,74.724,0.0,74.724
10074,station-tongi,OCTANE,839,2026-01-09T17:45:00,34.15,0.0,34.15
10075,station-karnaphuli,DIESEL,839,2026-01-09T17:45:00,158.369,0.0,158.369
10076,station-karnaphuli,PETROL,839,2026-01-09T17:45:00,147.643,0.0,147.643
10077,station-karnaphuli,OCTANE,839,2026-01-09T17:45:00,97.022,0.0,97.022
10078,station-coxsbazar,DIESEL,839,2026-01-09T17:45:00,101.278,0.0,101.278
10079,station-coxsbazar,PETROL,839,2026-01-09T17:45:00,103.295,0.0,103.295
10080,station-coxsbazar,OCTANE,839,2026-01-09T17:45:00,53.312,0.0,53.312
10081,station-mirpur,DIESEL,840,2026-01-09T18:00:00,128.22,0.0,128.22
10082,station-mirpur,PETROL,840,2026-01-09T18:00:00,171.457,0.0,171.457
10083,station-mirpur,OCTANE,840,2026-01-09T18:00:00,85.056,0.0,85.056
10084,station-tongi,DIESEL,840,2026-01-09T18:00:00,61.088,0.0,61.088
10085,station-tongi,PETROL,840,2026-01-09T18:00:00,19.847,0.0,19.847
10086,station-tongi,OCTANE,840,2026-01-09T18:00:00,10.722,0.0,10.722
10087,station-karnaphuli,DIESEL,840,2026-01-09T18:00:00,166.506,0.0,166.506
10088,station-karnaphuli,PETROL,840,2026-01-09T18:00:00,148.73,0.0,148.73
10089,station-karnaphuli,OCTANE,840,2026-01-09T18:00:00,102.612,0.0,102.612
10090,station-coxsbazar,DIESEL,840,2026-01-09T18:00:00,94.352,0.0,94.352
10091,station-coxsbazar,PETROL,840,2026-01-09T18:00:00,100.255,0.0,100.255
10092,station-coxsbazar,OCTANE,840,2026-01-09T18:00:00,47.104,0.0,47.104
10093,station-mirpur,DIESEL,841,2026-01-09T18:15:00,122.7,0.0,122.7
10094,station-mirpur,PETROL,841,2026-01-09T18:15:00,149.409,0.0,149.409
10095,station-mirpur,OCTANE,841,2026-01-09T18:15:00,86.715,0.0,86.715
10096,station-tongi,DIESEL,841,2026-01-09T18:15:00,62.523,0.0,62.523
10097,station-tongi,PETROL,841,2026-01-09T18:15:00,21.736,0.0,21.736
10098,station-tongi,OCTANE,841,2026-01-09T18:15:00,10.894,0.0,10.894
10099,station-karnaphuli,DIESEL,841,2026-01-09T18:15:00,148.093,0.0,148.093
10100,station-karnaphuli,PETROL,841,2026-01-09T18:15:00,179.262,0.0,179.262
10101,station-karnaphuli,OCTANE,841,2026-01-09T18:15:00,86.641,0.0,86.641
10102,station-coxsbazar,DIESEL,841,2026-01-09T18:15:00,91.358,0.0,91.358
10103,station-coxsbazar,PETROL,841,2026-01-09T18:15:00,112.703,0.0,112.703
10104,station-coxsbazar,OCTANE,841,2026-01-09T18:15:00,49.772,0.0,49.772
10105,station-mirpur,DIESEL,842,2026-01-09T18:30:00,115.865,0.0,115.865
10106,station-mirpur,PETROL,842,2026-01-09T18:30:00,151.655,0.0,151.655
10107,station-mirpur,OCTANE,842,2026-01-09T18:30:00,84.832,0.0,84.832
10108,station-tongi,DIESEL,842,2026-01-09T18:30:00,64.36,0.0,64.36
10109,station-tongi,PETROL,842,2026-01-09T18:30:00,20.906,0.0,20.906
10110,station-tongi,OCTANE,842,2026-01-09T18:30:00,10.479,0.0,10.479
10111,station-karnaphuli,DIESEL,842,2026-01-09T18:30:00,157.186,0.0,157.186
10112,station-karnaphuli,PETROL,842,2026-01-09T18:30:00,151.407,0.0,151.407
10113,station-karnaphuli,OCTANE,842,2026-01-09T18:30:00,89.081,0.0,89.081
10114,station-coxsbazar,DIESEL,842,2026-01-09T18:30:00,109.786,0.0,109.786
10115,station-coxsbazar,PETROL,842,2026-01-09T18:30:00,115.618,0.0,115.618
10116,station-coxsbazar,OCTANE,842,2026-01-09T18:30:00,51.963,0.0,51.963
10117,station-mirpur,DIESEL,843,2026-01-09T18:45:00,118.209,0.0,118.209
10118,station-mirpur,PETROL,843,2026-01-09T18:45:00,174.001,0.0,174.001
10119,station-mirpur,OCTANE,843,2026-01-09T18:45:00,78.588,0.0,78.588
10120,station-tongi,DIESEL,843,2026-01-09T18:45:00,70.588,0.0,70.588
10121,station-tongi,PETROL,843,2026-01-09T18:45:00,22.103,0.0,22.103
10122,station-tongi,OCTANE,843,2026-01-09T18:45:00,9.531,0.0,9.531
10123,station-karnaphuli,DIESEL,843,2026-01-09T18:45:00,170.702,0.0,170.702
10124,station-karnaphuli,PETROL,843,2026-01-09T18:45:00,152.964,0.0,152.964
10125,station-karnaphuli,OCTANE,843,2026-01-09T18:45:00,98.138,0.0,98.138
10126,station-coxsbazar,DIESEL,843,2026-01-09T18:45:00,108.646,0.0,108.646
10127,station-coxsbazar,PETROL,843,2026-01-09T18:45:00,100.034,0.0,100.034
10128,station-coxsbazar,OCTANE,843,2026-01-09T18:45:00,50.391,0.0,50.391
10129,station-mirpur,DIESEL,844,2026-01-09T19:00:00,121.243,0.0,121.243
10130,station-mirpur,PETROL,844,2026-01-09T19:00:00,157.827,0.0,157.827
10131,station-mirpur,OCTANE,844,2026-01-09T19:00:00,87.197,0.0,87.197
10132,station-tongi,DIESEL,844,2026-01-09T19:00:00,62.783,0.0,62.783
10133,station-tongi,PETROL,844,2026-01-09T19:00:00,19.907,0.0,19.907
10134,station-tongi,OCTANE,844,2026-01-09T19:00:00,11.129,0.0,11.129
10135,station-karnaphuli,DIESEL,844,2026-01-09T19:00:00,170.572,0.0,170.572
10136,station-karnaphuli,PETROL,844,2026-01-09T19:00:00,150.155,0.0,150.155
10137,station-karnaphuli,OCTANE,844,2026-01-09T19:00:00,91.153,0.0,91.153
10138,station-coxsbazar,DIESEL,844,2026-01-09T19:00:00,108.971,0.0,108.971
10139,station-coxsbazar,PETROL,844,2026-01-09T19:00:00,103.724,0.0,103.724
10140,station-coxsbazar,OCTANE,844,2026-01-09T19:00:00,45.929,0.0,45.929
10141,station-mirpur,DIESEL,845,2026-01-09T19:15:00,127.845,0.0,127.845
10142,station-mirpur,PETROL,845,2026-01-09T19:15:00,169.407,0.0,169.407
10143,station-mirpur,OCTANE,845,2026-01-09T19:15:00,80.019,0.0,80.019
10144,station-tongi,DIESEL,845,2026-01-09T19:15:00,70.27,0.0,70.27
10145,station-tongi,PETROL,845,2026-01-09T19:15:00,22.075,0.0,22.075
10146,station-tongi,OCTANE,845,2026-01-09T19:15:00,10.399,0.0,10.399
10147,station-karnaphuli,DIESEL,845,2026-01-09T19:15:00,171.233,0.0,171.233
10148,station-karnaphuli,PETROL,845,2026-01-09T19:15:00,147.964,0.0,147.964
10149,station-karnaphuli,OCTANE,845,2026-01-09T19:15:00,101.197,0.0,101.197
10150,station-coxsbazar,DIESEL,845,2026-01-09T19:15:00,99.079,0.0,99.079
10151,station-coxsbazar,PETROL,845,2026-01-09T19:15:00,102.365,0.0,102.365
10152,station-coxsbazar,OCTANE,845,2026-01-09T19:15:00,47.895,0.0,47.895
10153,station-mirpur,DIESEL,846,2026-01-09T19:30:00,132.683,0.0,132.683
10154,station-mirpur,PETROL,846,2026-01-09T19:30:00,165.523,0.0,165.523
10155,station-mirpur,OCTANE,846,2026-01-09T19:30:00,80.585,0.0,80.585
10156,station-tongi,DIESEL,846,2026-01-09T19:30:00,62.087,0.0,62.087
10157,station-tongi,PETROL,846,2026-01-09T19:30:00,21.229,0.0,21.229
10158,station-tongi,OCTANE,846,2026-01-09T19:30:00,10.326,0.0,10.326
10159,station-karnaphuli,DIESEL,846,2026-01-09T19:30:00,164.171,0.0,164.171
10160,station-karnaphuli,PETROL,846,2026-01-09T19:30:00,163.164,0.0,163.164
10161,station-karnaphuli,OCTANE,846,2026-01-09T19:30:00,104.813,0.0,104.813
10162,station-coxsbazar,DIESEL,846,2026-01-09T19:30:00,96.474,0.0,96.474
10163,station-coxsbazar,PETROL,846,2026-01-09T19:30:00,110.56,0.0,110.56
10164,station-coxsbazar,OCTANE,846,2026-01-09T19:30:00,54.118,0.0,54.118
10165,station-mirpur,DIESEL,847,2026-01-09T19:45:00,121.697,0.0,121.697
10166,station-mirpur,PETROL,847,2026-01-09T19:45:00,161.702,0.0,161.702
10167,station-mirpur,OCTANE,847,2026-01-09T19:45:00,81.771,0.0,81.771
10168,station-tongi,DIESEL,847,2026-01-09T19:45:00,65.371,0.0,65.371
10169,station-tongi,PETROL,847,2026-01-09T19:45:00,22.586,0.0,22.586
10170,station-tongi,OCTANE,847,2026-01-09T19:45:00,11.092,0.0,11.092
10171,station-karnaphuli,DIESEL,847,2026-01-09T19:45:00,175.454,0.0,175.454
10172,station-karnaphuli,PETROL,847,2026-01-09T19:45:00,160.167,0.0,160.167
10173,station-karnaphuli,OCTANE,847,2026-01-09T19:45:00,85.77,0.0,85.77
10174,station-coxsbazar,DIESEL,847,2026-01-09T19:45:00,98.674,0.0,98.674
10175,station-coxsbazar,PETROL,847,2026-01-09T19:45:00,96.392,0.0,96.392
10176,station-coxsbazar,OCTANE,847,2026-01-09T19:45:00,53.245,0.0,53.245
10177,station-mirpur,DIESEL,848,2026-01-09T20:00:00,123.989,0.0,123.989
10178,station-mirpur,PETROL,848,2026-01-09T20:00:00,174.403,0.0,174.403
10179,station-mirpur,OCTANE,848,2026-01-09T20:00:00,91.985,0.0,91.985
10180,station-tongi,DIESEL,848,2026-01-09T20:00:00,63.554,0.0,63.554
10181,station-tongi,PETROL,848,2026-01-09T20:00:00,22.018,0.0,22.018
10182,station-tongi,OCTANE,848,2026-01-09T20:00:00,10.67,0.0,10.67
10183,station-karnaphuli,DIESEL,848,2026-01-09T20:00:00,162.583,0.0,162.583
10184,station-karnaphuli,PETROL,848,2026-01-09T20:00:00,158.674,0.0,158.674
10185,station-karnaphuli,OCTANE,848,2026-01-09T20:00:00,104.862,0.0,104.862
10186,station-coxsbazar,DIESEL,848,2026-01-09T20:00:00,93.666,0.0,93.666
10187,station-coxsbazar,PETROL,848,2026-01-09T20:00:00,102.789,0.0,102.789
10188,station-coxsbazar,OCTANE,848,2026-01-09T20:00:00,50.056,0.0,50.056
10189,station-mirpur,DIESEL,849,2026-01-09T20:15:00,131.908,0.0,131.908
10190,station-mirpur,PETROL,849,2026-01-09T20:15:00,166.181,0.0,166.181
10191,station-mirpur,OCTANE,849,2026-01-09T20:15:00,83.055,0.0,83.055
10192,station-tongi,DIESEL,849,2026-01-09T20:15:00,69.691,0.0,69.691
10193,station-tongi,PETROL,849,2026-01-09T20:15:00,21.236,0.0,21.236
10194,station-tongi,OCTANE,849,2026-01-09T20:15:00,11.111,0.0,11.111
10195,station-karnaphuli,DIESEL,849,2026-01-09T20:15:00,146.361,0.0,146.361
10196,station-karnaphuli,PETROL,849,2026-01-09T20:15:00,149.61,0.0,149.61
10197,station-karnaphuli,OCTANE,849,2026-01-09T20:15:00,99.661,0.0,99.661
10198,station-coxsbazar,DIESEL,849,2026-01-09T20:15:00,97.177,0.0,97.177
10199,station-coxsbazar,PETROL,849,2026-01-09T20:15:00,113.337,0.0,113.337
10200,station-coxsbazar,OCTANE,849,2026-01-09T20:15:00,52.823,0.0,52.823
10201,station-mirpur,DIESEL,850,2026-01-09T20:30:00,121.655,0.0,121.655
10202,station-mirpur,PETROL,850,2026-01-09T20:30:00,161.539,0.0,161.539
10203,station-mirpur,OCTANE,850,2026-01-09T20:30:00,85.385,0.0,85.385
10204,station-tongi,DIESEL,850,2026-01-09T20:30:00,64.685,0.0,64.685
10205,station-tongi,PETROL,850,2026-01-09T20:30:00,22.39,0.0,22.39
10206,station-tongi,OCTANE,850,2026-01-09T20:30:00,9.657,0.0,9.657
10207,station-karnaphuli,DIESEL,850,2026-01-09T20:30:00,174.153,0.0,174.153
10208,station-karnaphuli,PETROL,850,2026-01-09T20:30:00,166.516,0.0,166.516
10209,station-karnaphuli,OCTANE,850,2026-01-09T20:30:00,98.644,0.0,98.644
10210,station-coxsbazar,DIESEL,850,2026-01-09T20:30:00,98.725,0.0,98.725
10211,station-coxsbazar,PETROL,850,2026-01-09T20:30:00,107.254,0.0,107.254
10212,station-coxsbazar,OCTANE,850,2026-01-09T20:30:00,47.011,0.0,47.011
10213,station-mirpur,DIESEL,851,2026-01-09T20:45:00,116.252,0.0,116.252
10214,station-mirpur,PETROL,851,2026-01-09T20:45:00,147.365,0.0,147.365
10215,station-mirpur,OCTANE,851,2026-01-09T20:45:00,88.576,0.0,88.576
10216,station-tongi,DIESEL,851,2026-01-09T20:45:00,64.246,0.0,64.246
10217,station-tongi,PETROL,851,2026-01-09T20:45:00,22.661,0.0,22.661
10218,station-tongi,OCTANE,851,2026-01-09T20:45:00,10.919,0.0,10.919
10219,station-karnaphuli,DIESEL,851,2026-01-09T20:45:00,142.896,0.0,142.896
10220,station-karnaphuli,PETROL,851,2026-01-09T20:45:00,178.736,0.0,178.736
10221,station-karnaphuli,OCTANE,851,2026-01-09T20:45:00,90.421,0.0,90.421
10222,station-coxsbazar,DIESEL,851,2026-01-09T20:45:00,109.572,0.0,109.572
10223,station-coxsbazar,PETROL,851,2026-01-09T20:45:00,106.117,0.0,106.117
10224,station-coxsbazar,OCTANE,851,2026-01-09T20:45:00,52.996,0.0,52.996
10225,station-mirpur,DIESEL,852,2026-01-09T21:00:00,56.104,0.0,56.104
10226,station-mirpur,PETROL,852,2026-01-09T21:00:00,77.167,0.0,77.167
10227,station-mirpur,OCTANE,852,2026-01-09T21:00:00,37.571,0.0,37.571
10228,station-tongi,DIESEL,852,2026-01-09T21:00:00,64.546,0.0,64.546
10229,station-tongi,PETROL,852,2026-01-09T21:00:00,22.387,0.0,22.387
10230,station-tongi,OCTANE,852,2026-01-09T21:00:00,10.103,0.0,10.103
10231,station-karnaphuli,DIESEL,852,2026-01-09T21:00:00,92.181,0.0,92.181
10232,station-karnaphuli,PETROL,852,2026-01-09T21:00:00,101.198,0.0,101.198
10233,station-karnaphuli,OCTANE,852,2026-01-09T21:00:00,52.243,0.0,52.243
10234,station-coxsbazar,DIESEL,852,2026-01-09T21:00:00,47.934,0.0,47.934
10235,station-coxsbazar,PETROL,852,2026-01-09T21:00:00,51.799,0.0,51.799
10236,station-coxsbazar,OCTANE,852,2026-01-09T21:00:00,26.422,0.0,26.422
10237,station-mirpur,DIESEL,853,2026-01-09T21:15:00,67.168,0.0,67.168
10238,station-mirpur,PETROL,853,2026-01-09T21:15:00,68.998,0.0,68.998
10239,station-mirpur,OCTANE,853,2026-01-09T21:15:00,42.704,0.0,42.704
10240,station-tongi,DIESEL,853,2026-01-09T21:15:00,69.103,0.0,69.103
10241,station-tongi,PETROL,853,2026-01-09T21:15:00,19.575,0.0,19.575
10242,station-tongi,OCTANE,853,2026-01-09T21:15:00,10.181,0.0,10.181
10243,station-karnaphuli,DIESEL,853,2026-01-09T21:15:00,86.409,0.0,86.409
10244,station-karnaphuli,PETROL,853,2026-01-09T21:15:00,81.857,0.0,81.857
10245,station-karnaphuli,OCTANE,853,2026-01-09T21:15:00,54.136,0.0,54.136
10246,station-coxsbazar,DIESEL,853,2026-01-09T21:15:00,50.531,0.0,50.531
10247,station-coxsbazar,PETROL,853,2026-01-09T21:15:00,51.275,0.0,51.275
10248,station-coxsbazar,OCTANE,853,2026-01-09T21:15:00,27.378,0.0,27.378
10249,station-mirpur,DIESEL,854,2026-01-09T21:30:00,61.553,0.0,61.553
10250,station-mirpur,PETROL,854,2026-01-09T21:30:00,77.419,0.0,77.419
10251,station-mirpur,OCTANE,854,2026-01-09T21:30:00,44.464,0.0,44.464
10252,station-tongi,DIESEL,854,2026-01-09T21:30:00,65.595,0.0,65.595
10253,station-tongi,PETROL,854,2026-01-09T21:30:00,19.904,0.0,19.904
10254,station-tongi,OCTANE,854,2026-01-09T21:30:00,11.031,0.0,11.031
10255,station-karnaphuli,DIESEL,854,2026-01-09T21:30:00,99.093,0.0,99.093
10256,station-karnaphuli,PETROL,854,2026-01-09T21:30:00,91.544,0.0,91.544
10257,station-karnaphuli,OCTANE,854,2026-01-09T21:30:00,55.138,0.0,55.138
10258,station-coxsbazar,DIESEL,854,2026-01-09T21:30:00,49.09,0.0,49.09
10259,station-coxsbazar,PETROL,854,2026-01-09T21:30:00,57.395,0.0,57.395
10260,station-coxsbazar,OCTANE,854,2026-01-09T21:30:00,25.538,0.0,25.538
10261,station-mirpur,DIESEL,855,2026-01-09T21:45:00,64.619,0.0,64.619
10262,station-mirpur,PETROL,855,2026-01-09T21:45:00,71.124,0.0,71.124
10263,station-mirpur,OCTANE,855,2026-01-09T21:45:00,37.186,0.0,37.186
10264,station-tongi,DIESEL,855,2026-01-09T21:45:00,61.691,0.0,61.691
10265,station-tongi,PETROL,855,2026-01-09T21:45:00,19.931,0.0,19.931
10266,station-tongi,OCTANE,855,2026-01-09T21:45:00,9.96,0.0,9.96
10267,station-karnaphuli,DIESEL,855,2026-01-09T21:45:00,78.031,0.0,78.031
10268,station-karnaphuli,PETROL,855,2026-01-09T21:45:00,95.288,0.0,95.288
10269,station-karnaphuli,OCTANE,855,2026-01-09T21:45:00,51.645,0.0,51.645
10270,station-coxsbazar,DIESEL,855,2026-01-09T21:45:00,47.595,0.0,47.595
10271,station-coxsbazar,PETROL,855,2026-01-09T21:45:00,60.574,0.0,60.574
10272,station-coxsbazar,OCTANE,855,2026-01-09T21:45:00,24.472,0.0,24.472
10273,station-mirpur,DIESEL,856,2026-01-09T22:00:00,56.23,0.0,56.23
10274,station-mirpur,PETROL,856,2026-01-09T22:00:00,81.294,0.0,81.294
10275,station-mirpur,OCTANE,856,2026-01-09T22:00:00,41.795,0.0,41.795
10276,station-tongi,DIESEL,856,2026-01-09T22:00:00,65.976,0.0,65.976
10277,station-tongi,PETROL,856,2026-01-09T22:00:00,19.953,0.0,19.953
10278,station-tongi,OCTANE,856,2026-01-09T22:00:00,10.572,0.0,10.572
10279,station-karnaphuli,DIESEL,856,2026-01-09T22:00:00,84.99,0.0,84.99
10280,station-karnaphuli,PETROL,856,2026-01-09T22:00:00,84.499,0.0,84.499
10281,station-karnaphuli,OCTANE,856,2026-01-09T22:00:00,48.246,0.0,48.246
10282,station-coxsbazar,DIESEL,856,2026-01-09T22:00:00,51.386,0.0,51.386
10283,station-coxsbazar,PETROL,856,2026-01-09T22:00:00,54.817,0.0,54.817
10284,station-coxsbazar,OCTANE,856,2026-01-09T22:00:00,27.39,0.0,27.39
10285,station-mirpur,DIESEL,857,2026-01-09T22:15:00,55.793,0.0,55.793
10286,station-mirpur,PETROL,857,2026-01-09T22:15:00,69.76,0.0,69.76
10287,station-mirpur,OCTANE,857,2026-01-09T22:15:00,43.48,0.0,43.48
10288,station-tongi,DIESEL,857,2026-01-09T22:15:00,64.605,0.0,64.605
10289,station-tongi,PETROL,857,2026-01-09T22:15:00,20.142,0.0,20.142
10290,station-tongi,OCTANE,857,2026-01-09T22:15:00,11.126,0.0,11.126
10291,station-karnaphuli,DIESEL,857,2026-01-09T22:15:00,91.186,0.0,91.186
10292,station-karnaphuli,PETROL,857,2026-01-09T22:15:00,103.379,0.0,103.379
10293,station-karnaphuli,OCTANE,857,2026-01-09T22:15:00,55.135,0.0,55.135
10294,station-coxsbazar,DIESEL,857,2026-01-09T22:15:00,51.335,0.0,51.335
10295,station-coxsbazar,PETROL,857,2026-01-09T22:15:00,58.338,0.0,58.338
10296,station-coxsbazar,OCTANE,857,2026-01-09T22:15:00,28.705,0.0,28.705
10297,station-mirpur,DIESEL,858,2026-01-09T22:30:00,57.676,0.0,57.676
10298,station-mirpur,PETROL,858,2026-01-09T22:30:00,71.102,0.0,71.102
10299,station-mirpur,OCTANE,858,2026-01-09T22:30:00,41.063,0.0,41.063
10300,station-tongi,DIESEL,858,2026-01-09T22:30:00,65.987,0.0,65.987
10301,station-tongi,PETROL,858,2026-01-09T22:30:00,22.241,0.0,22.241
10302,station-tongi,OCTANE,858,2026-01-09T22:30:00,9.61,0.0,9.61
10303,station-karnaphuli,DIESEL,858,2026-01-09T22:30:00,94.594,0.0,94.594
10304,station-karnaphuli,PETROL,858,2026-01-09T22:30:00,93.376,0.0,93.376
10305,station-karnaphuli,OCTANE,858,2026-01-09T22:30:00,52.562,0.0,52.562
10306,station-coxsbazar,DIESEL,858,2026-01-09T22:30:00,47.421,0.0,47.421
10307,station-coxsbazar,PETROL,858,2026-01-09T22:30:00,60.241,0.0,60.241
10308,station-coxsbazar,OCTANE,858,2026-01-09T22:30:00,24.193,0.0,24.193
10309,station-mirpur,DIESEL,859,2026-01-09T22:45:00,65.151,0.0,65.151
10310,station-mirpur,PETROL,859,2026-01-09T22:45:00,70.096,0.0,70.096
10311,station-mirpur,OCTANE,859,2026-01-09T22:45:00,41.897,0.0,41.897
10312,station-tongi,DIESEL,859,2026-01-09T22:45:00,66.442,0.0,66.442
10313,station-tongi,PETROL,859,2026-01-09T22:45:00,21.289,0.0,21.289
10314,station-tongi,OCTANE,859,2026-01-09T22:45:00,9.94,0.0,9.94
10315,station-karnaphuli,DIESEL,859,2026-01-09T22:45:00,93.817,0.0,93.817
10316,station-karnaphuli,PETROL,859,2026-01-09T22:45:00,84.555,0.0,84.555
10317,station-karnaphuli,OCTANE,859,2026-01-09T22:45:00,55.658,0.0,55.658
10318,station-coxsbazar,DIESEL,859,2026-01-09T22:45:00,54.622,0.0,54.622
10319,station-coxsbazar,PETROL,859,2026-01-09T22:45:00,60.541,0.0,60.541
10320,station-coxsbazar,OCTANE,859,2026-01-09T22:45:00,24.983,0.0,24.983
10321,station-mirpur,DIESEL,860,2026-01-09T23:00:00,60.074,0.0,60.074
10322,station-mirpur,PETROL,860,2026-01-09T23:00:00,72.862,0.0,72.862
10323,station-mirpur,OCTANE,860,2026-01-09T23:00:00,41.735,0.0,41.735
10324,station-tongi,DIESEL,860,2026-01-09T23:00:00,67.423,0.0,67.423
10325,station-tongi,PETROL,860,2026-01-09T23:00:00,21.173,0.0,21.173
10326,station-tongi,OCTANE,860,2026-01-09T23:00:00,11.038,0.0,11.038
10327,station-karnaphuli,DIESEL,860,2026-01-09T23:00:00,83.079,0.0,83.079
10328,station-karnaphuli,PETROL,860,2026-01-09T23:00:00,91.772,0.0,91.772
10329,station-karnaphuli,OCTANE,860,2026-01-09T23:00:00,57.607,0.0,57.607
10330,station-coxsbazar,DIESEL,860,2026-01-09T23:00:00,47.632,0.0,47.632
10331,station-coxsbazar,PETROL,860,2026-01-09T23:00:00,55.694,0.0,55.694
10332,station-coxsbazar,OCTANE,860,2026-01-09T23:00:00,25.25,0.0,25.25
10333,station-mirpur,DIESEL,861,2026-01-09T23:15:00,64.026,0.0,64.026
10334,station-mirpur,PETROL,861,2026-01-09T23:15:00,69.805,0.0,69.805
10335,station-mirpur,OCTANE,861,2026-01-09T23:15:00,39.787,0.0,39.787
10336,station-tongi,DIESEL,861,2026-01-09T23:15:00,66.452,0.0,66.452
10337,station-tongi,PETROL,861,2026-01-09T23:15:00,22.142,0.0,22.142
10338,station-tongi,OCTANE,861,2026-01-09T23:15:00,10.92,0.0,10.92
10339,station-karnaphuli,DIESEL,861,2026-01-09T23:15:00,89.726,0.0,89.726
10340,station-karnaphuli,PETROL,861,2026-01-09T23:15:00,94.209,0.0,94.209
10341,station-karnaphuli,OCTANE,861,2026-01-09T23:15:00,58.13,0.0,58.13
10342,station-coxsbazar,DIESEL,861,2026-01-09T23:15:00,50.639,0.0,50.639
10343,station-coxsbazar,PETROL,861,2026-01-09T23:15:00,58.044,0.0,58.044
10344,station-coxsbazar,OCTANE,861,2026-01-09T23:15:00,24.821,0.0,24.821
10345,station-mirpur,DIESEL,862,2026-01-09T23:30:00,66.346,0.0,66.346
10346,station-mirpur,PETROL,862,2026-01-09T23:30:00,82.456,0.0,82.456
10347,station-mirpur,OCTANE,862,2026-01-09T23:30:00,38.425,0.0,38.425
10348,station-tongi,DIESEL,862,2026-01-09T23:30:00,68.962,0.0,68.962
10349,station-tongi,PETROL,862,2026-01-09T23:30:00,22.14,0.0,22.14
10350,station-tongi,OCTANE,862,2026-01-09T23:30:00,10.059,0.0,10.059
10351,station-karnaphuli,DIESEL,862,2026-01-09T23:30:00,93.667,0.0,93.667
10352,station-karnaphuli,PETROL,862,2026-01-09T23:30:00,98.458,0.0,98.458
10353,station-karnaphuli,OCTANE,862,2026-01-09T23:30:00,55.774,0.0,55.774
10354,station-coxsbazar,DIESEL,862,2026-01-09T23:30:00,53.482,0.0,53.482
10355,station-coxsbazar,PETROL,862,2026-01-09T23:30:00,59.287,0.0,59.287
10356,station-coxsbazar,OCTANE,862,2026-01-09T23:30:00,24.06,0.0,24.06
10357,station-mirpur,DIESEL,863,2026-01-09T23:45:00,58.861,0.0,58.861
10358,station-mirpur,PETROL,863,2026-01-09T23:45:00,69.182,0.0,69.182
10359,station-mirpur,OCTANE,863,2026-01-09T23:45:00,43.887,0.0,43.887
10360,station-tongi,DIESEL,863,2026-01-09T23:45:00,64.863,0.0,64.863
10361,station-tongi,PETROL,863,2026-01-09T23:45:00,21.645,0.0,21.645
10362,station-tongi,OCTANE,863,2026-01-09T23:45:00,10.409,0.0,10.409
10363,station-karnaphuli,DIESEL,863,2026-01-09T23:45:00,93.491,0.0,93.491
10364,station-karnaphuli,PETROL,863,2026-01-09T23:45:00,95.789,0.0,95.789
10365,station-karnaphuli,OCTANE,863,2026-01-09T23:45:00,57.565,0.0,57.565
10366,station-coxsbazar,DIESEL,863,2026-01-09T23:45:00,48.14,0.0,48.14
10367,station-coxsbazar,PETROL,863,2026-01-09T23:45:00,57.086,0.0,57.086
10368,station-coxsbazar,OCTANE,863,2026-01-09T23:45:00,28.841,0.0,28.841
10369,station-mirpur,DIESEL,864,2026-01-10T00:00:00,59.952,0.0,59.952
10370,station-mirpur,PETROL,864,2026-01-10T00:00:00,79.178,0.0,79.178
10371,station-mirpur,OCTANE,864,2026-01-10T00:00:00,42.716,0.0,42.716
10372,station-tongi,DIESEL,864,2026-01-10T00:00:00,69.01,0.0,69.01
10373,station-tongi,PETROL,864,2026-01-10T00:00:00,21.758,0.0,21.758
10374,station-tongi,OCTANE,864,2026-01-10T00:00:00,10.073,0.0,10.073
10375,station-karnaphuli,DIESEL,864,2026-01-10T00:00:00,81.58,0.0,81.58
10376,station-karnaphuli,PETROL,864,2026-01-10T00:00:00,96.509,0.0,96.509
10377,station-karnaphuli,OCTANE,864,2026-01-10T00:00:00,49.084,0.0,49.084
10378,station-coxsbazar,DIESEL,864,2026-01-10T00:00:00,56.14,0.0,56.14
10379,station-coxsbazar,PETROL,864,2026-01-10T00:00:00,50.471,0.0,50.471
10380,station-coxsbazar,OCTANE,864,2026-01-10T00:00:00,27.916,0.0,27.916
10381,station-mirpur,DIESEL,865,2026-01-10T00:15:00,63.809,0.0,63.809
10382,station-mirpur,PETROL,865,2026-01-10T00:15:00,78.912,0.0,78.912
10383,station-mirpur,OCTANE,865,2026-01-10T00:15:00,42.731,0.0,42.731
10384,station-tongi,DIESEL,865,2026-01-10T00:15:00,61.33,0.0,61.33
10385,station-tongi,PETROL,865,2026-01-10T00:15:00,20.141,0.0,20.141
10386,station-tongi,OCTANE,865,2026-01-10T00:15:00,9.827,0.0,9.827
10387,station-karnaphuli,DIESEL,865,2026-01-10T00:15:00,91.134,0.0,91.134
10388,station-karnaphuli,PETROL,865,2026-01-10T00:15:00,100.214,0.0,100.214
10389,station-karnaphuli,OCTANE,865,2026-01-10T00:15:00,55.834,0.0,55.834
10390,station-coxsbazar,DIESEL,865,2026-01-10T00:15:00,52.982,0.0,52.982
10391,station-coxsbazar,PETROL,865,2026-01-10T00:15:00,60.992,0.0,60.992
10392,station-coxsbazar,OCTANE,865,2026-01-10T00:15:00,25.037,0.0,25.037
10393,station-mirpur,DIESEL,866,2026-01-10T00:30:00,66.226,0.0,66.226
10394,station-mirpur,PETROL,866,2026-01-10T00:30:00,75.564,0.0,75.564
10395,station-mirpur,OCTANE,866,2026-01-10T00:30:00,38.938,0.0,38.938
10396,station-tongi,DIESEL,866,2026-01-10T00:30:00,67.324,0.0,67.324
10397,station-tongi,PETROL,866,2026-01-10T00:30:00,20.267,0.0,20.267
10398,station-tongi,OCTANE,866,2026-01-10T00:30:00,9.931,0.0,9.931
10399,station-karnaphuli,DIESEL,866,2026-01-10T00:30:00,95.1,0.0,95.1
10400,station-karnaphuli,PETROL,866,2026-01-10T00:30:00,92.145,0.0,92.145
10401,station-karnaphuli,OCTANE,866,2026-01-10T00:30:00,57.029,0.0,57.029
10402,station-coxsbazar,DIESEL,866,2026-01-10T00:30:00,56.995,0.0,56.995
10403,station-coxsbazar,PETROL,866,2026-01-10T00:30:00,51.46,0.0,51.46
10404,station-coxsbazar,OCTANE,866,2026-01-10T00:30:00,27.756,0.0,27.756
10405,station-mirpur,DIESEL,867,2026-01-10T00:45:00,66.41,0.0,66.41
10406,station-mirpur,PETROL,867,2026-01-10T00:45:00,75.072,0.0,75.072
10407,station-mirpur,OCTANE,867,2026-01-10T00:45:00,43.614,0.0,43.614
10408,station-tongi,DIESEL,867,2026-01-10T00:45:00,64.34,0.0,64.34
10409,station-tongi,PETROL,867,2026-01-10T00:45:00,19.679,0.0,19.679
10410,station-tongi,OCTANE,867,2026-01-10T00:45:00,10.741,0.0,10.741
10411,station-karnaphuli,DIESEL,867,2026-01-10T00:45:00,87.521,0.0,87.521
10412,station-karnaphuli,PETROL,867,2026-01-10T00:45:00,102.585,0.0,102.585
10413,station-karnaphuli,OCTANE,867,2026-01-10T00:45:00,56.727,0.0,56.727
10414,station-coxsbazar,DIESEL,867,2026-01-10T00:45:00,52.014,0.0,52.014
10415,station-coxsbazar,PETROL,867,2026-01-10T00:45:00,56.506,0.0,56.506
10416,station-coxsbazar,OCTANE,867,2026-01-10T00:45:00,27.187,0.0,27.187
10417,station-mirpur,DIESEL,868,2026-01-10T01:00:00,64.455,0.0,64.455
10418,station-mirpur,PETROL,868,2026-01-10T01:00:00,78.823,0.0,78.823
10419,station-mirpur,OCTANE,868,2026-01-10T01:00:00,40.739,0.0,40.739
10420,station-tongi,DIESEL,868,2026-01-10T01:00:00,66.495,0.0,66.495
10421,station-tongi,PETROL,868,2026-01-10T01:00:00,22.676,0.0,22.676
10422,station-tongi,OCTANE,868,2026-01-10T01:00:00,10.01,0.0,10.01
10423,station-karnaphuli,DIESEL,868,2026-01-10T01:00:00,78.255,0.0,78.255
10424,station-karnaphuli,PETROL,868,2026-01-10T01:00:00,100.182,0.0,100.182
10425,station-karnaphuli,OCTANE,868,2026-01-10T01:00:00,48.233,0.0,48.233
10426,station-coxsbazar,DIESEL,868,2026-01-10T01:00:00,56.613,0.0,56.613
10427,station-coxsbazar,PETROL,868,2026-01-10T01:00:00,57.668,0.0,57.668
10428,station-coxsbazar,OCTANE,868,2026-01-10T01:00:00,23.868,0.0,23.868
10429,station-mirpur,DIESEL,869,2026-01-10T01:15:00,56.995,0.0,56.995
10430,station-mirpur,PETROL,869,2026-01-10T01:15:00,82.709,0.0,82.709
10431,station-mirpur,OCTANE,869,2026-01-10T01:15:00,38.109,0.0,38.109
10432,station-tongi,DIESEL,869,2026-01-10T01:15:00,68.793,0.0,68.793
10433,station-tongi,PETROL,869,2026-01-10T01:15:00,21.029,0.0,21.029
10434,station-tongi,OCTANE,869,2026-01-10T01:15:00,9.621,0.0,9.621
10435,station-karnaphuli,DIESEL,869,2026-01-10T01:15:00,88.901,0.0,88.901
10436,station-karnaphuli,PETROL,869,2026-01-10T01:15:00,95.797,0.0,95.797
10437,station-karnaphuli,OCTANE,869,2026-01-10T01:15:00,54.161,0.0,54.161
10438,station-coxsbazar,DIESEL,869,2026-01-10T01:15:00,57.718,0.0,57.718
10439,station-coxsbazar,PETROL,869,2026-01-10T01:15:00,59.926,0.0,59.926
10440,station-coxsbazar,OCTANE,869,2026-01-10T01:15:00,26.633,0.0,26.633
10441,station-mirpur,DIESEL,870,2026-01-10T01:30:00,55.899,0.0,55.899
10442,station-mirpur,PETROL,870,2026-01-10T01:30:00,73.695,0.0,73.695
10443,station-mirpur,OCTANE,870,2026-01-10T01:30:00,44.727,0.0,44.727
10444,station-tongi,DIESEL,870,2026-01-10T01:30:00,65.526,0.0,65.526
10445,station-tongi,PETROL,870,2026-01-10T01:30:00,19.62,0.0,19.62
10446,station-tongi,OCTANE,870,2026-01-10T01:30:00,10.414,0.0,10.414
10447,station-karnaphuli,DIESEL,870,2026-01-10T01:30:00,82.557,0.0,82.557
10448,station-karnaphuli,PETROL,870,2026-01-10T01:30:00,94.205,0.0,94.205
10449,station-karnaphuli,OCTANE,870,2026-01-10T01:30:00,52.305,0.0,52.305
10450,station-coxsbazar,DIESEL,870,2026-01-10T01:30:00,55.391,0.0,55.391
10451,station-coxsbazar,PETROL,870,2026-01-10T01:30:00,56.627,0.0,56.627
10452,station-coxsbazar,OCTANE,870,2026-01-10T01:30:00,27.261,0.0,27.261
10453,station-mirpur,DIESEL,871,2026-01-10T01:45:00,58.25,0.0,58.25
10454,station-mirpur,PETROL,871,2026-01-10T01:45:00,74.346,0.0,74.346
10455,station-mirpur,OCTANE,871,2026-01-10T01:45:00,37.353,0.0,37.353
10456,station-tongi,DIESEL,871,2026-01-10T01:45:00,70.281,0.0,70.281
10457,station-tongi,PETROL,871,2026-01-10T01:45:00,22.321,0.0,22.321
10458,station-tongi,OCTANE,871,2026-01-10T01:45:00,9.508,0.0,9.508
10459,station-karnaphuli,DIESEL,871,2026-01-10T01:45:00,96.777,0.0,96.777
10460,station-karnaphuli,PETROL,871,2026-01-10T01:45:00,88.468,0.0,88.468
10461,station-karnaphuli,OCTANE,871,2026-01-10T01:45:00,46.924,0.0,46.924
10462,station-coxsbazar,DIESEL,871,2026-01-10T01:45:00,56.056,0.0,56.056
10463,station-coxsbazar,PETROL,871,2026-01-10T01:45:00,60.854,0.0,60.854
10464,station-coxsbazar,OCTANE,871,2026-01-10T01:45:00,28.372,0.0,28.372
10465,station-mirpur,DIESEL,872,2026-01-10T02:00:00,63.739,0.0,63.739
10466,station-mirpur,PETROL,872,2026-01-10T02:00:00,77.295,0.0,77.295
10467,station-mirpur,OCTANE,872,2026-01-10T02:00:00,37.462,0.0,37.462
10468,station-tongi,DIESEL,872,2026-01-10T02:00:00,68.262,0.0,68.262
10469,station-tongi,PETROL,872,2026-01-10T02:00:00,19.895,0.0,19.895
10470,station-tongi,OCTANE,872,2026-01-10T02:00:00,10.835,0.0,10.835
10471,station-karnaphuli,DIESEL,872,2026-01-10T02:00:00,85.874,0.0,85.874
10472,station-karnaphuli,PETROL,872,2026-01-10T02:00:00,89.571,0.0,89.571
10473,station-karnaphuli,OCTANE,872,2026-01-10T02:00:00,51.415,0.0,51.415
10474,station-coxsbazar,DIESEL,872,2026-01-10T02:00:00,53.855,0.0,53.855
10475,station-coxsbazar,PETROL,872,2026-01-10T02:00:00,58.825,0.0,58.825
10476,station-coxsbazar,OCTANE,872,2026-01-10T02:00:00,27.288,0.0,27.288
10477,station-mirpur,DIESEL,873,2026-01-10T02:15:00,62.419,0.0,62.419
10478,station-mirpur,PETROL,873,2026-01-10T02:15:00,76.619,0.0,76.619
10479,station-mirpur,OCTANE,873,2026-01-10T02:15:00,37.685,0.0,37.685
10480,station-tongi,DIESEL,873,2026-01-10T02:15:00,67.093,0.0,67.093
10481,station-tongi,PETROL,873,2026-01-10T02:15:00,21.23,0.0,21.23
10482,station-tongi,OCTANE,873,2026-01-10T02:15:00,10.449,0.0,10.449
10483,station-karnaphuli,DIESEL,873,2026-01-10T02:15:00,97.269,0.0,97.269
10484,station-karnaphuli,PETROL,873,2026-01-10T02:15:00,99.427,0.0,99.427
10485,station-karnaphuli,OCTANE,873,2026-01-10T02:15:00,50.783,0.0,50.783
10486,station-coxsbazar,DIESEL,873,2026-01-10T02:15:00,48.275,0.0,48.275
10487,station-coxsbazar,PETROL,873,2026-01-10T02:15:00,51.292,0.0,51.292
10488,station-coxsbazar,OCTANE,873,2026-01-10T02:15:00,26.426,0.0,26.426
10489,station-mirpur,DIESEL,874,2026-01-10T02:30:00,57.849,0.0,57.849
10490,station-mirpur,PETROL,874,2026-01-10T02:30:00,78.862,0.0,78.862
10491,station-mirpur,OCTANE,874,2026-01-10T02:30:00,40.48,0.0,40.48
10492,station-tongi,DIESEL,874,2026-01-10T02:30:00,69.83,0.0,69.83
10493,station-tongi,PETROL,874,2026-01-10T02:30:00,21.361,0.0,21.361
10494,station-tongi,OCTANE,874,2026-01-10T02:30:00,10.68,0.0,10.68
10495,station-karnaphuli,DIESEL,874,2026-01-10T02:30:00,80.514,0.0,80.514
10496,station-karnaphuli,PETROL,874,2026-01-10T02:30:00,84.539,0.0,84.539
10497,station-karnaphuli,OCTANE,874,2026-01-10T02:30:00,50.412,0.0,50.412
10498,station-coxsbazar,DIESEL,874,2026-01-10T02:30:00,56.008,0.0,56.008
10499,station-coxsbazar,PETROL,874,2026-01-10T02:30:00,58.288,0.0,58.288
10500,station-coxsbazar,OCTANE,874,2026-01-10T02:30:00,26.392,0.0,26.392
10501,station-mirpur,DIESEL,875,2026-01-10T02:45:00,56.689,0.0,56.689
10502,station-mirpur,PETROL,875,2026-01-10T02:45:00,69.464,0.0,69.464
10503,station-mirpur,OCTANE,875,2026-01-10T02:45:00,37.365,0.0,37.365
10504,station-tongi,DIESEL,875,2026-01-10T02:45:00,66.871,0.0,66.871
10505,station-tongi,PETROL,875,2026-01-10T02:45:00,20.529,0.0,20.529
10506,station-tongi,OCTANE,875,2026-01-10T02:45:00,9.84,0.0,9.84
10507,station-karnaphuli,DIESEL,875,2026-01-10T02:45:00,89.235,0.0,89.235
10508,station-karnaphuli,PETROL,875,2026-01-10T02:45:00,84.87,0.0,84.87
10509,station-karnaphuli,OCTANE,875,2026-01-10T02:45:00,51.283,0.0,51.283
10510,station-coxsbazar,DIESEL,875,2026-01-10T02:45:00,53.364,0.0,53.364
10511,station-coxsbazar,PETROL,875,2026-01-10T02:45:00,53.107,0.0,53.107
10512,station-coxsbazar,OCTANE,875,2026-01-10T02:45:00,26.112,0.0,26.112
10513,station-mirpur,DIESEL,876,2026-01-10T03:00:00,60.446,0.0,60.446
10514,station-mirpur,PETROL,876,2026-01-10T03:00:00,77.466,0.0,77.466
10515,station-mirpur,OCTANE,876,2026-01-10T03:00:00,38.511,0.0,38.511
10516,station-tongi,DIESEL,876,2026-01-10T03:00:00,62.55,0.0,62.55
10517,station-tongi,PETROL,876,2026-01-10T03:00:00,22.107,0.0,22.107
10518,station-tongi,OCTANE,876,2026-01-10T03:00:00,9.754,0.0,9.754
10519,station-karnaphuli,DIESEL,876,2026-01-10T03:00:00,81.035,0.0,81.035
10520,station-karnaphuli,PETROL,876,2026-01-10T03:00:00,89.166,0.0,89.166
10521,station-karnaphuli,OCTANE,876,2026-01-10T03:00:00,49.78,0.0,49.78
10522,station-coxsbazar,DIESEL,876,2026-01-10T03:00:00,53.255,0.0,53.255
10523,station-coxsbazar,PETROL,876,2026-01-10T03:00:00,53.823,0.0,53.823
10524,station-coxsbazar,OCTANE,876,2026-01-10T03:00:00,24.823,0.0,24.823
10525,station-mirpur,DIESEL,877,2026-01-10T03:15:00,58.768,0.0,58.768
10526,station-mirpur,PETROL,877,2026-01-10T03:15:00,81.742,0.0,81.742
10527,station-mirpur,OCTANE,877,2026-01-10T03:15:00,42.969,0.0,42.969
10528,station-tongi,DIESEL,877,2026-01-10T03:15:00,65.201,0.0,65.201
10529,station-tongi,PETROL,877,2026-01-10T03:15:00,21.679,0.0,21.679
10530,station-tongi,OCTANE,877,2026-01-10T03:15:00,10.378,0.0,10.378
10531,station-karnaphuli,DIESEL,877,2026-01-10T03:15:00,80.742,0.0,80.742
10532,station-karnaphuli,PETROL,877,2026-01-10T03:15:00,87.382,0.0,87.382
10533,station-karnaphuli,OCTANE,877,2026-01-10T03:15:00,55.182,0.0,55.182
10534,station-coxsbazar,DIESEL,877,2026-01-10T03:15:00,56.333,0.0,56.333
10535,station-coxsbazar,PETROL,877,2026-01-10T03:15:00,51.534,0.0,51.534
10536,station-coxsbazar,OCTANE,877,2026-01-10T03:15:00,25.332,0.0,25.332
10537,station-mirpur,DIESEL,878,2026-01-10T03:30:00,58.135,0.0,58.135
10538,station-mirpur,PETROL,878,2026-01-10T03:30:00,77.654,0.0,77.654
10539,station-mirpur,OCTANE,878,2026-01-10T03:30:00,44.653,0.0,44.653
10540,station-tongi,DIESEL,878,2026-01-10T03:30:00,70.169,0.0,70.169
10541,station-tongi,PETROL,878,2026-01-10T03:30:00,20.503,0.0,20.503
10542,station-tongi,OCTANE,878,2026-01-10T03:30:00,10.899,0.0,10.899
10543,station-karnaphuli,DIESEL,878,2026-01-10T03:30:00,95.986,0.0,95.986
10544,station-karnaphuli,PETROL,878,2026-01-10T03:30:00,85.133,0.0,85.133
10545,station-karnaphuli,OCTANE,878,2026-01-10T03:30:00,55.399,0.0,55.399
10546,station-coxsbazar,DIESEL,878,2026-01-10T03:30:00,49.303,0.0,49.303
10547,station-coxsbazar,PETROL,878,2026-01-10T03:30:00,52.532,0.0,52.532
10548,station-coxsbazar,OCTANE,878,2026-01-10T03:30:00,24.271,0.0,24.271
10549,station-mirpur,DIESEL,879,2026-01-10T03:45:00,63.775,0.0,63.775
10550,station-mirpur,PETROL,879,2026-01-10T03:45:00,70.4,0.0,70.4
10551,station-mirpur,OCTANE,879,2026-01-10T03:45:00,41.694,0.0,41.694
10552,station-tongi,DIESEL,879,2026-01-10T03:45:00,62.029,0.0,62.029
10553,station-tongi,PETROL,879,2026-01-10T03:45:00,19.735,0.0,19.735
10554,station-tongi,OCTANE,879,2026-01-10T03:45:00,9.734,0.0,9.734
10555,station-karnaphuli,DIESEL,879,2026-01-10T03:45:00,95.894,0.0,95.894
10556,station-karnaphuli,PETROL,879,2026-01-10T03:45:00,100.194,0.0,100.194
10557,station-karnaphuli,OCTANE,879,2026-01-10T03:45:00,47.294,0.0,47.294
10558,station-coxsbazar,DIESEL,879,2026-01-10T03:45:00,55.193,0.0,55.193
10559,station-coxsbazar,PETROL,879,2026-01-10T03:45:00,50.606,0.0,50.606
10560,station-coxsbazar,OCTANE,879,2026-01-10T03:45:00,25.348,0.0,25.348
10561,station-mirpur,DIESEL,880,2026-01-10T04:00:00,60.428,0.0,60.428
10562,station-mirpur,PETROL,880,2026-01-10T04:00:00,76.158,0.0,76.158
10563,station-mirpur,OCTANE,880,2026-01-10T04:00:00,37.306,0.0,37.306
10564,station-tongi,DIESEL,880,2026-01-10T04:00:00,64.985,0.0,64.985
10565,station-tongi,PETROL,880,2026-01-10T04:00:00,21.585,0.0,21.585
10566,station-tongi,OCTANE,880,2026-01-10T04:00:00,10.87,0.0,10.87
10567,station-karnaphuli,DIESEL,880,2026-01-10T04:00:00,80.088,0.0,80.088
10568,station-karnaphuli,PETROL,880,2026-01-10T04:00:00,100.716,0.0,100.716
10569,station-karnaphuli,OCTANE,880,2026-01-10T04:00:00,50.715,0.0,50.715
10570,station-coxsbazar,DIESEL,880,2026-01-10T04:00:00,53.398,0.0,53.398
10571,station-coxsbazar,PETROL,880,2026-01-10T04:00:00,57.001,0.0,57.001
10572,station-coxsbazar,OCTANE,880,2026-01-10T04:00:00,24.879,0.0,24.879
10573,station-mirpur,DIESEL,881,2026-01-10T04:15:00,63.243,0.0,63.243
10574,station-mirpur,PETROL,881,2026-01-10T04:15:00,82.686,0.0,82.686
10575,station-mirpur,OCTANE,881,2026-01-10T04:15:00,44.638,0.0,44.638
10576,station-tongi,DIESEL,881,2026-01-10T04:15:00,60.755,0.0,60.755
10577,station-tongi,PETROL,881,2026-01-10T04:15:00,22.669,0.0,22.669
10578,station-tongi,OCTANE,881,2026-01-10T04:15:00,10.826,0.0,10.826
10579,station-karnaphuli,DIESEL,881,2026-01-10T04:15:00,93.657,0.0,93.657
10580,station-karnaphuli,PETROL,881,2026-01-10T04:15:00,101.692,0.0,101.692
10581,station-karnaphuli,OCTANE,881,2026-01-10T04:15:00,52.125,0.0,52.125
10582,station-coxsbazar,DIESEL,881,2026-01-10T04:15:00,49.241,0.0,49.241
10583,station-coxsbazar,PETROL,881,2026-01-10T04:15:00,51.248,0.0,51.248
10584,station-coxsbazar,OCTANE,881,2026-01-10T04:15:00,24.162,0.0,24.162
10585,station-mirpur,DIESEL,882,2026-01-10T04:30:00,67.309,0.0,67.309
10586,station-mirpur,PETROL,882,2026-01-10T04:30:00,77.938,0.0,77.938
10587,station-mirpur,OCTANE,882,2026-01-10T04:30:00,44.166,0.0,44.166
10588,station-tongi,DIESEL,882,2026-01-10T04:30:00,62.144,0.0,62.144
10589,station-tongi,PETROL,882,2026-01-10T04:30:00,20.082,0.0,20.082
10590,station-tongi,OCTANE,882,2026-01-10T04:30:00,11.094,0.0,11.094
10591,station-karnaphuli,DIESEL,882,2026-01-10T04:30:00,92.954,0.0,92.954
10592,station-karnaphuli,PETROL,882,2026-01-10T04:30:00,93.167,0.0,93.167
10593,station-karnaphuli,OCTANE,882,2026-01-10T04:30:00,47.973,0.0,47.973
10594,station-coxsbazar,DIESEL,882,2026-01-10T04:30:00,55.355,0.0,55.355
10595,station-coxsbazar,PETROL,882,2026-01-10T04:30:00,53.55,0.0,53.55
10596,station-coxsbazar,OCTANE,882,2026-01-10T04:30:00,24.017,0.0,24.017
10597,station-mirpur,DIESEL,883,2026-01-10T04:45:00,67.515,0.0,67.515
10598,station-mirpur,PETROL,883,2026-01-10T04:45:00,77.382,0.0,77.382
10599,station-mirpur,OCTANE,883,2026-01-10T04:45:00,38.155,0.0,38.155
10600,station-tongi,DIESEL,883,2026-01-10T04:45:00,63.581,0.0,63.581
10601,station-tongi,PETROL,883,2026-01-10T04:45:00,21.52,0.0,21.52
10602,station-tongi,OCTANE,883,2026-01-10T04:45:00,10.621,0.0,10.621
10603,station-karnaphuli,DIESEL,883,2026-01-10T04:45:00,90.508,0.0,90.508
10604,station-karnaphuli,PETROL,883,2026-01-10T04:45:00,84.388,0.0,84.388
10605,station-karnaphuli,OCTANE,883,2026-01-10T04:45:00,48.913,0.0,48.913
10606,station-coxsbazar,DIESEL,883,2026-01-10T04:45:00,57.657,0.0,57.657
10607,station-coxsbazar,PETROL,883,2026-01-10T04:45:00,59.924,0.0,59.924
10608,station-coxsbazar,OCTANE,883,2026-01-10T04:45:00,24.723,0.0,24.723
10609,station-mirpur,DIESEL,884,2026-01-10T05:00:00,63.212,0.0,63.212
10610,station-mirpur,PETROL,884,2026-01-10T05:00:00,74.089,0.0,74.089
10611,station-mirpur,OCTANE,884,2026-01-10T05:00:00,41.71,0.0,41.71
10612,station-tongi,DIESEL,884,2026-01-10T05:00:00,67.277,0.0,67.277
10613,station-tongi,PETROL,884,2026-01-10T05:00:00,19.51,0.0,19.51
10614,station-tongi,OCTANE,884,2026-01-10T05:00:00,10.497,0.0,10.497
10615,station-karnaphuli,DIESEL,884,2026-01-10T05:00:00,89.787,0.0,89.787
10616,station-karnaphuli,PETROL,884,2026-01-10T05:00:00,83.928,0.0,83.928
10617,station-karnaphuli,OCTANE,884,2026-01-10T05:00:00,52.77,0.0,52.77
10618,station-coxsbazar,DIESEL,884,2026-01-10T05:00:00,51.819,0.0,51.819
10619,station-coxsbazar,PETROL,884,2026-01-10T05:00:00,59.964,0.0,59.964
10620,station-coxsbazar,OCTANE,884,2026-01-10T05:00:00,28.093,0.0,28.093
10621,station-mirpur,DIESEL,885,2026-01-10T05:15:00,66.73,0.0,66.73
10622,station-mirpur,PETROL,885,2026-01-10T05:15:00,75.802,0.0,75.802
10623,station-mirpur,OCTANE,885,2026-01-10T05:15:00,44.09,0.0,44.09
10624,station-tongi,DIESEL,885,2026-01-10T05:15:00,69.389,0.0,69.389
10625,station-tongi,PETROL,885,2026-01-10T05:15:00,22.685,0.0,22.685
10626,station-tongi,OCTANE,885,2026-01-10T05:15:00,10.59,0.0,10.59
10627,station-karnaphuli,DIESEL,885,2026-01-10T05:15:00,83.758,0.0,83.758
10628,station-karnaphuli,PETROL,885,2026-01-10T05:15:00,91.914,0.0,91.914
10629,station-karnaphuli,OCTANE,885,2026-01-10T05:15:00,56.3,0.0,56.3
10630,station-coxsbazar,DIESEL,885,2026-01-10T05:15:00,56.123,0.0,56.123
10631,station-coxsbazar,PETROL,885,2026-01-10T05:15:00,59.245,0.0,59.245
10632,station-coxsbazar,OCTANE,885,2026-01-10T05:15:00,25.965,0.0,25.965
10633,station-mirpur,DIESEL,886,2026-01-10T05:30:00,57.47,0.0,57.47
10634,station-mirpur,PETROL,886,2026-01-10T05:30:00,79.173,0.0,79.173
10635,station-mirpur,OCTANE,886,2026-01-10T05:30:00,38.412,0.0,38.412
10636,station-tongi,DIESEL,886,2026-01-10T05:30:00,65.145,0.0,65.145
10637,station-tongi,PETROL,886,2026-01-10T05:30:00,22.293,0.0,22.293
10638,station-tongi,OCTANE,886,2026-01-10T05:30:00,10.11,0.0,10.11
10639,station-karnaphuli,DIESEL,886,2026-01-10T05:30:00,85.674,0.0,85.674
10640,station-karnaphuli,PETROL,886,2026-01-10T05:30:00,92.614,0.0,92.614
10641,station-karnaphuli,OCTANE,886,2026-01-10T05:30:00,55.341,0.0,55.341
10642,station-coxsbazar,DIESEL,886,2026-01-10T05:30:00,56.068,0.0,56.068
10643,station-coxsbazar,PETROL,886,2026-01-10T05:30:00,54.119,0.0,54.119
10644,station-coxsbazar,OCTANE,886,2026-01-10T05:30:00,26.702,0.0,26.702
10645,station-mirpur,DIESEL,887,2026-01-10T05:45:00,56.874,0.0,56.874
10646,station-mirpur,PETROL,887,2026-01-10T05:45:00,73.74,0.0,73.74
10647,station-mirpur,OCTANE,887,2026-01-10T05:45:00,38.547,0.0,38.547
10648,station-tongi,DIESEL,887,2026-01-10T05:45:00,66.767,0.0,66.767
10649,station-tongi,PETROL,887,2026-01-10T05:45:00,21.125,0.0,21.125
10650,station-tongi,OCTANE,887,2026-01-10T05:45:00,10.968,0.0,10.968
10651,station-karnaphuli,DIESEL,887,2026-01-10T05:45:00,91.636,0.0,91.636
10652,station-karnaphuli,PETROL,887,2026-01-10T05:45:00,99.41,0.0,99.41
10653,station-karnaphuli,OCTANE,887,2026-01-10T05:45:00,48.888,0.0,48.888
10654,station-coxsbazar,DIESEL,887,2026-01-10T05:45:00,52.321,0.0,52.321
10655,station-coxsbazar,PETROL,887,2026-01-10T05:45:00,54.348,0.0,54.348
10656,station-coxsbazar,OCTANE,887,2026-01-10T05:45:00,23.814,0.0,23.814
10657,station-mirpur,DIESEL,888,2026-01-10T06:00:00,55.93,0.0,55.93
10658,station-mirpur,PETROL,888,2026-01-10T06:00:00,68.941,0.0,68.941
10659,station-mirpur,OCTANE,888,2026-01-10T06:00:00,39.528,0.0,39.528
10660,station-tongi,DIESEL,888,2026-01-10T06:00:00,218.049,0.0,218.049
10661,station-tongi,PETROL,888,2026-01-10T06:00:00,73.131,0.0,73.131
10662,station-tongi,OCTANE,888,2026-01-10T06:00:00,37.217,0.0,37.217
10663,station-karnaphuli,DIESEL,888,2026-01-10T06:00:00,161.844,0.0,161.844
10664,station-karnaphuli,PETROL,888,2026-01-10T06:00:00,184.748,0.0,184.748
10665,station-karnaphuli,OCTANE,888,2026-01-10T06:00:00,95.743,0.0,95.743
10666,station-coxsbazar,DIESEL,888,2026-01-10T06:00:00,55.694,0.0,55.694
10667,station-coxsbazar,PETROL,888,2026-01-10T06:00:00,51.584,0.0,51.584
10668,station-coxsbazar,OCTANE,888,2026-01-10T06:00:00,26.863,0.0,26.863
10669,station-mirpur,DIESEL,889,2026-01-10T06:15:00,66.091,0.0,66.091
10670,station-mirpur,PETROL,889,2026-01-10T06:15:00,70.777,0.0,70.777
10671,station-mirpur,OCTANE,889,2026-01-10T06:15:00,40.059,0.0,40.059
10672,station-tongi,DIESEL,889,2026-01-10T06:15:00,211.925,0.0,211.925
10673,station-tongi,PETROL,889,2026-01-10T06:15:00,66.988,0.0,66.988
10674,station-tongi,OCTANE,889,2026-01-10T06:15:00,35.903,0.0,35.903
10675,station-karnaphuli,DIESEL,889,2026-01-10T06:15:00,178.142,0.0,178.142
10676,station-karnaphuli,PETROL,889,2026-01-10T06:15:00,164.629,0.0,164.629
10677,station-karnaphuli,OCTANE,889,2026-01-10T06:15:00,87.181,0.0,87.181
10678,station-coxsbazar,DIESEL,889,2026-01-10T06:15:00,48.08,0.0,48.08
10679,station-coxsbazar,PETROL,889,2026-01-10T06:15:00,54.477,0.0,54.477
10680,station-coxsbazar,OCTANE,889,2026-01-10T06:15:00,27.472,0.0,27.472
10681,station-mirpur,DIESEL,890,2026-01-10T06:30:00,58.491,0.0,58.491
10682,station-mirpur,PETROL,890,2026-01-10T06:30:00,79.161,0.0,79.161
10683,station-mirpur,OCTANE,890,2026-01-10T06:30:00,43.021,0.0,43.021
10684,station-tongi,DIESEL,890,2026-01-10T06:30:00,242.028,0.0,242.028
10685,station-tongi,PETROL,890,2026-01-10T06:30:00,69.487,0.0,69.487
10686,station-tongi,OCTANE,890,2026-01-10T06:30:00,38.327,0.0,38.327
10687,station-karnaphuli,DIESEL,890,2026-01-10T06:30:00,166.442,0.0,166.442
10688,station-karnaphuli,PETROL,890,2026-01-10T06:30:00,186.938,0.0,186.938
10689,station-karnaphuli,OCTANE,890,2026-01-10T06:30:00,86.209,0.0,86.209
10690,station-coxsbazar,DIESEL,890,2026-01-10T06:30:00,57.504,0.0,57.504
10691,station-coxsbazar,PETROL,890,2026-01-10T06:30:00,54.154,0.0,54.154
10692,station-coxsbazar,OCTANE,890,2026-01-10T06:30:00,28.343,0.0,28.343
10693,station-mirpur,DIESEL,891,2026-01-10T06:45:00,66.733,0.0,66.733
10694,station-mirpur,PETROL,891,2026-01-10T06:45:00,73.855,0.0,73.855
10695,station-mirpur,OCTANE,891,2026-01-10T06:45:00,37.556,0.0,37.556
10696,station-tongi,DIESEL,891,2026-01-10T06:45:00,220.801,0.0,220.801
10697,station-tongi,PETROL,891,2026-01-10T06:45:00,70.033,0.0,70.033
10698,station-tongi,OCTANE,891,2026-01-10T06:45:00,38.079,0.0,38.079
10699,station-karnaphuli,DIESEL,891,2026-01-10T06:45:00,155.335,0.0,155.335
10700,station-karnaphuli,PETROL,891,2026-01-10T06:45:00,167.398,0.0,167.398
10701,station-karnaphuli,OCTANE,891,2026-01-10T06:45:00,86.245,0.0,86.245
10702,station-coxsbazar,DIESEL,891,2026-01-10T06:45:00,48.065,0.0,48.065
10703,station-coxsbazar,PETROL,891,2026-01-10T06:45:00,58.239,0.0,58.239
10704,station-coxsbazar,OCTANE,891,2026-01-10T06:45:00,26.341,0.0,26.341
10705,station-mirpur,DIESEL,892,2026-01-10T07:00:00,128.722,0.0,128.722
10706,station-mirpur,PETROL,892,2026-01-10T07:00:00,160.45,0.0,160.45
10707,station-mirpur,OCTANE,892,2026-01-10T07:00:00,77.163,0.0,77.163
10708,station-tongi,DIESEL,892,2026-01-10T07:00:00,209.131,0.0,209.131
10709,station-tongi,PETROL,892,2026-01-10T07:00:00,69.19,0.0,69.19
10710,station-tongi,OCTANE,892,2026-01-10T07:00:00,36.152,0.0,36.152
10711,station-karnaphuli,DIESEL,892,2026-01-10T07:00:00,177.026,0.0,177.026
10712,station-karnaphuli,PETROL,892,2026-01-10T07:00:00,162.433,0.0,162.433
10713,station-karnaphuli,OCTANE,892,2026-01-10T07:00:00,98.214,0.0,98.214
10714,station-coxsbazar,DIESEL,892,2026-01-10T07:00:00,91.372,0.0,91.372
10715,station-coxsbazar,PETROL,892,2026-01-10T07:00:00,111.015,0.0,111.015
10716,station-coxsbazar,OCTANE,892,2026-01-10T07:00:00,53.712,0.0,53.712
10717,station-mirpur,DIESEL,893,2026-01-10T07:15:00,118.588,0.0,118.588
10718,station-mirpur,PETROL,893,2026-01-10T07:15:00,151.871,0.0,151.871
10719,station-mirpur,OCTANE,893,2026-01-10T07:15:00,88.52,0.0,88.52
10720,station-tongi,DIESEL,893,2026-01-10T07:15:00,229.555,0.0,229.555
10721,station-tongi,PETROL,893,2026-01-10T07:15:00,73.371,0.0,73.371
10722,station-tongi,OCTANE,893,2026-01-10T07:15:00,36.435,0.0,36.435
10723,station-karnaphuli,DIESEL,893,2026-01-10T07:15:00,148.692,0.0,148.692
10724,station-karnaphuli,PETROL,893,2026-01-10T07:15:00,167.32,0.0,167.32
10725,station-karnaphuli,OCTANE,893,2026-01-10T07:15:00,95.055,0.0,95.055
10726,station-coxsbazar,DIESEL,893,2026-01-10T07:15:00,104.818,0.0,104.818
10727,station-coxsbazar,PETROL,893,2026-01-10T07:15:00,100.967,0.0,100.967
10728,station-coxsbazar,OCTANE,893,2026-01-10T07:15:00,55.245,0.0,55.245
10729,station-mirpur,DIESEL,894,2026-01-10T07:30:00,121.635,0.0,121.635
10730,station-mirpur,PETROL,894,2026-01-10T07:30:00,152.068,0.0,152.068
10731,station-mirpur,OCTANE,894,2026-01-10T07:30:00,87.792,0.0,87.792
10732,station-tongi,DIESEL,894,2026-01-10T07:30:00,234.848,0.0,234.848
10733,station-tongi,PETROL,894,2026-01-10T07:30:00,75.935,0.0,75.935
10734,station-tongi,OCTANE,894,2026-01-10T07:30:00,34.52,0.0,34.52
10735,station-karnaphuli,DIESEL,894,2026-01-10T07:30:00,146.815,0.0,146.815
10736,station-karnaphuli,PETROL,894,2026-01-10T07:30:00,159.604,0.0,159.604
10737,station-karnaphuli,OCTANE,894,2026-01-10T07:30:00,98.994,0.0,98.994
10738,station-coxsbazar,DIESEL,894,2026-01-10T07:30:00,93.895,0.0,93.895
10739,station-coxsbazar,PETROL,894,2026-01-10T07:30:00,110.84,0.0,110.84
10740,station-coxsbazar,OCTANE,894,2026-01-10T07:30:00,54.052,0.0,54.052
10741,station-mirpur,DIESEL,895,2026-01-10T07:45:00,115.846,0.0,115.846
10742,station-mirpur,PETROL,895,2026-01-10T07:45:00,154.865,0.0,154.865
10743,station-mirpur,OCTANE,895,2026-01-10T07:45:00,82.217,0.0,82.217
10744,station-tongi,DIESEL,895,2026-01-10T07:45:00,231.03,0.0,231.03
10745,station-tongi,PETROL,895,2026-01-10T07:45:00,75.133,0.0,75.133
10746,station-tongi,OCTANE,895,2026-01-10T07:45:00,37.802,0.0,37.802
10747,station-karnaphuli,DIESEL,895,2026-01-10T07:45:00,148.132,0.0,148.132
10748,station-karnaphuli,PETROL,895,2026-01-10T07:45:00,167.064,0.0,167.064
10749,station-karnaphuli,OCTANE,895,2026-01-10T07:45:00,88.274,0.0,88.274
10750,station-coxsbazar,DIESEL,895,2026-01-10T07:45:00,108.612,0.0,108.612
10751,station-coxsbazar,PETROL,895,2026-01-10T07:45:00,96.303,0.0,96.303
10752,station-coxsbazar,OCTANE,895,2026-01-10T07:45:00,46.568,0.0,46.568
10753,station-mirpur,DIESEL,896,2026-01-10T08:00:00,137.564,0.0,137.564
10754,station-mirpur,PETROL,896,2026-01-10T08:00:00,166.559,0.0,166.559
10755,station-mirpur,OCTANE,896,2026-01-10T08:00:00,88.844,0.0,88.844
10756,station-tongi,DIESEL,896,2026-01-10T08:00:00,228.707,0.0,228.707
10757,station-tongi,PETROL,896,2026-01-10T08:00:00,77.006,0.0,77.006
10758,station-tongi,OCTANE,896,2026-01-10T08:00:00,38.204,0.0,38.204
10759,station-karnaphuli,DIESEL,896,2026-01-10T08:00:00,168.208,0.0,168.208
10760,station-karnaphuli,PETROL,896,2026-01-10T08:00:00,151.563,0.0,151.563
10761,station-karnaphuli,OCTANE,896,2026-01-10T08:00:00,84.271,0.0,84.271
10762,station-coxsbazar,DIESEL,896,2026-01-10T08:00:00,108.314,0.0,108.314
10763,station-coxsbazar,PETROL,896,2026-01-10T08:00:00,99.286,0.0,99.286
10764,station-coxsbazar,OCTANE,896,2026-01-10T08:00:00,48.506,0.0,48.506
10765,station-mirpur,DIESEL,897,2026-01-10T08:15:00,132.48,0.0,132.48
10766,station-mirpur,PETROL,897,2026-01-10T08:15:00,151.339,0.0,151.339
10767,station-mirpur,OCTANE,897,2026-01-10T08:15:00,85.245,0.0,85.245
10768,station-tongi,DIESEL,897,2026-01-10T08:15:00,243.849,0.0,243.849
10769,station-tongi,PETROL,897,2026-01-10T08:15:00,73.769,0.0,73.769
10770,station-tongi,OCTANE,897,2026-01-10T08:15:00,35.295,0.0,35.295
10771,station-karnaphuli,DIESEL,897,2026-01-10T08:15:00,171.049,0.0,171.049
10772,station-karnaphuli,PETROL,897,2026-01-10T08:15:00,149.733,0.0,149.733
10773,station-karnaphuli,OCTANE,897,2026-01-10T08:15:00,88.267,0.0,88.267
10774,station-coxsbazar,DIESEL,897,2026-01-10T08:15:00,102.678,0.0,102.678
10775,station-coxsbazar,PETROL,897,2026-01-10T08:15:00,106.441,0.0,106.441
10776,station-coxsbazar,OCTANE,897,2026-01-10T08:15:00,49.152,0.0,49.152
10777,station-mirpur,DIESEL,898,2026-01-10T08:30:00,135.381,0.0,135.381
10778,station-mirpur,PETROL,898,2026-01-10T08:30:00,152.41,0.0,152.41
10779,station-mirpur,OCTANE,898,2026-01-10T08:30:00,87.817,0.0,87.817
10780,station-tongi,DIESEL,898,2026-01-10T08:30:00,243.73,0.0,243.73
10781,station-tongi,PETROL,898,2026-01-10T08:30:00,77.078,0.0,77.078
10782,station-tongi,OCTANE,898,2026-01-10T08:30:00,36.936,0.0,36.936
10783,station-karnaphuli,DIESEL,898,2026-01-10T08:30:00,155.931,0.0,155.931
10784,station-karnaphuli,PETROL,898,2026-01-10T08:30:00,185.475,0.0,185.475
10785,station-karnaphuli,OCTANE,898,2026-01-10T08:30:00,92.097,0.0,92.097
10786,station-coxsbazar,DIESEL,898,2026-01-10T08:30:00,96.534,0.0,96.534
10787,station-coxsbazar,PETROL,898,2026-01-10T08:30:00,99.939,0.0,99.939
10788,station-coxsbazar,OCTANE,898,2026-01-10T08:30:00,53.814,0.0,53.814
10789,station-mirpur,DIESEL,899,2026-01-10T08:45:00,123.275,0.0,123.275
10790,station-mirpur,PETROL,899,2026-01-10T08:45:00,159.157,0.0,159.157
10791,station-mirpur,OCTANE,899,2026-01-10T08:45:00,78.782,0.0,78.782
10792,station-tongi,DIESEL,899,2026-01-10T08:45:00,217.263,0.0,217.263
10793,station-tongi,PETROL,899,2026-01-10T08:45:00,76.575,0.0,76.575
10794,station-tongi,OCTANE,899,2026-01-10T08:45:00,34.948,0.0,34.948
10795,station-karnaphuli,DIESEL,899,2026-01-10T08:45:00,169.129,0.0,169.129
10796,station-karnaphuli,PETROL,899,2026-01-10T08:45:00,181.254,0.0,181.254
10797,station-karnaphuli,OCTANE,899,2026-01-10T08:45:00,104.239,0.0,104.239
10798,station-coxsbazar,DIESEL,899,2026-01-10T08:45:00,109.521,0.0,109.521
10799,station-coxsbazar,PETROL,899,2026-01-10T08:45:00,116.836,0.0,116.836
10800,station-coxsbazar,OCTANE,899,2026-01-10T08:45:00,48.023,0.0,48.023
10801,station-mirpur,DIESEL,900,2026-01-10T09:00:00,128.817,0.0,128.817
10802,station-mirpur,PETROL,900,2026-01-10T09:00:00,147.936,0.0,147.936
10803,station-mirpur,OCTANE,900,2026-01-10T09:00:00,77.029,0.0,77.029
10804,station-tongi,DIESEL,900,2026-01-10T09:00:00,237.026,0.0,237.026
10805,station-tongi,PETROL,900,2026-01-10T09:00:00,75.603,0.0,75.603
10806,station-tongi,OCTANE,900,2026-01-10T09:00:00,36.194,0.0,36.194
10807,station-karnaphuli,DIESEL,900,2026-01-10T09:00:00,145.539,0.0,145.539
10808,station-karnaphuli,PETROL,900,2026-01-10T09:00:00,180.172,0.0,180.172
10809,station-karnaphuli,OCTANE,900,2026-01-10T09:00:00,92.403,0.0,92.403
10810,station-coxsbazar,DIESEL,900,2026-01-10T09:00:00,100.921,0.0,100.921
10811,station-coxsbazar,PETROL,900,2026-01-10T09:00:00,96.865,0.0,96.865
10812,station-coxsbazar,OCTANE,900,2026-01-10T09:00:00,54.303,0.0,54.303
10813,station-mirpur,DIESEL,901,2026-01-10T09:15:00,125.975,0.0,125.975
10814,station-mirpur,PETROL,901,2026-01-10T09:15:00,172.465,0.0,172.465
10815,station-mirpur,OCTANE,901,2026-01-10T09:15:00,79.311,0.0,79.311
10816,station-tongi,DIESEL,901,2026-01-10T09:15:00,239.584,0.0,239.584
10817,station-tongi,PETROL,901,2026-01-10T09:15:00,74.969,0.0,74.969
10818,station-tongi,OCTANE,901,2026-01-10T09:15:00,36.495,0.0,36.495
10819,station-karnaphuli,DIESEL,901,2026-01-10T09:15:00,151.188,0.0,151.188
10820,station-karnaphuli,PETROL,901,2026-01-10T09:15:00,178.197,0.0,178.197
10821,station-karnaphuli,OCTANE,901,2026-01-10T09:15:00,103.744,0.0,103.744
10822,station-coxsbazar,DIESEL,901,2026-01-10T09:15:00,106.03,0.0,106.03
10823,station-coxsbazar,PETROL,901,2026-01-10T09:15:00,102.264,0.0,102.264
10824,station-coxsbazar,OCTANE,901,2026-01-10T09:15:00,46.295,0.0,46.295
10825,station-mirpur,DIESEL,902,2026-01-10T09:30:00,126.856,0.0,126.856
10826,station-mirpur,PETROL,902,2026-01-10T09:30:00,144.48,0.0,144.48
10827,station-mirpur,OCTANE,902,2026-01-10T09:30:00,90.905,0.0,90.905
10828,station-tongi,DIESEL,902,2026-01-10T09:30:00,208.093,0.0,208.093
10829,station-tongi,PETROL,902,2026-01-10T09:30:00,75.984,0.0,75.984
10830,station-tongi,OCTANE,902,2026-01-10T09:30:00,33.13,0.0,33.13
10831,station-karnaphuli,DIESEL,902,2026-01-10T09:30:00,144.102,0.0,144.102
10832,station-karnaphuli,PETROL,902,2026-01-10T09:30:00,152.369,0.0,152.369
10833,station-karnaphuli,OCTANE,902,2026-01-10T09:30:00,83.796,0.0,83.796
10834,station-coxsbazar,DIESEL,902,2026-01-10T09:30:00,94.117,0.0,94.117
10835,station-coxsbazar,PETROL,902,2026-01-10T09:30:00,100.937,0.0,100.937
10836,station-coxsbazar,OCTANE,902,2026-01-10T09:30:00,48.873,0.0,48.873
10837,station-mirpur,DIESEL,903,2026-01-10T09:45:00,117.532,0.0,117.532
10838,station-mirpur,PETROL,903,2026-01-10T09:45:00,173.912,0.0,173.912
10839,station-mirpur,OCTANE,903,2026-01-10T09:45:00,85.202,0.0,85.202
10840,station-tongi,DIESEL,903,2026-01-10T09:45:00,222.564,0.0,222.564
10841,station-tongi,PETROL,903,2026-01-10T09:45:00,76.493,0.0,76.493
10842,station-tongi,OCTANE,903,2026-01-10T09:45:00,33.655,0.0,33.655
10843,station-karnaphuli,DIESEL,903,2026-01-10T09:45:00,170.768,0.0,170.768
10844,station-karnaphuli,PETROL,903,2026-01-10T09:45:00,148.696,0.0,148.696
10845,station-karnaphuli,OCTANE,903,2026-01-10T09:45:00,93.675,0.0,93.675
10846,station-coxsbazar,DIESEL,903,2026-01-10T09:45:00,106.46,0.0,106.46
10847,station-coxsbazar,PETROL,903,2026-01-10T09:45:00,110.617,0.0,110.617
10848,station-coxsbazar,OCTANE,903,2026-01-10T09:45:00,49.271,0.0,49.271
10849,station-mirpur,DIESEL,904,2026-01-10T10:00:00,66.759,0.0,66.759
10850,station-mirpur,PETROL,904,2026-01-10T10:00:00,80.723,0.0,80.723
10851,station-mirpur,OCTANE,904,2026-01-10T10:00:00,40.759,0.0,40.759
10852,station-tongi,DIESEL,904,2026-01-10T10:00:00,237.618,0.0,237.618
10853,station-tongi,PETROL,904,2026-01-10T10:00:00,78.131,0.0,78.131
10854,station-tongi,OCTANE,904,2026-01-10T10:00:00,33.564,0.0,33.564
10855,station-karnaphuli,DIESEL,904,2026-01-10T10:00:00,78.54,0.0,78.54
10856,station-karnaphuli,PETROL,904,2026-01-10T10:00:00,86.341,0.0,86.341
10857,station-karnaphuli,OCTANE,904,2026-01-10T10:00:00,47.815,0.0,47.815
10858,station-coxsbazar,DIESEL,904,2026-01-10T10:00:00,98.999,0.0,98.999
10859,station-coxsbazar,PETROL,904,2026-01-10T10:00:00,102.763,0.0,102.763
10860,station-coxsbazar,OCTANE,904,2026-01-10T10:00:00,53.98,0.0,53.98
10861,station-mirpur,DIESEL,905,2026-01-10T10:15:00,66.263,0.0,66.263
10862,station-mirpur,PETROL,905,2026-01-10T10:15:00,71.694,0.0,71.694
10863,station-mirpur,OCTANE,905,2026-01-10T10:15:00,40.117,0.0,40.117
10864,station-tongi,DIESEL,905,2026-01-10T10:15:00,220.874,0.0,220.874
10865,station-tongi,PETROL,905,2026-01-10T10:15:00,70.167,0.0,70.167
10866,station-tongi,OCTANE,905,2026-01-10T10:15:00,33.936,0.0,33.936
10867,station-karnaphuli,DIESEL,905,2026-01-10T10:15:00,95.294,0.0,95.294
10868,station-karnaphuli,PETROL,905,2026-01-10T10:15:00,90.23,0.0,90.23
10869,station-karnaphuli,OCTANE,905,2026-01-10T10:15:00,47.076,0.0,47.076
10870,station-coxsbazar,DIESEL,905,2026-01-10T10:15:00,96.286,0.0,96.286
10871,station-coxsbazar,PETROL,905,2026-01-10T10:15:00,105.972,0.0,105.972
10872,station-coxsbazar,OCTANE,905,2026-01-10T10:15:00,48.482,0.0,48.482
10873,station-mirpur,DIESEL,906,2026-01-10T10:30:00,61.675,0.0,61.675
10874,station-mirpur,PETROL,906,2026-01-10T10:30:00,77.464,0.0,77.464
10875,station-mirpur,OCTANE,906,2026-01-10T10:30:00,44.2,0.0,44.2
10876,station-tongi,DIESEL,906,2026-01-10T10:30:00,212.137,0.0,212.137
10877,station-tongi,PETROL,906,2026-01-10T10:30:00,70.426,0.0,70.426
10878,station-tongi,OCTANE,906,2026-01-10T10:30:00,36.295,0.0,36.295
10879,station-karnaphuli,DIESEL,906,2026-01-10T10:30:00,91.803,0.0,91.803
10880,station-karnaphuli,PETROL,906,2026-01-10T10:30:00,96.015,0.0,96.015
10881,station-karnaphuli,OCTANE,906,2026-01-10T10:30:00,51.412,0.0,51.412
10882,station-coxsbazar,DIESEL,906,2026-01-10T10:30:00,92.153,0.0,92.153
10883,station-coxsbazar,PETROL,906,2026-01-10T10:30:00,106.717,0.0,106.717
10884,station-coxsbazar,OCTANE,906,2026-01-10T10:30:00,49.947,0.0,49.947
10885,station-mirpur,DIESEL,907,2026-01-10T10:45:00,64.497,0.0,64.497
10886,station-mirpur,PETROL,907,2026-01-10T10:45:00,74.251,0.0,74.251
10887,station-mirpur,OCTANE,907,2026-01-10T10:45:00,38.974,0.0,38.974
10888,station-tongi,DIESEL,907,2026-01-10T10:45:00,222.815,0.0,222.815
10889,station-tongi,PETROL,907,2026-01-10T10:45:00,76.923,0.0,76.923
10890,station-tongi,OCTANE,907,2026-01-10T10:45:00,33.511,0.0,33.511
10891,station-karnaphuli,DIESEL,907,2026-01-10T10:45:00,81.294,0.0,81.294
10892,station-karnaphuli,PETROL,907,2026-01-10T10:45:00,84.366,0.0,84.366
10893,station-karnaphuli,OCTANE,907,2026-01-10T10:45:00,46.886,0.0,46.886
10894,station-coxsbazar,DIESEL,907,2026-01-10T10:45:00,95.203,0.0,95.203
10895,station-coxsbazar,PETROL,907,2026-01-10T10:45:00,99.429,0.0,99.429
10896,station-coxsbazar,OCTANE,907,2026-01-10T10:45:00,51.763,0.0,51.763
10897,station-mirpur,DIESEL,908,2026-01-10T11:00:00,64.875,0.0,64.875
10898,station-mirpur,PETROL,908,2026-01-10T11:00:00,73.359,0.0,73.359
10899,station-mirpur,OCTANE,908,2026-01-10T11:00:00,38.737,0.0,38.737
10900,station-tongi,DIESEL,908,2026-01-10T11:00:00,211.836,0.0,211.836
10901,station-tongi,PETROL,908,2026-01-10T11:00:00,71.877,0.0,71.877
10902,station-tongi,OCTANE,908,2026-01-10T11:00:00,37.193,0.0,37.193
10903,station-karnaphuli,DIESEL,908,2026-01-10T11:00:00,84.71,0.0,84.71
10904,station-karnaphuli,PETROL,908,2026-01-10T11:00:00,84.064,0.0,84.064
10905,station-karnaphuli,OCTANE,908,2026-01-10T11:00:00,55.091,0.0,55.091
10906,station-coxsbazar,DIESEL,908,2026-01-10T11:00:00,104.86,0.0,104.86
10907,station-coxsbazar,PETROL,908,2026-01-10T11:00:00,109.808,0.0,109.808
10908,station-coxsbazar,OCTANE,908,2026-01-10T11:00:00,50.94,0.0,50.94
10909,station-mirpur,DIESEL,909,2026-01-10T11:15:00,60.289,0.0,60.289
10910,station-mirpur,PETROL,909,2026-01-10T11:15:00,78.993,0.0,78.993
10911,station-mirpur,OCTANE,909,2026-01-10T11:15:00,36.893,0.0,36.893
10912,station-tongi,DIESEL,909,2026-01-10T11:15:00,228.535,0.0,228.535
10913,station-tongi,PETROL,909,2026-01-10T11:15:00,72.983,0.0,72.983
10914,station-tongi,OCTANE,909,2026-01-10T11:15:00,34.199,0.0,34.199
10915,station-karnaphuli,DIESEL,909,2026-01-10T11:15:00,93.68,0.0,93.68
10916,station-karnaphuli,PETROL,909,2026-01-10T11:15:00,90.463,0.0,90.463
10917,station-karnaphuli,OCTANE,909,2026-01-10T11:15:00,50.589,0.0,50.589
10918,station-coxsbazar,DIESEL,909,2026-01-10T11:15:00,111.334,0.0,111.334
10919,station-coxsbazar,PETROL,909,2026-01-10T11:15:00,108.96,0.0,108.96
10920,station-coxsbazar,OCTANE,909,2026-01-10T11:15:00,54.499,0.0,54.499
10921,station-mirpur,DIESEL,910,2026-01-10T11:30:00,65.955,0.0,65.955
10922,station-mirpur,PETROL,910,2026-01-10T11:30:00,73.54,0.0,73.54
10923,station-mirpur,OCTANE,910,2026-01-10T11:30:00,41.348,0.0,41.348
10924,station-tongi,DIESEL,910,2026-01-10T11:30:00,223.024,0.0,223.024
10925,station-tongi,PETROL,910,2026-01-10T11:30:00,71.511,0.0,71.511
10926,station-tongi,OCTANE,910,2026-01-10T11:30:00,35.07,0.0,35.07
10927,station-karnaphuli,DIESEL,910,2026-01-10T11:30:00,89.072,0.0,89.072
10928,station-karnaphuli,PETROL,910,2026-01-10T11:30:00,95.705,0.0,95.705
10929,station-karnaphuli,OCTANE,910,2026-01-10T11:30:00,47.676,0.0,47.676
10930,station-coxsbazar,DIESEL,910,2026-01-10T11:30:00,110.753,0.0,110.753
10931,station-coxsbazar,PETROL,910,2026-01-10T11:30:00,116.577,0.0,116.577
10932,station-coxsbazar,OCTANE,910,2026-01-10T11:30:00,54.692,0.0,54.692
10933,station-mirpur,DIESEL,911,2026-01-10T11:45:00,64.801,0.0,64.801
10934,station-mirpur,PETROL,911,2026-01-10T11:45:00,80.993,0.0,80.993
10935,station-mirpur,OCTANE,911,2026-01-10T11:45:00,43.583,0.0,43.583
10936,station-tongi,DIESEL,911,2026-01-10T11:45:00,214.932,0.0,214.932
10937,station-tongi,PETROL,911,2026-01-10T11:45:00,76.553,0.0,76.553
10938,station-tongi,OCTANE,911,2026-01-10T11:45:00,34.533,0.0,34.533
10939,station-karnaphuli,DIESEL,911,2026-01-10T11:45:00,96.126,0.0,96.126
10940,station-karnaphuli,PETROL,911,2026-01-10T11:45:00,101.048,0.0,101.048
10941,station-karnaphuli,OCTANE,911,2026-01-10T11:45:00,55.966,0.0,55.966
10942,station-coxsbazar,DIESEL,911,2026-01-10T11:45:00,100.858,0.0,100.858
10943,station-coxsbazar,PETROL,911,2026-01-10T11:45:00,97.143,0.0,97.143
10944,station-coxsbazar,OCTANE,911,2026-01-10T11:45:00,48.995,0.0,48.995
10945,station-mirpur,DIESEL,912,2026-01-10T12:00:00,66.525,0.0,66.525
10946,station-mirpur,PETROL,912,2026-01-10T12:00:00,70.463,0.0,70.463
10947,station-mirpur,OCTANE,912,2026-01-10T12:00:00,42.754,0.0,42.754
10948,station-tongi,DIESEL,912,2026-01-10T12:00:00,210.689,0.0,210.689
10949,station-tongi,PETROL,912,2026-01-10T12:00:00,71.625,0.0,71.625
10950,station-tongi,OCTANE,912,2026-01-10T12:00:00,36.786,0.0,36.786
10951,station-karnaphuli,DIESEL,912,2026-01-10T12:00:00,80.634,0.0,80.634
10952,station-karnaphuli,PETROL,912,2026-01-10T12:00:00,91.143,0.0,91.143
10953,station-karnaphuli,OCTANE,912,2026-01-10T12:00:00,47.244,0.0,47.244
10954,station-coxsbazar,DIESEL,912,2026-01-10T12:00:00,95.527,0.0,95.527
10955,station-coxsbazar,PETROL,912,2026-01-10T12:00:00,106.729,0.0,106.729
10956,station-coxsbazar,OCTANE,912,2026-01-10T12:00:00,54.826,0.0,54.826
10957,station-mirpur,DIESEL,913,2026-01-10T12:15:00,60.036,0.0,60.036
10958,station-mirpur,PETROL,913,2026-01-10T12:15:00,78.474,0.0,78.474
10959,station-mirpur,OCTANE,913,2026-01-10T12:15:00,39.455,0.0,39.455
10960,station-tongi,DIESEL,913,2026-01-10T12:15:00,236.966,0.0,236.966
10961,station-tongi,PETROL,913,2026-01-10T12:15:00,73.501,0.0,73.501
10962,station-tongi,OCTANE,913,2026-01-10T12:15:00,34.138,0.0,34.138
10963,station-karnaphuli,DIESEL,913,2026-01-10T12:15:00,95.286,0.0,95.286
10964,station-karnaphuli,PETROL,913,2026-01-10T12:15:00,100.109,0.0,100.109
10965,station-karnaphuli,OCTANE,913,2026-01-10T12:15:00,47.086,0.0,47.086
10966,station-coxsbazar,DIESEL,913,2026-01-10T12:15:00,100.481,0.0,100.481
10967,station-coxsbazar,PETROL,913,2026-01-10T12:15:00,97.709,0.0,97.709
10968,station-coxsbazar,OCTANE,913,2026-01-10T12:15:00,51.762,0.0,51.762
10969,station-mirpur,DIESEL,914,2026-01-10T12:30:00,61.947,0.0,61.947
10970,station-mirpur,PETROL,914,2026-01-10T12:30:00,84.126,0.0,84.126
10971,station-mirpur,OCTANE,914,2026-01-10T12:30:00,43.993,0.0,43.993
10972,station-tongi,DIESEL,914,2026-01-10T12:30:00,232.515,0.0,232.515
10973,station-tongi,PETROL,914,2026-01-10T12:30:00,69.435,0.0,69.435
10974,station-tongi,OCTANE,914,2026-01-10T12:30:00,38.031,0.0,38.031
10975,station-karnaphuli,DIESEL,914,2026-01-10T12:30:00,90.392,0.0,90.392
10976,station-karnaphuli,PETROL,914,2026-01-10T12:30:00,88.751,0.0,88.751
10977,station-karnaphuli,OCTANE,914,2026-01-10T12:30:00,54.721,0.0,54.721
10978,station-coxsbazar,DIESEL,914,2026-01-10T12:30:00,96.467,0.0,96.467
10979,station-coxsbazar,PETROL,914,2026-01-10T12:30:00,99.202,0.0,99.202
10980,station-coxsbazar,OCTANE,914,2026-01-10T12:30:00,45.885,0.0,45.885
10981,station-mirpur,DIESEL,915,2026-01-10T12:45:00,59.961,0.0,59.961
10982,station-mirpur,PETROL,915,2026-01-10T12:45:00,83.545,0.0,83.545
10983,station-mirpur,OCTANE,915,2026-01-10T12:45:00,44.257,0.0,44.257
10984,station-tongi,DIESEL,915,2026-01-10T12:45:00,226.99,0.0,226.99
10985,station-tongi,PETROL,915,2026-01-10T12:45:00,77.127,0.0,77.127
10986,station-tongi,OCTANE,915,2026-01-10T12:45:00,36.545,0.0,36.545
10987,station-karnaphuli,DIESEL,915,2026-01-10T12:45:00,93.417,0.0,93.417
10988,station-karnaphuli,PETROL,915,2026-01-10T12:45:00,93.782,0.0,93.782
10989,station-karnaphuli,OCTANE,915,2026-01-10T12:45:00,56.258,0.0,56.258
10990,station-coxsbazar,DIESEL,915,2026-01-10T12:45:00,94.479,0.0,94.479
10991,station-coxsbazar,PETROL,915,2026-01-10T12:45:00,110.591,0.0,110.591
10992,station-coxsbazar,OCTANE,915,2026-01-10T12:45:00,55.382,0.0,55.382
10993,station-mirpur,DIESEL,916,2026-01-10T13:00:00,63.657,0.0,63.657
10994,station-mirpur,PETROL,916,2026-01-10T13:00:00,76.113,0.0,76.113
10995,station-mirpur,OCTANE,916,2026-01-10T13:00:00,43.648,0.0,43.648
10996,station-tongi,DIESEL,916,2026-01-10T13:00:00,216.109,0.0,216.109
10997,station-tongi,PETROL,916,2026-01-10T13:00:00,77.989,0.0,77.989
10998,station-tongi,OCTANE,916,2026-01-10T13:00:00,33.223,0.0,33.223
10999,station-karnaphuli,DIESEL,916,2026-01-10T13:00:00,90.731,0.0,90.731
11000,station-karnaphuli,PETROL,916,2026-01-10T13:00:00,90.828,0.0,90.828
11001,station-karnaphuli,OCTANE,916,2026-01-10T13:00:00,48.003,0.0,48.003
11002,station-coxsbazar,DIESEL,916,2026-01-10T13:00:00,111.142,0.0,111.142
11003,station-coxsbazar,PETROL,916,2026-01-10T13:00:00,102.028,0.0,102.028
11004,station-coxsbazar,OCTANE,916,2026-01-10T13:00:00,51.033,0.0,51.033
11005,station-mirpur,DIESEL,917,2026-01-10T13:15:00,67.365,0.0,67.365
11006,station-mirpur,PETROL,917,2026-01-10T13:15:00,79.261,0.0,79.261
11007,station-mirpur,OCTANE,917,2026-01-10T13:15:00,36.849,0.0,36.849
11008,station-tongi,DIESEL,917,2026-01-10T13:15:00,239.813,0.0,239.813
11009,station-tongi,PETROL,917,2026-01-10T13:15:00,67.053,0.0,67.053
11010,station-tongi,OCTANE,917,2026-01-10T13:15:00,35.038,0.0,35.038
11011,station-karnaphuli,DIESEL,917,2026-01-10T13:15:00,94.103,0.0,94.103
11012,station-karnaphuli,PETROL,917,2026-01-10T13:15:00,90.988,0.0,90.988
11013,station-karnaphuli,OCTANE,917,2026-01-10T13:15:00,57.859,0.0,57.859
11014,station-coxsbazar,DIESEL,917,2026-01-10T13:15:00,92.693,0.0,92.693
11015,station-coxsbazar,PETROL,917,2026-01-10T13:15:00,114.251,0.0,114.251
11016,station-coxsbazar,OCTANE,917,2026-01-10T13:15:00,48.023,0.0,48.023
11017,station-mirpur,DIESEL,918,2026-01-10T13:30:00,65.362,0.0,65.362
11018,station-mirpur,PETROL,918,2026-01-10T13:30:00,75.11,0.0,75.11
11019,station-mirpur,OCTANE,918,2026-01-10T13:30:00,43.718,0.0,43.718
11020,station-tongi,DIESEL,918,2026-01-10T13:30:00,235.078,0.0,235.078
11021,station-tongi,PETROL,918,2026-01-10T13:30:00,78.367,0.0,78.367
11022,station-tongi,OCTANE,918,2026-01-10T13:30:00,38.263,0.0,38.263
11023,station-karnaphuli,DIESEL,918,2026-01-10T13:30:00,88.523,0.0,88.523
11024,station-karnaphuli,PETROL,918,2026-01-10T13:30:00,82.194,0.0,82.194
11025,station-karnaphuli,OCTANE,918,2026-01-10T13:30:00,55.89,0.0,55.89
11026,station-coxsbazar,DIESEL,918,2026-01-10T13:30:00,101.191,0.0,101.191
11027,station-coxsbazar,PETROL,918,2026-01-10T13:30:00,112.742,0.0,112.742
11028,station-coxsbazar,OCTANE,918,2026-01-10T13:30:00,52.431,0.0,52.431
11029,station-mirpur,DIESEL,919,2026-01-10T13:45:00,57.029,0.0,57.029
11030,station-mirpur,PETROL,919,2026-01-10T13:45:00,83.252,0.0,83.252
11031,station-mirpur,OCTANE,919,2026-01-10T13:45:00,44.122,0.0,44.122
11032,station-tongi,DIESEL,919,2026-01-10T13:45:00,212.315,0.0,212.315
11033,station-tongi,PETROL,919,2026-01-10T13:45:00,68.87,0.0,68.87
11034,station-tongi,OCTANE,919,2026-01-10T13:45:00,33.204,0.0,33.204
11035,station-karnaphuli,DIESEL,919,2026-01-10T13:45:00,96.09,0.0,96.09
11036,station-karnaphuli,PETROL,919,2026-01-10T13:45:00,84.489,0.0,84.489
11037,station-karnaphuli,OCTANE,919,2026-01-10T13:45:00,56.08,0.0,56.08
11038,station-coxsbazar,DIESEL,919,2026-01-10T13:45:00,92.194,0.0,92.194
11039,station-coxsbazar,PETROL,919,2026-01-10T13:45:00,96.931,0.0,96.931
11040,station-coxsbazar,OCTANE,919,2026-01-10T13:45:00,47.486,0.0,47.486
11041,station-mirpur,DIESEL,920,2026-01-10T14:00:00,59.16,0.0,59.16
11042,station-mirpur,PETROL,920,2026-01-10T14:00:00,82.815,0.0,82.815
11043,station-mirpur,OCTANE,920,2026-01-10T14:00:00,43.647,0.0,43.647
11044,station-tongi,DIESEL,920,2026-01-10T14:00:00,241.539,0.0,241.539
11045,station-tongi,PETROL,920,2026-01-10T14:00:00,70.014,0.0,70.014
11046,station-tongi,OCTANE,920,2026-01-10T14:00:00,34.038,0.0,34.038
11047,station-karnaphuli,DIESEL,920,2026-01-10T14:00:00,85.218,0.0,85.218
11048,station-karnaphuli,PETROL,920,2026-01-10T14:00:00,94.224,0.0,94.224
11049,station-karnaphuli,OCTANE,920,2026-01-10T14:00:00,52.544,0.0,52.544
11050,station-coxsbazar,DIESEL,920,2026-01-10T14:00:00,101.004,0.0,101.004
11051,station-coxsbazar,PETROL,920,2026-01-10T14:00:00,97.646,0.0,97.646
11052,station-coxsbazar,OCTANE,920,2026-01-10T14:00:00,46.209,0.0,46.209
11053,station-mirpur,DIESEL,921,2026-01-10T14:15:00,66.177,0.0,66.177
11054,station-mirpur,PETROL,921,2026-01-10T14:15:00,70.503,0.0,70.503
11055,station-mirpur,OCTANE,921,2026-01-10T14:15:00,38.92,0.0,38.92
11056,station-tongi,DIESEL,921,2026-01-10T14:15:00,241.663,0.0,241.663
11057,station-tongi,PETROL,921,2026-01-10T14:15:00,76.822,0.0,76.822
11058,station-tongi,OCTANE,921,2026-01-10T14:15:00,34.271,0.0,34.271
11059,station-karnaphuli,DIESEL,921,2026-01-10T14:15:00,95.047,0.0,95.047
11060,station-karnaphuli,PETROL,921,2026-01-10T14:15:00,102.288,0.0,102.288
11061,station-karnaphuli,OCTANE,921,2026-01-10T14:15:00,55.006,0.0,55.006
11062,station-coxsbazar,DIESEL,921,2026-01-10T14:15:00,107.794,0.0,107.794
11063,station-coxsbazar,PETROL,921,2026-01-10T14:15:00,96.63,0.0,96.63
11064,station-coxsbazar,OCTANE,921,2026-01-10T14:15:00,52.918,0.0,52.918
11065,station-mirpur,DIESEL,922,2026-01-10T14:30:00,60.277,0.0,60.277
11066,station-mirpur,PETROL,922,2026-01-10T14:30:00,71.483,0.0,71.483
11067,station-mirpur,OCTANE,922,2026-01-10T14:30:00,43.681,0.0,43.681
11068,station-tongi,DIESEL,922,2026-01-10T14:30:00,214.344,0.0,214.344
11069,station-tongi,PETROL,922,2026-01-10T14:30:00,77.26,0.0,77.26
11070,station-tongi,OCTANE,922,2026-01-10T14:30:00,33.41,0.0,33.41
11071,station-karnaphuli,DIESEL,922,2026-01-10T14:30:00,96.044,0.0,96.044
11072,station-karnaphuli,PETROL,922,2026-01-10T14:30:00,95.316,0.0,95.316
11073,station-karnaphuli,OCTANE,922,2026-01-10T14:30:00,57.078,0.0,57.078
11074,station-coxsbazar,DIESEL,922,2026-01-10T14:30:00,94.361,0.0,94.361
11075,station-coxsbazar,PETROL,922,2026-01-10T14:30:00,107.942,0.0,107.942
11076,station-coxsbazar,OCTANE,922,2026-01-10T14:30:00,53.947,0.0,53.947
11077,station-mirpur,DIESEL,923,2026-01-10T14:45:00,60.248,0.0,60.248
11078,station-mirpur,PETROL,923,2026-01-10T14:45:00,78.585,0.0,78.585
11079,station-mirpur,OCTANE,923,2026-01-10T14:45:00,44.648,0.0,44.648
11080,station-tongi,DIESEL,923,2026-01-10T14:45:00,214.332,0.0,214.332
11081,station-tongi,PETROL,923,2026-01-10T14:45:00,78.323,0.0,78.323
11082,station-tongi,OCTANE,923,2026-01-10T14:45:00,33.622,0.0,33.622
11083,station-karnaphuli,DIESEL,923,2026-01-10T14:45:00,97.15,0.0,97.15
11084,station-karnaphuli,PETROL,923,2026-01-10T14:45:00,87.933,0.0,87.933
11085,station-karnaphuli,OCTANE,923,2026-01-10T14:45:00,51.066,0.0,51.066
11086,station-coxsbazar,DIESEL,923,2026-01-10T14:45:00,102.619,0.0,102.619
11087,station-coxsbazar,PETROL,923,2026-01-10T14:45:00,115.094,0.0,115.094
11088,station-coxsbazar,OCTANE,923,2026-01-10T14:45:00,48.709,0.0,48.709
11089,station-mirpur,DIESEL,924,2026-01-10T15:00:00,67.281,0.0,67.281
11090,station-mirpur,PETROL,924,2026-01-10T15:00:00,76.313,0.0,76.313
11091,station-mirpur,OCTANE,924,2026-01-10T15:00:00,44.645,0.0,44.645
11092,station-tongi,DIESEL,924,2026-01-10T15:00:00,208.002,0.0,208.002
11093,station-tongi,PETROL,924,2026-01-10T15:00:00,73.07,0.0,73.07
11094,station-tongi,OCTANE,924,2026-01-10T15:00:00,35.92,0.0,35.92
11095,station-karnaphuli,DIESEL,924,2026-01-10T15:00:00,79.124,0.0,79.124
11096,station-karnaphuli,PETROL,924,2026-01-10T15:00:00,99.992,0.0,99.992
11097,station-karnaphuli,OCTANE,924,2026-01-10T15:00:00,50.331,0.0,50.331
11098,station-coxsbazar,DIESEL,924,2026-01-10T15:00:00,100.175,0.0,100.175
11099,station-coxsbazar,PETROL,924,2026-01-10T15:00:00,109.599,0.0,109.599
11100,station-coxsbazar,OCTANE,924,2026-01-10T15:00:00,55.516,0.0,55.516
11101,station-mirpur,DIESEL,925,2026-01-10T15:15:00,61.533,0.0,61.533
11102,station-mirpur,PETROL,925,2026-01-10T15:15:00,69.906,0.0,69.906
11103,station-mirpur,OCTANE,925,2026-01-10T15:15:00,42.169,0.0,42.169
11104,station-tongi,DIESEL,925,2026-01-10T15:15:00,209.735,0.0,209.735
11105,station-tongi,PETROL,925,2026-01-10T15:15:00,68.913,0.0,68.913
11106,station-tongi,OCTANE,925,2026-01-10T15:15:00,37.845,0.0,37.845
11107,station-karnaphuli,DIESEL,925,2026-01-10T15:15:00,89.688,0.0,89.688
11108,station-karnaphuli,PETROL,925,2026-01-10T15:15:00,93.813,0.0,93.813
11109,station-karnaphuli,OCTANE,925,2026-01-10T15:15:00,52.446,0.0,52.446
11110,station-coxsbazar,DIESEL,925,2026-01-10T15:15:00,104.763,0.0,104.763
11111,station-coxsbazar,PETROL,925,2026-01-10T15:15:00,114.618,0.0,114.618
11112,station-coxsbazar,OCTANE,925,2026-01-10T15:15:00,49.083,0.0,49.083
11113,station-mirpur,DIESEL,926,2026-01-10T15:30:00,68.148,0.0,68.148
11114,station-mirpur,PETROL,926,2026-01-10T15:30:00,70.252,0.0,70.252
11115,station-mirpur,OCTANE,926,2026-01-10T15:30:00,41.854,0.0,41.854
11116,station-tongi,DIESEL,926,2026-01-10T15:30:00,240.198,0.0,240.198
11117,station-tongi,PETROL,926,2026-01-10T15:30:00,75.267,0.0,75.267
11118,station-tongi,OCTANE,926,2026-01-10T15:30:00,35.905,0.0,35.905
11119,station-karnaphuli,DIESEL,926,2026-01-10T15:30:00,93.013,0.0,93.013
11120,station-karnaphuli,PETROL,926,2026-01-10T15:30:00,90.647,0.0,90.647
11121,station-karnaphuli,OCTANE,926,2026-01-10T15:30:00,46.819,0.0,46.819
11122,station-coxsbazar,DIESEL,926,2026-01-10T15:30:00,95.317,0.0,95.317
11123,station-coxsbazar,PETROL,926,2026-01-10T15:30:00,114.36,0.0,114.36
11124,station-coxsbazar,OCTANE,926,2026-01-10T15:30:00,47.631,0.0,47.631
11125,station-mirpur,DIESEL,927,2026-01-10T15:45:00,66.267,0.0,66.267
11126,station-mirpur,PETROL,927,2026-01-10T15:45:00,73.87,0.0,73.87
11127,station-mirpur,OCTANE,927,2026-01-10T15:45:00,39.115,0.0,39.115
11128,station-tongi,DIESEL,927,2026-01-10T15:45:00,228.461,0.0,228.461
11129,station-tongi,PETROL,927,2026-01-10T15:45:00,75.539,0.0,75.539
11130,station-tongi,OCTANE,927,2026-01-10T15:45:00,36.938,0.0,36.938
11131,station-karnaphuli,DIESEL,927,2026-01-10T15:45:00,98.168,0.0,98.168
11132,station-karnaphuli,PETROL,927,2026-01-10T15:45:00,98.805,0.0,98.805
11133,station-karnaphuli,OCTANE,927,2026-01-10T15:45:00,57.783,0.0,57.783
11134,station-coxsbazar,DIESEL,927,2026-01-10T15:45:00,93.339,0.0,93.339
11135,station-coxsbazar,PETROL,927,2026-01-10T15:45:00,105.462,0.0,105.462
11136,station-coxsbazar,OCTANE,927,2026-01-10T15:45:00,46.628,0.0,46.628
11137,station-mirpur,DIESEL,928,2026-01-10T16:00:00,138.05,0.0,138.05
11138,station-mirpur,PETROL,928,2026-01-10T16:00:00,161.849,0.0,161.849
11139,station-mirpur,OCTANE,928,2026-01-10T16:00:00,81.041,0.0,81.041
11140,station-tongi,DIESEL,928,2026-01-10T16:00:00,235.219,0.0,235.219
11141,station-tongi,PETROL,928,2026-01-10T16:00:00,68.796,0.0,68.796
11142,station-tongi,OCTANE,928,2026-01-10T16:00:00,34.539,0.0,34.539
11143,station-karnaphuli,DIESEL,928,2026-01-10T16:00:00,178.482,0.0,178.482
11144,station-karnaphuli,PETROL,928,2026-01-10T16:00:00,176.092,0.0,176.092
11145,station-karnaphuli,OCTANE,928,2026-01-10T16:00:00,85.802,0.0,85.802
11146,station-coxsbazar,DIESEL,928,2026-01-10T16:00:00,102.638,0.0,102.638
11147,station-coxsbazar,PETROL,928,2026-01-10T16:00:00,115.218,0.0,115.218
11148,station-coxsbazar,OCTANE,928,2026-01-10T16:00:00,55.623,0.0,55.623
11149,station-mirpur,DIESEL,929,2026-01-10T16:15:00,125.185,0.0,125.185
11150,station-mirpur,PETROL,929,2026-01-10T16:15:00,169.489,0.0,169.489
11151,station-mirpur,OCTANE,929,2026-01-10T16:15:00,76.386,0.0,76.386
11152,station-tongi,DIESEL,929,2026-01-10T16:15:00,243.813,0.0,243.813
11153,station-tongi,PETROL,929,2026-01-10T16:15:00,67.86,0.0,67.86
11154,station-tongi,OCTANE,929,2026-01-10T16:15:00,33.854,0.0,33.854
11155,station-karnaphuli,DIESEL,929,2026-01-10T16:15:00,169.098,0.0,169.098
11156,station-karnaphuli,PETROL,929,2026-01-10T16:15:00,168.248,0.0,168.248
11157,station-karnaphuli,OCTANE,929,2026-01-10T16:15:00,93.655,0.0,93.655
11158,station-coxsbazar,DIESEL,929,2026-01-10T16:15:00,94.727,0.0,94.727
11159,station-coxsbazar,PETROL,929,2026-01-10T16:15:00,101.603,0.0,101.603
11160,station-coxsbazar,OCTANE,929,2026-01-10T16:15:00,50.338,0.0,50.338
11161,station-mirpur,DIESEL,930,2026-01-10T16:30:00,131.791,0.0,131.791
11162,station-mirpur,PETROL,930,2026-01-10T16:30:00,145.235,0.0,145.235
11163,station-mirpur,OCTANE,930,2026-01-10T16:30:00,91.804,0.0,91.804
11164,station-tongi,DIESEL,930,2026-01-10T16:30:00,230.448,0.0,230.448
11165,station-tongi,PETROL,930,2026-01-10T16:30:00,68.615,0.0,68.615
11166,station-tongi,OCTANE,930,2026-01-10T16:30:00,34.433,0.0,34.433
11167,station-karnaphuli,DIESEL,930,2026-01-10T16:30:00,171.805,0.0,171.805
11168,station-karnaphuli,PETROL,930,2026-01-10T16:30:00,164.411,0.0,164.411
11169,station-karnaphuli,OCTANE,930,2026-01-10T16:30:00,90.701,0.0,90.701
11170,station-coxsbazar,DIESEL,930,2026-01-10T16:30:00,105.966,0.0,105.966
11171,station-coxsbazar,PETROL,930,2026-01-10T16:30:00,113.634,0.0,113.634
11172,station-coxsbazar,OCTANE,930,2026-01-10T16:30:00,48.23,0.0,48.23
11173,station-mirpur,DIESEL,931,2026-01-10T16:45:00,127.917,0.0,127.917
11174,station-mirpur,PETROL,931,2026-01-10T16:45:00,173.651,0.0,173.651
11175,station-mirpur,OCTANE,931,2026-01-10T16:45:00,83.522,0.0,83.522
11176,station-tongi,DIESEL,931,2026-01-10T16:45:00,243.965,0.0,243.965
11177,station-tongi,PETROL,931,2026-01-10T16:45:00,70.986,0.0,70.986
11178,station-tongi,OCTANE,931,2026-01-10T16:45:00,35.902,0.0,35.902
11179,station-karnaphuli,DIESEL,931,2026-01-10T16:45:00,156.158,0.0,156.158
11180,station-karnaphuli,PETROL,931,2026-01-10T16:45:00,171.212,0.0,171.212
11181,station-karnaphuli,OCTANE,931,2026-01-10T16:45:00,95.204,0.0,95.204
11182,station-coxsbazar,DIESEL,931,2026-01-10T16:45:00,92.024,0.0,92.024
11183,station-coxsbazar,PETROL,931,2026-01-10T16:45:00,111.248,0.0,111.248
11184,station-coxsbazar,OCTANE,931,2026-01-10T16:45:00,47.127,0.0,47.127
11185,station-mirpur,DIESEL,932,2026-01-10T17:00:00,132.406,0.0,132.406
11186,station-mirpur,PETROL,932,2026-01-10T17:00:00,151.95,0.0,151.95
11187,station-mirpur,OCTANE,932,2026-01-10T17:00:00,84.33,0.0,84.33
11188,station-tongi,DIESEL,932,2026-01-10T17:00:00,242.725,0.0,242.725
11189,station-tongi,PETROL,932,2026-01-10T17:00:00,74.108,0.0,74.108
11190,station-tongi,OCTANE,932,2026-01-10T17:00:00,32.708,0.0,32.708
11191,station-karnaphuli,DIESEL,932,2026-01-10T17:00:00,142.529,0.0,142.529
11192,station-karnaphuli,PETROL,932,2026-01-10T17:00:00,148.202,0.0,148.202
11193,station-karnaphuli,OCTANE,932,2026-01-10T17:00:00,98.773,0.0,98.773
11194,station-coxsbazar,DIESEL,932,2026-01-10T17:00:00,96.195,0.0,96.195
11195,station-coxsbazar,PETROL,932,2026-01-10T17:00:00,114.802,0.0,114.802
11196,station-coxsbazar,OCTANE,932,2026-01-10T17:00:00,50.489,0.0,50.489
11197,station-mirpur,DIESEL,933,2026-01-10T17:15:00,135.707,0.0,135.707
11198,station-mirpur,PETROL,933,2026-01-10T17:15:00,144.127,0.0,144.127
11199,station-mirpur,OCTANE,933,2026-01-10T17:15:00,89.384,0.0,89.384
11200,station-tongi,DIESEL,933,2026-01-10T17:15:00,239.644,0.0,239.644
11201,station-tongi,PETROL,933,2026-01-10T17:15:00,75.577,0.0,75.577
11202,station-tongi,OCTANE,933,2026-01-10T17:15:00,33.503,0.0,33.503
11203,station-karnaphuli,DIESEL,933,2026-01-10T17:15:00,163.823,0.0,163.823
11204,station-karnaphuli,PETROL,933,2026-01-10T17:15:00,173.81,0.0,173.81
11205,station-karnaphuli,OCTANE,933,2026-01-10T17:15:00,83.856,0.0,83.856
11206,station-coxsbazar,DIESEL,933,2026-01-10T17:15:00,99.762,0.0,99.762
11207,station-coxsbazar,PETROL,933,2026-01-10T17:15:00,102.438,0.0,102.438
11208,station-coxsbazar,OCTANE,933,2026-01-10T17:15:00,46.955,0.0,46.955
11209,station-mirpur,DIESEL,934,2026-01-10T17:30:00,132.903,0.0,132.903
11210,station-mirpur,PETROL,934,2026-01-10T17:30:00,170.291,0.0,170.291
11211,station-mirpur,OCTANE,934,2026-01-10T17:30:00,85.144,0.0,85.144
11212,station-tongi,DIESEL,934,2026-01-10T17:30:00,221.61,0.0,221.61
11213,station-tongi,PETROL,934,2026-01-10T17:30:00,77.276,0.0,77.276
11214,station-tongi,OCTANE,934,2026-01-10T17:30:00,32.69,0.0,32.69
11215,station-karnaphuli,DIESEL,934,2026-01-10T17:30:00,170.873,0.0,170.873
11216,station-karnaphuli,PETROL,934,2026-01-10T17:30:00,164.585,0.0,164.585
11217,station-karnaphuli,OCTANE,934,2026-01-10T17:30:00,96.923,0.0,96.923
11218,station-coxsbazar,DIESEL,934,2026-01-10T17:30:00,98.333,0.0,98.333
11219,station-coxsbazar,PETROL,934,2026-01-10T17:30:00,110.489,0.0,110.489
11220,station-coxsbazar,OCTANE,934,2026-01-10T17:30:00,54.771,0.0,54.771
11221,station-mirpur,DIESEL,935,2026-01-10T17:45:00,119.795,0.0,119.795
11222,station-mirpur,PETROL,935,2026-01-10T17:45:00,156.138,0.0,156.138
11223,station-mirpur,OCTANE,935,2026-01-10T17:45:00,79.673,0.0,79.673
11224,station-tongi,DIESEL,935,2026-01-10T17:45:00,224.241,0.0,224.241
11225,station-tongi,PETROL,935,2026-01-10T17:45:00,68.502,0.0,68.502
11226,station-tongi,OCTANE,935,2026-01-10T17:45:00,37.37,0.0,37.37
11227,station-karnaphuli,DIESEL,935,2026-01-10T17:45:00,169.271,0.0,169.271
11228,station-karnaphuli,PETROL,935,2026-01-10T17:45:00,178.819,0.0,178.819
11229,station-karnaphuli,OCTANE,935,2026-01-10T17:45:00,83.973,0.0,83.973
11230,station-coxsbazar,DIESEL,935,2026-01-10T17:45:00,108.797,0.0,108.797
11231,station-coxsbazar,PETROL,935,2026-01-10T17:45:00,98.917,0.0,98.917
11232,station-coxsbazar,OCTANE,935,2026-01-10T17:45:00,54.563,0.0,54.563
11233,station-mirpur,DIESEL,936,2026-01-10T18:00:00,116.786,0.0,116.786
11234,station-mirpur,PETROL,936,2026-01-10T18:00:00,168.654,0.0,168.654
11235,station-mirpur,OCTANE,936,2026-01-10T18:00:00,76.668,0.0,76.668
11236,station-tongi,DIESEL,936,2026-01-10T18:00:00,61.948,0.0,61.948
11237,station-tongi,PETROL,936,2026-01-10T18:00:00,19.76,0.0,19.76
11238,station-tongi,OCTANE,936,2026-01-10T18:00:00,10.336,0.0,10.336
11239,station-karnaphuli,DIESEL,936,2026-01-10T18:00:00,175.801,0.0,175.801
11240,station-karnaphuli,PETROL,936,2026-01-10T18:00:00,174.11,0.0,174.11
11241,station-karnaphuli,OCTANE,936,2026-01-10T18:00:00,85.7,0.0,85.7
11242,station-coxsbazar,DIESEL,936,2026-01-10T18:00:00,108.48,0.0,108.48
11243,station-coxsbazar,PETROL,936,2026-01-10T18:00:00,105.965,0.0,105.965
11244,station-coxsbazar,OCTANE,936,2026-01-10T18:00:00,52.542,0.0,52.542
11245,station-mirpur,DIESEL,937,2026-01-10T18:15:00,136.894,0.0,136.894
11246,station-mirpur,PETROL,937,2026-01-10T18:15:00,161.557,0.0,161.557
11247,station-mirpur,OCTANE,937,2026-01-10T18:15:00,80.383,0.0,80.383
11248,station-tongi,DIESEL,937,2026-01-10T18:15:00,67.992,0.0,67.992
11249,station-tongi,PETROL,937,2026-01-10T18:15:00,20.976,0.0,20.976
11250,station-tongi,OCTANE,937,2026-01-10T18:15:00,10.823,0.0,10.823
11251,station-karnaphuli,DIESEL,937,2026-01-10T18:15:00,167.369,0.0,167.369
11252,station-karnaphuli,PETROL,937,2026-01-10T18:15:00,183.176,0.0,183.176
11253,station-karnaphuli,OCTANE,937,2026-01-10T18:15:00,88.755,0.0,88.755
11254,station-coxsbazar,DIESEL,937,2026-01-10T18:15:00,100.451,0.0,100.451
11255,station-coxsbazar,PETROL,937,2026-01-10T18:15:00,103.75,0.0,103.75
11256,station-coxsbazar,OCTANE,937,2026-01-10T18:15:00,46.234,0.0,46.234
11257,station-mirpur,DIESEL,938,2026-01-10T18:30:00,126.153,0.0,126.153
11258,station-mirpur,PETROL,938,2026-01-10T18:30:00,152.388,0.0,152.388
11259,station-mirpur,OCTANE,938,2026-01-10T18:30:00,90.319,0.0,90.319
11260,station-tongi,DIESEL,938,2026-01-10T18:30:00,69.244,0.0,69.244
11261,station-tongi,PETROL,938,2026-01-10T18:30:00,20.08,0.0,20.08
11262,station-tongi,OCTANE,938,2026-01-10T18:30:00,10.351,0.0,10.351
11263,station-karnaphuli,DIESEL,938,2026-01-10T18:30:00,146.032,0.0,146.032
11264,station-karnaphuli,PETROL,938,2026-01-10T18:30:00,163.881,0.0,163.881
11265,station-karnaphuli,OCTANE,938,2026-01-10T18:30:00,94.311,0.0,94.311
11266,station-coxsbazar,DIESEL,938,2026-01-10T18:30:00,104.653,0.0,104.653
11267,station-coxsbazar,PETROL,938,2026-01-10T18:30:00,104.238,0.0,104.238
11268,station-coxsbazar,OCTANE,938,2026-01-10T18:30:00,55.17,0.0,55.17
11269,station-mirpur,DIESEL,939,2026-01-10T18:45:00,125.919,0.0,125.919
11270,station-mirpur,PETROL,939,2026-01-10T18:45:00,150.001,0.0,150.001
11271,station-mirpur,OCTANE,939,2026-01-10T18:45:00,84.958,0.0,84.958
11272,station-tongi,DIESEL,939,2026-01-10T18:45:00,65.515,0.0,65.515
11273,station-tongi,PETROL,939,2026-01-10T18:45:00,21.145,0.0,21.145
11274,station-tongi,OCTANE,939,2026-01-10T18:45:00,10.361,0.0,10.361
11275,station-karnaphuli,DIESEL,939,2026-01-10T18:45:00,140.449,0.0,140.449
11276,station-karnaphuli,PETROL,939,2026-01-10T18:45:00,185.862,0.0,185.862
11277,station-karnaphuli,OCTANE,939,2026-01-10T18:45:00,88.316,0.0,88.316
11278,station-coxsbazar,DIESEL,939,2026-01-10T18:45:00,104.489,0.0,104.489
11279,station-coxsbazar,PETROL,939,2026-01-10T18:45:00,115.866,0.0,115.866
11280,station-coxsbazar,OCTANE,939,2026-01-10T18:45:00,51.024,0.0,51.024
11281,station-mirpur,DIESEL,940,2026-01-10T19:00:00,133.001,0.0,133.001
11282,station-mirpur,PETROL,940,2026-01-10T19:00:00,152.122,0.0,152.122
11283,station-mirpur,OCTANE,940,2026-01-10T19:00:00,79.563,0.0,79.563
11284,station-tongi,DIESEL,940,2026-01-10T19:00:00,61.77,0.0,61.77
11285,station-tongi,PETROL,940,2026-01-10T19:00:00,22.181,0.0,22.181
11286,station-tongi,OCTANE,940,2026-01-10T19:00:00,9.899,0.0,9.899
11287,station-karnaphuli,DIESEL,940,2026-01-10T19:00:00,169.242,0.0,169.242
11288,station-karnaphuli,PETROL,940,2026-01-10T19:00:00,152.157,0.0,152.157
11289,station-karnaphuli,OCTANE,940,2026-01-10T19:00:00,88.612,0.0,88.612
11290,station-coxsbazar,DIESEL,940,2026-01-10T19:00:00,96.635,0.0,96.635
11291,station-coxsbazar,PETROL,940,2026-01-10T19:00:00,104.851,0.0,104.851
11292,station-coxsbazar,OCTANE,940,2026-01-10T19:00:00,48.811,0.0,48.811
11293,station-mirpur,DIESEL,941,2026-01-10T19:15:00,122.772,0.0,122.772
11294,station-mirpur,PETROL,941,2026-01-10T19:15:00,145.037,0.0,145.037
11295,station-mirpur,OCTANE,941,2026-01-10T19:15:00,78.107,0.0,78.107
11296,station-tongi,DIESEL,941,2026-01-10T19:15:00,62.393,0.0,62.393
11297,station-tongi,PETROL,941,2026-01-10T19:15:00,20.792,0.0,20.792
11298,station-tongi,OCTANE,941,2026-01-10T19:15:00,10.274,0.0,10.274
11299,station-karnaphuli,DIESEL,941,2026-01-10T19:15:00,160.763,0.0,160.763
11300,station-karnaphuli,PETROL,941,2026-01-10T19:15:00,160.086,0.0,160.086
11301,station-karnaphuli,OCTANE,941,2026-01-10T19:15:00,89.038,0.0,89.038
11302,station-coxsbazar,DIESEL,941,2026-01-10T19:15:00,105.472,0.0,105.472
11303,station-coxsbazar,PETROL,941,2026-01-10T19:15:00,106.795,0.0,106.795
11304,station-coxsbazar,OCTANE,941,2026-01-10T19:15:00,53.095,0.0,53.095
11305,station-mirpur,DIESEL,942,2026-01-10T19:30:00,122.199,0.0,122.199
11306,station-mirpur,PETROL,942,2026-01-10T19:30:00,163.505,0.0,163.505
11307,station-mirpur,OCTANE,942,2026-01-10T19:30:00,85.64,0.0,85.64
11308,station-tongi,DIESEL,942,2026-01-10T19:30:00,63.643,0.0,63.643
11309,station-tongi,PETROL,942,2026-01-10T19:30:00,21.471,0.0,21.471
11310,station-tongi,OCTANE,942,2026-01-10T19:30:00,9.535,0.0,9.535
11311,station-karnaphuli,DIESEL,942,2026-01-10T19:30:00,171.434,0.0,171.434
11312,station-karnaphuli,PETROL,942,2026-01-10T19:30:00,160.03,0.0,160.03
11313,station-karnaphuli,OCTANE,942,2026-01-10T19:30:00,91.526,0.0,91.526
11314,station-coxsbazar,DIESEL,942,2026-01-10T19:30:00,109.258,0.0,109.258
11315,station-coxsbazar,PETROL,942,2026-01-10T19:30:00,113.621,0.0,113.621
11316,station-coxsbazar,OCTANE,942,2026-01-10T19:30:00,55.352,0.0,55.352
11317,station-mirpur,DIESEL,943,2026-01-10T19:45:00,132.513,0.0,132.513
11318,station-mirpur,PETROL,943,2026-01-10T19:45:00,149.947,0.0,149.947
11319,station-mirpur,OCTANE,943,2026-01-10T19:45:00,87.604,0.0,87.604
11320,station-tongi,DIESEL,943,2026-01-10T19:45:00,69.329,0.0,69.329
11321,station-tongi,PETROL,943,2026-01-10T19:45:00,20.646,0.0,20.646
11322,station-tongi,OCTANE,943,2026-01-10T19:45:00,10.155,0.0,10.155
11323,station-karnaphuli,DIESEL,943,2026-01-10T19:45:00,165.73,0.0,165.73
11324,station-karnaphuli,PETROL,943,2026-01-10T19:45:00,179.488,0.0,179.488
11325,station-karnaphuli,OCTANE,943,2026-01-10T19:45:00,86.922,0.0,86.922
11326,station-coxsbazar,DIESEL,943,2026-01-10T19:45:00,107.346,0.0,107.346
11327,station-coxsbazar,PETROL,943,2026-01-10T19:45:00,104.666,0.0,104.666
11328,station-coxsbazar,OCTANE,943,2026-01-10T19:45:00,51.131,0.0,51.131
11329,station-mirpur,DIESEL,944,2026-01-10T20:00:00,139.12,0.0,139.12
11330,station-mirpur,PETROL,944,2026-01-10T20:00:00,163.498,0.0,163.498
11331,station-mirpur,OCTANE,944,2026-01-10T20:00:00,77.749,0.0,77.749
11332,station-tongi,DIESEL,944,2026-01-10T20:00:00,69.957,0.0,69.957
11333,station-tongi,PETROL,944,2026-01-10T20:00:00,20.574,0.0,20.574
11334,station-tongi,OCTANE,944,2026-01-10T20:00:00,10.242,0.0,10.242
11335,station-karnaphuli,DIESEL,944,2026-01-10T20:00:00,143.066,0.0,143.066
11336,station-karnaphuli,PETROL,944,2026-01-10T20:00:00,165.15,0.0,165.15
11337,station-karnaphuli,OCTANE,944,2026-01-10T20:00:00,98.4,0.0,98.4
11338,station-coxsbazar,DIESEL,944,2026-01-10T20:00:00,109.579,0.0,109.579
11339,station-coxsbazar,PETROL,944,2026-01-10T20:00:00,104.446,0.0,104.446
11340,station-coxsbazar,OCTANE,944,2026-01-10T20:00:00,49.583,0.0,49.583
11341,station-mirpur,DIESEL,945,2026-01-10T20:15:00,131.172,0.0,131.172
11342,station-mirpur,PETROL,945,2026-01-10T20:15:00,170.455,0.0,170.455
11343,station-mirpur,OCTANE,945,2026-01-10T20:15:00,79.105,0.0,79.105
11344,station-tongi,DIESEL,945,2026-01-10T20:15:00,64.03,0.0,64.03
11345,station-tongi,PETROL,945,2026-01-10T20:15:00,20.314,0.0,20.314
11346,station-tongi,OCTANE,945,2026-01-10T20:15:00,11.063,0.0,11.063
11347,station-karnaphuli,DIESEL,945,2026-01-10T20:15:00,165.643,0.0,165.643
11348,station-karnaphuli,PETROL,945,2026-01-10T20:15:00,147.076,0.0,147.076
11349,station-karnaphuli,OCTANE,945,2026-01-10T20:15:00,82.87,0.0,82.87
11350,station-coxsbazar,DIESEL,945,2026-01-10T20:15:00,108.005,0.0,108.005
11351,station-coxsbazar,PETROL,945,2026-01-10T20:15:00,108.502,0.0,108.502
11352,station-coxsbazar,OCTANE,945,2026-01-10T20:15:00,48.988,0.0,48.988
11353,station-mirpur,DIESEL,946,2026-01-10T20:30:00,121.353,0.0,121.353
11354,station-mirpur,PETROL,946,2026-01-10T20:30:00,149.28,0.0,149.28
11355,station-mirpur,OCTANE,946,2026-01-10T20:30:00,76.442,0.0,76.442
11356,station-tongi,DIESEL,946,2026-01-10T20:30:00,69.879,0.0,69.879
11357,station-tongi,PETROL,946,2026-01-10T20:30:00,21.278,0.0,21.278
11358,station-tongi,OCTANE,946,2026-01-10T20:30:00,10.0,0.0,10.0
11359,station-karnaphuli,DIESEL,946,2026-01-10T20:30:00,153.105,0.0,153.105
11360,station-karnaphuli,PETROL,946,2026-01-10T20:30:00,173.839,0.0,173.839
11361,station-karnaphuli,OCTANE,946,2026-01-10T20:30:00,86.644,0.0,86.644
11362,station-coxsbazar,DIESEL,946,2026-01-10T20:30:00,97.482,0.0,97.482
11363,station-coxsbazar,PETROL,946,2026-01-10T20:30:00,111.365,0.0,111.365
11364,station-coxsbazar,OCTANE,946,2026-01-10T20:30:00,55.358,0.0,55.358
11365,station-mirpur,DIESEL,947,2026-01-10T20:45:00,119.414,0.0,119.414
11366,station-mirpur,PETROL,947,2026-01-10T20:45:00,160.604,0.0,160.604
11367,station-mirpur,OCTANE,947,2026-01-10T20:45:00,91.899,0.0,91.899
11368,station-tongi,DIESEL,947,2026-01-10T20:45:00,69.53,0.0,69.53
11369,station-tongi,PETROL,947,2026-01-10T20:45:00,22.71,0.0,22.71
11370,station-tongi,OCTANE,947,2026-01-10T20:45:00,10.112,0.0,10.112
11371,station-karnaphuli,DIESEL,947,2026-01-10T20:45:00,142.095,0.0,142.095
11372,station-karnaphuli,PETROL,947,2026-01-10T20:45:00,148.507,0.0,148.507
11373,station-karnaphuli,OCTANE,947,2026-01-10T20:45:00,84.589,0.0,84.589
11374,station-coxsbazar,DIESEL,947,2026-01-10T20:45:00,91.57,0.0,91.57
11375,station-coxsbazar,PETROL,947,2026-01-10T20:45:00,108.542,0.0,108.542
11376,station-coxsbazar,OCTANE,947,2026-01-10T20:45:00,46.863,0.0,46.863
11377,station-mirpur,DIESEL,948,2026-01-10T21:00:00,60.911,0.0,60.911
11378,station-mirpur,PETROL,948,2026-01-10T21:00:00,82.377,0.0,82.377
11379,station-mirpur,OCTANE,948,2026-01-10T21:00:00,39.787,0.0,39.787
11380,station-tongi,DIESEL,948,2026-01-10T21:00:00,67.135,0.0,67.135
11381,station-tongi,PETROL,948,2026-01-10T21:00:00,21.247,0.0,21.247
11382,station-tongi,OCTANE,948,2026-01-10T21:00:00,10.703,0.0,10.703
11383,station-karnaphuli,DIESEL,948,2026-01-10T21:00:00,94.398,0.0,94.398
11384,station-karnaphuli,PETROL,948,2026-01-10T21:00:00,95.536,0.0,95.536
11385,station-karnaphuli,OCTANE,948,2026-01-10T21:00:00,58.331,0.0,58.331
11386,station-coxsbazar,DIESEL,948,2026-01-10T21:00:00,56.716,0.0,56.716
11387,station-coxsbazar,PETROL,948,2026-01-10T21:00:00,60.65,0.0,60.65
11388,station-coxsbazar,OCTANE,948,2026-01-10T21:00:00,23.71,0.0,23.71
11389,station-mirpur,DIESEL,949,2026-01-10T21:15:00,62.522,0.0,62.522
11390,station-mirpur,PETROL,949,2026-01-10T21:15:00,79.975,0.0,79.975
11391,station-mirpur,OCTANE,949,2026-01-10T21:15:00,37.447,0.0,37.447
11392,station-tongi,DIESEL,949,2026-01-10T21:15:00,64.826,0.0,64.826
11393,station-tongi,PETROL,949,2026-01-10T21:15:00,20.143,0.0,20.143
11394,station-tongi,OCTANE,949,2026-01-10T21:15:00,9.822,0.0,9.822
11395,station-karnaphuli,DIESEL,949,2026-01-10T21:15:00,81.414,0.0,81.414
11396,station-karnaphuli,PETROL,949,2026-01-10T21:15:00,87.88,0.0,87.88
11397,station-karnaphuli,OCTANE,949,2026-01-10T21:15:00,58.539,0.0,58.539
11398,station-coxsbazar,DIESEL,949,2026-01-10T21:15:00,55.138,0.0,55.138
11399,station-coxsbazar,PETROL,949,2026-01-10T21:15:00,50.865,0.0,50.865
11400,station-coxsbazar,OCTANE,949,2026-01-10T21:15:00,28.864,0.0,28.864
11401,station-mirpur,DIESEL,950,2026-01-10T21:30:00,64.833,0.0,64.833
11402,station-mirpur,PETROL,950,2026-01-10T21:30:00,72.479,0.0,72.479
11403,station-mirpur,OCTANE,950,2026-01-10T21:30:00,41.183,0.0,41.183
11404,station-tongi,DIESEL,950,2026-01-10T21:30:00,62.786,0.0,62.786
11405,station-tongi,PETROL,950,2026-01-10T21:30:00,20.117,0.0,20.117
11406,station-tongi,OCTANE,950,2026-01-10T21:30:00,10.897,0.0,10.897
11407,station-karnaphuli,DIESEL,950,2026-01-10T21:30:00,85.115,0.0,85.115
11408,station-karnaphuli,PETROL,950,2026-01-10T21:30:00,93.609,0.0,93.609
11409,station-karnaphuli,OCTANE,950,2026-01-10T21:30:00,57.743,0.0,57.743
11410,station-coxsbazar,DIESEL,950,2026-01-10T21:30:00,47.544,0.0,47.544
11411,station-coxsbazar,PETROL,950,2026-01-10T21:30:00,54.06,0.0,54.06
11412,station-coxsbazar,OCTANE,950,2026-01-10T21:30:00,27.992,0.0,27.992
11413,station-mirpur,DIESEL,951,2026-01-10T21:45:00,58.454,0.0,58.454
11414,station-mirpur,PETROL,951,2026-01-10T21:45:00,77.695,0.0,77.695
11415,station-mirpur,OCTANE,951,2026-01-10T21:45:00,37.448,0.0,37.448
11416,station-tongi,DIESEL,951,2026-01-10T21:45:00,63.318,0.0,63.318
11417,station-tongi,PETROL,951,2026-01-10T21:45:00,19.795,0.0,19.795
11418,station-tongi,OCTANE,951,2026-01-10T21:45:00,9.721,0.0,9.721
11419,station-karnaphuli,DIESEL,951,2026-01-10T21:45:00,96.067,0.0,96.067
11420,station-karnaphuli,PETROL,951,2026-01-10T21:45:00,102.3,0.0,102.3
11421,station-karnaphuli,OCTANE,951,2026-01-10T21:45:00,47.159,0.0,47.159
11422,station-coxsbazar,DIESEL,951,2026-01-10T21:45:00,50.667,0.0,50.667
11423,station-coxsbazar,PETROL,951,2026-01-10T21:45:00,58.113,0.0,58.113
11424,station-coxsbazar,OCTANE,951,2026-01-10T21:45:00,27.398,0.0,27.398
11425,station-mirpur,DIESEL,952,2026-01-10T22:00:00,59.836,0.0,59.836
11426,station-mirpur,PETROL,952,2026-01-10T22:00:00,75.805,0.0,75.805
11427,station-mirpur,OCTANE,952,2026-01-10T22:00:00,40.024,0.0,40.024
11428,station-tongi,DIESEL,952,2026-01-10T22:00:00,67.501,0.0,67.501
11429,station-tongi,PETROL,952,2026-01-10T22:00:00,22.486,0.0,22.486
11430,station-tongi,OCTANE,952,2026-01-10T22:00:00,9.645,0.0,9.645
11431,station-karnaphuli,DIESEL,952,2026-01-10T22:00:00,89.006,0.0,89.006
11432,station-karnaphuli,PETROL,952,2026-01-10T22:00:00,84.002,0.0,84.002
11433,station-karnaphuli,OCTANE,952,2026-01-10T22:00:00,58.197,0.0,58.197
11434,station-coxsbazar,DIESEL,952,2026-01-10T22:00:00,53.556,0.0,53.556
11435,station-coxsbazar,PETROL,952,2026-01-10T22:00:00,50.769,0.0,50.769
11436,station-coxsbazar,OCTANE,952,2026-01-10T22:00:00,26.888,0.0,26.888
11437,station-mirpur,DIESEL,953,2026-01-10T22:15:00,61.166,0.0,61.166
11438,station-mirpur,PETROL,953,2026-01-10T22:15:00,73.323,0.0,73.323
11439,station-mirpur,OCTANE,953,2026-01-10T22:15:00,44.672,0.0,44.672
11440,station-tongi,DIESEL,953,2026-01-10T22:15:00,64.126,0.0,64.126
11441,station-tongi,PETROL,953,2026-01-10T22:15:00,20.502,0.0,20.502
11442,station-tongi,OCTANE,953,2026-01-10T22:15:00,10.476,0.0,10.476
11443,station-karnaphuli,DIESEL,953,2026-01-10T22:15:00,83.683,0.0,83.683
11444,station-karnaphuli,PETROL,953,2026-01-10T22:15:00,102.935,0.0,102.935
11445,station-karnaphuli,OCTANE,953,2026-01-10T22:15:00,57.061,0.0,57.061
11446,station-coxsbazar,DIESEL,953,2026-01-10T22:15:00,49.399,0.0,49.399
11447,station-coxsbazar,PETROL,953,2026-01-10T22:15:00,58.235,0.0,58.235
11448,station-coxsbazar,OCTANE,953,2026-01-10T22:15:00,26.161,0.0,26.161
11449,station-mirpur,DIESEL,954,2026-01-10T22:30:00,62.269,0.0,62.269
11450,station-mirpur,PETROL,954,2026-01-10T22:30:00,75.711,0.0,75.711
11451,station-mirpur,OCTANE,954,2026-01-10T22:30:00,43.069,0.0,43.069
11452,station-tongi,DIESEL,954,2026-01-10T22:30:00,64.464,0.0,64.464
11453,station-tongi,PETROL,954,2026-01-10T22:30:00,19.924,0.0,19.924
11454,station-tongi,OCTANE,954,2026-01-10T22:30:00,9.531,0.0,9.531
11455,station-karnaphuli,DIESEL,954,2026-01-10T22:30:00,95.558,0.0,95.558
11456,station-karnaphuli,PETROL,954,2026-01-10T22:30:00,85.623,0.0,85.623
11457,station-karnaphuli,OCTANE,954,2026-01-10T22:30:00,46.749,0.0,46.749
11458,station-coxsbazar,DIESEL,954,2026-01-10T22:30:00,50.105,0.0,50.105
11459,station-coxsbazar,PETROL,954,2026-01-10T22:30:00,55.894,0.0,55.894
11460,station-coxsbazar,OCTANE,954,2026-01-10T22:30:00,26.348,0.0,26.348
11461,station-mirpur,DIESEL,955,2026-01-10T22:45:00,66.857,0.0,66.857
11462,station-mirpur,PETROL,955,2026-01-10T22:45:00,81.877,0.0,81.877
11463,station-mirpur,OCTANE,955,2026-01-10T22:45:00,37.458,0.0,37.458
11464,station-tongi,DIESEL,955,2026-01-10T22:45:00,62.221,0.0,62.221
11465,station-tongi,PETROL,955,2026-01-10T22:45:00,21.698,0.0,21.698
11466,station-tongi,OCTANE,955,2026-01-10T22:45:00,10.739,0.0,10.739
11467,station-karnaphuli,DIESEL,955,2026-01-10T22:45:00,90.003,0.0,90.003
11468,station-karnaphuli,PETROL,955,2026-01-10T22:45:00,97.265,0.0,97.265
11469,station-karnaphuli,OCTANE,955,2026-01-10T22:45:00,50.064,0.0,50.064
11470,station-coxsbazar,DIESEL,955,2026-01-10T22:45:00,50.945,0.0,50.945
11471,station-coxsbazar,PETROL,955,2026-01-10T22:45:00,50.361,0.0,50.361
11472,station-coxsbazar,OCTANE,955,2026-01-10T22:45:00,25.238,0.0,25.238
11473,station-mirpur,DIESEL,956,2026-01-10T23:00:00,58.18,0.0,58.18
11474,station-mirpur,PETROL,956,2026-01-10T23:00:00,74.411,0.0,74.411
11475,station-mirpur,OCTANE,956,2026-01-10T23:00:00,40.745,0.0,40.745
11476,station-tongi,DIESEL,956,2026-01-10T23:00:00,66.82,0.0,66.82
11477,station-tongi,PETROL,956,2026-01-10T23:00:00,20.681,0.0,20.681
11478,station-tongi,OCTANE,956,2026-01-10T23:00:00,10.697,0.0,10.697
11479,station-karnaphuli,DIESEL,956,2026-01-10T23:00:00,85.284,0.0,85.284
11480,station-karnaphuli,PETROL,956,2026-01-10T23:00:00,84.804,0.0,84.804
11481,station-karnaphuli,OCTANE,956,2026-01-10T23:00:00,57.986,0.0,57.986
11482,station-coxsbazar,DIESEL,956,2026-01-10T23:00:00,53.8,0.0,53.8
11483,station-coxsbazar,PETROL,956,2026-01-10T23:00:00,60.21,0.0,60.21
11484,station-coxsbazar,OCTANE,956,2026-01-10T23:00:00,24.05,0.0,24.05
11485,station-mirpur,DIESEL,957,2026-01-10T23:15:00,57.687,0.0,57.687
11486,station-mirpur,PETROL,957,2026-01-10T23:15:00,74.387,0.0,74.387
11487,station-mirpur,OCTANE,957,2026-01-10T23:15:00,37.971,0.0,37.971
11488,station-tongi,DIESEL,957,2026-01-10T23:15:00,62.899,0.0,62.899
11489,station-tongi,PETROL,957,2026-01-10T23:15:00,20.504,0.0,20.504
11490,station-tongi,OCTANE,957,2026-01-10T23:15:00,10.257,0.0,10.257
11491,station-karnaphuli,DIESEL,957,2026-01-10T23:15:00,86.102,0.0,86.102
11492,station-karnaphuli,PETROL,957,2026-01-10T23:15:00,83.034,0.0,83.034
11493,station-karnaphuli,OCTANE,957,2026-01-10T23:15:00,50.901,0.0,50.901
11494,station-coxsbazar,DIESEL,957,2026-01-10T23:15:00,53.517,0.0,53.517
11495,station-coxsbazar,PETROL,957,2026-01-10T23:15:00,52.27,0.0,52.27
11496,station-coxsbazar,OCTANE,957,2026-01-10T23:15:00,24.996,0.0,24.996
11497,station-mirpur,DIESEL,958,2026-01-10T23:30:00,56.085,0.0,56.085
11498,station-mirpur,PETROL,958,2026-01-10T23:30:00,79.224,0.0,79.224
11499,station-mirpur,OCTANE,958,2026-01-10T23:30:00,40.933,0.0,40.933
11500,station-tongi,DIESEL,958,2026-01-10T23:30:00,62.242,0.0,62.242
11501,station-tongi,PETROL,958,2026-01-10T23:30:00,22.455,0.0,22.455
11502,station-tongi,OCTANE,958,2026-01-10T23:30:00,10.545,0.0,10.545
11503,station-karnaphuli,DIESEL,958,2026-01-10T23:30:00,89.722,0.0,89.722
11504,station-karnaphuli,PETROL,958,2026-01-10T23:30:00,92.25,0.0,92.25
11505,station-karnaphuli,OCTANE,958,2026-01-10T23:30:00,56.456,0.0,56.456
11506,station-coxsbazar,DIESEL,958,2026-01-10T23:30:00,49.715,0.0,49.715
11507,station-coxsbazar,PETROL,958,2026-01-10T23:30:00,58.655,0.0,58.655
11508,station-coxsbazar,OCTANE,958,2026-01-10T23:30:00,26.511,0.0,26.511
11509,station-mirpur,DIESEL,959,2026-01-10T23:45:00,65.989,0.0,65.989
11510,station-mirpur,PETROL,959,2026-01-10T23:45:00,70.168,0.0,70.168
11511,station-mirpur,OCTANE,959,2026-01-10T23:45:00,39.921,0.0,39.921
11512,station-tongi,DIESEL,959,2026-01-10T23:45:00,67.642,0.0,67.642
11513,station-tongi,PETROL,959,2026-01-10T23:45:00,20.108,0.0,20.108
11514,station-tongi,OCTANE,959,2026-01-10T23:45:00,10.356,0.0,10.356
11515,station-karnaphuli,DIESEL,959,2026-01-10T23:45:00,85.595,0.0,85.595
11516,station-karnaphuli,PETROL,959,2026-01-10T23:45:00,103.149,0.0,103.149
11517,station-karnaphuli,OCTANE,959,2026-01-10T23:45:00,49.882,0.0,49.882
11518,station-coxsbazar,DIESEL,959,2026-01-10T23:45:00,56.293,0.0,56.293
11519,station-coxsbazar,PETROL,959,2026-01-10T23:45:00,59.284,0.0,59.284
11520,station-coxsbazar,OCTANE,959,2026-01-10T23:45:00,24.074,0.0,24.074
