tick,sim_time,depot_id,region_id,status,dispatch_capacity_per_tick,fuel_type,inventory,capacity
0,2026-01-01T00:00:00,depot-gazipur,region-dhaka,OPEN,12000.0,DIESEL,60000,90000
0,2026-01-01T00:00:00,depot-gazipur,region-dhaka,OPEN,12000.0,PETROL,45000,70000
0,2026-01-01T00:00:00,depot-gazipur,region-dhaka,OPEN,12000.0,OCTANE,26000,45000
0,2026-01-01T00:00:00,depot-patiya,region-chattogram,OPEN,11000.0,DIESEL,55000,85000
0,2026-01-01T00:00:00,depot-patiya,region-chattogram,OPEN,11000.0,PETROL,42000,65000
0,2026-01-01T00:00:00,depot-patiya,region-chattogram,OPEN,11000.0,OCTANE,24000,40000
1,2026-01-01T00:15:00,depot-gazipur,region-dhaka,OPEN,12000.0,DIESEL,60000,90000
1,2026-01-01T00:15:00,depot-gazipur,region-dhaka,OPEN,12000.0,PETROL,45000,70000
1,2026-01-01T00:15:00,depot-gazipur,region-dhaka,OPEN,12000.0,OCTANE,26000,45000
1,2026-01-01T00:15:00,depot-patiya,region-chattogram,OPEN,11000.0,DIESEL,55000,85000
1,2026-01-01T00:15:00,depot-patiya,region-chattogram,OPEN,11000.0,PETROL,42000,65000
1,2026-01-01T00:15:00,depot-patiya,region-chattogram,OPEN,11000.0,OCTANE,24000,40000
2,2026-01-01T00:30:00,depot-gazipur,region-dhaka,OPEN,12000.0,DIESEL,60000,90000
2,2026-01-01T00:30:00,depot-gazipur,region-dhaka,OPEN,12000.0,PETROL,45000,70000
2,2026-01-01T00:30:00,depot-gazipur,region-dhaka,OPEN,12000.0,OCTANE,26000,45000
2,2026-01-01T00:30:00,depot-patiya,region-chattogram,OPEN,11000.0,DIESEL,55000,85000
2,2026-01-01T00:30:00,depot-patiya,region-chattogram,OPEN,11000.0,PETROL,42000,65000
2,2026-01-01T00:30:00,depot-patiya,region-chattogram,OPEN,11000.0,OCTANE,24000,40000
3,2026-01-01T00:45:00,depot-gazipur,region-dhaka,OPEN,12000.0,DIESEL,60000,90000
3,2026-01-01T00:45:00,depot-gazipur,region-dhaka,OPEN,12000.0,PETROL,45000,70000
3,2026-01-01T00:45:00,depot-gazipur,region-dhaka,OPEN,12000.0,OCTANE,26000,45000
3,2026-01-01T00:45:00,depot-patiya,region-chattogram,OPEN,11000.0,DIESEL,55000,85000
3,2026-01-01T00:45:00,depot-patiya,region-chattogram,OPEN,11000.0,PETROL,42000,65000
3,2026-01-01T00:45:00,depot-patiya,region-chattogram,OPEN,11000.0,OCTANE,24000,40000
4,2026-01-01T01:00:00,depot-gazipur,region-dhaka,OPEN,12000.0,DIESEL,60000,90000
4,2026-01-01T01:00:00,depot-gazipur,region-dhaka,OPEN,12000.0,PETROL,45000,70000
4,2026-01-01T01:00:00,depot-gazipur,region-dhaka,OPEN,12000.0,OCTANE,26000,45000
4,2026-01-01T01:00:00,depot-patiya,region-chattogram,OPEN,11000.0,DIESEL,55000,85000
4,2026-01-01T01:00:00,depot-patiya,region-chattogram,OPEN,11000.0,PETROL,42000,65000
4,2026-01-01T01:00:00,depot-patiya,region-chattogram,OPEN,11000.0,OCTANE,24000,40000
5,2026-01-01T01:15:00,depot-gazipur,region-dhaka,OPEN,12000.0,DIESEL,60000,90000
5,2026-01-01T01:15:00,depot-gazipur,region-dhaka,OPEN,12000.0,PETROL,45000,70000
5,2026-01-01T01:15:00,depot-gazipur,region-dhaka,OPEN,12000.0,OCTANE,26000,45000
5,2026-01-01T01:15:00,depot-patiya,region-chattogram,OPEN,11000.0,DIESEL,55000,85000
5,2026-01-01T01:15:00,depot-patiya,region-chattogram,OPEN,11000.0,PETROL,42000,65000
5,2026-01-01T01:15:00,depot-patiya,region-chattogram,OPEN,11000.0,OCTANE,24000,40000
6,2026-01-01T01:30:00,depot-gazipur,region-dhaka,OPEN,12000.0,DIESEL,60000,90000
6,2026-01-01T01:30:00,depot-gazipur,region-dhaka,OPEN,12000.0,PETROL,45000,70000
6,2026-01-01T01:30:00,depot-gazipur,region-dhaka,OPEN,12000.0,OCTANE,26000,45000
6,2026-01-01T01:30:00,depot-patiya,region-chattogram,OPEN,11000.0,DIESEL,55000,85000
6,2026-01-01T01:30:00,depot-patiya,region-chattogram,OPEN,11000.0,PETROL,42000,65000
6,2026-01-01T01:30:00,depot-patiya,region-chattogram,OPEN,11000.0,OCTANE,24000,40000
7,2026-01-01T01:45:00,depot-gazipur,region-dhaka,OPEN,12000.0,DIESEL,60000,90000
7,2026-01-01T01:45:00,depot-gazipur,region-dhaka,OPEN,12000.0,PETROL,45000,70000
7,2026-01-01T01:45:00,depot-gazipur,region-dhaka,OPEN,12000.0,OCTANE,26000,45000
7,2026-01-01T01:45:00,depot-patiya,region-chattogram,OPEN,11000.0,DIESEL,55000,85000
7,2026-01-01T01:45:00,depot-patiya,region-chattogram,OPEN,11000.0,PETROL,42000,65000
7,2026-01-01T01:45:00,depot-patiya,region-chattogram,OPEN,11000.0,OCTANE,24000,40000
8,2026-01-01T02:00:00,depot-gazipur,region-dhaka,OPEN,12000.0,DIESEL,60000,90000
8,2026-01-01T02:00:00,depot-gazipur,region-dhaka,OPEN,12000.0,PETROL,45000,70000
8,2026-01-01T02:00:00,depot-gazipur,region-dhaka,OPEN,12000.0,OCTANE,26000,45000
8,2026-01-01T02:00:00,depot-patiya,region-chattogram,OPEN,11000.0,DIESEL,55000,85000
8,2026-01-01T02:00:00,depot-patiya,region-chattogram,OPEN,11000.0,PETROL,42000,65000
8,2026-01-01T02:00:00,depot-patiya,region-chattogram,OPEN,11000.0,OCTANE,24000,40000
9,2026-01-01T02:15:00,depot-gazipur,region-dhaka,OPEN,12000.0,DIESEL,60000,90000
9,2026-01-01T02:15:00,depot-gazipur,region-dhaka,OPEN,12000.0,PETROL,45000,70000
9,2026-01-01T02:15:00,depot-gazipur,region-dhaka,OPEN,12000.0,OCTANE,26000,45000
9,2026-01-01T02:15:00,depot-patiya,region-chattogram,OPEN,11000.0,DIESEL,55000,85000
9,2026-01-01T02:15:00,depot-patiya,region-chattogram,OPEN,11000.0,PETROL,42000,65000
9,2026-01-01T02:15:00,depot-patiya,region-chattogram,OPEN,11000.0,OCTANE,24000,40000
10,2026-01-01T02:30:00,depot-gazipur,region-dhaka,OPEN,12000.0,DIESEL,60000,90000
10,2026-01-01T02:30:00,depot-gazipur,region-dhaka,OPEN,12000.0,PETROL,45000,70000
10,2026-01-01T02:30:00,depot-gazipur,region-dhaka,OPEN,12000.0,OCTANE,26000,45000
10,2026-01-01T02:30:00,depot-patiya,region-chattogram,OPEN,11000.0,DIESEL,55000,85000
10,2026-01-01T02:30:00,depot-patiya,region-chattogram,OPEN,11000.0,PETROL,42000,65000
10,2026-01-01T02:30:00,depot-patiya,region-chattogram,OPEN,11000.0,OCTANE,24000,40000
11,2026-01-01T02:45:00,depot-gazipur,region-dhaka,OPEN,12000.0,DIESEL,60000,90000
11,2026-01-01T02:45:00,depot-gazipur,region-dhaka,OPEN,12000.0,PETROL,45000,70000
11,2026-01-01T02:45:00,depot-gazipur,region-dhaka,OPEN,12000.0,OCTANE,26000,45000
11,2026-01-01T02:45:00,depot-patiya,region-chattogram,OPEN,11000.0,DIESEL,55000,85000
11,2026-01-01T02:45:00,depot-patiya,region-chattogram,OPEN,11000.0,PETROL,42000,65000
11,2026-01-01T02:45:00,depot-patiya,region-chattogram,OPEN,11000.0,OCTANE,24000,40000
12,2026-01-01T03:00:00,depot-gazipur,region-dhaka,OPEN,12000.0,DIESEL,60000,90000
12,2026-01-01T03:00:00,depot-gazipur,region-dhaka,OPEN,12000.0,PETROL,45000,70000
12,2026-01-01T03:00:00,depot-gazipur,region-dhaka,OPEN,12000.0,OCTANE,26000,45000
12,2026-01-01T03:00:00,depot-patiya,region-chattogram,OPEN,11000.0,DIESEL,55000,85000
12,2026-01-01T03:00:00,depot-patiya,region-chattogram,OPEN,11000.0,PETROL,42000,65000
12,2026-01-01T03:00:00,depot-patiya,region-chattogram,OPEN,11000.0,OCTANE,24000,40000
13,2026-01-01T03:15:00,depot-gazipur,region-dhaka,OPEN,12000.0,DIESEL,78000.0,90000
13,2026-01-01T03:15:00,depot-gazipur,region-dhaka,OPEN,12000.0,PETROL,45000,70000
13,2026-01-01T03:15:00,depot-gazipur,region-dhaka,OPEN,12000.0,OCTANE,26000,45000
13,2026-01-01T03:15:00,depot-patiya,region-chattogram,OPEN,11000.0,DIESEL,55000,85000
13,2026-01-01T03:15:00,depot-patiya,region-chattogram,OPEN,11000.0,PETROL,42000,65000
13,2026-01-01T03:15:00,depot-patiya,region-chattogram,OPEN,11000.0,OCTANE,24000,40000
14,2026-01-01T03:30:00,depot-gazipur,region-dhaka,OPEN,12000.0,DIESEL,78000.0,90000
14,2026-01-01T03:30:00,depot-gazipur,region-dhaka,OPEN,12000.0,PETROL,45000,70000
14,2026-01-01T03:30:00,depot-gazipur,region-dhaka,OPEN,12000.0,OCTANE,26000,45000
14,2026-01-01T03:30:00,depot-patiya,region-chattogram,OPEN,11000.0,DIESEL,55000,85000
14,2026-01-01T03:30:00,depot-patiya,region-chattogram,OPEN,11000.0,PETROL,42000,65000
14,2026-01-01T03:30:00,depot-patiya,region-chattogram,OPEN,11000.0,OCTANE,24000,40000
15,2026-01-01T03:45:00,depot-gazipur,region-dhaka,OPEN,12000.0,DIESEL,78000.0,90000
15,2026-01-01T03:45:00,depot-gazipur,region-dhaka,OPEN,12000.0,PETROL,45000,70000
15,2026-01-01T03:45:00,depot-gazipur,region-dhaka,OPEN,12000.0,OCTANE,26000,45000
15,2026-01-01T03:45:00,depot-patiya,region-chattogram,OPEN,11000.0,DIESEL,71000.0,85000
15,2026-01-01T03:45:00,depot-patiya,region-chattogram,OPEN,11000.0,PETROL,42000,65000
15,2026-01-01T03:45:00,depot-patiya,region-chattogram,OPEN,11000.0,OCTANE,24000,40000
16,2026-01-01T04:00:00,depot-gazipur,region-dhaka,OPEN,12000.0,DIESEL,78000.0,90000
16,2026-01-01T04:00:00,depot-gazipur,region-dhaka,OPEN,12000.0,PETROL,45000,70000
16,2026-01-01T04:00:00,depot-gazipur,region-dhaka,OPEN,12000.0,OCTANE,26000,45000
16,2026-01-01T04:00:00,depot-patiya,region-chattogram,OPEN,11000.0,DIESEL,71000.0,85000
16,2026-01-01T04:00:00,depot-patiya,region-chattogram,OPEN,11000.0,PETROL,42000,65000
16,2026-01-01T04:00:00,depot-patiya,region-chattogram,OPEN,11000.0,OCTANE,24000,40000
17,2026-01-01T04:15:00,depot-gazipur,region-dhaka,OPEN,12000.0,DIESEL,78000.0,90000
17,2026-01-01T04:15:00,depot-gazipur,region-dhaka,OPEN,12000.0,PETROL,59000.0,70000
17,2026-01-01T04:15:00,depot-gazipur,region-dhaka,OPEN,12000.0,OCTANE,26000,45000
17,2026-01-01T04:15:00,depot-patiya,region-chattogram,OPEN,11000.0,DIESEL,71000.0,85000
17,2026-01-01T04:15:00,depot-patiya,region-chattogram,OPEN,11000.0,PETROL,42000,65000
17,2026-01-01T04:15:00,depot-patiya,region-chattogram,OPEN,11000.0,OCTANE,24000,40000
18,2026-01-01T04:30:00,depot-gazipur,region-dhaka,OPEN,12000.0,DIESEL,78000.0,90000
18,2026-01-01T04:30:00,depot-gazipur,region-dhaka,OPEN,12000.0,PETROL,59000.0,70000
18,2026-01-01T04:30:00,depot-gazipur,region-dhaka,OPEN,12000.0,OCTANE,26000,45000
18,2026-01-01T04:30:00,depot-patiya,region-chattogram,OPEN,11000.0,DIESEL,71000.0,85000
18,2026-01-01T04:30:00,depot-patiya,region-chattogram,OPEN,11000.0,PETROL,42000,65000
18,2026-01-01T04:30:00,depot-patiya,region-chattogram,OPEN,11000.0,OCTANE,24000,40000
19,2026-01-01T04:45:00,depot-gazipur,region-dhaka,OPEN,12000.0,DIESEL,78000.0,90000
19,2026-01-01T04:45:00,depot-gazipur,region-dhaka,OPEN,12000.0,PETROL,59000.0,70000
19,2026-01-01T04:45:00,depot-gazipur,region-dhaka,OPEN,12000.0,OCTANE,26000,45000
19,2026-01-01T04:45:00,depot-patiya,region-chattogram,OPEN,11000.0,DIESEL,71000.0,85000
19,2026-01-01T04:45:00,depot-patiya,region-chattogram,OPEN,11000.0,PETROL,42000,65000
19,2026-01-01T04:45:00,depot-patiya,region-chattogram,OPEN,11000.0,OCTANE,24000,40000
20,2026-01-01T05:00:00,depot-gazipur,region-dhaka,OPEN,12000.0,DIESEL,78000.0,90000
20,2026-01-01T05:00:00,depot-gazipur,region-dhaka,OPEN,12000.0,PETROL,59000.0,70000
20,2026-01-01T05:00:00,depot-gazipur,region-dhaka,OPEN,12000.0,OCTANE,26000,45000
20,2026-01-01T05:00:00,depot-patiya,region-chattogram,OPEN,11000.0,DIESEL,71000.0,85000
20,2026-01-01T05:00:00,depot-patiya,region-chattogram,OPEN,11000.0,PETROL,42000,65000
20,2026-01-01T05:00:00,depot-patiya,region-chattogram,OPEN,11000.0,OCTANE,24000,40000
21,2026-01-01T05:15:00,depot-gazipur,region-dhaka,OPEN,12000.0,DIESEL,78000.0,90000
21,2026-01-01T05:15:00,depot-gazipur,region-dhaka,OPEN,12000.0,PETROL,59000.0,70000
21,2026-01-01T05:15:00,depot-gazipur,region-dhaka,OPEN,12000.0,OCTANE,26000,45000
21,2026-01-01T05:15:00,depot-patiya,region-chattogram,OPEN,11000.0,DIESEL,71000.0,85000
21,2026-01-01T05:15:00,depot-patiya,region-chattogram,OPEN,11000.0,PETROL,42000,65000
21,2026-01-01T05:15:00,depot-patiya,region-chattogram,OPEN,11000.0,OCTANE,33000.0,40000
22,2026-01-01T05:30:00,depot-gazipur,region-dhaka,OPEN,12000.0,DIESEL,78000.0,90000
22,2026-01-01T05:30:00,depot-gazipur,region-dhaka,OPEN,12000.0,PETROL,59000.0,70000
22,2026-01-01T05:30:00,depot-gazipur,region-dhaka,OPEN,12000.0,OCTANE,26000,45000
22,2026-01-01T05:30:00,depot-patiya,region-chattogram,OPEN,11000.0,DIESEL,71000.0,85000
22,2026-01-01T05:30:00,depot-patiya,region-chattogram,OPEN,11000.0,PETROL,42000,65000
22,2026-01-01T05:30:00,depot-patiya,region-chattogram,OPEN,11000.0,OCTANE,33000.0,40000
23,2026-01-01T05:45:00,depot-gazipur,region-dhaka,OPEN,12000.0,DIESEL,78000.0,90000
23,2026-01-01T05:45:00,depot-gazipur,region-dhaka,OPEN,12000.0,PETROL,59000.0,70000
23,2026-01-01T05:45:00,depot-gazipur,region-dhaka,OPEN,12000.0,OCTANE,26000,45000
23,2026-01-01T05:45:00,depot-patiya,region-chattogram,OPEN,11000.0,DIESEL,71000.0,85000
23,2026-01-01T05:45:00,depot-patiya,region-chattogram,OPEN,11000.0,PETROL,42000,65000
23,2026-01-01T05:45:00,depot-patiya,region-chattogram,OPEN,11000.0,OCTANE,33000.0,40000
24,2026-01-01T06:00:00,depot-gazipur,region-dhaka,OPEN,12000.0,DIESEL,78000.0,90000
24,2026-01-01T06:00:00,depot-gazipur,region-dhaka,OPEN,12000.0,PETROL,59000.0,70000
24,2026-01-01T06:00:00,depot-gazipur,region-dhaka,OPEN,12000.0,OCTANE,26000,45000
24,2026-01-01T06:00:00,depot-patiya,region-chattogram,OPEN,11000.0,DIESEL,71000.0,85000
24,2026-01-01T06:00:00,depot-patiya,region-chattogram,OPEN,11000.0,PETROL,42000,65000
24,2026-01-01T06:00:00,depot-patiya,region-chattogram,OPEN,11000.0,OCTANE,33000.0,40000
25,2026-01-01T06:15:00,depot-gazipur,region-dhaka,OPEN,12000.0,DIESEL,78000.0,90000
25,2026-01-01T06:15:00,depot-gazipur,region-dhaka,OPEN,12000.0,PETROL,59000.0,70000
25,2026-01-01T06:15:00,depot-gazipur,region-dhaka,OPEN,12000.0,OCTANE,26000,45000
25,2026-01-01T06:15:00,depot-patiya,region-chattogram,OPEN,11000.0,DIESEL,71000.0,85000
25,2026-01-01T06:15:00,depot-patiya,region-chattogram,OPEN,11000.0,PETROL,42000,65000
25,2026-01-01T06:15:00,depot-patiya,region-chattogram,OPEN,11000.0,OCTANE,33000.0,40000
26,2026-01-01T06:30:00,depot-gazipur,region-dhaka,OPEN,12000.0,DIESEL,78000.0,90000
26,2026-01-01T06:30:00,depot-gazipur,region-dhaka,OPEN,12000.0,PETROL,59000.0,70000
26,2026-01-01T06:30:00,depot-gazipur,region-dhaka,OPEN,12000.0,OCTANE,26000,45000
26,2026-01-01T06:30:00,depot-patiya,region-chattogram,OPEN,11000.0,DIESEL,71000.0,85000
26,2026-01-01T06:30:00,depot-patiya,region-chattogram,OPEN,11000.0,PETROL,42000,65000
26,2026-01-01T06:30:00,depot-patiya,region-chattogram,OPEN,11000.0,OCTANE,33000.0,40000
27,2026-01-01T06:45:00,depot-gazipur,region-dhaka,OPEN,12000.0,DIESEL,78000.0,90000
27,2026-01-01T06:45:00,depot-gazipur,region-dhaka,OPEN,12000.0,PETROL,59000.0,70000
27,2026-01-01T06:45:00,depot-gazipur,region-dhaka,OPEN,12000.0,OCTANE,26000,45000
27,2026-01-01T06:45:00,depot-patiya,region-chattogram,OPEN,11000.0,DIESEL,71000.0,85000
27,2026-01-01T06:45:00,depot-patiya,region-chattogram,OPEN,11000.0,PETROL,42000,65000
27,2026-01-01T06:45:00,depot-patiya,region-chattogram,OPEN,11000.0,OCTANE,33000.0,40000
28,2026-01-01T07:00:00,depot-gazipur,region-dhaka,OPEN,12000.0,DIESEL,78000.0,90000
28,2026-01-01T07:00:00,depot-gazipur,region-dhaka,OPEN,12000.0,PETROL,59000.0,70000
28,2026-01-01T07:00:00,depot-gazipur,region-dhaka,OPEN,12000.0,OCTANE,26000,45000
28,2026-01-01T07:00:00,depot-patiya,region-chattogram,OPEN,11000.0,DIESEL,71000.0,85000
28,2026-01-01T07:00:00,depot-patiya,region-chattogram,OPEN,11000.0,PETROL,42000,65000
28,2026-01-01T07:00:00,depot-patiya,region-chattogram,OPEN,11000.0,OCTANE,33000.0,40000
29,2026-01-01T07:15:00,depot-gazipur,region-dhaka,OPEN,12000.0,DIESEL,78000.0,90000
29,2026-01-01T07:15:00,depot-gazipur,region-dhaka,OPEN,12000.0,PETROL,59000.0,70000
29,2026-01-01T07:15:00,depot-gazipur,region-dhaka,OPEN,12000.0,OCTANE,26000,45000
29,2026-01-01T07:15:00,depot-patiya,region-chattogram,OPEN,11000.0,DIESEL,71000.0,85000
29,2026-01-01T07:15:00,depot-patiya,region-chattogram,OPEN,11000.0,PETROL,42000,65000
29,2026-01-01T07:15:00,depot-patiya,region-chattogram,OPEN,11000.0,OCTANE,33000.0,40000
30,2026-01-01T07:30:00,depot-gazipur,region-dhaka,OPEN,12000.0,DIESEL,78000.0,90000
30,2026-01-01T07:30:00,depot-gazipur,region-dhaka,OPEN,12000.0,PETROL,59000.0,70000
30,2026-01-01T07:30:00,depot-gazipur,region-dhaka,OPEN,12000.0,OCTANE,26000,45000
30,2026-01-01T07:30:00,depot-patiya,region-chattogram,OPEN,11000.0,DIESEL,71000.0,85000
30,2026-01-01T07:30:00,depot-patiya,region-chattogram,OPEN,11000.0,PETROL,42000,65000
30,2026-01-01T07:30:00,depot-patiya,region-chattogram,OPEN,11000.0,OCTANE,33000.0,40000
31,2026-01-01T07:45:00,depot-gazipur,region-dhaka,OPEN,12000.0,DIESEL,78000.0,90000
31,2026-01-01T07:45:00,depot-gazipur,region-dhaka,OPEN,12000.0,PETROL,59000.0,70000
31,2026-01-01T07:45:00,depot-gazipur,region-dhaka,OPEN,12000.0,OCTANE,26000,45000
31,2026-01-01T07:45:00,depot-patiya,region-chattogram,OPEN,11000.0,DIESEL,71000.0,85000
31,2026-01-01T07:45:00,depot-patiya,region-chattogram,OPEN,11000.0,PETROL,42000,65000
31,2026-01-01T07:45:00,depot-patiya,region-chattogram,OPEN,11000.0,OCTANE,33000.0,40000
32,2026-01-01T08:00:00,depot-gazipur,region-dhaka,OPEN,12000.0,DIESEL,78000.0,90000
32,2026-01-01T08:00:00,depot-gazipur,region-dhaka,OPEN,12000.0,PETROL,59000.0,70000
32,2026-01-01T08:00:00,depot-gazipur,region-dhaka,OPEN,12000.0,OCTANE,26000,45000
32,2026-01-01T08:00:00,depot-patiya,region-chattogram,OPEN,11000.0,DIESEL,71000.0,85000
32,2026-01-01T08:00:00,depot-patiya,region-chattogram,OPEN,11000.0,PETROL,42000,65000
32,2026-01-01T08:00:00,depot-patiya,region-chattogram,OPEN,11000.0,OCTANE,33000.0,40000
33,2026-01-01T08:15:00,depot-gazipur,region-dhaka,OPEN,12000.0,DIESEL,78000.0,90000
33,2026-01-01T08:15:00,depot-gazipur,region-dhaka,OPEN,12000.0,PETROL,59000.0,70000
33,2026-01-01T08:15:00,depot-gazipur,region-dhaka,OPEN,12000.0,OCTANE,26000,45000
33,2026-01-01T08:15:00,depot-patiya,region-chattogram,OPEN,11000.0,DIESEL,71000.0,85000
33,2026-01-01T08:15:00,depot-patiya,region-chattogram,OPEN,11000.0,PETROL,42000,65000
33,2026-01-01T08:15:00,depot-patiya,region-chattogram,OPEN,11000.0,OCTANE,33000.0,40000
34,2026-01-01T08:30:00,depot-gazipur,region-dhaka,OPEN,12000.0,DIESEL,78000.0,90000
34,2026-01-01T08:30:00,depot-gazipur,region-dhaka,OPEN,12000.0,PETROL,59000.0,70000
34,2026-01-01T08:30:00,depot-gazipur,region-dhaka,OPEN,12000.0,OCTANE,26000,45000
34,2026-01-01T08:30:00,depot-patiya,region-chattogram,OPEN,11000.0,DIESEL,71000.0,85000
34,2026-01-01T08:30:00,depot-patiya,region-chattogram,OPEN,11000.0,PETROL,42000,65000
34,2026-01-01T08:30:00,depot-patiya,region-chattogram,OPEN,11000.0,OCTANE,33000.0,40000
35,2026-01-01T08:45:00,depot-gazipur,region-dhaka,OPEN,12000.0,DIESEL,78000.0,90000
35,2026-01-01T08:45:00,depot-gazipur,region-dhaka,OPEN,12000.0,PETROL,59000.0,70000
35,2026-01-01T08:45:00,depot-gazipur,region-dhaka,OPEN,12000.0,OCTANE,26000,45000
35,2026-01-01T08:45:00,depot-patiya,region-chattogram,OPEN,11000.0,DIESEL,71000.0,85000
35,2026-01-01T08:45:00,depot-patiya,region-chattogram,OPEN,11000.0,PETROL,42000,65000
35,2026-01-01T08:45:00,depot-patiya,region-chattogram,OPEN,11000.0,OCTANE,33000.0,40000
36,2026-01-01T09:00:00,depot-gazipur,region-dhaka,OPEN,12000.0,DIESEL,78000.0,90000
36,2026-01-01T09:00:00,depot-gazipur,region-dhaka,OPEN,12000.0,PETROL,59000.0,70000
36,2026-01-01T09:00:00,depot-gazipur,region-dhaka,OPEN,12000.0,OCTANE,26000,45000
36,2026-01-01T09:00:00,depot-patiya,region-chattogram,OPEN,11000.0,DIESEL,71000.0,85000
36,2026-01-01T09:00:00,depot-patiya,region-chattogram,OPEN,11000.0,PETROL,42000,65000
36,2026-01-01T09:00:00,depot-patiya,region-chattogram,OPEN,11000.0,OCTANE,33000.0,40000
37,2026-01-01T09:15:00,depot-gazipur,region-dhaka,OPEN,12000.0,DIESEL,78000.0,90000
37,2026-01-01T09:15:00,depot-gazipur,region-dhaka,OPEN,12000.0,PETROL,59000.0,70000
37,2026-01-01T09:15:00,depot-gazipur,region-dhaka,OPEN,12000.0,OCTANE,26000,45000
37,2026-01-01T09:15:00,depot-patiya,region-chattogram,OPEN,11000.0,DIESEL,71000.0,85000
37,2026-01-01T09:15:00,depot-patiya,region-chattogram,OPEN,11000.0,PETROL,42000,65000
37,2026-01-01T09:15:00,depot-patiya,region-chattogram,OPEN,11000.0,OCTANE,33000.0,40000
38,2026-01-01T09:30:00,depot-gazipur,region-dhaka,OPEN,12000.0,DIESEL,78000.0,90000
38,2026-01-01T09:30:00,depot-gazipur,region-dhaka,OPEN,12000.0,PETROL,59000.0,70000
38,2026-01-01T09:30:00,depot-gazipur,region-dhaka,OPEN,12000.0,OCTANE,26000,45000
38,2026-01-01T09:30:00,depot-patiya,region-chattogram,OPEN,11000.0,DIESEL,71000.0,85000
38,2026-01-01T09:30:00,depot-patiya,region-chattogram,OPEN,11000.0,PETROL,42000,65000
38,2026-01-01T09:30:00,depot-patiya,region-chattogram,OPEN,11000.0,OCTANE,33000.0,40000
39,2026-01-01T09:45:00,depot-gazipur,region-dhaka,OPEN,12000.0,DIESEL,78000.0,90000
39,2026-01-01T09:45:00,depot-gazipur,region-dhaka,OPEN,12000.0,PETROL,59000.0,70000
39,2026-01-01T09:45:00,depot-gazipur,region-dhaka,OPEN,12000.0,OCTANE,26000,45000
39,2026-01-01T09:45:00,depot-patiya,region-chattogram,OPEN,11000.0,DIESEL,71000.0,85000
39,2026-01-01T09:45:00,depot-patiya,region-chattogram,OPEN,11000.0,PETROL,42000,65000
39,2026-01-01T09:45:00,depot-patiya,region-chattogram,OPEN,11000.0,OCTANE,33000.0,40000
40,2026-01-01T10:00:00,depot-gazipur,region-dhaka,OPEN,12000.0,DIESEL,78000.0,90000
40,2026-01-01T10:00:00,depot-gazipur,region-dhaka,OPEN,12000.0,PETROL,59000.0,70000
40,2026-01-01T10:00:00,depot-gazipur,region-dhaka,OPEN,12000.0,OCTANE,26000,45000
40,2026-01-01T10:00:00,depot-patiya,region-chattogram,OPEN,11000.0,DIESEL,71000.0,85000
40,2026-01-01T10:00:00,depot-patiya,region-chattogram,OPEN,11000.0,PETROL,42000,65000
40,2026-01-01T10:00:00,depot-patiya,region-chattogram,OPEN,11000.0,OCTANE,33000.0,40000
41,2026-01-01T10:15:00,depot-gazipur,region-dhaka,OPEN,12000.0,DIESEL,78000.0,90000
41,2026-01-01T10:15:00,depot-gazipur,region-dhaka,OPEN,12000.0,PETROL,59000.0,70000
41,2026-01-01T10:15:00,depot-gazipur,region-dhaka,OPEN,12000.0,OCTANE,26000,45000
41,2026-01-01T10:15:00,depot-patiya,region-chattogram,OPEN,11000.0,DIESEL,71000.0,85000
41,2026-01-01T10:15:00,depot-patiya,region-chattogram,OPEN,11000.0,PETROL,42000,65000
41,2026-01-01T10:15:00,depot-patiya,region-chattogram,OPEN,11000.0,OCTANE,33000.0,40000
42,2026-01-01T10:30:00,depot-gazipur,region-dhaka,OPEN,12000.0,DIESEL,78000.0,90000
42,2026-01-01T10:30:00,depot-gazipur,region-dhaka,OPEN,12000.0,PETROL,59000.0,70000
42,2026-01-01T10:30:00,depot-gazipur,region-dhaka,OPEN,12000.0,OCTANE,26000,45000
42,2026-01-01T10:30:00,depot-patiya,region-chattogram,OPEN,11000.0,DIESEL,71000.0,85000
42,2026-01-01T10:30:00,depot-patiya,region-chattogram,OPEN,11000.0,PETROL,42000,65000
42,2026-01-01T10:30:00,depot-patiya,region-chattogram,OPEN,11000.0,OCTANE,33000.0,40000
43,2026-01-01T10:45:00,depot-gazipur,region-dhaka,OPEN,12000.0,DIESEL,78000.0,90000
43,2026-01-01T10:45:00,depot-gazipur,region-dhaka,OPEN,12000.0,PETROL,59000.0,70000
43,2026-01-01T10:45:00,depot-gazipur,region-dhaka,OPEN,12000.0,OCTANE,26000,45000
43,2026-01-01T10:45:00,depot-patiya,region-chattogram,OPEN,11000.0,DIESEL,71000.0,85000
43,2026-01-01T10:45:00,depot-patiya,region-chattogram,OPEN,11000.0,PETROL,42000,65000
43,2026-01-01T10:45:00,depot-patiya,region-chattogram,OPEN,11000.0,OCTANE,33000.0,40000
44,2026-01-01T11:00:00,depot-gazipur,region-dhaka,OPEN,12000.0,DIESEL,78000.0,90000
44,2026-01-01T11:00:00,depot-gazipur,region-dhaka,OPEN,12000.0,PETROL,59000.0,70000
44,2026-01-01T11:00:00,depot-gazipur,region-dhaka,OPEN,12000.0,OCTANE,26000,45000
44,2026-01-01T11:00:00,depot-patiya,region-chattogram,OPEN,11000.0,DIESEL,71000.0,85000
44,2026-01-01T11:00:00,depot-patiya,region-chattogram,OPEN,11000.0,PETROL,42000,65000
44,2026-01-01T11:00:00,depot-patiya,region-chattogram,OPEN,11000.0,OCTANE,33000.0,40000
45,2026-01-01T11:15:00,depot-gazipur,region-dhaka,OPEN,12000.0,DIESEL,78000.0,90000
45,2026-01-01T11:15:00,depot-gazipur,region-dhaka,OPEN,12000.0,PETROL,59000.0,70000
45,2026-01-01T11:15:00,depot-gazipur,region-dhaka,OPEN,12000.0,OCTANE,26000,45000
45,2026-01-01T11:15:00,depot-patiya,region-chattogram,OPEN,11000.0,DIESEL,71000.0,85000
45,2026-01-01T11:15:00,depot-patiya,region-chattogram,OPEN,11000.0,PETROL,42000,65000
45,2026-01-01T11:15:00,depot-patiya,region-chattogram,OPEN,11000.0,OCTANE,33000.0,40000
46,2026-01-01T11:30:00,depot-gazipur,region-dhaka,OPEN,12000.0,DIESEL,78000.0,90000
46,2026-01-01T11:30:00,depot-gazipur,region-dhaka,OPEN,12000.0,PETROL,59000.0,70000
46,2026-01-01T11:30:00,depot-gazipur,region-dhaka,OPEN,12000.0,OCTANE,26000,45000
46,2026-01-01T11:30:00,depot-patiya,region-chattogram,OPEN,11000.0,DIESEL,71000.0,85000
46,2026-01-01T11:30:00,depot-patiya,region-chattogram,OPEN,11000.0,PETROL,42000,65000
46,2026-01-01T11:30:00,depot-patiya,region-chattogram,OPEN,11000.0,OCTANE,33000.0,40000
47,2026-01-01T11:45:00,depot-gazipur,region-dhaka,OPEN,12000.0,DIESEL,78000.0,90000
47,2026-01-01T11:45:00,depot-gazipur,region-dhaka,OPEN,12000.0,PETROL,59000.0,70000
47,2026-01-01T11:45:00,depot-gazipur,region-dhaka,OPEN,12000.0,OCTANE,26000,45000
47,2026-01-01T11:45:00,depot-patiya,region-chattogram,OPEN,11000.0,DIESEL,71000.0,85000
47,2026-01-01T11:45:00,depot-patiya,region-chattogram,OPEN,11000.0,PETROL,42000,65000
47,2026-01-01T11:45:00,depot-patiya,region-chattogram,OPEN,11000.0,OCTANE,33000.0,40000
48,2026-01-01T12:00:00,depot-gazipur,region-dhaka,OPEN,12000.0,DIESEL,78000.0,90000
48,2026-01-01T12:00:00,depot-gazipur,region-dhaka,OPEN,12000.0,PETROL,59000.0,70000
48,2026-01-01T12:00:00,depot-gazipur,region-dhaka,OPEN,12000.0,OCTANE,26000,45000
48,2026-01-01T12:00:00,depot-patiya,region-chattogram,OPEN,11000.0,DIESEL,71000.0,85000
48,2026-01-01T12:00:00,depot-patiya,region-chattogram,OPEN,11000.0,PETROL,42000,65000
48,2026-01-01T12:00:00,depot-patiya,region-chattogram,OPEN,11000.0,OCTANE,33000.0,40000
49,2026-01-01T12:15:00,depot-gazipur,region-dhaka,OPEN,12000.0,DIESEL,78000.0,90000
49,2026-01-01T12:15:00,depot-gazipur,region-dhaka,OPEN,12000.0,PETROL,59000.0,70000
49,2026-01-01T12:15:00,depot-gazipur,region-dhaka,OPEN,12000.0,OCTANE,26000,45000
49,2026-01-01T12:15:00,depot-patiya,region-chattogram,OPEN,11000.0,DIESEL,71000.0,85000
49,2026-01-01T12:15:00,depot-patiya,region-chattogram,OPEN,11000.0,PETROL,42000,65000
49,2026-01-01T12:15:00,depot-patiya,region-chattogram,OPEN,11000.0,OCTANE,33000.0,40000
50,2026-01-01T12:30:00,depot-gazipur,region-dhaka,OPEN,12000.0,DIESEL,78000.0,90000
50,2026-01-01T12:30:00,depot-gazipur,region-dhaka,OPEN,12000.0,PETROL,59000.0,70000
50,2026-01-01T12:30:00,depot-gazipur,region-dhaka,OPEN,12000.0,OCTANE,26000,45000
50,2026-01-01T12:30:00,depot-patiya,region-chattogram,OPEN,11000.0,DIESEL,71000.0,85000
50,2026-01-01T12:30:00,depot-patiya,region-chattogram,OPEN,11000.0,PETROL,42000,65000
50,2026-01-01T12:30:00,depot-patiya,region-chattogram,OPEN,11000.0,OCTANE,33000.0,40000
51,2026-01-01T12:45:00,depot-gazipur,region-dhaka,OPEN,12000.0,DIESEL,78000.0,90000
51,2026-01-01T12:45:00,depot-gazipur,region-dhaka,OPEN,12000.0,PETROL,59000.0,70000
51,2026-01-01T12:45:00,depot-gazipur,region-dhaka,OPEN,12000.0,OCTANE,26000,45000
51,2026-01-01T12:45:00,depot-patiya,region-chattogram,OPEN,11000.0,DIESEL,71000.0,85000
51,2026-01-01T12:45:00,depot-patiya,region-chattogram,OPEN,11000.0,PETROL,42000,65000
51,2026-01-01T12:45:00,depot-patiya,region-chattogram,OPEN,11000.0,OCTANE,33000.0,40000
52,2026-01-01T13:00:00,depot-gazipur,region-dhaka,OPEN,12000.0,DIESEL,78000.0,90000
52,2026-01-01T13:00:00,depot-gazipur,region-dhaka,OPEN,12000.0,PETROL,59000.0,70000
52,2026-01-01T13:00:00,depot-gazipur,region-dhaka,OPEN,12000.0,OCTANE,26000,45000
52,2026-01-01T13:00:00,depot-patiya,region-chattogram,OPEN,11000.0,DIESEL,71000.0,85000
52,2026-01-01T13:00:00,depot-patiya,region-chattogram,OPEN,11000.0,PETROL,42000,65000
52,2026-01-01T13:00:00,depot-patiya,region-chattogram,OPEN,11000.0,OCTANE,33000.0,40000
53,2026-01-01T13:15:00,depot-gazipur,region-dhaka,OPEN,12000.0,DIESEL,78000.0,90000
53,2026-01-01T13:15:00,depot-gazipur,region-dhaka,OPEN,12000.0,PETROL,59000.0,70000
53,2026-01-01T13:15:00,depot-gazipur,region-dhaka,OPEN,12000.0,OCTANE,26000,45000
53,2026-01-01T13:15:00,depot-patiya,region-chattogram,OPEN,11000.0,DIESEL,71000.0,85000
53,2026-01-01T13:15:00,depot-patiya,region-chattogram,OPEN,11000.0,PETROL,42000,65000
53,2026-01-01T13:15:00,depot-patiya,region-chattogram,OPEN,11000.0,OCTANE,33000.0,40000
54,2026-01-01T13:30:00,depot-gazipur,region-dhaka,OPEN,12000.0,DIESEL,78000.0,90000
54,2026-01-01T13:30:00,depot-gazipur,region-dhaka,OPEN,12000.0,PETROL,59000.0,70000
54,2026-01-01T13:30:00,depot-gazipur,region-dhaka,OPEN,12000.0,OCTANE,26000,45000
54,2026-01-01T13:30:00,depot-patiya,region-chattogram,OPEN,11000.0,DIESEL,71000.0,85000
54,2026-01-01T13:30:00,depot-patiya,region-chattogram,OPEN,11000.0,PETROL,42000,65000
54,2026-01-01T13:30:00,depot-patiya,region-chattogram,OPEN,11000.0,OCTANE,33000.0,40000
55,2026-01-01T13:45:00,depot-gazipur,region-dhaka,OPEN,12000.0,DIESEL,78000.0,90000
55,2026-01-01T13:45:00,depot-gazipur,region-dhaka,OPEN,12000.0,PETROL,59000.0,70000
55,2026-01-01T13:45:00,depot-gazipur,region-dhaka,OPEN,12000.0,OCTANE,26000,45000
55,2026-01-01T13:45:00,depot-patiya,region-chattogram,OPEN,11000.0,DIESEL,71000.0,85000
55,2026-01-01T13:45:00,depot-patiya,region-chattogram,OPEN,11000.0,PETROL,42000,65000
55,2026-01-01T13:45:00,depot-patiya,region-chattogram,OPEN,11000.0,OCTANE,33000.0,40000
56,2026-01-01T14:00:00,depot-gazipur,region-dhaka,OPEN,12000.0,DIESEL,78000.0,90000
56,2026-01-01T14:00:00,depot-gazipur,region-dhaka,OPEN,12000.0,PETROL,59000.0,70000
56,2026-01-01T14:00:00,depot-gazipur,region-dhaka,OPEN,12000.0,OCTANE,26000,45000
56,2026-01-01T14:00:00,depot-patiya,region-chattogram,OPEN,11000.0,DIESEL,71000.0,85000
56,2026-01-01T14:00:00,depot-patiya,region-chattogram,OPEN,11000.0,PETROL,42000,65000
56,2026-01-01T14:00:00,depot-patiya,region-chattogram,OPEN,11000.0,OCTANE,33000.0,40000
57,2026-01-01T14:15:00,depot-gazipur,region-dhaka,OPEN,12000.0,DIESEL,78000.0,90000
57,2026-01-01T14:15:00,depot-gazipur,region-dhaka,OPEN,12000.0,PETROL,59000.0,70000
57,2026-01-01T14:15:00,depot-gazipur,region-dhaka,OPEN,12000.0,OCTANE,26000,45000
57,2026-01-01T14:15:00,depot-patiya,region-chattogram,OPEN,11000.0,DIESEL,71000.0,85000
57,2026-01-01T14:15:00,depot-patiya,region-chattogram,OPEN,11000.0,PETROL,42000,65000
57,2026-01-01T14:15:00,depot-patiya,region-chattogram,OPEN,11000.0,OCTANE,33000.0,40000
58,2026-01-01T14:30:00,depot-gazipur,region-dhaka,OPEN,12000.0,DIESEL,78000.0,90000
58,2026-01-01T14:30:00,depot-gazipur,region-dhaka,OPEN,12000.0,PETROL,59000.0,70000
58,2026-01-01T14:30:00,depot-gazipur,region-dhaka,OPEN,12000.0,OCTANE,26000,45000
58,2026-01-01T14:30:00,depot-patiya,region-chattogram,OPEN,11000.0,DIESEL,71000.0,85000
58,2026-01-01T14:30:00,depot-patiya,region-chattogram,OPEN,11000.0,PETROL,42000,65000
58,2026-01-01T14:30:00,depot-patiya,region-chattogram,OPEN,11000.0,OCTANE,33000.0,40000
59,2026-01-01T14:45:00,depot-gazipur,region-dhaka,OPEN,12000.0,DIESEL,78000.0,90000
59,2026-01-01T14:45:00,depot-gazipur,region-dhaka,OPEN,12000.0,PETROL,59000.0,70000
59,2026-01-01T14:45:00,depot-gazipur,region-dhaka,OPEN,12000.0,OCTANE,26000,45000
59,2026-01-01T14:45:00,depot-patiya,region-chattogram,OPEN,11000.0,DIESEL,71000.0,85000
59,2026-01-01T14:45:00,depot-patiya,region-chattogram,OPEN,11000.0,PETROL,42000,65000
59,2026-01-01T14:45:00,depot-patiya,region-chattogram,OPEN,11000.0,OCTANE,33000.0,40000
60,2026-01-01T15:00:00,depot-gazipur,region-dhaka,OPEN,12000.0,DIESEL,78000.0,90000
60,2026-01-01T15:00:00,depot-gazipur,region-dhaka,OPEN,12000.0,PETROL,59000.0,70000
60,2026-01-01T15:00:00,depot-gazipur,region-dhaka,OPEN,12000.0,OCTANE,26000,45000
60,2026-01-01T15:00:00,depot-patiya,region-chattogram,OPEN,11000.0,DIESEL,71000.0,85000
60,2026-01-01T15:00:00,depot-patiya,region-chattogram,OPEN,11000.0,PETROL,42000,65000
60,2026-01-01T15:00:00,depot-patiya,region-chattogram,OPEN,11000.0,OCTANE,33000.0,40000
61,2026-01-01T15:15:00,depot-gazipur,region-dhaka,OPEN,12000.0,DIESEL,78000.0,90000
61,2026-01-01T15:15:00,depot-gazipur,region-dhaka,OPEN,12000.0,PETROL,59000.0,70000
61,2026-01-01T15:15:00,depot-gazipur,region-dhaka,OPEN,12000.0,OCTANE,26000,45000
61,2026-01-01T15:15:00,depot-patiya,region-chattogram,OPEN,11000.0,DIESEL,71000.0,85000
61,2026-01-01T15:15:00,depot-patiya,region-chattogram,OPEN,11000.0,PETROL,42000,65000
61,2026-01-01T15:15:00,depot-patiya,region-chattogram,OPEN,11000.0,OCTANE,33000.0,40000
62,2026-01-01T15:30:00,depot-gazipur,region-dhaka,OPEN,12000.0,DIESEL,78000.0,90000
62,2026-01-01T15:30:00,depot-gazipur,region-dhaka,OPEN,12000.0,PETROL,59000.0,70000
62,2026-01-01T15:30:00,depot-gazipur,region-dhaka,OPEN,12000.0,OCTANE,26000,45000
62,2026-01-01T15:30:00,depot-patiya,region-chattogram,OPEN,11000.0,DIESEL,71000.0,85000
62,2026-01-01T15:30:00,depot-patiya,region-chattogram,OPEN,11000.0,PETROL,42000,65000
62,2026-01-01T15:30:00,depot-patiya,region-chattogram,OPEN,11000.0,OCTANE,33000.0,40000
63,2026-01-01T15:45:00,depot-gazipur,region-dhaka,OPEN,12000.0,DIESEL,78000.0,90000
63,2026-01-01T15:45:00,depot-gazipur,region-dhaka,OPEN,12000.0,PETROL,59000.0,70000
63,2026-01-01T15:45:00,depot-gazipur,region-dhaka,OPEN,12000.0,OCTANE,26000,45000
63,2026-01-01T15:45:00,depot-patiya,region-chattogram,OPEN,11000.0,DIESEL,71000.0,85000
63,2026-01-01T15:45:00,depot-patiya,region-chattogram,OPEN,11000.0,PETROL,42000,65000
63,2026-01-01T15:45:00,depot-patiya,region-chattogram,OPEN,11000.0,OCTANE,33000.0,40000
64,2026-01-01T16:00:00,depot-gazipur,region-dhaka,OPEN,12000.0,DIESEL,78000.0,90000
64,2026-01-01T16:00:00,depot-gazipur,region-dhaka,OPEN,12000.0,PETROL,59000.0,70000
64,2026-01-01T16:00:00,depot-gazipur,region-dhaka,OPEN,12000.0,OCTANE,26000,45000
64,2026-01-01T16:00:00,depot-patiya,region-chattogram,OPEN,11000.0,DIESEL,71000.0,85000
64,2026-01-01T16:00:00,depot-patiya,region-chattogram,OPEN,11000.0,PETROL,42000,65000
64,2026-01-01T16:00:00,depot-patiya,region-chattogram,OPEN,11000.0,OCTANE,33000.0,40000
65,2026-01-01T16:15:00,depot-gazipur,region-dhaka,OPEN,12000.0,DIESEL,90000.0,90000
65,2026-01-01T16:15:00,depot-gazipur,region-dhaka,OPEN,12000.0,PETROL,59000.0,70000
65,2026-01-01T16:15:00,depot-gazipur,region-dhaka,OPEN,12000.0,OCTANE,26000,45000
65,2026-01-01T16:15:00,depot-patiya,region-chattogram,OPEN,11000.0,DIESEL,71000.0,85000
65,2026-01-01T16:15:00,depot-patiya,region-chattogram,OPEN,11000.0,PETROL,42000,65000
65,2026-01-01T16:15:00,depot-patiya,region-chattogram,OPEN,11000.0,OCTANE,33000.0,40000
66,2026-01-01T16:30:00,depot-gazipur,region-dhaka,OPEN,12000.0,DIESEL,90000.0,90000
66,2026-01-01T16:30:00,depot-gazipur,region-dhaka,OPEN,12000.0,PETROL,59000.0,70000
66,2026-01-01T16:30:00,depot-gazipur,region-dhaka,OPEN,12000.0,OCTANE,26000,45000
66,2026-01-01T16:30:00,depot-patiya,region-chattogram,OPEN,11000.0,DIESEL,71000.0,85000
66,2026-01-01T16:30:00,depot-patiya,region-chattogram,OPEN,11000.0,PETROL,42000,65000
66,2026-01-01T16:30:00,depot-patiya,region-chattogram,OPEN,11000.0,OCTANE,33000.0,40000
67,2026-01-01T16:45:00,depot-gazipur,region-dhaka,OPEN,12000.0,DIESEL,90000.0,90000
67,2026-01-01T16:45:00,depot-gazipur,region-dhaka,OPEN,12000.0,PETROL,59000.0,70000
67,2026-01-01T16:45:00,depot-gazipur,region-dhaka,OPEN,12000.0,OCTANE,26000,45000
67,2026-01-01T16:45:00,depot-patiya,region-chattogram,OPEN,11000.0,DIESEL,71000.0,85000
67,2026-01-01T16:45:00,depot-patiya,region-chattogram,OPEN,11000.0,PETROL,42000,65000
67,2026-01-01T16:45:00,depot-patiya,region-chattogram,OPEN,11000.0,OCTANE,33000.0,40000
68,2026-01-01T17:00:00,depot-gazipur,region-dhaka,OPEN,12000.0,DIESEL,90000.0,90000
68,2026-01-01T17:00:00,depot-gazipur,region-dhaka,OPEN,12000.0,PETROL,59000.0,70000
68,2026-01-01T17:00:00,depot-gazipur,region-dhaka,OPEN,12000.0,OCTANE,26000,45000
68,2026-01-01T17:00:00,depot-patiya,region-chattogram,OPEN,11000.0,DIESEL,71000.0,85000
68,2026-01-01T17:00:00,depot-patiya,region-chattogram,OPEN,11000.0,PETROL,42000,65000
68,2026-01-01T17:00:00,depot-patiya,region-chattogram,OPEN,11000.0,OCTANE,33000.0,40000
69,2026-01-01T17:15:00,depot-gazipur,region-dhaka,OPEN,12000.0,DIESEL,90000.0,90000
69,2026-01-01T17:15:00,depot-gazipur,region-dhaka,OPEN,12000.0,PETROL,69000.0,70000
69,2026-01-01T17:15:00,depot-gazipur,region-dhaka,OPEN,12000.0,OCTANE,26000,45000
69,2026-01-01T17:15:00,depot-patiya,region-chattogram,OPEN,11000.0,DIESEL,71000.0,85000
69,2026-01-01T17:15:00,depot-patiya,region-chattogram,OPEN,11000.0,PETROL,42000,65000
69,2026-01-01T17:15:00,depot-patiya,region-chattogram,OPEN,11000.0,OCTANE,33000.0,40000
70,2026-01-01T17:30:00,depot-gazipur,region-dhaka,OPEN,12000.0,DIESEL,90000.0,90000
70,2026-01-01T17:30:00,depot-gazipur,region-dhaka,OPEN,12000.0,PETROL,69000.0,70000
70,2026-01-01T17:30:00,depot-gazipur,region-dhaka,OPEN,12000.0,OCTANE,26000,45000
70,2026-01-01T17:30:00,depot-patiya,region-chattogram,OPEN,11000.0,DIESEL,71000.0,85000
70,2026-01-01T17:30:00,depot-patiya,region-chattogram,OPEN,11000.0,PETROL,42000,65000
70,2026-01-01T17:30:00,depot-patiya,region-chattogram,OPEN,11000.0,OCTANE,33000.0,40000
71,2026-01-01T17:45:00,depot-gazipur,region-dhaka,OPEN,12000.0,DIESEL,90000.0,90000
71,2026-01-01T17:45:00,depot-gazipur,region-dhaka,OPEN,12000.0,PETROL,69000.0,70000
71,2026-01-01T17:45:00,depot-gazipur,region-dhaka,OPEN,12000.0,OCTANE,26000,45000
71,2026-01-01T17:45:00,depot-patiya,region-chattogram,OPEN,11000.0,DIESEL,71000.0,85000
71,2026-01-01T17:45:00,depot-patiya,region-chattogram,OPEN,11000.0,PETROL,42000,65000
71,2026-01-01T17:45:00,depot-patiya,region-chattogram,OPEN,11000.0,OCTANE,33000.0,40000
72,2026-01-01T18:00:00,depot-gazipur,region-dhaka,OPEN,12000.0,DIESEL,90000.0,90000
72,2026-01-01T18:00:00,depot-gazipur,region-dhaka,OPEN,12000.0,PETROL,69000.0,70000
72,2026-01-01T18:00:00,depot-gazipur,region-dhaka,OPEN,12000.0,OCTANE,26000,45000
72,2026-01-01T18:00:00,depot-patiya,region-chattogram,OPEN,11000.0,DIESEL,71000.0,85000
72,2026-01-01T18:00:00,depot-patiya,region-chattogram,OPEN,11000.0,PETROL,42000,65000
72,2026-01-01T18:00:00,depot-patiya,region-chattogram,OPEN,11000.0,OCTANE,33000.0,40000
73,2026-01-01T18:15:00,depot-gazipur,region-dhaka,OPEN,12000.0,DIESEL,90000.0,90000
73,2026-01-01T18:15:00,depot-gazipur,region-dhaka,OPEN,12000.0,PETROL,69000.0,70000
73,2026-01-01T18:15:00,depot-gazipur,region-dhaka,OPEN,12000.0,OCTANE,33000.0,45000
73,2026-01-01T18:15:00,depot-patiya,region-chattogram,OPEN,11000.0,DIESEL,71000.0,85000
73,2026-01-01T18:15:00,depot-patiya,region-chattogram,OPEN,11000.0,PETROL,42000,65000
73,2026-01-01T18:15:00,depot-patiya,region-chattogram,OPEN,11000.0,OCTANE,33000.0,40000
74,2026-01-01T18:30:00,depot-gazipur,region-dhaka,OPEN,12000.0,DIESEL,90000.0,90000
74,2026-01-01T18:30:00,depot-gazipur,region-dhaka,OPEN,12000.0,PETROL,69000.0,70000
74,2026-01-01T18:30:00,depot-gazipur,region-dhaka,OPEN,12000.0,OCTANE,33000.0,45000
74,2026-01-01T18:30:00,depot-patiya,region-chattogram,OPEN,11000.0,DIESEL,71000.0,85000
74,2026-01-01T18:30:00,depot-patiya,region-chattogram,OPEN,11000.0,PETROL,42000,65000
74,2026-01-01T18:30:00,depot-patiya,region-chattogram,OPEN,11000.0,OCTANE,33000.0,40000
75,2026-01-01T18:45:00,depot-gazipur,region-dhaka,OPEN,12000.0,DIESEL,90000.0,90000
75,2026-01-01T18:45:00,depot-gazipur,region-dhaka,OPEN,12000.0,PETROL,69000.0,70000
75,2026-01-01T18:45:00,depot-gazipur,region-dhaka,OPEN,12000.0,OCTANE,33000.0,45000
75,2026-01-01T18:45:00,depot-patiya,region-chattogram,OPEN,11000.0,DIESEL,71000.0,85000
75,2026-01-01T18:45:00,depot-patiya,region-chattogram,OPEN,11000.0,PETROL,42000,65000
75,2026-01-01T18:45:00,depot-patiya,region-chattogram,OPEN,11000.0,OCTANE,33000.0,40000
76,2026-01-01T19:00:00,depot-gazipur,region-dhaka,OPEN,12000.0,DIESEL,90000.0,90000
76,2026-01-01T19:00:00,depot-gazipur,region-dhaka,OPEN,12000.0,PETROL,69000.0,70000
76,2026-01-01T19:00:00,depot-gazipur,region-dhaka,OPEN,12000.0,OCTANE,33000.0,45000
76,2026-01-01T19:00:00,depot-patiya,region-chattogram,OPEN,11000.0,DIESEL,71000.0,85000
76,2026-01-01T19:00:00,depot-patiya,region-chattogram,OPEN,11000.0,PETROL,42000,65000
76,2026-01-01T19:00:00,depot-patiya,region-chattogram,OPEN,11000.0,OCTANE,33000.0,40000
77,2026-01-01T19:15:00,depot-gazipur,region-dhaka,OPEN,12000.0,DIESEL,90000.0,90000
77,2026-01-01T19:15:00,depot-gazipur,region-dhaka,OPEN,12000.0,PETROL,69000.0,70000
77,2026-01-01T19:15:00,depot-gazipur,region-dhaka,OPEN,12000.0,OCTANE,33000.0,45000
77,2026-01-01T19:15:00,depot-patiya,region-chattogram,OPEN,11000.0,DIESEL,81000.0,85000
77,2026-01-01T19:15:00,depot-patiya,region-chattogram,OPEN,11000.0,PETROL,42000,65000
77,2026-01-01T19:15:00,depot-patiya,region-chattogram,OPEN,11000.0,OCTANE,33000.0,40000
78,2026-01-01T19:30:00,depot-gazipur,region-dhaka,OPEN,12000.0,DIESEL,90000.0,90000
78,2026-01-01T19:30:00,depot-gazipur,region-dhaka,OPEN,12000.0,PETROL,69000.0,70000
78,2026-01-01T19:30:00,depot-gazipur,region-dhaka,OPEN,12000.0,OCTANE,33000.0,45000
78,2026-01-01T19:30:00,depot-patiya,region-chattogram,OPEN,11000.0,DIESEL,81000.0,85000
78,2026-01-01T19:30:00,depot-patiya,region-chattogram,OPEN,11000.0,PETROL,42000,65000
78,2026-01-01T19:30:00,depot-patiya,region-chattogram,OPEN,11000.0,OCTANE,33000.0,40000
79,2026-01-01T19:45:00,depot-gazipur,region-dhaka,OPEN,12000.0,DIESEL,90000.0,90000
79,2026-01-01T19:45:00,depot-gazipur,region-dhaka,OPEN,12000.0,PETROL,69000.0,70000
79,2026-01-01T19:45:00,depot-gazipur,region-dhaka,OPEN,12000.0,OCTANE,33000.0,45000
79,2026-01-01T19:45:00,depot-patiya,region-chattogram,OPEN,11000.0,DIESEL,81000.0,85000
79,2026-01-01T19:45:00,depot-patiya,region-chattogram,OPEN,11000.0,PETROL,42000,65000
79,2026-01-01T19:45:00,depot-patiya,region-chattogram,OPEN,11000.0,OCTANE,33000.0,40000
80,2026-01-01T20:00:00,depot-gazipur,region-dhaka,OPEN,12000.0,DIESEL,90000.0,90000
80,2026-01-01T20:00:00,depot-gazipur,region-dhaka,OPEN,12000.0,PETROL,69000.0,70000
80,2026-01-01T20:00:00,depot-gazipur,region-dhaka,OPEN,12000.0,OCTANE,33000.0,45000
80,2026-01-01T20:00:00,depot-patiya,region-chattogram,OPEN,11000.0,DIESEL,81000.0,85000
80,2026-01-01T20:00:00,depot-patiya,region-chattogram,OPEN,11000.0,PETROL,42000,65000
80,2026-01-01T20:00:00,depot-patiya,region-chattogram,OPEN,11000.0,OCTANE,33000.0,40000
81,2026-01-01T20:15:00,depot-gazipur,region-dhaka,OPEN,12000.0,DIESEL,90000.0,90000
81,2026-01-01T20:15:00,depot-gazipur,region-dhaka,OPEN,12000.0,PETROL,69000.0,70000
81,2026-01-01T20:15:00,depot-gazipur,region-dhaka,OPEN,12000.0,OCTANE,33000.0,45000
81,2026-01-01T20:15:00,depot-patiya,region-chattogram,OPEN,11000.0,DIESEL,81000.0,85000
81,2026-01-01T20:15:00,depot-patiya,region-chattogram,OPEN,11000.0,PETROL,50000.0,65000
81,2026-01-01T20:15:00,depot-patiya,region-chattogram,OPEN,11000.0,OCTANE,33000.0,40000
82,2026-01-01T20:30:00,depot-gazipur,region-dhaka,OPEN,12000.0,DIESEL,90000.0,90000
82,2026-01-01T20:30:00,depot-gazipur,region-dhaka,OPEN,12000.0,PETROL,69000.0,70000
82,2026-01-01T20:30:00,depot-gazipur,region-dhaka,OPEN,12000.0,OCTANE,33000.0,45000
82,2026-01-01T20:30:00,depot-patiya,region-chattogram,OPEN,11000.0,DIESEL,81000.0,85000
82,2026-01-01T20:30:00,depot-patiya,region-chattogram,OPEN,11000.0,PETROL,50000.0,65000
82,2026-01-01T20:30:00,depot-patiya,region-chattogram,OPEN,11000.0,OCTANE,33000.0,40000
83,2026-01-01T20:45:00,depot-gazipur,region-dhaka,OPEN,12000.0,DIESEL,90000.0,90000
83,2026-01-01T20:45:00,depot-gazipur,region-dhaka,OPEN,12000.0,PETROL,69000.0,70000
83,2026-01-01T20:45:00,depot-gazipur,region-dhaka,OPEN,12000.0,OCTANE,33000.0,45000
83,2026-01-01T20:45:00,depot-patiya,region-chattogram,OPEN,11000.0,DIESEL,81000.0,85000
83,2026-01-01T20:45:00,depot-patiya,region-chattogram,OPEN,11000.0,PETROL,50000.0,65000
83,2026-01-01T20:45:00,depot-patiya,region-chattogram,OPEN,11000.0,OCTANE,33000.0,40000
84,2026-01-01T21:00:00,depot-gazipur,region-dhaka,OPEN,12000.0,DIESEL,90000.0,90000
84,2026-01-01T21:00:00,depot-gazipur,region-dhaka,OPEN,12000.0,PETROL,69000.0,70000
84,2026-01-01T21:00:00,depot-gazipur,region-dhaka,OPEN,12000.0,OCTANE,33000.0,45000
84,2026-01-01T21:00:00,depot-patiya,region-chattogram,OPEN,11000.0,DIESEL,81000.0,85000
84,2026-01-01T21:00:00,depot-patiya,region-chattogram,OPEN,11000.0,PETROL,50000.0,65000
84,2026-01-01T21:00:00,depot-patiya,region-chattogram,OPEN,11000.0,OCTANE,33000.0,40000
85,2026-01-01T21:15:00,depot-gazipur,region-dhaka,OPEN,12000.0,DIESEL,90000.0,90000
85,2026-01-01T21:15:00,depot-gazipur,region-dhaka,OPEN,12000.0,PETROL,69000.0,70000
85,2026-01-01T21:15:00,depot-gazipur,region-dhaka,OPEN,12000.0,OCTANE,33000.0,45000
85,2026-01-01T21:15:00,depot-patiya,region-chattogram,OPEN,11000.0,DIESEL,81000.0,85000
85,2026-01-01T21:15:00,depot-patiya,region-chattogram,OPEN,11000.0,PETROL,50000.0,65000
85,2026-01-01T21:15:00,depot-patiya,region-chattogram,OPEN,11000.0,OCTANE,39000.0,40000
86,2026-01-01T21:30:00,depot-gazipur,region-dhaka,OPEN,12000.0,DIESEL,90000.0,90000
86,2026-01-01T21:30:00,depot-gazipur,region-dhaka,OPEN,12000.0,PETROL,69000.0,70000
86,2026-01-01T21:30:00,depot-gazipur,region-dhaka,OPEN,12000.0,OCTANE,33000.0,45000
86,2026-01-01T21:30:00,depot-patiya,region-chattogram,OPEN,11000.0,DIESEL,81000.0,85000
86,2026-01-01T21:30:00,depot-patiya,region-chattogram,OPEN,11000.0,PETROL,50000.0,65000
86,2026-01-01T21:30:00,depot-patiya,region-chattogram,OPEN,11000.0,OCTANE,39000.0,40000
87,2026-01-01T21:45:00,depot-gazipur,region-dhaka,OPEN,12000.0,DIESEL,90000.0,90000
87,2026-01-01T21:45:00,depot-gazipur,region-dhaka,OPEN,12000.0,PETROL,69000.0,70000
87,2026-01-01T21:45:00,depot-gazipur,region-dhaka,OPEN,12000.0,OCTANE,33000.0,45000
87,2026-01-01T21:45:00,depot-patiya,region-chattogram,OPEN,11000.0,DIESEL,81000.0,85000
87,2026-01-01T21:45:00,depot-patiya,region-chattogram,OPEN,11000.0,PETROL,50000.0,65000
87,2026-01-01T21:45:00,depot-patiya,region-chattogram,OPEN,11000.0,OCTANE,39000.0,40000
88,2026-01-01T22:00:00,depot-gazipur,region-dhaka,OPEN,12000.0,DIESEL,90000.0,90000
88,2026-01-01T22:00:00,depot-gazipur,region-dhaka,OPEN,12000.0,PETROL,69000.0,70000
88,2026-01-01T22:00:00,depot-gazipur,region-dhaka,OPEN,12000.0,OCTANE,33000.0,45000
88,2026-01-01T22:00:00,depot-patiya,region-chattogram,OPEN,11000.0,DIESEL,81000.0,85000
88,2026-01-01T22:00:00,depot-patiya,region-chattogram,OPEN,11000.0,PETROL,50000.0,65000
88,2026-01-01T22:00:00,depot-patiya,region-chattogram,OPEN,11000.0,OCTANE,39000.0,40000
89,2026-01-01T22:15:00,depot-gazipur,region-dhaka,OPEN,12000.0,DIESEL,90000.0,90000
89,2026-01-01T22:15:00,depot-gazipur,region-dhaka,OPEN,12000.0,PETROL,69000.0,70000
89,2026-01-01T22:15:00,depot-gazipur,region-dhaka,OPEN,12000.0,OCTANE,33000.0,45000
89,2026-01-01T22:15:00,depot-patiya,region-chattogram,OPEN,11000.0,DIESEL,81000.0,85000
89,2026-01-01T22:15:00,depot-patiya,region-chattogram,OPEN,11000.0,PETROL,50000.0,65000
89,2026-01-01T22:15:00,depot-patiya,region-chattogram,OPEN,11000.0,OCTANE,39000.0,40000
90,2026-01-01T22:30:00,depot-gazipur,region-dhaka,OPEN,12000.0,DIESEL,90000.0,90000
90,2026-01-01T22:30:00,depot-gazipur,region-dhaka,OPEN,12000.0,PETROL,69000.0,70000
90,2026-01-01T22:30:00,depot-gazipur,region-dhaka,OPEN,12000.0,OCTANE,33000.0,45000
90,2026-01-01T22:30:00,depot-patiya,region-chattogram,OPEN,11000.0,DIESEL,81000.0,85000
90,2026-01-01T22:30:00,depot-patiya,region-chattogram,OPEN,11000.0,PETROL,50000.0,65000
90,2026-01-01T22:30:00,depot-patiya,region-chattogram,OPEN,11000.0,OCTANE,39000.0,40000
91,2026-01-01T22:45:00,depot-gazipur,region-dhaka,OPEN,12000.0,DIESEL,90000.0,90000
91,2026-01-01T22:45:00,depot-gazipur,region-dhaka,OPEN,12000.0,PETROL,69000.0,70000
91,2026-01-01T22:45:00,depot-gazipur,region-dhaka,OPEN,12000.0,OCTANE,33000.0,45000
91,2026-01-01T22:45:00,depot-patiya,region-chattogram,OPEN,11000.0,DIESEL,81000.0,85000
91,2026-01-01T22:45:00,depot-patiya,region-chattogram,OPEN,11000.0,PETROL,50000.0,65000
91,2026-01-01T22:45:00,depot-patiya,region-chattogram,OPEN,11000.0,OCTANE,39000.0,40000
92,2026-01-01T23:00:00,depot-gazipur,region-dhaka,OPEN,12000.0,DIESEL,90000.0,90000
92,2026-01-01T23:00:00,depot-gazipur,region-dhaka,OPEN,12000.0,PETROL,69000.0,70000
92,2026-01-01T23:00:00,depot-gazipur,region-dhaka,OPEN,12000.0,OCTANE,33000.0,45000
92,2026-01-01T23:00:00,depot-patiya,region-chattogram,OPEN,11000.0,DIESEL,81000.0,85000
92,2026-01-01T23:00:00,depot-patiya,region-chattogram,OPEN,11000.0,PETROL,50000.0,65000
92,2026-01-01T23:00:00,depot-patiya,region-chattogram,OPEN,11000.0,OCTANE,39000.0,40000
93,2026-01-01T23:15:00,depot-gazipur,region-dhaka,OPEN,12000.0,DIESEL,90000.0,90000
93,2026-01-01T23:15:00,depot-gazipur,region-dhaka,OPEN,12000.0,PETROL,69000.0,70000
93,2026-01-01T23:15:00,depot-gazipur,region-dhaka,OPEN,12000.0,OCTANE,33000.0,45000
93,2026-01-01T23:15:00,depot-patiya,region-chattogram,OPEN,11000.0,DIESEL,81000.0,85000
93,2026-01-01T23:15:00,depot-patiya,region-chattogram,OPEN,11000.0,PETROL,50000.0,65000
93,2026-01-01T23:15:00,depot-patiya,region-chattogram,OPEN,11000.0,OCTANE,39000.0,40000
94,2026-01-01T23:30:00,depot-gazipur,region-dhaka,OPEN,12000.0,DIESEL,90000.0,90000
94,2026-01-01T23:30:00,depot-gazipur,region-dhaka,OPEN,12000.0,PETROL,69000.0,70000
94,2026-01-01T23:30:00,depot-gazipur,region-dhaka,OPEN,12000.0,OCTANE,33000.0,45000
94,2026-01-01T23:30:00,depot-patiya,region-chattogram,OPEN,11000.0,DIESEL,81000.0,85000
94,2026-01-01T23:30:00,depot-patiya,region-chattogram,OPEN,11000.0,PETROL,50000.0,65000
94,2026-01-01T23:30:00,depot-patiya,region-chattogram,OPEN,11000.0,OCTANE,39000.0,40000
95,2026-01-01T23:45:00,depot-gazipur,region-dhaka,OPEN,12000.0,DIESEL,90000.0,90000
95,2026-01-01T23:45:00,depot-gazipur,region-dhaka,OPEN,12000.0,PETROL,69000.0,70000
95,2026-01-01T23:45:00,depot-gazipur,region-dhaka,OPEN,12000.0,OCTANE,33000.0,45000
95,2026-01-01T23:45:00,depot-patiya,region-chattogram,OPEN,11000.0,DIESEL,81000.0,85000
95,2026-01-01T23:45:00,depot-patiya,region-chattogram,OPEN,11000.0,PETROL,50000.0,65000
95,2026-01-01T23:45:00,depot-patiya,region-chattogram,OPEN,11000.0,OCTANE,39000.0,40000
96,2026-01-02T00:00:00,depot-gazipur,region-dhaka,OPEN,12000.0,DIESEL,90000.0,90000
96,2026-01-02T00:00:00,depot-gazipur,region-dhaka,OPEN,12000.0,PETROL,69000.0,70000
96,2026-01-02T00:00:00,depot-gazipur,region-dhaka,OPEN,12000.0,OCTANE,33000.0,45000
96,2026-01-02T00:00:00,depot-patiya,region-chattogram,OPEN,11000.0,DIESEL,81000.0,85000
96,2026-01-02T00:00:00,depot-patiya,region-chattogram,OPEN,11000.0,PETROL,50000.0,65000
96,2026-01-02T00:00:00,depot-patiya,region-chattogram,OPEN,11000.0,OCTANE,39000.0,40000
97,2026-01-02T00:15:00,depot-gazipur,region-dhaka,OPEN,12000.0,DIESEL,90000.0,90000
97,2026-01-02T00:15:00,depot-gazipur,region-dhaka,OPEN,12000.0,PETROL,69000.0,70000
97,2026-01-02T00:15:00,depot-gazipur,region-dhaka,OPEN,12000.0,OCTANE,33000.0,45000
97,2026-01-02T00:15:00,depot-patiya,region-chattogram,OPEN,11000.0,DIESEL,81000.0,85000
97,2026-01-02T00:15:00,depot-patiya,region-chattogram,OPEN,11000.0,PETROL,50000.0,65000
97,2026-01-02T00:15:00,depot-patiya,region-chattogram,OPEN,11000.0,OCTANE,39000.0,40000
98,2026-01-02T00:30:00,depot-gazipur,region-dhaka,OPEN,12000.0,DIESEL,90000.0,90000
98,2026-01-02T00:30:00,depot-gazipur,region-dhaka,OPEN,12000.0,PETROL,69000.0,70000
98,2026-01-02T00:30:00,depot-gazipur,region-dhaka,OPEN,12000.0,OCTANE,33000.0,45000
98,2026-01-02T00:30:00,depot-patiya,region-chattogram,OPEN,11000.0,DIESEL,81000.0,85000
98,2026-01-02T00:30:00,depot-patiya,region-chattogram,OPEN,11000.0,PETROL,50000.0,65000
98,2026-01-02T00:30:00,depot-patiya,region-chattogram,OPEN,11000.0,OCTANE,39000.0,40000
99,2026-01-02T00:45:00,depot-gazipur,region-dhaka,OPEN,12000.0,DIESEL,90000.0,90000
99,2026-01-02T00:45:00,depot-gazipur,region-dhaka,OPEN,12000.0,PETROL,69000.0,70000
99,2026-01-02T00:45:00,depot-gazipur,region-dhaka,OPEN,12000.0,OCTANE,33000.0,45000
99,2026-01-02T00:45:00,depot-patiya,region-chattogram,OPEN,11000.0,DIESEL,81000.0,85000
99,2026-01-02T00:45:00,depot-patiya,region-chattogram,OPEN,11000.0,PETROL,50000.0,65000
99,2026-01-02T00:45:00,depot-patiya,region-chattogram,OPEN,11000.0,OCTANE,39000.0,40000
100,2026-01-02T01:00:00,depot-gazipur,region-dhaka,OPEN,12000.0,DIESEL,90000.0,90000
100,2026-01-02T01:00:00,depot-gazipur,region-dhaka,OPEN,12000.0,PETROL,69000.0,70000
100,2026-01-02T01:00:00,depot-gazipur,region-dhaka,OPEN,12000.0,OCTANE,33000.0,45000
100,2026-01-02T01:00:00,depot-patiya,region-chattogram,OPEN,11000.0,DIESEL,81000.0,85000
100,2026-01-02T01:00:00,depot-patiya,region-chattogram,OPEN,11000.0,PETROL,50000.0,65000
100,2026-01-02T01:00:00,depot-patiya,region-chattogram,OPEN,11000.0,OCTANE,39000.0,40000
101,2026-01-02T01:15:00,depot-gazipur,region-dhaka,OPEN,12000.0,DIESEL,90000.0,90000
101,2026-01-02T01:15:00,depot-gazipur,region-dhaka,OPEN,12000.0,PETROL,69000.0,70000
101,2026-01-02T01:15:00,depot-gazipur,region-dhaka,OPEN,12000.0,OCTANE,33000.0,45000
101,2026-01-02T01:15:00,depot-patiya,region-chattogram,OPEN,11000.0,DIESEL,81000.0,85000
101,2026-01-02T01:15:00,depot-patiya,region-chattogram,OPEN,11000.0,PETROL,50000.0,65000
101,2026-01-02T01:15:00,depot-patiya,region-chattogram,OPEN,11000.0,OCTANE,39000.0,40000
102,2026-01-02T01:30:00,depot-gazipur,region-dhaka,OPEN,12000.0,DIESEL,90000.0,90000
102,2026-01-02T01:30:00,depot-gazipur,region-dhaka,OPEN,12000.0,PETROL,69000.0,70000
102,2026-01-02T01:30:00,depot-gazipur,region-dhaka,OPEN,12000.0,OCTANE,33000.0,45000
102,2026-01-02T01:30:00,depot-patiya,region-chattogram,OPEN,11000.0,DIESEL,81000.0,85000
102,2026-01-02T01:30:00,depot-patiya,region-chattogram,OPEN,11000.0,PETROL,50000.0,65000
102,2026-01-02T01:30:00,depot-patiya,region-chattogram,OPEN,11000.0,OCTANE,39000.0,40000
103,2026-01-02T01:45:00,depot-gazipur,region-dhaka,OPEN,12000.0,DIESEL,90000.0,90000
103,2026-01-02T01:45:00,depot-gazipur,region-dhaka,OPEN,12000.0,PETROL,69000.0,70000
103,2026-01-02T01:45:00,depot-gazipur,region-dhaka,OPEN,12000.0,OCTANE,33000.0,45000
103,2026-01-02T01:45:00,depot-patiya,region-chattogram,OPEN,11000.0,DIESEL,81000.0,85000
103,2026-01-02T01:45:00,depot-patiya,region-chattogram,OPEN,11000.0,PETROL,50000.0,65000
103,2026-01-02T01:45:00,depot-patiya,region-chattogram,OPEN,11000.0,OCTANE,39000.0,40000
104,2026-01-02T02:00:00,depot-gazipur,region-dhaka,OPEN,12000.0,DIESEL,90000.0,90000
104,2026-01-02T02:00:00,depot-gazipur,region-dhaka,OPEN,12000.0,PETROL,69000.0,70000
104,2026-01-02T02:00:00,depot-gazipur,region-dhaka,OPEN,12000.0,OCTANE,33000.0,45000
104,2026-01-02T02:00:00,depot-patiya,region-chattogram,OPEN,11000.0,DIESEL,81000.0,85000
104,2026-01-02T02:00:00,depot-patiya,region-chattogram,OPEN,11000.0,PETROL,50000.0,65000
104,2026-01-02T02:00:00,depot-patiya,region-chattogram,OPEN,11000.0,OCTANE,39000.0,40000
105,2026-01-02T02:15:00,depot-gazipur,region-dhaka,OPEN,12000.0,DIESEL,90000.0,90000
105,2026-01-02T02:15:00,depot-gazipur,region-dhaka,OPEN,12000.0,PETROL,69000.0,70000
105,2026-01-02T02:15:00,depot-gazipur,region-dhaka,OPEN,12000.0,OCTANE,33000.0,45000
105,2026-01-02T02:15:00,depot-patiya,region-chattogram,OPEN,11000.0,DIESEL,81000.0,85000
105,2026-01-02T02:15:00,depot-patiya,region-chattogram,OPEN,11000.0,PETROL,50000.0,65000
105,2026-01-02T02:15:00,depot-patiya,region-chattogram,OPEN,11000.0,OCTANE,39000.0,40000
106,2026-01-02T02:30:00,depot-gazipur,region-dhaka,OPEN,12000.0,DIESEL,90000.0,90000
106,2026-01-02T02:30:00,depot-gazipur,region-dhaka,OPEN,12000.0,PETROL,69000.0,70000
106,2026-01-02T02:30:00,depot-gazipur,region-dhaka,OPEN,12000.0,OCTANE,33000.0,45000
106,2026-01-02T02:30:00,depot-patiya,region-chattogram,OPEN,11000.0,DIESEL,81000.0,85000
106,2026-01-02T02:30:00,depot-patiya,region-chattogram,OPEN,11000.0,PETROL,50000.0,65000
106,2026-01-02T02:30:00,depot-patiya,region-chattogram,OPEN,11000.0,OCTANE,39000.0,40000
107,2026-01-02T02:45:00,depot-gazipur,region-dhaka,OPEN,12000.0,DIESEL,90000.0,90000
107,2026-01-02T02:45:00,depot-gazipur,region-dhaka,OPEN,12000.0,PETROL,69000.0,70000
107,2026-01-02T02:45:00,depot-gazipur,region-dhaka,OPEN,12000.0,OCTANE,33000.0,45000
107,2026-01-02T02:45:00,depot-patiya,region-chattogram,OPEN,11000.0,DIESEL,81000.0,85000
107,2026-01-02T02:45:00,depot-patiya,region-chattogram,OPEN,11000.0,PETROL,50000.0,65000
107,2026-01-02T02:45:00,depot-patiya,region-chattogram,OPEN,11000.0,OCTANE,39000.0,40000
108,2026-01-02T03:00:00,depot-gazipur,region-dhaka,OPEN,12000.0,DIESEL,90000.0,90000
108,2026-01-02T03:00:00,depot-gazipur,region-dhaka,OPEN,12000.0,PETROL,69000.0,70000
108,2026-01-02T03:00:00,depot-gazipur,region-dhaka,OPEN,12000.0,OCTANE,33000.0,45000
108,2026-01-02T03:00:00,depot-patiya,region-chattogram,OPEN,11000.0,DIESEL,81000.0,85000
108,2026-01-02T03:00:00,depot-patiya,region-chattogram,OPEN,11000.0,PETROL,50000.0,65000
108,2026-01-02T03:00:00,depot-patiya,region-chattogram,OPEN,11000.0,OCTANE,39000.0,40000
109,2026-01-02T03:15:00,depot-gazipur,region-dhaka,OPEN,12000.0,DIESEL,90000.0,90000
109,2026-01-02T03:15:00,depot-gazipur,region-dhaka,OPEN,12000.0,PETROL,69000.0,70000
109,2026-01-02T03:15:00,depot-gazipur,region-dhaka,OPEN,12000.0,OCTANE,33000.0,45000
109,2026-01-02T03:15:00,depot-patiya,region-chattogram,OPEN,11000.0,DIESEL,81000.0,85000
109,2026-01-02T03:15:00,depot-patiya,region-chattogram,OPEN,11000.0,PETROL,50000.0,65000
109,2026-01-02T03:15:00,depot-patiya,region-chattogram,OPEN,11000.0,OCTANE,39000.0,40000
110,2026-01-02T03:30:00,depot-gazipur,region-dhaka,OPEN,12000.0,DIESEL,90000.0,90000
110,2026-01-02T03:30:00,depot-gazipur,region-dhaka,OPEN,12000.0,PETROL,69000.0,70000
110,2026-01-02T03:30:00,depot-gazipur,region-dhaka,OPEN,12000.0,OCTANE,33000.0,45000
110,2026-01-02T03:30:00,depot-patiya,region-chattogram,OPEN,11000.0,DIESEL,81000.0,85000
110,2026-01-02T03:30:00,depot-patiya,region-chattogram,OPEN,11000.0,PETROL,50000.0,65000
110,2026-01-02T03:30:00,depot-patiya,region-chattogram,OPEN,11000.0,OCTANE,39000.0,40000
111,2026-01-02T03:45:00,depot-gazipur,region-dhaka,OPEN,12000.0,DIESEL,90000.0,90000
111,2026-01-02T03:45:00,depot-gazipur,region-dhaka,OPEN,12000.0,PETROL,69000.0,70000
111,2026-01-02T03:45:00,depot-gazipur,region-dhaka,OPEN,12000.0,OCTANE,33000.0,45000
111,2026-01-02T03:45:00,depot-patiya,region-chattogram,OPEN,11000.0,DIESEL,81000.0,85000
111,2026-01-02T03:45:00,depot-patiya,region-chattogram,OPEN,11000.0,PETROL,50000.0,65000
111,2026-01-02T03:45:00,depot-patiya,region-chattogram,OPEN,11000.0,OCTANE,39000.0,40000
112,2026-01-02T04:00:00,depot-gazipur,region-dhaka,OPEN,12000.0,DIESEL,90000.0,90000
112,2026-01-02T04:00:00,depot-gazipur,region-dhaka,OPEN,12000.0,PETROL,69000.0,70000
112,2026-01-02T04:00:00,depot-gazipur,region-dhaka,OPEN,12000.0,OCTANE,33000.0,45000
112,2026-01-02T04:00:00,depot-patiya,region-chattogram,OPEN,11000.0,DIESEL,81000.0,85000
112,2026-01-02T04:00:00,depot-patiya,region-chattogram,OPEN,11000.0,PETROL,50000.0,65000
112,2026-01-02T04:00:00,depot-patiya,region-chattogram,OPEN,11000.0,OCTANE,39000.0,40000
113,2026-01-02T04:15:00,depot-gazipur,region-dhaka,OPEN,12000.0,DIESEL,90000.0,90000
113,2026-01-02T04:15:00,depot-gazipur,region-dhaka,OPEN,12000.0,PETROL,69000.0,70000
113,2026-01-02T04:15:00,depot-gazipur,region-dhaka,OPEN,12000.0,OCTANE,33000.0,45000
113,2026-01-02T04:15:00,depot-patiya,region-chattogram,OPEN,11000.0,DIESEL,81000.0,85000
113,2026-01-02T04:15:00,depot-patiya,region-chattogram,OPEN,11000.0,PETROL,50000.0,65000
113,2026-01-02T04:15:00,depot-patiya,region-chattogram,OPEN,11000.0,OCTANE,39000.0,40000
114,2026-01-02T04:30:00,depot-gazipur,region-dhaka,OPEN,12000.0,DIESEL,90000.0,90000
114,2026-01-02T04:30:00,depot-gazipur,region-dhaka,OPEN,12000.0,PETROL,69000.0,70000
114,2026-01-02T04:30:00,depot-gazipur,region-dhaka,OPEN,12000.0,OCTANE,33000.0,45000
114,2026-01-02T04:30:00,depot-patiya,region-chattogram,OPEN,11000.0,DIESEL,81000.0,85000
114,2026-01-02T04:30:00,depot-patiya,region-chattogram,OPEN,11000.0,PETROL,50000.0,65000
114,2026-01-02T04:30:00,depot-patiya,region-chattogram,OPEN,11000.0,OCTANE,39000.0,40000
115,2026-01-02T04:45:00,depot-gazipur,region-dhaka,OPEN,12000.0,DIESEL,90000.0,90000
115,2026-01-02T04:45:00,depot-gazipur,region-dhaka,OPEN,12000.0,PETROL,69000.0,70000
115,2026-01-02T04:45:00,depot-gazipur,region-dhaka,OPEN,12000.0,OCTANE,33000.0,45000
115,2026-01-02T04:45:00,depot-patiya,region-chattogram,OPEN,11000.0,DIESEL,81000.0,85000
115,2026-01-02T04:45:00,depot-patiya,region-chattogram,OPEN,11000.0,PETROL,50000.0,65000
115,2026-01-02T04:45:00,depot-patiya,region-chattogram,OPEN,11000.0,OCTANE,39000.0,40000
116,2026-01-02T05:00:00,depot-gazipur,region-dhaka,OPEN,12000.0,DIESEL,90000.0,90000
116,2026-01-02T05:00:00,depot-gazipur,region-dhaka,OPEN,12000.0,PETROL,69000.0,70000
116,2026-01-02T05:00:00,depot-gazipur,region-dhaka,OPEN,12000.0,OCTANE,33000.0,45000
116,2026-01-02T05:00:00,depot-patiya,region-chattogram,OPEN,11000.0,DIESEL,81000.0,85000
116,2026-01-02T05:00:00,depot-patiya,region-chattogram,OPEN,11000.0,PETROL,50000.0,65000
116,2026-01-02T05:00:00,depot-patiya,region-chattogram,OPEN,11000.0,OCTANE,39000.0,40000
117,2026-01-02T05:15:00,depot-gazipur,region-dhaka,OPEN,12000.0,DIESEL,90000.0,90000
117,2026-01-02T05:15:00,depot-gazipur,region-dhaka,OPEN,12000.0,PETROL,69000.0,70000
117,2026-01-02T05:15:00,depot-gazipur,region-dhaka,OPEN,12000.0,OCTANE,33000.0,45000
117,2026-01-02T05:15:00,depot-patiya,region-chattogram,OPEN,11000.0,DIESEL,81000.0,85000
117,2026-01-02T05:15:00,depot-patiya,region-chattogram,OPEN,11000.0,PETROL,50000.0,65000
117,2026-01-02T05:15:00,depot-patiya,region-chattogram,OPEN,11000.0,OCTANE,39000.0,40000
118,2026-01-02T05:30:00,depot-gazipur,region-dhaka,OPEN,12000.0,DIESEL,90000.0,90000
118,2026-01-02T05:30:00,depot-gazipur,region-dhaka,OPEN,12000.0,PETROL,69000.0,70000
118,2026-01-02T05:30:00,depot-gazipur,region-dhaka,OPEN,12000.0,OCTANE,33000.0,45000
118,2026-01-02T05:30:00,depot-patiya,region-chattogram,OPEN,11000.0,DIESEL,81000.0,85000
118,2026-01-02T05:30:00,depot-patiya,region-chattogram,OPEN,11000.0,PETROL,50000.0,65000
118,2026-01-02T05:30:00,depot-patiya,region-chattogram,OPEN,11000.0,OCTANE,39000.0,40000
119,2026-01-02T05:45:00,depot-gazipur,region-dhaka,OPEN,12000.0,DIESEL,90000.0,90000
119,2026-01-02T05:45:00,depot-gazipur,region-dhaka,OPEN,12000.0,PETROL,69000.0,70000
119,2026-01-02T05:45:00,depot-gazipur,region-dhaka,OPEN,12000.0,OCTANE,33000.0,45000
119,2026-01-02T05:45:00,depot-patiya,region-chattogram,OPEN,11000.0,DIESEL,81000.0,85000
119,2026-01-02T05:45:00,depot-patiya,region-chattogram,OPEN,11000.0,PETROL,50000.0,65000
119,2026-01-02T05:45:00,depot-patiya,region-chattogram,OPEN,11000.0,OCTANE,39000.0,40000
120,2026-01-02T06:00:00,depot-gazipur,region-dhaka,OPEN,12000.0,DIESEL,90000.0,90000
120,2026-01-02T06:00:00,depot-gazipur,region-dhaka,OPEN,12000.0,PETROL,69000.0,70000
120,2026-01-02T06:00:00,depot-gazipur,region-dhaka,OPEN,12000.0,OCTANE,33000.0,45000
120,2026-01-02T06:00:00,depot-patiya,region-chattogram,OPEN,11000.0,DIESEL,81000.0,85000
120,2026-01-02T06:00:00,depot-patiya,region-chattogram,OPEN,11000.0,PETROL,50000.0,65000
120,2026-01-02T06:00:00,depot-patiya,region-chattogram,OPEN,11000.0,OCTANE,39000.0,40000
121,2026-01-02T06:15:00,depot-gazipur,region-dhaka,OPEN,12000.0,DIESEL,90000.0,90000
121,2026-01-02T06:15:00,depot-gazipur,region-dhaka,OPEN,12000.0,PETROL,69000.0,70000
121,2026-01-02T06:15:00,depot-gazipur,region-dhaka,OPEN,12000.0,OCTANE,33000.0,45000
121,2026-01-02T06:15:00,depot-patiya,region-chattogram,OPEN,11000.0,DIESEL,81000.0,85000
121,2026-01-02T06:15:00,depot-patiya,region-chattogram,OPEN,11000.0,PETROL,50000.0,65000
121,2026-01-02T06:15:00,depot-patiya,region-chattogram,OPEN,11000.0,OCTANE,39000.0,40000
122,2026-01-02T06:30:00,depot-gazipur,region-dhaka,OPEN,12000.0,DIESEL,90000.0,90000
122,2026-01-02T06:30:00,depot-gazipur,region-dhaka,OPEN,12000.0,PETROL,69000.0,70000
122,2026-01-02T06:30:00,depot-gazipur,region-dhaka,OPEN,12000.0,OCTANE,33000.0,45000
122,2026-01-02T06:30:00,depot-patiya,region-chattogram,OPEN,11000.0,DIESEL,81000.0,85000
122,2026-01-02T06:30:00,depot-patiya,region-chattogram,OPEN,11000.0,PETROL,50000.0,65000
122,2026-01-02T06:30:00,depot-patiya,region-chattogram,OPEN,11000.0,OCTANE,39000.0,40000
123,2026-01-02T06:45:00,depot-gazipur,region-dhaka,OPEN,12000.0,DIESEL,90000.0,90000
123,2026-01-02T06:45:00,depot-gazipur,region-dhaka,OPEN,12000.0,PETROL,69000.0,70000
123,2026-01-02T06:45:00,depot-gazipur,region-dhaka,OPEN,12000.0,OCTANE,33000.0,45000
123,2026-01-02T06:45:00,depot-patiya,region-chattogram,OPEN,11000.0,DIESEL,81000.0,85000
123,2026-01-02T06:45:00,depot-patiya,region-chattogram,OPEN,11000.0,PETROL,50000.0,65000
123,2026-01-02T06:45:00,depot-patiya,region-chattogram,OPEN,11000.0,OCTANE,39000.0,40000
124,2026-01-02T07:00:00,depot-gazipur,region-dhaka,OPEN,12000.0,DIESEL,90000.0,90000
124,2026-01-02T07:00:00,depot-gazipur,region-dhaka,OPEN,12000.0,PETROL,69000.0,70000
124,2026-01-02T07:00:00,depot-gazipur,region-dhaka,OPEN,12000.0,OCTANE,33000.0,45000
124,2026-01-02T07:00:00,depot-patiya,region-chattogram,OPEN,11000.0,DIESEL,81000.0,85000
124,2026-01-02T07:00:00,depot-patiya,region-chattogram,OPEN,11000.0,PETROL,50000.0,65000
124,2026-01-02T07:00:00,depot-patiya,region-chattogram,OPEN,11000.0,OCTANE,39000.0,40000
125,2026-01-02T07:15:00,depot-gazipur,region-dhaka,OPEN,12000.0,DIESEL,90000.0,90000
125,2026-01-02T07:15:00,depot-gazipur,region-dhaka,OPEN,12000.0,PETROL,69000.0,70000
125,2026-01-02T07:15:00,depot-gazipur,region-dhaka,OPEN,12000.0,OCTANE,33000.0,45000
125,2026-01-02T07:15:00,depot-patiya,region-chattogram,OPEN,11000.0,DIESEL,81000.0,85000
125,2026-01-02T07:15:00,depot-patiya,region-chattogram,OPEN,11000.0,PETROL,50000.0,65000
125,2026-01-02T07:15:00,depot-patiya,region-chattogram,OPEN,11000.0,OCTANE,39000.0,40000
126,2026-01-02T07:30:00,depot-gazipur,region-dhaka,OPEN,12000.0,DIESEL,90000.0,90000
126,2026-01-02T07:30:00,depot-gazipur,region-dhaka,OPEN,12000.0,PETROL,69000.0,70000
126,2026-01-02T07:30:00,depot-gazipur,region-dhaka,OPEN,12000.0,OCTANE,33000.0,45000
126,2026-01-02T07:30:00,depot-patiya,region-chattogram,OPEN,11000.0,DIESEL,81000.0,85000
126,2026-01-02T07:30:00,depot-patiya,region-chattogram,OPEN,11000.0,PETROL,50000.0,65000
126,2026-01-02T07:30:00,depot-patiya,region-chattogram,OPEN,11000.0,OCTANE,39000.0,40000
127,2026-01-02T07:45:00,depot-gazipur,region-dhaka,OPEN,12000.0,DIESEL,90000.0,90000
127,2026-01-02T07:45:00,depot-gazipur,region-dhaka,OPEN,12000.0,PETROL,69000.0,70000
127,2026-01-02T07:45:00,depot-gazipur,region-dhaka,OPEN,12000.0,OCTANE,33000.0,45000
127,2026-01-02T07:45:00,depot-patiya,region-chattogram,OPEN,11000.0,DIESEL,81000.0,85000
127,2026-01-02T07:45:00,depot-patiya,region-chattogram,OPEN,11000.0,PETROL,50000.0,65000
127,2026-01-02T07:45:00,depot-patiya,region-chattogram,OPEN,11000.0,OCTANE,39000.0,40000
128,2026-01-02T08:00:00,depot-gazipur,region-dhaka,OPEN,12000.0,DIESEL,90000.0,90000
128,2026-01-02T08:00:00,depot-gazipur,region-dhaka,OPEN,12000.0,PETROL,69000.0,70000
128,2026-01-02T08:00:00,depot-gazipur,region-dhaka,OPEN,12000.0,OCTANE,33000.0,45000
128,2026-01-02T08:00:00,depot-patiya,region-chattogram,OPEN,11000.0,DIESEL,81000.0,85000
128,2026-01-02T08:00:00,depot-patiya,region-chattogram,OPEN,11000.0,PETROL,50000.0,65000
128,2026-01-02T08:00:00,depot-patiya,region-chattogram,OPEN,11000.0,OCTANE,39000.0,40000
129,2026-01-02T08:15:00,depot-gazipur,region-dhaka,OPEN,12000.0,DIESEL,90000.0,90000
129,2026-01-02T08:15:00,depot-gazipur,region-dhaka,OPEN,12000.0,PETROL,69000.0,70000
129,2026-01-02T08:15:00,depot-gazipur,region-dhaka,OPEN,12000.0,OCTANE,33000.0,45000
129,2026-01-02T08:15:00,depot-patiya,region-chattogram,OPEN,11000.0,DIESEL,81000.0,85000
129,2026-01-02T08:15:00,depot-patiya,region-chattogram,OPEN,11000.0,PETROL,50000.0,65000
129,2026-01-02T08:15:00,depot-patiya,region-chattogram,OPEN,11000.0,OCTANE,39000.0,40000
130,2026-01-02T08:30:00,depot-gazipur,region-dhaka,OPEN,12000.0,DIESEL,90000.0,90000
130,2026-01-02T08:30:00,depot-gazipur,region-dhaka,OPEN,12000.0,PETROL,69000.0,70000
130,2026-01-02T08:30:00,depot-gazipur,region-dhaka,OPEN,12000.0,OCTANE,33000.0,45000
130,2026-01-02T08:30:00,depot-patiya,region-chattogram,OPEN,11000.0,DIESEL,81000.0,85000
130,2026-01-02T08:30:00,depot-patiya,region-chattogram,OPEN,11000.0,PETROL,50000.0,65000
130,2026-01-02T08:30:00,depot-patiya,region-chattogram,OPEN,11000.0,OCTANE,39000.0,40000
131,2026-01-02T08:45:00,depot-gazipur,region-dhaka,OPEN,12000.0,DIESEL,90000.0,90000
131,2026-01-02T08:45:00,depot-gazipur,region-dhaka,OPEN,12000.0,PETROL,69000.0,70000
131,2026-01-02T08:45:00,depot-gazipur,region-dhaka,OPEN,12000.0,OCTANE,33000.0,45000
131,2026-01-02T08:45:00,depot-patiya,region-chattogram,OPEN,11000.0,DIESEL,81000.0,85000
131,2026-01-02T08:45:00,depot-patiya,region-chattogram,OPEN,11000.0,PETROL,50000.0,65000
131,2026-01-02T08:45:00,depot-patiya,region-chattogram,OPEN,11000.0,OCTANE,39000.0,40000
132,2026-01-02T09:00:00,depot-gazipur,region-dhaka,OPEN,12000.0,DIESEL,90000.0,90000
132,2026-01-02T09:00:00,depot-gazipur,region-dhaka,OPEN,12000.0,PETROL,69000.0,70000
132,2026-01-02T09:00:00,depot-gazipur,region-dhaka,OPEN,12000.0,OCTANE,33000.0,45000
132,2026-01-02T09:00:00,depot-patiya,region-chattogram,OPEN,11000.0,DIESEL,81000.0,85000
132,2026-01-02T09:00:00,depot-patiya,region-chattogram,OPEN,11000.0,PETROL,50000.0,65000
132,2026-01-02T09:00:00,depot-patiya,region-chattogram,OPEN,11000.0,OCTANE,39000.0,40000
133,2026-01-02T09:15:00,depot-gazipur,region-dhaka,OPEN,12000.0,DIESEL,90000.0,90000
133,2026-01-02T09:15:00,depot-gazipur,region-dhaka,OPEN,12000.0,PETROL,70000.0,70000
133,2026-01-02T09:15:00,depot-gazipur,region-dhaka,OPEN,12000.0,OCTANE,33000.0,45000
133,2026-01-02T09:15:00,depot-patiya,region-chattogram,OPEN,11000.0,DIESEL,81000.0,85000
133,2026-01-02T09:15:00,depot-patiya,region-chattogram,OPEN,11000.0,PETROL,50000.0,65000
133,2026-01-02T09:15:00,depot-patiya,region-chattogram,OPEN,11000.0,OCTANE,39000.0,40000
134,2026-01-02T09:30:00,depot-gazipur,region-dhaka,OPEN,12000.0,DIESEL,90000.0,90000
134,2026-01-02T09:30:00,depot-gazipur,region-dhaka,OPEN,12000.0,PETROL,70000.0,70000
134,2026-01-02T09:30:00,depot-gazipur,region-dhaka,OPEN,12000.0,OCTANE,33000.0,45000
134,2026-01-02T09:30:00,depot-patiya,region-chattogram,OPEN,11000.0,DIESEL,81000.0,85000
134,2026-01-02T09:30:00,depot-patiya,region-chattogram,OPEN,11000.0,PETROL,50000.0,65000
134,2026-01-02T09:30:00,depot-patiya,region-chattogram,OPEN,11000.0,OCTANE,39000.0,40000
135,2026-01-02T09:45:00,depot-gazipur,region-dhaka,OPEN,12000.0,DIESEL,90000.0,90000
135,2026-01-02T09:45:00,depot-gazipur,region-dhaka,OPEN,12000.0,PETROL,70000.0,70000
135,2026-01-02T09:45:00,depot-gazipur,region-dhaka,OPEN,12000.0,OCTANE,33000.0,45000
135,2026-01-02T09:45:00,depot-patiya,region-chattogram,OPEN,11000.0,DIESEL,81000.0,85000
135,2026-01-02T09:45:00,depot-patiya,region-chattogram,OPEN,11000.0,PETROL,50000.0,65000
135,2026-01-02T09:45:00,depot-patiya,region-chattogram,OPEN,11000.0,OCTANE,39000.0,40000
136,2026-01-02T10:00:00,depot-gazipur,region-dhaka,OPEN,12000.0,DIESEL,90000.0,90000
136,2026-01-02T10:00:00,depot-gazipur,region-dhaka,OPEN,12000.0,PETROL,70000.0,70000
136,2026-01-02T10:00:00,depot-gazipur,region-dhaka,OPEN,12000.0,OCTANE,33000.0,45000
136,2026-01-02T10:00:00,depot-patiya,region-chattogram,OPEN,11000.0,DIESEL,81000.0,85000
136,2026-01-02T10:00:00,depot-patiya,region-chattogram,OPEN,11000.0,PETROL,50000.0,65000
136,2026-01-02T10:00:00,depot-patiya,region-chattogram,OPEN,11000.0,OCTANE,39000.0,40000
137,2026-01-02T10:15:00,depot-gazipur,region-dhaka,OPEN,12000.0,DIESEL,90000.0,90000
137,2026-01-02T10:15:00,depot-gazipur,region-dhaka,OPEN,12000.0,PETROL,70000.0,70000
137,2026-01-02T10:15:00,depot-gazipur,region-dhaka,OPEN,12000.0,OCTANE,40000.0,45000
137,2026-01-02T10:15:00,depot-patiya,region-chattogram,OPEN,11000.0,DIESEL,81000.0,85000
137,2026-01-02T10:15:00,depot-patiya,region-chattogram,OPEN,11000.0,PETROL,50000.0,65000
137,2026-01-02T10:15:00,depot-patiya,region-chattogram,OPEN,11000.0,OCTANE,39000.0,40000
138,2026-01-02T10:30:00,depot-gazipur,region-dhaka,OPEN,12000.0,DIESEL,90000.0,90000
138,2026-01-02T10:30:00,depot-gazipur,region-dhaka,OPEN,12000.0,PETROL,70000.0,70000
138,2026-01-02T10:30:00,depot-gazipur,region-dhaka,OPEN,12000.0,OCTANE,40000.0,45000
138,2026-01-02T10:30:00,depot-patiya,region-chattogram,OPEN,11000.0,DIESEL,81000.0,85000
138,2026-01-02T10:30:00,depot-patiya,region-chattogram,OPEN,11000.0,PETROL,50000.0,65000
138,2026-01-02T10:30:00,depot-patiya,region-chattogram,OPEN,11000.0,OCTANE,39000.0,40000
139,2026-01-02T10:45:00,depot-gazipur,region-dhaka,OPEN,12000.0,DIESEL,90000.0,90000
139,2026-01-02T10:45:00,depot-gazipur,region-dhaka,OPEN,12000.0,PETROL,70000.0,70000
139,2026-01-02T10:45:00,depot-gazipur,region-dhaka,OPEN,12000.0,OCTANE,40000.0,45000
139,2026-01-02T10:45:00,depot-patiya,region-chattogram,OPEN,11000.0,DIESEL,81000.0,85000
139,2026-01-02T10:45:00,depot-patiya,region-chattogram,OPEN,11000.0,PETROL,50000.0,65000
139,2026-01-02T10:45:00,depot-patiya,region-chattogram,OPEN,11000.0,OCTANE,39000.0,40000
140,2026-01-02T11:00:00,depot-gazipur,region-dhaka,OPEN,12000.0,DIESEL,90000.0,90000
140,2026-01-02T11:00:00,depot-gazipur,region-dhaka,OPEN,12000.0,PETROL,70000.0,70000
140,2026-01-02T11:00:00,depot-gazipur,region-dhaka,OPEN,12000.0,OCTANE,40000.0,45000
140,2026-01-02T11:00:00,depot-patiya,region-chattogram,OPEN,11000.0,DIESEL,81000.0,85000
140,2026-01-02T11:00:00,depot-patiya,region-chattogram,OPEN,11000.0,PETROL,50000.0,65000
140,2026-01-02T11:00:00,depot-patiya,region-chattogram,OPEN,11000.0,OCTANE,39000.0,40000
141,2026-01-02T11:15:00,depot-gazipur,region-dhaka,OPEN,12000.0,DIESEL,90000.0,90000
141,2026-01-02T11:15:00,depot-gazipur,region-dhaka,OPEN,12000.0,PETROL,70000.0,70000
141,2026-01-02T11:15:00,depot-gazipur,region-dhaka,OPEN,12000.0,OCTANE,40000.0,45000
141,2026-01-02T11:15:00,depot-patiya,region-chattogram,OPEN,11000.0,DIESEL,85000.0,85000
141,2026-01-02T11:15:00,depot-patiya,region-chattogram,OPEN,11000.0,PETROL,50000.0,65000
141,2026-01-02T11:15:00,depot-patiya,region-chattogram,OPEN,11000.0,OCTANE,39000.0,40000
142,2026-01-02T11:30:00,depot-gazipur,region-dhaka,OPEN,12000.0,DIESEL,90000.0,90000
142,2026-01-02T11:30:00,depot-gazipur,region-dhaka,OPEN,12000.0,PETROL,70000.0,70000
142,2026-01-02T11:30:00,depot-gazipur,region-dhaka,OPEN,12000.0,OCTANE,40000.0,45000
142,2026-01-02T11:30:00,depot-patiya,region-chattogram,OPEN,11000.0,DIESEL,85000.0,85000
142,2026-01-02T11:30:00,depot-patiya,region-chattogram,OPEN,11000.0,PETROL,50000.0,65000
142,2026-01-02T11:30:00,depot-patiya,region-chattogram,OPEN,11000.0,OCTANE,39000.0,40000
143,2026-01-02T11:45:00,depot-gazipur,region-dhaka,OPEN,12000.0,DIESEL,90000.0,90000
143,2026-01-02T11:45:00,depot-gazipur,region-dhaka,OPEN,12000.0,PETROL,70000.0,70000
143,2026-01-02T11:45:00,depot-gazipur,region-dhaka,OPEN,12000.0,OCTANE,40000.0,45000
143,2026-01-02T11:45:00,depot-patiya,region-chattogram,OPEN,11000.0,DIESEL,85000.0,85000
143,2026-01-02T11:45:00,depot-patiya,region-chattogram,OPEN,11000.0,PETROL,50000.0,65000
143,2026-01-02T11:45:00,depot-patiya,region-chattogram,OPEN,11000.0,OCTANE,39000.0,40000
144,2026-01-02T12:00:00,depot-gazipur,region-dhaka,OPEN,12000.0,DIESEL,90000.0,90000
144,2026-01-02T12:00:00,depot-gazipur,region-dhaka,OPEN,12000.0,PETROL,70000.0,70000
144,2026-01-02T12:00:00,depot-gazipur,region-dhaka,OPEN,12000.0,OCTANE,40000.0,45000
144,2026-01-02T12:00:00,depot-patiya,region-chattogram,OPEN,11000.0,DIESEL,85000.0,85000
144,2026-01-02T12:00:00,depot-patiya,region-chattogram,OPEN,11000.0,PETROL,50000.0,65000
144,2026-01-02T12:00:00,depot-patiya,region-chattogram,OPEN,11000.0,OCTANE,39000.0,40000
145,2026-01-02T12:15:00,depot-gazipur,region-dhaka,OPEN,12000.0,DIESEL,90000.0,90000
145,2026-01-02T12:15:00,depot-gazipur,region-dhaka,OPEN,12000.0,PETROL,70000.0,70000
145,2026-01-02T12:15:00,depot-gazipur,region-dhaka,OPEN,12000.0,OCTANE,40000.0,45000
145,2026-01-02T12:15:00,depot-patiya,region-chattogram,OPEN,11000.0,DIESEL,85000.0,85000
145,2026-01-02T12:15:00,depot-patiya,region-chattogram,OPEN,11000.0,PETROL,58000.0,65000
145,2026-01-02T12:15:00,depot-patiya,region-chattogram,OPEN,11000.0,OCTANE,39000.0,40000
146,2026-01-02T12:30:00,depot-gazipur,region-dhaka,OPEN,12000.0,DIESEL,90000.0,90000
146,2026-01-02T12:30:00,depot-gazipur,region-dhaka,OPEN,12000.0,PETROL,70000.0,70000
146,2026-01-02T12:30:00,depot-gazipur,region-dhaka,OPEN,12000.0,OCTANE,40000.0,45000
146,2026-01-02T12:30:00,depot-patiya,region-chattogram,OPEN,11000.0,DIESEL,85000.0,85000
146,2026-01-02T12:30:00,depot-patiya,region-chattogram,OPEN,11000.0,PETROL,58000.0,65000
146,2026-01-02T12:30:00,depot-patiya,region-chattogram,OPEN,11000.0,OCTANE,39000.0,40000
147,2026-01-02T12:45:00,depot-gazipur,region-dhaka,OPEN,12000.0,DIESEL,90000.0,90000
147,2026-01-02T12:45:00,depot-gazipur,region-dhaka,OPEN,12000.0,PETROL,70000.0,70000
147,2026-01-02T12:45:00,depot-gazipur,region-dhaka,OPEN,12000.0,OCTANE,40000.0,45000
147,2026-01-02T12:45:00,depot-patiya,region-chattogram,OPEN,11000.0,DIESEL,85000.0,85000
147,2026-01-02T12:45:00,depot-patiya,region-chattogram,OPEN,11000.0,PETROL,58000.0,65000
147,2026-01-02T12:45:00,depot-patiya,region-chattogram,OPEN,11000.0,OCTANE,39000.0,40000
148,2026-01-02T13:00:00,depot-gazipur,region-dhaka,OPEN,12000.0,DIESEL,90000.0,90000
148,2026-01-02T13:00:00,depot-gazipur,region-dhaka,OPEN,12000.0,PETROL,70000.0,70000
148,2026-01-02T13:00:00,depot-gazipur,region-dhaka,OPEN,12000.0,OCTANE,40000.0,45000
148,2026-01-02T13:00:00,depot-patiya,region-chattogram,OPEN,11000.0,DIESEL,85000.0,85000
148,2026-01-02T13:00:00,depot-patiya,region-chattogram,OPEN,11000.0,PETROL,58000.0,65000
148,2026-01-02T13:00:00,depot-patiya,region-chattogram,OPEN,11000.0,OCTANE,39000.0,40000
149,2026-01-02T13:15:00,depot-gazipur,region-dhaka,OPEN,12000.0,DIESEL,90000.0,90000
149,2026-01-02T13:15:00,depot-gazipur,region-dhaka,OPEN,12000.0,PETROL,70000.0,70000
149,2026-01-02T13:15:00,depot-gazipur,region-dhaka,OPEN,12000.0,OCTANE,40000.0,45000
149,2026-01-02T13:15:00,depot-patiya,region-chattogram,OPEN,11000.0,DIESEL,85000.0,85000
149,2026-01-02T13:15:00,depot-patiya,region-chattogram,OPEN,11000.0,PETROL,58000.0,65000
149,2026-01-02T13:15:00,depot-patiya,region-chattogram,OPEN,11000.0,OCTANE,40000.0,40000
150,2026-01-02T13:30:00,depot-gazipur,region-dhaka,OPEN,12000.0,DIESEL,90000.0,90000
150,2026-01-02T13:30:00,depot-gazipur,region-dhaka,OPEN,12000.0,PETROL,70000.0,70000
150,2026-01-02T13:30:00,depot-gazipur,region-dhaka,OPEN,12000.0,OCTANE,40000.0,45000
150,2026-01-02T13:30:00,depot-patiya,region-chattogram,OPEN,11000.0,DIESEL,85000.0,85000
150,2026-01-02T13:30:00,depot-patiya,region-chattogram,OPEN,11000.0,PETROL,58000.0,65000
150,2026-01-02T13:30:00,depot-patiya,region-chattogram,OPEN,11000.0,OCTANE,40000.0,40000
151,2026-01-02T13:45:00,depot-gazipur,region-dhaka,OPEN,12000.0,DIESEL,90000.0,90000
151,2026-01-02T13:45:00,depot-gazipur,region-dhaka,OPEN,12000.0,PETROL,70000.0,70000
151,2026-01-02T13:45:00,depot-gazipur,region-dhaka,OPEN,12000.0,OCTANE,40000.0,45000
151,2026-01-02T13:45:00,depot-patiya,region-chattogram,OPEN,11000.0,DIESEL,85000.0,85000
151,2026-01-02T13:45:00,depot-patiya,region-chattogram,OPEN,11000.0,PETROL,58000.0,65000
151,2026-01-02T13:45:00,depot-patiya,region-chattogram,OPEN,11000.0,OCTANE,40000.0,40000
152,2026-01-02T14:00:00,depot-gazipur,region-dhaka,OPEN,12000.0,DIESEL,90000.0,90000
152,2026-01-02T14:00:00,depot-gazipur,region-dhaka,OPEN,12000.0,PETROL,70000.0,70000
152,2026-01-02T14:00:00,depot-gazipur,region-dhaka,OPEN,12000.0,OCTANE,40000.0,45000
152,2026-01-02T14:00:00,depot-patiya,region-chattogram,OPEN,11000.0,DIESEL,85000.0,85000
152,2026-01-02T14:00:00,depot-patiya,region-chattogram,OPEN,11000.0,PETROL,58000.0,65000
152,2026-01-02T14:00:00,depot-patiya,region-chattogram,OPEN,11000.0,OCTANE,40000.0,40000
153,2026-01-02T14:15:00,depot-gazipur,region-dhaka,OPEN,12000.0,DIESEL,90000.0,90000
153,2026-01-02T14:15:00,depot-gazipur,region-dhaka,OPEN,12000.0,PETROL,70000.0,70000
153,2026-01-02T14:15:00,depot-gazipur,region-dhaka,OPEN,12000.0,OCTANE,40000.0,45000
153,2026-01-02T14:15:00,depot-patiya,region-chattogram,OPEN,11000.0,DIESEL,85000.0,85000
153,2026-01-02T14:15:00,depot-patiya,region-chattogram,OPEN,11000.0,PETROL,58000.0,65000
153,2026-01-02T14:15:00,depot-patiya,region-chattogram,OPEN,11000.0,OCTANE,40000.0,40000
154,2026-01-02T14:30:00,depot-gazipur,region-dhaka,OPEN,12000.0,DIESEL,90000.0,90000
154,2026-01-02T14:30:00,depot-gazipur,region-dhaka,OPEN,12000.0,PETROL,70000.0,70000
154,2026-01-02T14:30:00,depot-gazipur,region-dhaka,OPEN,12000.0,OCTANE,40000.0,45000
154,2026-01-02T14:30:00,depot-patiya,region-chattogram,OPEN,11000.0,DIESEL,85000.0,85000
154,2026-01-02T14:30:00,depot-patiya,region-chattogram,OPEN,11000.0,PETROL,58000.0,65000
154,2026-01-02T14:30:00,depot-patiya,region-chattogram,OPEN,11000.0,OCTANE,40000.0,40000
155,2026-01-02T14:45:00,depot-gazipur,region-dhaka,OPEN,12000.0,DIESEL,90000.0,90000
155,2026-01-02T14:45:00,depot-gazipur,region-dhaka,OPEN,12000.0,PETROL,70000.0,70000
155,2026-01-02T14:45:00,depot-gazipur,region-dhaka,OPEN,12000.0,OCTANE,40000.0,45000
155,2026-01-02T14:45:00,depot-patiya,region-chattogram,OPEN,11000.0,DIESEL,85000.0,85000
155,2026-01-02T14:45:00,depot-patiya,region-chattogram,OPEN,11000.0,PETROL,58000.0,65000
155,2026-01-02T14:45:00,depot-patiya,region-chattogram,OPEN,11000.0,OCTANE,40000.0,40000
156,2026-01-02T15:00:00,depot-gazipur,region-dhaka,OPEN,12000.0,DIESEL,90000.0,90000
156,2026-01-02T15:00:00,depot-gazipur,region-dhaka,OPEN,12000.0,PETROL,70000.0,70000
156,2026-01-02T15:00:00,depot-gazipur,region-dhaka,OPEN,12000.0,OCTANE,40000.0,45000
156,2026-01-02T15:00:00,depot-patiya,region-chattogram,OPEN,11000.0,DIESEL,85000.0,85000
156,2026-01-02T15:00:00,depot-patiya,region-chattogram,OPEN,11000.0,PETROL,58000.0,65000
156,2026-01-02T15:00:00,depot-patiya,region-chattogram,OPEN,11000.0,OCTANE,40000.0,40000
157,2026-01-02T15:15:00,depot-gazipur,region-dhaka,OPEN,12000.0,DIESEL,90000.0,90000
157,2026-01-02T15:15:00,depot-gazipur,region-dhaka,OPEN,12000.0,PETROL,70000.0,70000
157,2026-01-02T15:15:00,depot-gazipur,region-dhaka,OPEN,12000.0,OCTANE,40000.0,45000
157,2026-01-02T15:15:00,depot-patiya,region-chattogram,OPEN,11000.0,DIESEL,85000.0,85000
157,2026-01-02T15:15:00,depot-patiya,region-chattogram,OPEN,11000.0,PETROL,58000.0,65000
157,2026-01-02T15:15:00,depot-patiya,region-chattogram,OPEN,11000.0,OCTANE,40000.0,40000
158,2026-01-02T15:30:00,depot-gazipur,region-dhaka,OPEN,12000.0,DIESEL,90000.0,90000
158,2026-01-02T15:30:00,depot-gazipur,region-dhaka,OPEN,12000.0,PETROL,70000.0,70000
158,2026-01-02T15:30:00,depot-gazipur,region-dhaka,OPEN,12000.0,OCTANE,40000.0,45000
158,2026-01-02T15:30:00,depot-patiya,region-chattogram,OPEN,11000.0,DIESEL,85000.0,85000
158,2026-01-02T15:30:00,depot-patiya,region-chattogram,OPEN,11000.0,PETROL,58000.0,65000
158,2026-01-02T15:30:00,depot-patiya,region-chattogram,OPEN,11000.0,OCTANE,40000.0,40000
159,2026-01-02T15:45:00,depot-gazipur,region-dhaka,OPEN,12000.0,DIESEL,90000.0,90000
159,2026-01-02T15:45:00,depot-gazipur,region-dhaka,OPEN,12000.0,PETROL,70000.0,70000
159,2026-01-02T15:45:00,depot-gazipur,region-dhaka,OPEN,12000.0,OCTANE,40000.0,45000
159,2026-01-02T15:45:00,depot-patiya,region-chattogram,OPEN,11000.0,DIESEL,85000.0,85000
159,2026-01-02T15:45:00,depot-patiya,region-chattogram,OPEN,11000.0,PETROL,58000.0,65000
159,2026-01-02T15:45:00,depot-patiya,region-chattogram,OPEN,11000.0,OCTANE,40000.0,40000
160,2026-01-02T16:00:00,depot-gazipur,region-dhaka,OPEN,12000.0,DIESEL,90000.0,90000
160,2026-01-02T16:00:00,depot-gazipur,region-dhaka,OPEN,12000.0,PETROL,70000.0,70000
160,2026-01-02T16:00:00,depot-gazipur,region-dhaka,OPEN,12000.0,OCTANE,40000.0,45000
160,2026-01-02T16:00:00,depot-patiya,region-chattogram,OPEN,11000.0,DIESEL,85000.0,85000
160,2026-01-02T16:00:00,depot-patiya,region-chattogram,OPEN,11000.0,PETROL,58000.0,65000
160,2026-01-02T16:00:00,depot-patiya,region-chattogram,OPEN,11000.0,OCTANE,40000.0,40000
161,2026-01-02T16:15:00,depot-gazipur,region-dhaka,OPEN,12000.0,DIESEL,90000.0,90000
161,2026-01-02T16:15:00,depot-gazipur,region-dhaka,OPEN,12000.0,PETROL,70000.0,70000
161,2026-01-02T16:15:00,depot-gazipur,region-dhaka,OPEN,12000.0,OCTANE,40000.0,45000
161,2026-01-02T16:15:00,depot-patiya,region-chattogram,OPEN,11000.0,DIESEL,85000.0,85000
161,2026-01-02T16:15:00,depot-patiya,region-chattogram,OPEN,11000.0,PETROL,58000.0,65000
161,2026-01-02T16:15:00,depot-patiya,region-chattogram,OPEN,11000.0,OCTANE,40000.0,40000
162,2026-01-02T16:30:00,depot-gazipur,region-dhaka,OPEN,12000.0,DIESEL,90000.0,90000
162,2026-01-02T16:30:00,depot-gazipur,region-dhaka,OPEN,12000.0,PETROL,70000.0,70000
162,2026-01-02T16:30:00,depot-gazipur,region-dhaka,OPEN,12000.0,OCTANE,40000.0,45000
162,2026-01-02T16:30:00,depot-patiya,region-chattogram,OPEN,11000.0,DIESEL,85000.0,85000
162,2026-01-02T16:30:00,depot-patiya,region-chattogram,OPEN,11000.0,PETROL,58000.0,65000
162,2026-01-02T16:30:00,depot-patiya,region-chattogram,OPEN,11000.0,OCTANE,40000.0,40000
163,2026-01-02T16:45:00,depot-gazipur,region-dhaka,OPEN,12000.0,DIESEL,90000.0,90000
163,2026-01-02T16:45:00,depot-gazipur,region-dhaka,OPEN,12000.0,PETROL,70000.0,70000
163,2026-01-02T16:45:00,depot-gazipur,region-dhaka,OPEN,12000.0,OCTANE,40000.0,45000
163,2026-01-02T16:45:00,depot-patiya,region-chattogram,OPEN,11000.0,DIESEL,85000.0,85000
163,2026-01-02T16:45:00,depot-patiya,region-chattogram,OPEN,11000.0,PETROL,58000.0,65000
163,2026-01-02T16:45:00,depot-patiya,region-chattogram,OPEN,11000.0,OCTANE,40000.0,40000
164,2026-01-02T17:00:00,depot-gazipur,region-dhaka,OPEN,12000.0,DIESEL,90000.0,90000
164,2026-01-02T17:00:00,depot-gazipur,region-dhaka,OPEN,12000.0,PETROL,70000.0,70000
164,2026-01-02T17:00:00,depot-gazipur,region-dhaka,OPEN,12000.0,OCTANE,40000.0,45000
164,2026-01-02T17:00:00,depot-patiya,region-chattogram,OPEN,11000.0,DIESEL,85000.0,85000
164,2026-01-02T17:00:00,depot-patiya,region-chattogram,OPEN,11000.0,PETROL,58000.0,65000
164,2026-01-02T17:00:00,depot-patiya,region-chattogram,OPEN,11000.0,OCTANE,40000.0,40000
165,2026-01-02T17:15:00,depot-gazipur,region-dhaka,OPEN,12000.0,DIESEL,90000.0,90000
165,2026-01-02T17:15:00,depot-gazipur,region-dhaka,OPEN,12000.0,PETROL,70000.0,70000
165,2026-01-02T17:15:00,depot-gazipur,region-dhaka,OPEN,12000.0,OCTANE,40000.0,45000
165,2026-01-02T17:15:00,depot-patiya,region-chattogram,OPEN,11000.0,DIESEL,85000.0,85000
165,2026-01-02T17:15:00,depot-patiya,region-chattogram,OPEN,11000.0,PETROL,58000.0,65000
165,2026-01-02T17:15:00,depot-patiya,region-chattogram,OPEN,11000.0,OCTANE,40000.0,40000
166,2026-01-02T17:30:00,depot-gazipur,region-dhaka,OPEN,12000.0,DIESEL,90000.0,90000
166,2026-01-02T17:30:00,depot-gazipur,region-dhaka,OPEN,12000.0,PETROL,70000.0,70000
166,2026-01-02T17:30:00,depot-gazipur,region-dhaka,OPEN,12000.0,OCTANE,40000.0,45000
166,2026-01-02T17:30:00,depot-patiya,region-chattogram,OPEN,11000.0,DIESEL,85000.0,85000
166,2026-01-02T17:30:00,depot-patiya,region-chattogram,OPEN,11000.0,PETROL,58000.0,65000
166,2026-01-02T17:30:00,depot-patiya,region-chattogram,OPEN,11000.0,OCTANE,40000.0,40000
167,2026-01-02T17:45:00,depot-gazipur,region-dhaka,OPEN,12000.0,DIESEL,90000.0,90000
167,2026-01-02T17:45:00,depot-gazipur,region-dhaka,OPEN,12000.0,PETROL,70000.0,70000
167,2026-01-02T17:45:00,depot-gazipur,region-dhaka,OPEN,12000.0,OCTANE,40000.0,45000
167,2026-01-02T17:45:00,depot-patiya,region-chattogram,OPEN,11000.0,DIESEL,85000.0,85000
167,2026-01-02T17:45:00,depot-patiya,region-chattogram,OPEN,11000.0,PETROL,58000.0,65000
167,2026-01-02T17:45:00,depot-patiya,region-chattogram,OPEN,11000.0,OCTANE,40000.0,40000
168,2026-01-02T18:00:00,depot-gazipur,region-dhaka,OPEN,12000.0,DIESEL,90000.0,90000
168,2026-01-02T18:00:00,depot-gazipur,region-dhaka,OPEN,12000.0,PETROL,70000.0,70000
168,2026-01-02T18:00:00,depot-gazipur,region-dhaka,OPEN,12000.0,OCTANE,40000.0,45000
168,2026-01-02T18:00:00,depot-patiya,region-chattogram,OPEN,11000.0,DIESEL,85000.0,85000
168,2026-01-02T18:00:00,depot-patiya,region-chattogram,OPEN,11000.0,PETROL,58000.0,65000
168,2026-01-02T18:00:00,depot-patiya,region-chattogram,OPEN,11000.0,OCTANE,40000.0,40000
169,2026-01-02T18:15:00,depot-gazipur,region-dhaka,OPEN,12000.0,DIESEL,90000.0,90000
169,2026-01-02T18:15:00,depot-gazipur,region-dhaka,OPEN,12000.0,PETROL,70000.0,70000
169,2026-01-02T18:15:00,depot-gazipur,region-dhaka,OPEN,12000.0,OCTANE,40000.0,45000
169,2026-01-02T18:15:00,depot-patiya,region-chattogram,OPEN,11000.0,DIESEL,85000.0,85000
169,2026-01-02T18:15:00,depot-patiya,region-chattogram,OPEN,11000.0,PETROL,58000.0,65000
169,2026-01-02T18:15:00,depot-patiya,region-chattogram,OPEN,11000.0,OCTANE,40000.0,40000
170,2026-01-02T18:30:00,depot-gazipur,region-dhaka,OPEN,12000.0,DIESEL,90000.0,90000
170,2026-01-02T18:30:00,depot-gazipur,region-dhaka,OPEN,12000.0,PETROL,70000.0,70000
170,2026-01-02T18:30:00,depot-gazipur,region-dhaka,OPEN,12000.0,OCTANE,40000.0,45000
170,2026-01-02T18:30:00,depot-patiya,region-chattogram,OPEN,11000.0,DIESEL,85000.0,85000
170,2026-01-02T18:30:00,depot-patiya,region-chattogram,OPEN,11000.0,PETROL,58000.0,65000
170,2026-01-02T18:30:00,depot-patiya,region-chattogram,OPEN,11000.0,OCTANE,40000.0,40000
171,2026-01-02T18:45:00,depot-gazipur,region-dhaka,OPEN,12000.0,DIESEL,90000.0,90000
171,2026-01-02T18:45:00,depot-gazipur,region-dhaka,OPEN,12000.0,PETROL,70000.0,70000
171,2026-01-02T18:45:00,depot-gazipur,region-dhaka,OPEN,12000.0,OCTANE,40000.0,45000
171,2026-01-02T18:45:00,depot-patiya,region-chattogram,OPEN,11000.0,DIESEL,85000.0,85000
171,2026-01-02T18:45:00,depot-patiya,region-chattogram,OPEN,11000.0,PETROL,58000.0,65000
171,2026-01-02T18:45:00,depot-patiya,region-chattogram,OPEN,11000.0,OCTANE,40000.0,40000
172,2026-01-02T19:00:00,depot-gazipur,region-dhaka,OPEN,12000.0,DIESEL,90000.0,90000
172,2026-01-02T19:00:00,depot-gazipur,region-dhaka,OPEN,12000.0,PETROL,70000.0,70000
172,2026-01-02T19:00:00,depot-gazipur,region-dhaka,OPEN,12000.0,OCTANE,40000.0,45000
172,2026-01-02T19:00:00,depot-patiya,region-chattogram,OPEN,11000.0,DIESEL,85000.0,85000
172,2026-01-02T19:00:00,depot-patiya,region-chattogram,OPEN,11000.0,PETROL,58000.0,65000
172,2026-01-02T19:00:00,depot-patiya,region-chattogram,OPEN,11000.0,OCTANE,40000.0,40000
173,2026-01-02T19:15:00,depot-gazipur,region-dhaka,OPEN,12000.0,DIESEL,90000.0,90000
173,2026-01-02T19:15:00,depot-gazipur,region-dhaka,OPEN,12000.0,PETROL,70000.0,70000
173,2026-01-02T19:15:00,depot-gazipur,region-dhaka,OPEN,12000.0,OCTANE,40000.0,45000
173,2026-01-02T19:15:00,depot-patiya,region-chattogram,OPEN,11000.0,DIESEL,85000.0,85000
173,2026-01-02T19:15:00,depot-patiya,region-chattogram,OPEN,11000.0,PETROL,58000.0,65000
173,2026-01-02T19:15:00,depot-patiya,region-chattogram,OPEN,11000.0,OCTANE,40000.0,40000
174,2026-01-02T19:30:00,depot-gazipur,region-dhaka,OPEN,12000.0,DIESEL,90000.0,90000
174,2026-01-02T19:30:00,depot-gazipur,region-dhaka,OPEN,12000.0,PETROL,70000.0,70000
174,2026-01-02T19:30:00,depot-gazipur,region-dhaka,OPEN,12000.0,OCTANE,40000.0,45000
174,2026-01-02T19:30:00,depot-patiya,region-chattogram,OPEN,11000.0,DIESEL,85000.0,85000
174,2026-01-02T19:30:00,depot-patiya,region-chattogram,OPEN,11000.0,PETROL,58000.0,65000
174,2026-01-02T19:30:00,depot-patiya,region-chattogram,OPEN,11000.0,OCTANE,40000.0,40000
175,2026-01-02T19:45:00,depot-gazipur,region-dhaka,OPEN,12000.0,DIESEL,90000.0,90000
175,2026-01-02T19:45:00,depot-gazipur,region-dhaka,OPEN,12000.0,PETROL,70000.0,70000
175,2026-01-02T19:45:00,depot-gazipur,region-dhaka,OPEN,12000.0,OCTANE,40000.0,45000
175,2026-01-02T19:45:00,depot-patiya,region-chattogram,OPEN,11000.0,DIESEL,85000.0,85000
175,2026-01-02T19:45:00,depot-patiya,region-chattogram,OPEN,11000.0,PETROL,58000.0,65000
175,2026-01-02T19:45:00,depot-patiya,region-chattogram,OPEN,11000.0,OCTANE,40000.0,40000
176,2026-01-02T20:00:00,depot-gazipur,region-dhaka,OPEN,12000.0,DIESEL,90000.0,90000
176,2026-01-02T20:00:00,depot-gazipur,region-dhaka,OPEN,12000.0,PETROL,70000.0,70000
176,2026-01-02T20:00:00,depot-gazipur,region-dhaka,OPEN,12000.0,OCTANE,40000.0,45000
176,2026-01-02T20:00:00,depot-patiya,region-chattogram,OPEN,11000.0,DIESEL,85000.0,85000
176,2026-01-02T20:00:00,depot-patiya,region-chattogram,OPEN,11000.0,PETROL,58000.0,65000
176,2026-01-02T20:00:00,depot-patiya,region-chattogram,OPEN,11000.0,OCTANE,40000.0,40000
177,2026-01-02T20:15:00,depot-gazipur,region-dhaka,OPEN,12000.0,DIESEL,90000.0,90000
177,2026-01-02T20:15:00,depot-gazipur,region-dhaka,OPEN,12000.0,PETROL,70000.0,70000
177,2026-01-02T20:15:00,depot-gazipur,region-dhaka,OPEN,12000.0,OCTANE,40000.0,45000
177,2026-01-02T20:15:00,depot-patiya,region-chattogram,OPEN,11000.0,DIESEL,85000.0,85000
177,2026-01-02T20:15:00,depot-patiya,region-chattogram,OPEN,11000.0,PETROL,58000.0,65000
177,2026-01-02T20:15:00,depot-patiya,region-chattogram,OPEN,11000.0,OCTANE,40000.0,40000
178,2026-01-02T20:30:00,depot-gazipur,region-dhaka,OPEN,12000.0,DIESEL,90000.0,90000
178,2026-01-02T20:30:00,depot-gazipur,region-dhaka,OPEN,12000.0,PETROL,70000.0,70000
178,2026-01-02T20:30:00,depot-gazipur,region-dhaka,OPEN,12000.0,OCTANE,40000.0,45000
178,2026-01-02T20:30:00,depot-patiya,region-chattogram,OPEN,11000.0,DIESEL,85000.0,85000
178,2026-01-02T20:30:00,depot-patiya,region-chattogram,OPEN,11000.0,PETROL,58000.0,65000
178,2026-01-02T20:30:00,depot-patiya,region-chattogram,OPEN,11000.0,OCTANE,40000.0,40000
179,2026-01-02T20:45:00,depot-gazipur,region-dhaka,OPEN,12000.0,DIESEL,90000.0,90000
179,2026-01-02T20:45:00,depot-gazipur,region-dhaka,OPEN,12000.0,PETROL,70000.0,70000
179,2026-01-02T20:45:00,depot-gazipur,region-dhaka,OPEN,12000.0,OCTANE,40000.0,45000
179,2026-01-02T20:45:00,depot-patiya,region-chattogram,OPEN,11000.0,DIESEL,85000.0,85000
179,2026-01-02T20:45:00,depot-patiya,region-chattogram,OPEN,11000.0,PETROL,58000.0,65000
179,2026-01-02T20:45:00,depot-patiya,region-chattogram,OPEN,11000.0,OCTANE,40000.0,40000
180,2026-01-02T21:00:00,depot-gazipur,region-dhaka,OPEN,12000.0,DIESEL,90000.0,90000
180,2026-01-02T21:00:00,depot-gazipur,region-dhaka,OPEN,12000.0,PETROL,70000.0,70000
180,2026-01-02T21:00:00,depot-gazipur,region-dhaka,OPEN,12000.0,OCTANE,40000.0,45000
180,2026-01-02T21:00:00,depot-patiya,region-chattogram,OPEN,11000.0,DIESEL,85000.0,85000
180,2026-01-02T21:00:00,depot-patiya,region-chattogram,OPEN,11000.0,PETROL,58000.0,65000
180,2026-01-02T21:00:00,depot-patiya,region-chattogram,OPEN,11000.0,OCTANE,40000.0,40000
181,2026-01-02T21:15:00,depot-gazipur,region-dhaka,OPEN,12000.0,DIESEL,90000.0,90000
181,2026-01-02T21:15:00,depot-gazipur,region-dhaka,OPEN,12000.0,PETROL,70000.0,70000
181,2026-01-02T21:15:00,depot-gazipur,region-dhaka,OPEN,12000.0,OCTANE,40000.0,45000
181,2026-01-02T21:15:00,depot-patiya,region-chattogram,OPEN,11000.0,DIESEL,85000.0,85000
181,2026-01-02T21:15:00,depot-patiya,region-chattogram,OPEN,11000.0,PETROL,58000.0,65000
181,2026-01-02T21:15:00,depot-patiya,region-chattogram,OPEN,11000.0,OCTANE,40000.0,40000
182,2026-01-02T21:30:00,depot-gazipur,region-dhaka,OPEN,12000.0,DIESEL,90000.0,90000
182,2026-01-02T21:30:00,depot-gazipur,region-dhaka,OPEN,12000.0,PETROL,70000.0,70000
182,2026-01-02T21:30:00,depot-gazipur,region-dhaka,OPEN,12000.0,OCTANE,40000.0,45000
182,2026-01-02T21:30:00,depot-patiya,region-chattogram,OPEN,11000.0,DIESEL,85000.0,85000
182,2026-01-02T21:30:00,depot-patiya,region-chattogram,OPEN,11000.0,PETROL,58000.0,65000
182,2026-01-02T21:30:00,depot-patiya,region-chattogram,OPEN,11000.0,OCTANE,40000.0,40000
183,2026-01-02T21:45:00,depot-gazipur,region-dhaka,OPEN,12000.0,DIESEL,90000.0,90000
183,2026-01-02T21:45:00,depot-gazipur,region-dhaka,OPEN,12000.0,PETROL,70000.0,70000
183,2026-01-02T21:45:00,depot-gazipur,region-dhaka,OPEN,12000.0,OCTANE,40000.0,45000
183,2026-01-02T21:45:00,depot-patiya,region-chattogram,OPEN,11000.0,DIESEL,85000.0,85000
183,2026-01-02T21:45:00,depot-patiya,region-chattogram,OPEN,11000.0,PETROL,58000.0,65000
183,2026-01-02T21:45:00,depot-patiya,region-chattogram,OPEN,11000.0,OCTANE,40000.0,40000
184,2026-01-02T22:00:00,depot-gazipur,region-dhaka,OPEN,12000.0,DIESEL,90000.0,90000
184,2026-01-02T22:00:00,depot-gazipur,region-dhaka,OPEN,12000.0,PETROL,70000.0,70000
184,2026-01-02T22:00:00,depot-gazipur,region-dhaka,OPEN,12000.0,OCTANE,40000.0,45000
184,2026-01-02T22:00:00,depot-patiya,region-chattogram,OPEN,11000.0,DIESEL,85000.0,85000
184,2026-01-02T22:00:00,depot-patiya,region-chattogram,OPEN,11000.0,PETROL,58000.0,65000
184,2026-01-02T22:00:00,depot-patiya,region-chattogram,OPEN,11000.0,OCTANE,40000.0,40000
185,2026-01-02T22:15:00,depot-gazipur,region-dhaka,OPEN,12000.0,DIESEL,90000.0,90000
185,2026-01-02T22:15:00,depot-gazipur,region-dhaka,OPEN,12000.0,PETROL,70000.0,70000
185,2026-01-02T22:15:00,depot-gazipur,region-dhaka,OPEN,12000.0,OCTANE,40000.0,45000
185,2026-01-02T22:15:00,depot-patiya,region-chattogram,OPEN,11000.0,DIESEL,85000.0,85000
185,2026-01-02T22:15:00,depot-patiya,region-chattogram,OPEN,11000.0,PETROL,58000.0,65000
185,2026-01-02T22:15:00,depot-patiya,region-chattogram,OPEN,11000.0,OCTANE,40000.0,40000
186,2026-01-02T22:30:00,depot-gazipur,region-dhaka,OPEN,12000.0,DIESEL,90000.0,90000
186,2026-01-02T22:30:00,depot-gazipur,region-dhaka,OPEN,12000.0,PETROL,70000.0,70000
186,2026-01-02T22:30:00,depot-gazipur,region-dhaka,OPEN,12000.0,OCTANE,40000.0,45000
186,2026-01-02T22:30:00,depot-patiya,region-chattogram,OPEN,11000.0,DIESEL,85000.0,85000
186,2026-01-02T22:30:00,depot-patiya,region-chattogram,OPEN,11000.0,PETROL,58000.0,65000
186,2026-01-02T22:30:00,depot-patiya,region-chattogram,OPEN,11000.0,OCTANE,40000.0,40000
187,2026-01-02T22:45:00,depot-gazipur,region-dhaka,OPEN,12000.0,DIESEL,90000.0,90000
187,2026-01-02T22:45:00,depot-gazipur,region-dhaka,OPEN,12000.0,PETROL,70000.0,70000
187,2026-01-02T22:45:00,depot-gazipur,region-dhaka,OPEN,12000.0,OCTANE,40000.0,45000
187,2026-01-02T22:45:00,depot-patiya,region-chattogram,OPEN,11000.0,DIESEL,85000.0,85000
187,2026-01-02T22:45:00,depot-patiya,region-chattogram,OPEN,11000.0,PETROL,58000.0,65000
187,2026-01-02T22:45:00,depot-patiya,region-chattogram,OPEN,11000.0,OCTANE,40000.0,40000
188,2026-01-02T23:00:00,depot-gazipur,region-dhaka,OPEN,12000.0,DIESEL,90000.0,90000
188,2026-01-02T23:00:00,depot-gazipur,region-dhaka,OPEN,12000.0,PETROL,70000.0,70000
188,2026-01-02T23:00:00,depot-gazipur,region-dhaka,OPEN,12000.0,OCTANE,40000.0,45000
188,2026-01-02T23:00:00,depot-patiya,region-chattogram,OPEN,11000.0,DIESEL,85000.0,85000
188,2026-01-02T23:00:00,depot-patiya,region-chattogram,OPEN,11000.0,PETROL,58000.0,65000
188,2026-01-02T23:00:00,depot-patiya,region-chattogram,OPEN,11000.0,OCTANE,40000.0,40000
189,2026-01-02T23:15:00,depot-gazipur,region-dhaka,OPEN,12000.0,DIESEL,90000.0,90000
189,2026-01-02T23:15:00,depot-gazipur,region-dhaka,OPEN,12000.0,PETROL,70000.0,70000
189,2026-01-02T23:15:00,depot-gazipur,region-dhaka,OPEN,12000.0,OCTANE,40000.0,45000
189,2026-01-02T23:15:00,depot-patiya,region-chattogram,OPEN,11000.0,DIESEL,85000.0,85000
189,2026-01-02T23:15:00,depot-patiya,region-chattogram,OPEN,11000.0,PETROL,58000.0,65000
189,2026-01-02T23:15:00,depot-patiya,region-chattogram,OPEN,11000.0,OCTANE,40000.0,40000
190,2026-01-02T23:30:00,depot-gazipur,region-dhaka,OPEN,12000.0,DIESEL,90000.0,90000
190,2026-01-02T23:30:00,depot-gazipur,region-dhaka,OPEN,12000.0,PETROL,70000.0,70000
190,2026-01-02T23:30:00,depot-gazipur,region-dhaka,OPEN,12000.0,OCTANE,40000.0,45000
190,2026-01-02T23:30:00,depot-patiya,region-chattogram,OPEN,11000.0,DIESEL,85000.0,85000
190,2026-01-02T23:30:00,depot-patiya,region-chattogram,OPEN,11000.0,PETROL,58000.0,65000
190,2026-01-02T23:30:00,depot-patiya,region-chattogram,OPEN,11000.0,OCTANE,40000.0,40000
191,2026-01-02T23:45:00,depot-gazipur,region-dhaka,OPEN,12000.0,DIESEL,90000.0,90000
191,2026-01-02T23:45:00,depot-gazipur,region-dhaka,OPEN,12000.0,PETROL,70000.0,70000
191,2026-01-02T23:45:00,depot-gazipur,region-dhaka,OPEN,12000.0,OCTANE,40000.0,45000
191,2026-01-02T23:45:00,depot-patiya,region-chattogram,OPEN,11000.0,DIESEL,85000.0,85000
191,2026-01-02T23:45:00,depot-patiya,region-chattogram,OPEN,11000.0,PETROL,58000.0,65000
191,2026-01-02T23:45:00,depot-patiya,region-chattogram,OPEN,11000.0,OCTANE,40000.0,40000
192,2026-01-03T00:00:00,depot-gazipur,region-dhaka,OPEN,12000.0,DIESEL,90000.0,90000
192,2026-01-03T00:00:00,depot-gazipur,region-dhaka,OPEN,12000.0,PETROL,70000.0,70000
192,2026-01-03T00:00:00,depot-gazipur,region-dhaka,OPEN,12000.0,OCTANE,40000.0,45000
192,2026-01-03T00:00:00,depot-patiya,region-chattogram,OPEN,11000.0,DIESEL,85000.0,85000
192,2026-01-03T00:00:00,depot-patiya,region-chattogram,OPEN,11000.0,PETROL,58000.0,65000
192,2026-01-03T00:00:00,depot-patiya,region-chattogram,OPEN,11000.0,OCTANE,40000.0,40000
193,2026-01-03T00:15:00,depot-gazipur,region-dhaka,OPEN,12000.0,DIESEL,90000.0,90000
193,2026-01-03T00:15:00,depot-gazipur,region-dhaka,OPEN,12000.0,PETROL,70000.0,70000
193,2026-01-03T00:15:00,depot-gazipur,region-dhaka,OPEN,12000.0,OCTANE,40000.0,45000
193,2026-01-03T00:15:00,depot-patiya,region-chattogram,OPEN,11000.0,DIESEL,85000.0,85000
193,2026-01-03T00:15:00,depot-patiya,region-chattogram,OPEN,11000.0,PETROL,58000.0,65000
193,2026-01-03T00:15:00,depot-patiya,region-chattogram,OPEN,11000.0,OCTANE,40000.0,40000
194,2026-01-03T00:30:00,depot-gazipur,region-dhaka,OPEN,12000.0,DIESEL,90000.0,90000
194,2026-01-03T00:30:00,depot-gazipur,region-dhaka,OPEN,12000.0,PETROL,70000.0,70000
194,2026-01-03T00:30:00,depot-gazipur,region-dhaka,OPEN,12000.0,OCTANE,40000.0,45000
194,2026-01-03T00:30:00,depot-patiya,region-chattogram,OPEN,11000.0,DIESEL,85000.0,85000
194,2026-01-03T00:30:00,depot-patiya,region-chattogram,OPEN,11000.0,PETROL,58000.0,65000
194,2026-01-03T00:30:00,depot-patiya,region-chattogram,OPEN,11000.0,OCTANE,40000.0,40000
195,2026-01-03T00:45:00,depot-gazipur,region-dhaka,OPEN,12000.0,DIESEL,90000.0,90000
195,2026-01-03T00:45:00,depot-gazipur,region-dhaka,OPEN,12000.0,PETROL,70000.0,70000
195,2026-01-03T00:45:00,depot-gazipur,region-dhaka,OPEN,12000.0,OCTANE,40000.0,45000
195,2026-01-03T00:45:00,depot-patiya,region-chattogram,OPEN,11000.0,DIESEL,85000.0,85000
195,2026-01-03T00:45:00,depot-patiya,region-chattogram,OPEN,11000.0,PETROL,58000.0,65000
195,2026-01-03T00:45:00,depot-patiya,region-chattogram,OPEN,11000.0,OCTANE,40000.0,40000
196,2026-01-03T01:00:00,depot-gazipur,region-dhaka,OPEN,12000.0,DIESEL,90000.0,90000
196,2026-01-03T01:00:00,depot-gazipur,region-dhaka,OPEN,12000.0,PETROL,70000.0,70000
196,2026-01-03T01:00:00,depot-gazipur,region-dhaka,OPEN,12000.0,OCTANE,40000.0,45000
196,2026-01-03T01:00:00,depot-patiya,region-chattogram,OPEN,11000.0,DIESEL,85000.0,85000
196,2026-01-03T01:00:00,depot-patiya,region-chattogram,OPEN,11000.0,PETROL,58000.0,65000
196,2026-01-03T01:00:00,depot-patiya,region-chattogram,OPEN,11000.0,OCTANE,40000.0,40000
197,2026-01-03T01:15:00,depot-gazipur,region-dhaka,OPEN,12000.0,DIESEL,90000.0,90000
197,2026-01-03T01:15:00,depot-gazipur,region-dhaka,OPEN,12000.0,PETROL,70000.0,70000
197,2026-01-03T01:15:00,depot-gazipur,region-dhaka,OPEN,12000.0,OCTANE,40000.0,45000
197,2026-01-03T01:15:00,depot-patiya,region-chattogram,OPEN,11000.0,DIESEL,85000.0,85000
197,2026-01-03T01:15:00,depot-patiya,region-chattogram,OPEN,11000.0,PETROL,58000.0,65000
197,2026-01-03T01:15:00,depot-patiya,region-chattogram,OPEN,11000.0,OCTANE,40000.0,40000
198,2026-01-03T01:30:00,depot-gazipur,region-dhaka,OPEN,12000.0,DIESEL,90000.0,90000
198,2026-01-03T01:30:00,depot-gazipur,region-dhaka,OPEN,12000.0,PETROL,70000.0,70000
198,2026-01-03T01:30:00,depot-gazipur,region-dhaka,OPEN,12000.0,OCTANE,40000.0,45000
198,2026-01-03T01:30:00,depot-patiya,region-chattogram,OPEN,11000.0,DIESEL,85000.0,85000
198,2026-01-03T01:30:00,depot-patiya,region-chattogram,OPEN,11000.0,PETROL,58000.0,65000
198,2026-01-03T01:30:00,depot-patiya,region-chattogram,OPEN,11000.0,OCTANE,40000.0,40000
199,2026-01-03T01:45:00,depot-gazipur,region-dhaka,OPEN,12000.0,DIESEL,90000.0,90000
199,2026-01-03T01:45:00,depot-gazipur,region-dhaka,OPEN,12000.0,PETROL,70000.0,70000
199,2026-01-03T01:45:00,depot-gazipur,region-dhaka,OPEN,12000.0,OCTANE,40000.0,45000
199,2026-01-03T01:45:00,depot-patiya,region-chattogram,OPEN,11000.0,DIESEL,85000.0,85000
199,2026-01-03T01:45:00,depot-patiya,region-chattogram,OPEN,11000.0,PETROL,58000.0,65000
199,2026-01-03T01:45:00,depot-patiya,region-chattogram,OPEN,11000.0,OCTANE,40000.0,40000
200,2026-01-03T02:00:00,depot-gazipur,region-dhaka,OPEN,12000.0,DIESEL,90000.0,90000
200,2026-01-03T02:00:00,depot-gazipur,region-dhaka,OPEN,12000.0,PETROL,70000.0,70000
200,2026-01-03T02:00:00,depot-gazipur,region-dhaka,OPEN,12000.0,OCTANE,40000.0,45000
200,2026-01-03T02:00:00,depot-patiya,region-chattogram,OPEN,11000.0,DIESEL,85000.0,85000
200,2026-01-03T02:00:00,depot-patiya,region-chattogram,OPEN,11000.0,PETROL,58000.0,65000
200,2026-01-03T02:00:00,depot-patiya,region-chattogram,OPEN,11000.0,OCTANE,40000.0,40000
201,2026-01-03T02:15:00,depot-gazipur,region-dhaka,OPEN,12000.0,DIESEL,90000.0,90000
201,2026-01-03T02:15:00,depot-gazipur,region-dhaka,OPEN,12000.0,PETROL,70000.0,70000
201,2026-01-03T02:15:00,depot-gazipur,region-dhaka,OPEN,12000.0,OCTANE,45000.0,45000
201,2026-01-03T02:15:00,depot-patiya,region-chattogram,OPEN,11000.0,DIESEL,85000.0,85000
201,2026-01-03T02:15:00,depot-patiya,region-chattogram,OPEN,11000.0,PETROL,58000.0,65000
201,2026-01-03T02:15:00,depot-patiya,region-chattogram,OPEN,11000.0,OCTANE,40000.0,40000
202,2026-01-03T02:30:00,depot-gazipur,region-dhaka,OPEN,12000.0,DIESEL,90000.0,90000
202,2026-01-03T02:30:00,depot-gazipur,region-dhaka,OPEN,12000.0,PETROL,70000.0,70000
202,2026-01-03T02:30:00,depot-gazipur,region-dhaka,OPEN,12000.0,OCTANE,45000.0,45000
202,2026-01-03T02:30:00,depot-patiya,region-chattogram,OPEN,11000.0,DIESEL,85000.0,85000
202,2026-01-03T02:30:00,depot-patiya,region-chattogram,OPEN,11000.0,PETROL,58000.0,65000
202,2026-01-03T02:30:00,depot-patiya,region-chattogram,OPEN,11000.0,OCTANE,40000.0,40000
203,2026-01-03T02:45:00,depot-gazipur,region-dhaka,OPEN,12000.0,DIESEL,90000.0,90000
203,2026-01-03T02:45:00,depot-gazipur,region-dhaka,OPEN,12000.0,PETROL,70000.0,70000
203,2026-01-03T02:45:00,depot-gazipur,region-dhaka,OPEN,12000.0,OCTANE,45000.0,45000
203,2026-01-03T02:45:00,depot-patiya,region-chattogram,OPEN,11000.0,DIESEL,85000.0,85000
203,2026-01-03T02:45:00,depot-patiya,region-chattogram,OPEN,11000.0,PETROL,58000.0,65000
203,2026-01-03T02:45:00,depot-patiya,region-chattogram,OPEN,11000.0,OCTANE,40000.0,40000
204,2026-01-03T03:00:00,depot-gazipur,region-dhaka,OPEN,12000.0,DIESEL,90000.0,90000
204,2026-01-03T03:00:00,depot-gazipur,region-dhaka,OPEN,12000.0,PETROL,70000.0,70000
204,2026-01-03T03:00:00,depot-gazipur,region-dhaka,OPEN,12000.0,OCTANE,45000.0,45000
204,2026-01-03T03:00:00,depot-patiya,region-chattogram,OPEN,11000.0,DIESEL,85000.0,85000
204,2026-01-03T03:00:00,depot-patiya,region-chattogram,OPEN,11000.0,PETROL,58000.0,65000
204,2026-01-03T03:00:00,depot-patiya,region-chattogram,OPEN,11000.0,OCTANE,40000.0,40000
205,2026-01-03T03:15:00,depot-gazipur,region-dhaka,OPEN,12000.0,DIESEL,90000.0,90000
205,2026-01-03T03:15:00,depot-gazipur,region-dhaka,OPEN,12000.0,PETROL,70000.0,70000
205,2026-01-03T03:15:00,depot-gazipur,region-dhaka,OPEN,12000.0,OCTANE,45000.0,45000
205,2026-01-03T03:15:00,depot-patiya,region-chattogram,OPEN,11000.0,DIESEL,85000.0,85000
205,2026-01-03T03:15:00,depot-patiya,region-chattogram,OPEN,11000.0,PETROL,58000.0,65000
205,2026-01-03T03:15:00,depot-patiya,region-chattogram,OPEN,11000.0,OCTANE,40000.0,40000
206,2026-01-03T03:30:00,depot-gazipur,region-dhaka,OPEN,12000.0,DIESEL,90000.0,90000
206,2026-01-03T03:30:00,depot-gazipur,region-dhaka,OPEN,12000.0,PETROL,70000.0,70000
206,2026-01-03T03:30:00,depot-gazipur,region-dhaka,OPEN,12000.0,OCTANE,45000.0,45000
206,2026-01-03T03:30:00,depot-patiya,region-chattogram,OPEN,11000.0,DIESEL,85000.0,85000
206,2026-01-03T03:30:00,depot-patiya,region-chattogram,OPEN,11000.0,PETROL,58000.0,65000
206,2026-01-03T03:30:00,depot-patiya,region-chattogram,OPEN,11000.0,OCTANE,40000.0,40000
207,2026-01-03T03:45:00,depot-gazipur,region-dhaka,OPEN,12000.0,DIESEL,90000.0,90000
207,2026-01-03T03:45:00,depot-gazipur,region-dhaka,OPEN,12000.0,PETROL,70000.0,70000
207,2026-01-03T03:45:00,depot-gazipur,region-dhaka,OPEN,12000.0,OCTANE,45000.0,45000
207,2026-01-03T03:45:00,depot-patiya,region-chattogram,OPEN,11000.0,DIESEL,85000.0,85000
207,2026-01-03T03:45:00,depot-patiya,region-chattogram,OPEN,11000.0,PETROL,58000.0,65000
207,2026-01-03T03:45:00,depot-patiya,region-chattogram,OPEN,11000.0,OCTANE,40000.0,40000
208,2026-01-03T04:00:00,depot-gazipur,region-dhaka,OPEN,12000.0,DIESEL,90000.0,90000
208,2026-01-03T04:00:00,depot-gazipur,region-dhaka,OPEN,12000.0,PETROL,70000.0,70000
208,2026-01-03T04:00:00,depot-gazipur,region-dhaka,OPEN,12000.0,OCTANE,45000.0,45000
208,2026-01-03T04:00:00,depot-patiya,region-chattogram,OPEN,11000.0,DIESEL,85000.0,85000
208,2026-01-03T04:00:00,depot-patiya,region-chattogram,OPEN,11000.0,PETROL,58000.0,65000
208,2026-01-03T04:00:00,depot-patiya,region-chattogram,OPEN,11000.0,OCTANE,40000.0,40000
209,2026-01-03T04:15:00,depot-gazipur,region-dhaka,OPEN,12000.0,DIESEL,90000.0,90000
209,2026-01-03T04:15:00,depot-gazipur,region-dhaka,OPEN,12000.0,PETROL,70000.0,70000
209,2026-01-03T04:15:00,depot-gazipur,region-dhaka,OPEN,12000.0,OCTANE,45000.0,45000
209,2026-01-03T04:15:00,depot-patiya,region-chattogram,OPEN,11000.0,DIESEL,85000.0,85000
209,2026-01-03T04:15:00,depot-patiya,region-chattogram,OPEN,11000.0,PETROL,65000.0,65000
209,2026-01-03T04:15:00,depot-patiya,region-chattogram,OPEN,11000.0,OCTANE,40000.0,40000
210,2026-01-03T04:30:00,depot-gazipur,region-dhaka,OPEN,12000.0,DIESEL,90000.0,90000
210,2026-01-03T04:30:00,depot-gazipur,region-dhaka,OPEN,12000.0,PETROL,70000.0,70000
210,2026-01-03T04:30:00,depot-gazipur,region-dhaka,OPEN,12000.0,OCTANE,45000.0,45000
210,2026-01-03T04:30:00,depot-patiya,region-chattogram,OPEN,11000.0,DIESEL,85000.0,85000
210,2026-01-03T04:30:00,depot-patiya,region-chattogram,OPEN,11000.0,PETROL,65000.0,65000
210,2026-01-03T04:30:00,depot-patiya,region-chattogram,OPEN,11000.0,OCTANE,40000.0,40000
211,2026-01-03T04:45:00,depot-gazipur,region-dhaka,OPEN,12000.0,DIESEL,90000.0,90000
211,2026-01-03T04:45:00,depot-gazipur,region-dhaka,OPEN,12000.0,PETROL,70000.0,70000
211,2026-01-03T04:45:00,depot-gazipur,region-dhaka,OPEN,12000.0,OCTANE,45000.0,45000
211,2026-01-03T04:45:00,depot-patiya,region-chattogram,OPEN,11000.0,DIESEL,85000.0,85000
211,2026-01-03T04:45:00,depot-patiya,region-chattogram,OPEN,11000.0,PETROL,65000.0,65000
211,2026-01-03T04:45:00,depot-patiya,region-chattogram,OPEN,11000.0,OCTANE,40000.0,40000
212,2026-01-03T05:00:00,depot-gazipur,region-dhaka,OPEN,12000.0,DIESEL,90000.0,90000
212,2026-01-03T05:00:00,depot-gazipur,region-dhaka,OPEN,12000.0,PETROL,70000.0,70000
212,2026-01-03T05:00:00,depot-gazipur,region-dhaka,OPEN,12000.0,OCTANE,45000.0,45000
212,2026-01-03T05:00:00,depot-patiya,region-chattogram,OPEN,11000.0,DIESEL,85000.0,85000
212,2026-01-03T05:00:00,depot-patiya,region-chattogram,OPEN,11000.0,PETROL,65000.0,65000
212,2026-01-03T05:00:00,depot-patiya,region-chattogram,OPEN,11000.0,OCTANE,40000.0,40000
213,2026-01-03T05:15:00,depot-gazipur,region-dhaka,OPEN,12000.0,DIESEL,90000.0,90000
213,2026-01-03T05:15:00,depot-gazipur,region-dhaka,OPEN,12000.0,PETROL,70000.0,70000
213,2026-01-03T05:15:00,depot-gazipur,region-dhaka,OPEN,12000.0,OCTANE,45000.0,45000
213,2026-01-03T05:15:00,depot-patiya,region-chattogram,OPEN,11000.0,DIESEL,85000.0,85000
213,2026-01-03T05:15:00,depot-patiya,region-chattogram,OPEN,11000.0,PETROL,65000.0,65000
213,2026-01-03T05:15:00,depot-patiya,region-chattogram,OPEN,11000.0,OCTANE,40000.0,40000
214,2026-01-03T05:30:00,depot-gazipur,region-dhaka,OPEN,12000.0,DIESEL,90000.0,90000
214,2026-01-03T05:30:00,depot-gazipur,region-dhaka,OPEN,12000.0,PETROL,70000.0,70000
214,2026-01-03T05:30:00,depot-gazipur,region-dhaka,OPEN,12000.0,OCTANE,45000.0,45000
214,2026-01-03T05:30:00,depot-patiya,region-chattogram,OPEN,11000.0,DIESEL,85000.0,85000
214,2026-01-03T05:30:00,depot-patiya,region-chattogram,OPEN,11000.0,PETROL,65000.0,65000
214,2026-01-03T05:30:00,depot-patiya,region-chattogram,OPEN,11000.0,OCTANE,40000.0,40000
215,2026-01-03T05:45:00,depot-gazipur,region-dhaka,OPEN,12000.0,DIESEL,90000.0,90000
215,2026-01-03T05:45:00,depot-gazipur,region-dhaka,OPEN,12000.0,PETROL,70000.0,70000
215,2026-01-03T05:45:00,depot-gazipur,region-dhaka,OPEN,12000.0,OCTANE,45000.0,45000
215,2026-01-03T05:45:00,depot-patiya,region-chattogram,OPEN,11000.0,DIESEL,85000.0,85000
215,2026-01-03T05:45:00,depot-patiya,region-chattogram,OPEN,11000.0,PETROL,65000.0,65000
215,2026-01-03T05:45:00,depot-patiya,region-chattogram,OPEN,11000.0,OCTANE,40000.0,40000
216,2026-01-03T06:00:00,depot-gazipur,region-dhaka,OPEN,12000.0,DIESEL,90000.0,90000
216,2026-01-03T06:00:00,depot-gazipur,region-dhaka,OPEN,12000.0,PETROL,70000.0,70000
216,2026-01-03T06:00:00,depot-gazipur,region-dhaka,OPEN,12000.0,OCTANE,45000.0,45000
216,2026-01-03T06:00:00,depot-patiya,region-chattogram,OPEN,11000.0,DIESEL,85000.0,85000
216,2026-01-03T06:00:00,depot-patiya,region-chattogram,OPEN,11000.0,PETROL,65000.0,65000
216,2026-01-03T06:00:00,depot-patiya,region-chattogram,OPEN,11000.0,OCTANE,40000.0,40000
217,2026-01-03T06:15:00,depot-gazipur,region-dhaka,OPEN,12000.0,DIESEL,90000.0,90000
217,2026-01-03T06:15:00,depot-gazipur,region-dhaka,OPEN,12000.0,PETROL,70000.0,70000
217,2026-01-03T06:15:00,depot-gazipur,region-dhaka,OPEN,12000.0,OCTANE,45000.0,45000
217,2026-01-03T06:15:00,depot-patiya,region-chattogram,OPEN,11000.0,DIESEL,85000.0,85000
217,2026-01-03T06:15:00,depot-patiya,region-chattogram,OPEN,11000.0,PETROL,65000.0,65000
217,2026-01-03T06:15:00,depot-patiya,region-chattogram,OPEN,11000.0,OCTANE,40000.0,40000
218,2026-01-03T06:30:00,depot-gazipur,region-dhaka,OPEN,12000.0,DIESEL,90000.0,90000
218,2026-01-03T06:30:00,depot-gazipur,region-dhaka,OPEN,12000.0,PETROL,70000.0,70000
218,2026-01-03T06:30:00,depot-gazipur,region-dhaka,OPEN,12000.0,OCTANE,45000.0,45000
218,2026-01-03T06:30:00,depot-patiya,region-chattogram,OPEN,11000.0,DIESEL,85000.0,85000
218,2026-01-03T06:30:00,depot-patiya,region-chattogram,OPEN,11000.0,PETROL,65000.0,65000
218,2026-01-03T06:30:00,depot-patiya,region-chattogram,OPEN,11000.0,OCTANE,40000.0,40000
219,2026-01-03T06:45:00,depot-gazipur,region-dhaka,OPEN,12000.0,DIESEL,90000.0,90000
219,2026-01-03T06:45:00,depot-gazipur,region-dhaka,OPEN,12000.0,PETROL,70000.0,70000
219,2026-01-03T06:45:00,depot-gazipur,region-dhaka,OPEN,12000.0,OCTANE,45000.0,45000
219,2026-01-03T06:45:00,depot-patiya,region-chattogram,OPEN,11000.0,DIESEL,85000.0,85000
219,2026-01-03T06:45:00,depot-patiya,region-chattogram,OPEN,11000.0,PETROL,65000.0,65000
219,2026-01-03T06:45:00,depot-patiya,region-chattogram,OPEN,11000.0,OCTANE,40000.0,40000
220,2026-01-03T07:00:00,depot-gazipur,region-dhaka,OPEN,12000.0,DIESEL,90000.0,90000
220,2026-01-03T07:00:00,depot-gazipur,region-dhaka,OPEN,12000.0,PETROL,70000.0,70000
220,2026-01-03T07:00:00,depot-gazipur,region-dhaka,OPEN,12000.0,OCTANE,45000.0,45000
220,2026-01-03T07:00:00,depot-patiya,region-chattogram,OPEN,11000.0,DIESEL,85000.0,85000
220,2026-01-03T07:00:00,depot-patiya,region-chattogram,OPEN,11000.0,PETROL,65000.0,65000
220,2026-01-03T07:00:00,depot-patiya,region-chattogram,OPEN,11000.0,OCTANE,40000.0,40000
221,2026-01-03T07:15:00,depot-gazipur,region-dhaka,OPEN,12000.0,DIESEL,90000.0,90000
221,2026-01-03T07:15:00,depot-gazipur,region-dhaka,OPEN,12000.0,PETROL,70000.0,70000
221,2026-01-03T07:15:00,depot-gazipur,region-dhaka,OPEN,12000.0,OCTANE,45000.0,45000
221,2026-01-03T07:15:00,depot-patiya,region-chattogram,OPEN,11000.0,DIESEL,85000.0,85000
221,2026-01-03T07:15:00,depot-patiya,region-chattogram,OPEN,11000.0,PETROL,65000.0,65000
221,2026-01-03T07:15:00,depot-patiya,region-chattogram,OPEN,11000.0,OCTANE,40000.0,40000
222,2026-01-03T07:30:00,depot-gazipur,region-dhaka,OPEN,12000.0,DIESEL,90000.0,90000
222,2026-01-03T07:30:00,depot-gazipur,region-dhaka,OPEN,12000.0,PETROL,70000.0,70000
222,2026-01-03T07:30:00,depot-gazipur,region-dhaka,OPEN,12000.0,OCTANE,45000.0,45000
222,2026-01-03T07:30:00,depot-patiya,region-chattogram,OPEN,11000.0,DIESEL,85000.0,85000
222,2026-01-03T07:30:00,depot-patiya,region-chattogram,OPEN,11000.0,PETROL,65000.0,65000
222,2026-01-03T07:30:00,depot-patiya,region-chattogram,OPEN,11000.0,OCTANE,40000.0,40000
223,2026-01-03T07:45:00,depot-gazipur,region-dhaka,OPEN,12000.0,DIESEL,90000.0,90000
223,2026-01-03T07:45:00,depot-gazipur,region-dhaka,OPEN,12000.0,PETROL,70000.0,70000
223,2026-01-03T07:45:00,depot-gazipur,region-dhaka,OPEN,12000.0,OCTANE,45000.0,45000
223,2026-01-03T07:45:00,depot-patiya,region-chattogram,OPEN,11000.0,DIESEL,85000.0,85000
223,2026-01-03T07:45:00,depot-patiya,region-chattogram,OPEN,11000.0,PETROL,65000.0,65000
223,2026-01-03T07:45:00,depot-patiya,region-chattogram,OPEN,11000.0,OCTANE,40000.0,40000
224,2026-01-03T08:00:00,depot-gazipur,region-dhaka,OPEN,12000.0,DIESEL,90000.0,90000
224,2026-01-03T08:00:00,depot-gazipur,region-dhaka,OPEN,12000.0,PETROL,70000.0,70000
224,2026-01-03T08:00:00,depot-gazipur,region-dhaka,OPEN,12000.0,OCTANE,45000.0,45000
224,2026-01-03T08:00:00,depot-patiya,region-chattogram,OPEN,11000.0,DIESEL,85000.0,85000
224,2026-01-03T08:00:00,depot-patiya,region-chattogram,OPEN,11000.0,PETROL,65000.0,65000
224,2026-01-03T08:00:00,depot-patiya,region-chattogram,OPEN,11000.0,OCTANE,40000.0,40000
225,2026-01-03T08:15:00,depot-gazipur,region-dhaka,OPEN,12000.0,DIESEL,90000.0,90000
225,2026-01-03T08:15:00,depot-gazipur,region-dhaka,OPEN,12000.0,PETROL,70000.0,70000
225,2026-01-03T08:15:00,depot-gazipur,region-dhaka,OPEN,12000.0,OCTANE,45000.0,45000
225,2026-01-03T08:15:00,depot-patiya,region-chattogram,OPEN,11000.0,DIESEL,85000.0,85000
225,2026-01-03T08:15:00,depot-patiya,region-chattogram,OPEN,11000.0,PETROL,65000.0,65000
225,2026-01-03T08:15:00,depot-patiya,region-chattogram,OPEN,11000.0,OCTANE,40000.0,40000
226,2026-01-03T08:30:00,depot-gazipur,region-dhaka,OPEN,12000.0,DIESEL,90000.0,90000
226,2026-01-03T08:30:00,depot-gazipur,region-dhaka,OPEN,12000.0,PETROL,70000.0,70000
226,2026-01-03T08:30:00,depot-gazipur,region-dhaka,OPEN,12000.0,OCTANE,45000.0,45000
226,2026-01-03T08:30:00,depot-patiya,region-chattogram,OPEN,11000.0,DIESEL,85000.0,85000
226,2026-01-03T08:30:00,depot-patiya,region-chattogram,OPEN,11000.0,PETROL,65000.0,65000
226,2026-01-03T08:30:00,depot-patiya,region-chattogram,OPEN,11000.0,OCTANE,40000.0,40000
227,2026-01-03T08:45:00,depot-gazipur,region-dhaka,OPEN,12000.0,DIESEL,90000.0,90000
227,2026-01-03T08:45:00,depot-gazipur,region-dhaka,OPEN,12000.0,PETROL,70000.0,70000
227,2026-01-03T08:45:00,depot-gazipur,region-dhaka,OPEN,12000.0,OCTANE,45000.0,45000
227,2026-01-03T08:45:00,depot-patiya,region-chattogram,OPEN,11000.0,DIESEL,85000.0,85000
227,2026-01-03T08:45:00,depot-patiya,region-chattogram,OPEN,11000.0,PETROL,65000.0,65000
227,2026-01-03T08:45:00,depot-patiya,region-chattogram,OPEN,11000.0,OCTANE,40000.0,40000
228,2026-01-03T09:00:00,depot-gazipur,region-dhaka,OPEN,12000.0,DIESEL,90000.0,90000
228,2026-01-03T09:00:00,depot-gazipur,region-dhaka,OPEN,12000.0,PETROL,70000.0,70000
228,2026-01-03T09:00:00,depot-gazipur,region-dhaka,OPEN,12000.0,OCTANE,45000.0,45000
228,2026-01-03T09:00:00,depot-patiya,region-chattogram,OPEN,11000.0,DIESEL,85000.0,85000
228,2026-01-03T09:00:00,depot-patiya,region-chattogram,OPEN,11000.0,PETROL,65000.0,65000
228,2026-01-03T09:00:00,depot-patiya,region-chattogram,OPEN,11000.0,OCTANE,40000.0,40000
229,2026-01-03T09:15:00,depot-gazipur,region-dhaka,OPEN,12000.0,DIESEL,90000.0,90000
229,2026-01-03T09:15:00,depot-gazipur,region-dhaka,OPEN,12000.0,PETROL,70000.0,70000
229,2026-01-03T09:15:00,depot-gazipur,region-dhaka,OPEN,12000.0,OCTANE,45000.0,45000
229,2026-01-03T09:15:00,depot-patiya,region-chattogram,OPEN,11000.0,DIESEL,85000.0,85000
229,2026-01-03T09:15:00,depot-patiya,region-chattogram,OPEN,11000.0,PETROL,65000.0,65000
229,2026-01-03T09:15:00,depot-patiya,region-chattogram,OPEN,11000.0,OCTANE,40000.0,40000
230,2026-01-03T09:30:00,depot-gazipur,region-dhaka,OPEN,12000.0,DIESEL,90000.0,90000
230,2026-01-03T09:30:00,depot-gazipur,region-dhaka,OPEN,12000.0,PETROL,70000.0,70000
230,2026-01-03T09:30:00,depot-gazipur,region-dhaka,OPEN,12000.0,OCTANE,45000.0,45000
230,2026-01-03T09:30:00,depot-patiya,region-chattogram,OPEN,11000.0,DIESEL,85000.0,85000
230,2026-01-03T09:30:00,depot-patiya,region-chattogram,OPEN,11000.0,PETROL,65000.0,65000
230,2026-01-03T09:30:00,depot-patiya,region-chattogram,OPEN,11000.0,OCTANE,40000.0,40000
231,2026-01-03T09:45:00,depot-gazipur,region-dhaka,OPEN,12000.0,DIESEL,90000.0,90000
231,2026-01-03T09:45:00,depot-gazipur,region-dhaka,OPEN,12000.0,PETROL,70000.0,70000
231,2026-01-03T09:45:00,depot-gazipur,region-dhaka,OPEN,12000.0,OCTANE,45000.0,45000
231,2026-01-03T09:45:00,depot-patiya,region-chattogram,OPEN,11000.0,DIESEL,85000.0,85000
231,2026-01-03T09:45:00,depot-patiya,region-chattogram,OPEN,11000.0,PETROL,65000.0,65000
231,2026-01-03T09:45:00,depot-patiya,region-chattogram,OPEN,11000.0,OCTANE,40000.0,40000
232,2026-01-03T10:00:00,depot-gazipur,region-dhaka,OPEN,12000.0,DIESEL,90000.0,90000
232,2026-01-03T10:00:00,depot-gazipur,region-dhaka,OPEN,12000.0,PETROL,70000.0,70000
232,2026-01-03T10:00:00,depot-gazipur,region-dhaka,OPEN,12000.0,OCTANE,45000.0,45000
232,2026-01-03T10:00:00,depot-patiya,region-chattogram,OPEN,11000.0,DIESEL,85000.0,85000
232,2026-01-03T10:00:00,depot-patiya,region-chattogram,OPEN,11000.0,PETROL,65000.0,65000
232,2026-01-03T10:00:00,depot-patiya,region-chattogram,OPEN,11000.0,OCTANE,40000.0,40000
233,2026-01-03T10:15:00,depot-gazipur,region-dhaka,OPEN,12000.0,DIESEL,90000.0,90000
233,2026-01-03T10:15:00,depot-gazipur,region-dhaka,OPEN,12000.0,PETROL,70000.0,70000
233,2026-01-03T10:15:00,depot-gazipur,region-dhaka,OPEN,12000.0,OCTANE,45000.0,45000
233,2026-01-03T10:15:00,depot-patiya,region-chattogram,OPEN,11000.0,DIESEL,85000.0,85000
233,2026-01-03T10:15:00,depot-patiya,region-chattogram,OPEN,11000.0,PETROL,65000.0,65000
233,2026-01-03T10:15:00,depot-patiya,region-chattogram,OPEN,11000.0,OCTANE,40000.0,40000
234,2026-01-03T10:30:00,depot-gazipur,region-dhaka,OPEN,12000.0,DIESEL,90000.0,90000
234,2026-01-03T10:30:00,depot-gazipur,region-dhaka,OPEN,12000.0,PETROL,70000.0,70000
234,2026-01-03T10:30:00,depot-gazipur,region-dhaka,OPEN,12000.0,OCTANE,45000.0,45000
234,2026-01-03T10:30:00,depot-patiya,region-chattogram,OPEN,11000.0,DIESEL,85000.0,85000
234,2026-01-03T10:30:00,depot-patiya,region-chattogram,OPEN,11000.0,PETROL,65000.0,65000
234,2026-01-03T10:30:00,depot-patiya,region-chattogram,OPEN,11000.0,OCTANE,40000.0,40000
235,2026-01-03T10:45:00,depot-gazipur,region-dhaka,OPEN,12000.0,DIESEL,90000.0,90000
235,2026-01-03T10:45:00,depot-gazipur,region-dhaka,OPEN,12000.0,PETROL,70000.0,70000
235,2026-01-03T10:45:00,depot-gazipur,region-dhaka,OPEN,12000.0,OCTANE,45000.0,45000
235,2026-01-03T10:45:00,depot-patiya,region-chattogram,OPEN,11000.0,DIESEL,85000.0,85000
235,2026-01-03T10:45:00,depot-patiya,region-chattogram,OPEN,11000.0,PETROL,65000.0,65000
235,2026-01-03T10:45:00,depot-patiya,region-chattogram,OPEN,11000.0,OCTANE,40000.0,40000
236,2026-01-03T11:00:00,depot-gazipur,region-dhaka,OPEN,12000.0,DIESEL,90000.0,90000
236,2026-01-03T11:00:00,depot-gazipur,region-dhaka,OPEN,12000.0,PETROL,70000.0,70000
236,2026-01-03T11:00:00,depot-gazipur,region-dhaka,OPEN,12000.0,OCTANE,45000.0,45000
236,2026-01-03T11:00:00,depot-patiya,region-chattogram,OPEN,11000.0,DIESEL,85000.0,85000
236,2026-01-03T11:00:00,depot-patiya,region-chattogram,OPEN,11000.0,PETROL,65000.0,65000
236,2026-01-03T11:00:00,depot-patiya,region-chattogram,OPEN,11000.0,OCTANE,40000.0,40000
237,2026-01-03T11:15:00,depot-gazipur,region-dhaka,OPEN,12000.0,DIESEL,90000.0,90000
237,2026-01-03T11:15:00,depot-gazipur,region-dhaka,OPEN,12000.0,PETROL,70000.0,70000
237,2026-01-03T11:15:00,depot-gazipur,region-dhaka,OPEN,12000.0,OCTANE,45000.0,45000
237,2026-01-03T11:15:00,depot-patiya,region-chattogram,OPEN,11000.0,DIESEL,85000.0,85000
237,2026-01-03T11:15:00,depot-patiya,region-chattogram,OPEN,11000.0,PETROL,65000.0,65000
237,2026-01-03T11:15:00,depot-patiya,region-chattogram,OPEN,11000.0,OCTANE,40000.0,40000
238,2026-01-03T11:30:00,depot-gazipur,region-dhaka,OPEN,12000.0,DIESEL,90000.0,90000
238,2026-01-03T11:30:00,depot-gazipur,region-dhaka,OPEN,12000.0,PETROL,70000.0,70000
238,2026-01-03T11:30:00,depot-gazipur,region-dhaka,OPEN,12000.0,OCTANE,45000.0,45000
238,2026-01-03T11:30:00,depot-patiya,region-chattogram,OPEN,11000.0,DIESEL,85000.0,85000
238,2026-01-03T11:30:00,depot-patiya,region-chattogram,OPEN,11000.0,PETROL,65000.0,65000
238,2026-01-03T11:30:00,depot-patiya,region-chattogram,OPEN,11000.0,OCTANE,40000.0,40000
239,2026-01-03T11:45:00,depot-gazipur,region-dhaka,OPEN,12000.0,DIESEL,90000.0,90000
239,2026-01-03T11:45:00,depot-gazipur,region-dhaka,OPEN,12000.0,PETROL,70000.0,70000
239,2026-01-03T11:45:00,depot-gazipur,region-dhaka,OPEN,12000.0,OCTANE,45000.0,45000
239,2026-01-03T11:45:00,depot-patiya,region-chattogram,OPEN,11000.0,DIESEL,85000.0,85000
239,2026-01-03T11:45:00,depot-patiya,region-chattogram,OPEN,11000.0,PETROL,65000.0,65000
239,2026-01-03T11:45:00,depot-patiya,region-chattogram,OPEN,11000.0,OCTANE,40000.0,40000
240,2026-01-03T12:00:00,depot-gazipur,region-dhaka,OPEN,12000.0,DIESEL,90000.0,90000
240,2026-01-03T12:00:00,depot-gazipur,region-dhaka,OPEN,12000.0,PETROL,70000.0,70000
240,2026-01-03T12:00:00,depot-gazipur,region-dhaka,OPEN,12000.0,OCTANE,45000.0,45000
240,2026-01-03T12:00:00,depot-patiya,region-chattogram,OPEN,11000.0,DIESEL,85000.0,85000
240,2026-01-03T12:00:00,depot-patiya,region-chattogram,OPEN,11000.0,PETROL,65000.0,65000
240,2026-01-03T12:00:00,depot-patiya,region-chattogram,OPEN,11000.0,OCTANE,40000.0,40000
241,2026-01-03T12:15:00,depot-gazipur,region-dhaka,OPEN,12000.0,DIESEL,90000.0,90000
241,2026-01-03T12:15:00,depot-gazipur,region-dhaka,OPEN,12000.0,PETROL,70000.0,70000
241,2026-01-03T12:15:00,depot-gazipur,region-dhaka,OPEN,12000.0,OCTANE,45000.0,45000
241,2026-01-03T12:15:00,depot-patiya,region-chattogram,OPEN,11000.0,DIESEL,85000.0,85000
241,2026-01-03T12:15:00,depot-patiya,region-chattogram,OPEN,11000.0,PETROL,65000.0,65000
241,2026-01-03T12:15:00,depot-patiya,region-chattogram,OPEN,11000.0,OCTANE,40000.0,40000
242,2026-01-03T12:30:00,depot-gazipur,region-dhaka,OPEN,12000.0,DIESEL,90000.0,90000
242,2026-01-03T12:30:00,depot-gazipur,region-dhaka,OPEN,12000.0,PETROL,70000.0,70000
242,2026-01-03T12:30:00,depot-gazipur,region-dhaka,OPEN,12000.0,OCTANE,45000.0,45000
242,2026-01-03T12:30:00,depot-patiya,region-chattogram,OPEN,11000.0,DIESEL,85000.0,85000
242,2026-01-03T12:30:00,depot-patiya,region-chattogram,OPEN,11000.0,PETROL,65000.0,65000
242,2026-01-03T12:30:00,depot-patiya,region-chattogram,OPEN,11000.0,OCTANE,40000.0,40000
243,2026-01-03T12:45:00,depot-gazipur,region-dhaka,OPEN,12000.0,DIESEL,90000.0,90000
243,2026-01-03T12:45:00,depot-gazipur,region-dhaka,OPEN,12000.0,PETROL,70000.0,70000
243,2026-01-03T12:45:00,depot-gazipur,region-dhaka,OPEN,12000.0,OCTANE,45000.0,45000
243,2026-01-03T12:45:00,depot-patiya,region-chattogram,OPEN,11000.0,DIESEL,85000.0,85000
243,2026-01-03T12:45:00,depot-patiya,region-chattogram,OPEN,11000.0,PETROL,65000.0,65000
243,2026-01-03T12:45:00,depot-patiya,region-chattogram,OPEN,11000.0,OCTANE,40000.0,40000
244,2026-01-03T13:00:00,depot-gazipur,region-dhaka,OPEN,12000.0,DIESEL,90000.0,90000
244,2026-01-03T13:00:00,depot-gazipur,region-dhaka,OPEN,12000.0,PETROL,70000.0,70000
244,2026-01-03T13:00:00,depot-gazipur,region-dhaka,OPEN,12000.0,OCTANE,45000.0,45000
244,2026-01-03T13:00:00,depot-patiya,region-chattogram,OPEN,11000.0,DIESEL,85000.0,85000
244,2026-01-03T13:00:00,depot-patiya,region-chattogram,OPEN,11000.0,PETROL,65000.0,65000
244,2026-01-03T13:00:00,depot-patiya,region-chattogram,OPEN,11000.0,OCTANE,40000.0,40000
245,2026-01-03T13:15:00,depot-gazipur,region-dhaka,OPEN,12000.0,DIESEL,90000.0,90000
245,2026-01-03T13:15:00,depot-gazipur,region-dhaka,OPEN,12000.0,PETROL,70000.0,70000
245,2026-01-03T13:15:00,depot-gazipur,region-dhaka,OPEN,12000.0,OCTANE,45000.0,45000
245,2026-01-03T13:15:00,depot-patiya,region-chattogram,OPEN,11000.0,DIESEL,85000.0,85000
245,2026-01-03T13:15:00,depot-patiya,region-chattogram,OPEN,11000.0,PETROL,65000.0,65000
245,2026-01-03T13:15:00,depot-patiya,region-chattogram,OPEN,11000.0,OCTANE,40000.0,40000
246,2026-01-03T13:30:00,depot-gazipur,region-dhaka,OPEN,12000.0,DIESEL,90000.0,90000
246,2026-01-03T13:30:00,depot-gazipur,region-dhaka,OPEN,12000.0,PETROL,70000.0,70000
246,2026-01-03T13:30:00,depot-gazipur,region-dhaka,OPEN,12000.0,OCTANE,45000.0,45000
246,2026-01-03T13:30:00,depot-patiya,region-chattogram,OPEN,11000.0,DIESEL,85000.0,85000
246,2026-01-03T13:30:00,depot-patiya,region-chattogram,OPEN,11000.0,PETROL,65000.0,65000
246,2026-01-03T13:30:00,depot-patiya,region-chattogram,OPEN,11000.0,OCTANE,40000.0,40000
247,2026-01-03T13:45:00,depot-gazipur,region-dhaka,OPEN,12000.0,DIESEL,90000.0,90000
247,2026-01-03T13:45:00,depot-gazipur,region-dhaka,OPEN,12000.0,PETROL,70000.0,70000
247,2026-01-03T13:45:00,depot-gazipur,region-dhaka,OPEN,12000.0,OCTANE,45000.0,45000
247,2026-01-03T13:45:00,depot-patiya,region-chattogram,OPEN,11000.0,DIESEL,85000.0,85000
247,2026-01-03T13:45:00,depot-patiya,region-chattogram,OPEN,11000.0,PETROL,65000.0,65000
247,2026-01-03T13:45:00,depot-patiya,region-chattogram,OPEN,11000.0,OCTANE,40000.0,40000
248,2026-01-03T14:00:00,depot-gazipur,region-dhaka,OPEN,12000.0,DIESEL,90000.0,90000
248,2026-01-03T14:00:00,depot-gazipur,region-dhaka,OPEN,12000.0,PETROL,70000.0,70000
248,2026-01-03T14:00:00,depot-gazipur,region-dhaka,OPEN,12000.0,OCTANE,45000.0,45000
248,2026-01-03T14:00:00,depot-patiya,region-chattogram,OPEN,11000.0,DIESEL,85000.0,85000
248,2026-01-03T14:00:00,depot-patiya,region-chattogram,OPEN,11000.0,PETROL,65000.0,65000
248,2026-01-03T14:00:00,depot-patiya,region-chattogram,OPEN,11000.0,OCTANE,40000.0,40000
249,2026-01-03T14:15:00,depot-gazipur,region-dhaka,OPEN,12000.0,DIESEL,90000.0,90000
249,2026-01-03T14:15:00,depot-gazipur,region-dhaka,OPEN,12000.0,PETROL,70000.0,70000
249,2026-01-03T14:15:00,depot-gazipur,region-dhaka,OPEN,12000.0,OCTANE,45000.0,45000
249,2026-01-03T14:15:00,depot-patiya,region-chattogram,OPEN,11000.0,DIESEL,85000.0,85000
249,2026-01-03T14:15:00,depot-patiya,region-chattogram,OPEN,11000.0,PETROL,65000.0,65000
249,2026-01-03T14:15:00,depot-patiya,region-chattogram,OPEN,11000.0,OCTANE,40000.0,40000
250,2026-01-03T14:30:00,depot-gazipur,region-dhaka,OPEN,12000.0,DIESEL,90000.0,90000
250,2026-01-03T14:30:00,depot-gazipur,region-dhaka,OPEN,12000.0,PETROL,70000.0,70000
250,2026-01-03T14:30:00,depot-gazipur,region-dhaka,OPEN,12000.0,OCTANE,45000.0,45000
250,2026-01-03T14:30:00,depot-patiya,region-chattogram,OPEN,11000.0,DIESEL,85000.0,85000
250,2026-01-03T14:30:00,depot-patiya,region-chattogram,OPEN,11000.0,PETROL,65000.0,65000
250,2026-01-03T14:30:00,depot-patiya,region-chattogram,OPEN,11000.0,OCTANE,40000.0,40000
251,2026-01-03T14:45:00,depot-gazipur,region-dhaka,OPEN,12000.0,DIESEL,90000.0,90000
251,2026-01-03T14:45:00,depot-gazipur,region-dhaka,OPEN,12000.0,PETROL,70000.0,70000
251,2026-01-03T14:45:00,depot-gazipur,region-dhaka,OPEN,12000.0,OCTANE,45000.0,45000
251,2026-01-03T14:45:00,depot-patiya,region-chattogram,OPEN,11000.0,DIESEL,85000.0,85000
251,2026-01-03T14:45:00,depot-patiya,region-chattogram,OPEN,11000.0,PETROL,65000.0,65000
251,2026-01-03T14:45:00,depot-patiya,region-chattogram,OPEN,11000.0,OCTANE,40000.0,40000
252,2026-01-03T15:00:00,depot-gazipur,region-dhaka,OPEN,12000.0,DIESEL,90000.0,90000
252,2026-01-03T15:00:00,depot-gazipur,region-dhaka,OPEN,12000.0,PETROL,70000.0,70000
252,2026-01-03T15:00:00,depot-gazipur,region-dhaka,OPEN,12000.0,OCTANE,45000.0,45000
252,2026-01-03T15:00:00,depot-patiya,region-chattogram,OPEN,11000.0,DIESEL,85000.0,85000
252,2026-01-03T15:00:00,depot-patiya,region-chattogram,OPEN,11000.0,PETROL,65000.0,65000
252,2026-01-03T15:00:00,depot-patiya,region-chattogram,OPEN,11000.0,OCTANE,40000.0,40000
253,2026-01-03T15:15:00,depot-gazipur,region-dhaka,OPEN,12000.0,DIESEL,90000.0,90000
253,2026-01-03T15:15:00,depot-gazipur,region-dhaka,OPEN,12000.0,PETROL,70000.0,70000
253,2026-01-03T15:15:00,depot-gazipur,region-dhaka,OPEN,12000.0,OCTANE,45000.0,45000
253,2026-01-03T15:15:00,depot-patiya,region-chattogram,OPEN,11000.0,DIESEL,85000.0,85000
253,2026-01-03T15:15:00,depot-patiya,region-chattogram,OPEN,11000.0,PETROL,65000.0,65000
253,2026-01-03T15:15:00,depot-patiya,region-chattogram,OPEN,11000.0,OCTANE,40000.0,40000
254,2026-01-03T15:30:00,depot-gazipur,region-dhaka,OPEN,12000.0,DIESEL,90000.0,90000
254,2026-01-03T15:30:00,depot-gazipur,region-dhaka,OPEN,12000.0,PETROL,70000.0,70000
254,2026-01-03T15:30:00,depot-gazipur,region-dhaka,OPEN,12000.0,OCTANE,45000.0,45000
254,2026-01-03T15:30:00,depot-patiya,region-chattogram,OPEN,11000.0,DIESEL,85000.0,85000
254,2026-01-03T15:30:00,depot-patiya,region-chattogram,OPEN,11000.0,PETROL,65000.0,65000
254,2026-01-03T15:30:00,depot-patiya,region-chattogram,OPEN,11000.0,OCTANE,40000.0,40000
255,2026-01-03T15:45:00,depot-gazipur,region-dhaka,OPEN,12000.0,DIESEL,90000.0,90000
255,2026-01-03T15:45:00,depot-gazipur,region-dhaka,OPEN,12000.0,PETROL,70000.0,70000
255,2026-01-03T15:45:00,depot-gazipur,region-dhaka,OPEN,12000.0,OCTANE,45000.0,45000
255,2026-01-03T15:45:00,depot-patiya,region-chattogram,OPEN,11000.0,DIESEL,85000.0,85000
255,2026-01-03T15:45:00,depot-patiya,region-chattogram,OPEN,11000.0,PETROL,65000.0,65000
255,2026-01-03T15:45:00,depot-patiya,region-chattogram,OPEN,11000.0,OCTANE,40000.0,40000
256,2026-01-03T16:00:00,depot-gazipur,region-dhaka,OPEN,12000.0,DIESEL,90000.0,90000
256,2026-01-03T16:00:00,depot-gazipur,region-dhaka,OPEN,12000.0,PETROL,70000.0,70000
256,2026-01-03T16:00:00,depot-gazipur,region-dhaka,OPEN,12000.0,OCTANE,45000.0,45000
256,2026-01-03T16:00:00,depot-patiya,region-chattogram,OPEN,11000.0,DIESEL,85000.0,85000
256,2026-01-03T16:00:00,depot-patiya,region-chattogram,OPEN,11000.0,PETROL,65000.0,65000
256,2026-01-03T16:00:00,depot-patiya,region-chattogram,OPEN,11000.0,OCTANE,40000.0,40000
257,2026-01-03T16:15:00,depot-gazipur,region-dhaka,OPEN,12000.0,DIESEL,90000.0,90000
257,2026-01-03T16:15:00,depot-gazipur,region-dhaka,OPEN,12000.0,PETROL,70000.0,70000
257,2026-01-03T16:15:00,depot-gazipur,region-dhaka,OPEN,12000.0,OCTANE,45000.0,45000
257,2026-01-03T16:15:00,depot-patiya,region-chattogram,OPEN,11000.0,DIESEL,85000.0,85000
257,2026-01-03T16:15:00,depot-patiya,region-chattogram,OPEN,11000.0,PETROL,65000.0,65000
257,2026-01-03T16:15:00,depot-patiya,region-chattogram,OPEN,11000.0,OCTANE,40000.0,40000
258,2026-01-03T16:30:00,depot-gazipur,region-dhaka,OPEN,12000.0,DIESEL,90000.0,90000
258,2026-01-03T16:30:00,depot-gazipur,region-dhaka,OPEN,12000.0,PETROL,70000.0,70000
258,2026-01-03T16:30:00,depot-gazipur,region-dhaka,OPEN,12000.0,OCTANE,45000.0,45000
258,2026-01-03T16:30:00,depot-patiya,region-chattogram,OPEN,11000.0,DIESEL,85000.0,85000
258,2026-01-03T16:30:00,depot-patiya,region-chattogram,OPEN,11000.0,PETROL,65000.0,65000
258,2026-01-03T16:30:00,depot-patiya,region-chattogram,OPEN,11000.0,OCTANE,40000.0,40000
259,2026-01-03T16:45:00,depot-gazipur,region-dhaka,OPEN,12000.0,DIESEL,90000.0,90000
259,2026-01-03T16:45:00,depot-gazipur,region-dhaka,OPEN,12000.0,PETROL,70000.0,70000
259,2026-01-03T16:45:00,depot-gazipur,region-dhaka,OPEN,12000.0,OCTANE,45000.0,45000
259,2026-01-03T16:45:00,depot-patiya,region-chattogram,OPEN,11000.0,DIESEL,85000.0,85000
259,2026-01-03T16:45:00,depot-patiya,region-chattogram,OPEN,11000.0,PETROL,65000.0,65000
259,2026-01-03T16:45:00,depot-patiya,region-chattogram,OPEN,11000.0,OCTANE,40000.0,40000
260,2026-01-03T17:00:00,depot-gazipur,region-dhaka,OPEN,12000.0,DIESEL,90000.0,90000
260,2026-01-03T17:00:00,depot-gazipur,region-dhaka,OPEN,12000.0,PETROL,70000.0,70000
260,2026-01-03T17:00:00,depot-gazipur,region-dhaka,OPEN,12000.0,OCTANE,45000.0,45000
260,2026-01-03T17:00:00,depot-patiya,region-chattogram,OPEN,11000.0,DIESEL,85000.0,85000
260,2026-01-03T17:00:00,depot-patiya,region-chattogram,OPEN,11000.0,PETROL,65000.0,65000
260,2026-01-03T17:00:00,depot-patiya,region-chattogram,OPEN,11000.0,OCTANE,40000.0,40000
261,2026-01-03T17:15:00,depot-gazipur,region-dhaka,OPEN,12000.0,DIESEL,90000.0,90000
261,2026-01-03T17:15:00,depot-gazipur,region-dhaka,OPEN,12000.0,PETROL,70000.0,70000
261,2026-01-03T17:15:00,depot-gazipur,region-dhaka,OPEN,12000.0,OCTANE,45000.0,45000
261,2026-01-03T17:15:00,depot-patiya,region-chattogram,OPEN,11000.0,DIESEL,85000.0,85000
261,2026-01-03T17:15:00,depot-patiya,region-chattogram,OPEN,11000.0,PETROL,65000.0,65000
261,2026-01-03T17:15:00,depot-patiya,region-chattogram,OPEN,11000.0,OCTANE,40000.0,40000
262,2026-01-03T17:30:00,depot-gazipur,region-dhaka,OPEN,12000.0,DIESEL,90000.0,90000
262,2026-01-03T17:30:00,depot-gazipur,region-dhaka,OPEN,12000.0,PETROL,70000.0,70000
262,2026-01-03T17:30:00,depot-gazipur,region-dhaka,OPEN,12000.0,OCTANE,45000.0,45000
262,2026-01-03T17:30:00,depot-patiya,region-chattogram,OPEN,11000.0,DIESEL,85000.0,85000
262,2026-01-03T17:30:00,depot-patiya,region-chattogram,OPEN,11000.0,PETROL,65000.0,65000
262,2026-01-03T17:30:00,depot-patiya,region-chattogram,OPEN,11000.0,OCTANE,40000.0,40000
263,2026-01-03T17:45:00,depot-gazipur,region-dhaka,OPEN,12000.0,DIESEL,90000.0,90000
263,2026-01-03T17:45:00,depot-gazipur,region-dhaka,OPEN,12000.0,PETROL,70000.0,70000
263,2026-01-03T17:45:00,depot-gazipur,region-dhaka,OPEN,12000.0,OCTANE,45000.0,45000
263,2026-01-03T17:45:00,depot-patiya,region-chattogram,OPEN,11000.0,DIESEL,85000.0,85000
263,2026-01-03T17:45:00,depot-patiya,region-chattogram,OPEN,11000.0,PETROL,65000.0,65000
263,2026-01-03T17:45:00,depot-patiya,region-chattogram,OPEN,11000.0,OCTANE,40000.0,40000
264,2026-01-03T18:00:00,depot-gazipur,region-dhaka,OPEN,12000.0,DIESEL,90000.0,90000
264,2026-01-03T18:00:00,depot-gazipur,region-dhaka,OPEN,12000.0,PETROL,70000.0,70000
264,2026-01-03T18:00:00,depot-gazipur,region-dhaka,OPEN,12000.0,OCTANE,45000.0,45000
264,2026-01-03T18:00:00,depot-patiya,region-chattogram,OPEN,11000.0,DIESEL,85000.0,85000
264,2026-01-03T18:00:00,depot-patiya,region-chattogram,OPEN,11000.0,PETROL,65000.0,65000
264,2026-01-03T18:00:00,depot-patiya,region-chattogram,OPEN,11000.0,OCTANE,40000.0,40000
265,2026-01-03T18:15:00,depot-gazipur,region-dhaka,OPEN,12000.0,DIESEL,90000.0,90000
265,2026-01-03T18:15:00,depot-gazipur,region-dhaka,OPEN,12000.0,PETROL,70000.0,70000
265,2026-01-03T18:15:00,depot-gazipur,region-dhaka,OPEN,12000.0,OCTANE,45000.0,45000
265,2026-01-03T18:15:00,depot-patiya,region-chattogram,OPEN,11000.0,DIESEL,85000.0,85000
265,2026-01-03T18:15:00,depot-patiya,region-chattogram,OPEN,11000.0,PETROL,65000.0,65000
265,2026-01-03T18:15:00,depot-patiya,region-chattogram,OPEN,11000.0,OCTANE,40000.0,40000
266,2026-01-03T18:30:00,depot-gazipur,region-dhaka,OPEN,12000.0,DIESEL,90000.0,90000
266,2026-01-03T18:30:00,depot-gazipur,region-dhaka,OPEN,12000.0,PETROL,70000.0,70000
266,2026-01-03T18:30:00,depot-gazipur,region-dhaka,OPEN,12000.0,OCTANE,45000.0,45000
266,2026-01-03T18:30:00,depot-patiya,region-chattogram,OPEN,11000.0,DIESEL,85000.0,85000
266,2026-01-03T18:30:00,depot-patiya,region-chattogram,OPEN,11000.0,PETROL,65000.0,65000
266,2026-01-03T18:30:00,depot-patiya,region-chattogram,OPEN,11000.0,OCTANE,40000.0,40000
267,2026-01-03T18:45:00,depot-gazipur,region-dhaka,OPEN,12000.0,DIESEL,90000.0,90000
267,2026-01-03T18:45:00,depot-gazipur,region-dhaka,OPEN,12000.0,PETROL,70000.0,70000
267,2026-01-03T18:45:00,depot-gazipur,region-dhaka,OPEN,12000.0,OCTANE,45000.0,45000
267,2026-01-03T18:45:00,depot-patiya,region-chattogram,OPEN,11000.0,DIESEL,85000.0,85000
267,2026-01-03T18:45:00,depot-patiya,region-chattogram,OPEN,11000.0,PETROL,65000.0,65000
267,2026-01-03T18:45:00,depot-patiya,region-chattogram,OPEN,11000.0,OCTANE,40000.0,40000
268,2026-01-03T19:00:00,depot-gazipur,region-dhaka,OPEN,12000.0,DIESEL,90000.0,90000
268,2026-01-03T19:00:00,depot-gazipur,region-dhaka,OPEN,12000.0,PETROL,70000.0,70000
268,2026-01-03T19:00:00,depot-gazipur,region-dhaka,OPEN,12000.0,OCTANE,45000.0,45000
268,2026-01-03T19:00:00,depot-patiya,region-chattogram,OPEN,11000.0,DIESEL,85000.0,85000
268,2026-01-03T19:00:00,depot-patiya,region-chattogram,OPEN,11000.0,PETROL,65000.0,65000
268,2026-01-03T19:00:00,depot-patiya,region-chattogram,OPEN,11000.0,OCTANE,40000.0,40000
269,2026-01-03T19:15:00,depot-gazipur,region-dhaka,OPEN,12000.0,DIESEL,90000.0,90000
269,2026-01-03T19:15:00,depot-gazipur,region-dhaka,OPEN,12000.0,PETROL,70000.0,70000
269,2026-01-03T19:15:00,depot-gazipur,region-dhaka,OPEN,12000.0,OCTANE,45000.0,45000
269,2026-01-03T19:15:00,depot-patiya,region-chattogram,OPEN,11000.0,DIESEL,85000.0,85000
269,2026-01-03T19:15:00,depot-patiya,region-chattogram,OPEN,11000.0,PETROL,65000.0,65000
269,2026-01-03T19:15:00,depot-patiya,region-chattogram,OPEN,11000.0,OCTANE,40000.0,40000
270,2026-01-03T19:30:00,depot-gazipur,region-dhaka,OPEN,12000.0,DIESEL,90000.0,90000
270,2026-01-03T19:30:00,depot-gazipur,region-dhaka,OPEN,12000.0,PETROL,70000.0,70000
270,2026-01-03T19:30:00,depot-gazipur,region-dhaka,OPEN,12000.0,OCTANE,45000.0,45000
270,2026-01-03T19:30:00,depot-patiya,region-chattogram,OPEN,11000.0,DIESEL,85000.0,85000
270,2026-01-03T19:30:00,depot-patiya,region-chattogram,OPEN,11000.0,PETROL,65000.0,65000
270,2026-01-03T19:30:00,depot-patiya,region-chattogram,OPEN,11000.0,OCTANE,40000.0,40000
271,2026-01-03T19:45:00,depot-gazipur,region-dhaka,OPEN,12000.0,DIESEL,90000.0,90000
271,2026-01-03T19:45:00,depot-gazipur,region-dhaka,OPEN,12000.0,PETROL,70000.0,70000
271,2026-01-03T19:45:00,depot-gazipur,region-dhaka,OPEN,12000.0,OCTANE,45000.0,45000
271,2026-01-03T19:45:00,depot-patiya,region-chattogram,OPEN,11000.0,DIESEL,85000.0,85000
271,2026-01-03T19:45:00,depot-patiya,region-chattogram,OPEN,11000.0,PETROL,65000.0,65000
271,2026-01-03T19:45:00,depot-patiya,region-chattogram,OPEN,11000.0,OCTANE,40000.0,40000
272,2026-01-03T20:00:00,depot-gazipur,region-dhaka,OPEN,12000.0,DIESEL,90000.0,90000
272,2026-01-03T20:00:00,depot-gazipur,region-dhaka,OPEN,12000.0,PETROL,70000.0,70000
272,2026-01-03T20:00:00,depot-gazipur,region-dhaka,OPEN,12000.0,OCTANE,45000.0,45000
272,2026-01-03T20:00:00,depot-patiya,region-chattogram,OPEN,11000.0,DIESEL,85000.0,85000
272,2026-01-03T20:00:00,depot-patiya,region-chattogram,OPEN,11000.0,PETROL,65000.0,65000
272,2026-01-03T20:00:00,depot-patiya,region-chattogram,OPEN,11000.0,OCTANE,40000.0,40000
273,2026-01-03T20:15:00,depot-gazipur,region-dhaka,OPEN,12000.0,DIESEL,90000.0,90000
273,2026-01-03T20:15:00,depot-gazipur,region-dhaka,OPEN,12000.0,PETROL,70000.0,70000
273,2026-01-03T20:15:00,depot-gazipur,region-dhaka,OPEN,12000.0,OCTANE,45000.0,45000
273,2026-01-03T20:15:00,depot-patiya,region-chattogram,OPEN,11000.0,DIESEL,85000.0,85000
273,2026-01-03T20:15:00,depot-patiya,region-chattogram,OPEN,11000.0,PETROL,65000.0,65000
273,2026-01-03T20:15:00,depot-patiya,region-chattogram,OPEN,11000.0,OCTANE,40000.0,40000
274,2026-01-03T20:30:00,depot-gazipur,region-dhaka,OPEN,12000.0,DIESEL,90000.0,90000
274,2026-01-03T20:30:00,depot-gazipur,region-dhaka,OPEN,12000.0,PETROL,70000.0,70000
274,2026-01-03T20:30:00,depot-gazipur,region-dhaka,OPEN,12000.0,OCTANE,45000.0,45000
274,2026-01-03T20:30:00,depot-patiya,region-chattogram,OPEN,11000.0,DIESEL,85000.0,85000
274,2026-01-03T20:30:00,depot-patiya,region-chattogram,OPEN,11000.0,PETROL,65000.0,65000
274,2026-01-03T20:30:00,depot-patiya,region-chattogram,OPEN,11000.0,OCTANE,40000.0,40000
275,2026-01-03T20:45:00,depot-gazipur,region-dhaka,OPEN,12000.0,DIESEL,90000.0,90000
275,2026-01-03T20:45:00,depot-gazipur,region-dhaka,OPEN,12000.0,PETROL,70000.0,70000
275,2026-01-03T20:45:00,depot-gazipur,region-dhaka,OPEN,12000.0,OCTANE,45000.0,45000
275,2026-01-03T20:45:00,depot-patiya,region-chattogram,OPEN,11000.0,DIESEL,85000.0,85000
275,2026-01-03T20:45:00,depot-patiya,region-chattogram,OPEN,11000.0,PETROL,65000.0,65000
275,2026-01-03T20:45:00,depot-patiya,region-chattogram,OPEN,11000.0,OCTANE,40000.0,40000
276,2026-01-03T21:00:00,depot-gazipur,region-dhaka,OPEN,12000.0,DIESEL,90000.0,90000
276,2026-01-03T21:00:00,depot-gazipur,region-dhaka,OPEN,12000.0,PETROL,70000.0,70000
276,2026-01-03T21:00:00,depot-gazipur,region-dhaka,OPEN,12000.0,OCTANE,45000.0,45000
276,2026-01-03T21:00:00,depot-patiya,region-chattogram,OPEN,11000.0,DIESEL,85000.0,85000
276,2026-01-03T21:00:00,depot-patiya,region-chattogram,OPEN,11000.0,PETROL,65000.0,65000
276,2026-01-03T21:00:00,depot-patiya,region-chattogram,OPEN,11000.0,OCTANE,40000.0,40000
277,2026-01-03T21:15:00,depot-gazipur,region-dhaka,OPEN,12000.0,DIESEL,90000.0,90000
277,2026-01-03T21:15:00,depot-gazipur,region-dhaka,OPEN,12000.0,PETROL,70000.0,70000
277,2026-01-03T21:15:00,depot-gazipur,region-dhaka,OPEN,12000.0,OCTANE,45000.0,45000
277,2026-01-03T21:15:00,depot-patiya,region-chattogram,OPEN,11000.0,DIESEL,85000.0,85000
277,2026-01-03T21:15:00,depot-patiya,region-chattogram,OPEN,11000.0,PETROL,65000.0,65000
277,2026-01-03T21:15:00,depot-patiya,region-chattogram,OPEN,11000.0,OCTANE,40000.0,40000
278,2026-01-03T21:30:00,depot-gazipur,region-dhaka,OPEN,12000.0,DIESEL,90000.0,90000
278,2026-01-03T21:30:00,depot-gazipur,region-dhaka,OPEN,12000.0,PETROL,70000.0,70000
278,2026-01-03T21:30:00,depot-gazipur,region-dhaka,OPEN,12000.0,OCTANE,45000.0,45000
278,2026-01-03T21:30:00,depot-patiya,region-chattogram,OPEN,11000.0,DIESEL,85000.0,85000
278,2026-01-03T21:30:00,depot-patiya,region-chattogram,OPEN,11000.0,PETROL,65000.0,65000
278,2026-01-03T21:30:00,depot-patiya,region-chattogram,OPEN,11000.0,OCTANE,40000.0,40000
279,2026-01-03T21:45:00,depot-gazipur,region-dhaka,OPEN,12000.0,DIESEL,90000.0,90000
279,2026-01-03T21:45:00,depot-gazipur,region-dhaka,OPEN,12000.0,PETROL,70000.0,70000
279,2026-01-03T21:45:00,depot-gazipur,region-dhaka,OPEN,12000.0,OCTANE,45000.0,45000
279,2026-01-03T21:45:00,depot-patiya,region-chattogram,OPEN,11000.0,DIESEL,85000.0,85000
279,2026-01-03T21:45:00,depot-patiya,region-chattogram,OPEN,11000.0,PETROL,65000.0,65000
279,2026-01-03T21:45:00,depot-patiya,region-chattogram,OPEN,11000.0,OCTANE,40000.0,40000
280,2026-01-03T22:00:00,depot-gazipur,region-dhaka,OPEN,12000.0,DIESEL,90000.0,90000
280,2026-01-03T22:00:00,depot-gazipur,region-dhaka,OPEN,12000.0,PETROL,70000.0,70000
280,2026-01-03T22:00:00,depot-gazipur,region-dhaka,OPEN,12000.0,OCTANE,45000.0,45000
280,2026-01-03T22:00:00,depot-patiya,region-chattogram,OPEN,11000.0,DIESEL,85000.0,85000
280,2026-01-03T22:00:00,depot-patiya,region-chattogram,OPEN,11000.0,PETROL,65000.0,65000
280,2026-01-03T22:00:00,depot-patiya,region-chattogram,OPEN,11000.0,OCTANE,40000.0,40000
281,2026-01-03T22:15:00,depot-gazipur,region-dhaka,OPEN,12000.0,DIESEL,90000.0,90000
281,2026-01-03T22:15:00,depot-gazipur,region-dhaka,OPEN,12000.0,PETROL,70000.0,70000
281,2026-01-03T22:15:00,depot-gazipur,region-dhaka,OPEN,12000.0,OCTANE,45000.0,45000
281,2026-01-03T22:15:00,depot-patiya,region-chattogram,OPEN,11000.0,DIESEL,85000.0,85000
281,2026-01-03T22:15:00,depot-patiya,region-chattogram,OPEN,11000.0,PETROL,65000.0,65000
281,2026-01-03T22:15:00,depot-patiya,region-chattogram,OPEN,11000.0,OCTANE,40000.0,40000
282,2026-01-03T22:30:00,depot-gazipur,region-dhaka,OPEN,12000.0,DIESEL,90000.0,90000
282,2026-01-03T22:30:00,depot-gazipur,region-dhaka,OPEN,12000.0,PETROL,70000.0,70000
282,2026-01-03T22:30:00,depot-gazipur,region-dhaka,OPEN,12000.0,OCTANE,45000.0,45000
282,2026-01-03T22:30:00,depot-patiya,region-chattogram,OPEN,11000.0,DIESEL,85000.0,85000
282,2026-01-03T22:30:00,depot-patiya,region-chattogram,OPEN,11000.0,PETROL,65000.0,65000
282,2026-01-03T22:30:00,depot-patiya,region-chattogram,OPEN,11000.0,OCTANE,40000.0,40000
283,2026-01-03T22:45:00,depot-gazipur,region-dhaka,OPEN,12000.0,DIESEL,90000.0,90000
283,2026-01-03T22:45:00,depot-gazipur,region-dhaka,OPEN,12000.0,PETROL,70000.0,70000
283,2026-01-03T22:45:00,depot-gazipur,region-dhaka,OPEN,12000.0,OCTANE,45000.0,45000
283,2026-01-03T22:45:00,depot-patiya,region-chattogram,OPEN,11000.0,DIESEL,85000.0,85000
283,2026-01-03T22:45:00,depot-patiya,region-chattogram,OPEN,11000.0,PETROL,65000.0,65000
283,2026-01-03T22:45:00,depot-patiya,region-chattogram,OPEN,11000.0,OCTANE,40000.0,40000
284,2026-01-03T23:00:00,depot-gazipur,region-dhaka,OPEN,12000.0,DIESEL,90000.0,90000
284,2026-01-03T23:00:00,depot-gazipur,region-dhaka,OPEN,12000.0,PETROL,70000.0,70000
284,2026-01-03T23:00:00,depot-gazipur,region-dhaka,OPEN,12000.0,OCTANE,45000.0,45000
284,2026-01-03T23:00:00,depot-patiya,region-chattogram,OPEN,11000.0,DIESEL,85000.0,85000
284,2026-01-03T23:00:00,depot-patiya,region-chattogram,OPEN,11000.0,PETROL,65000.0,65000
284,2026-01-03T23:00:00,depot-patiya,region-chattogram,OPEN,11000.0,OCTANE,40000.0,40000
285,2026-01-03T23:15:00,depot-gazipur,region-dhaka,OPEN,12000.0,DIESEL,90000.0,90000
285,2026-01-03T23:15:00,depot-gazipur,region-dhaka,OPEN,12000.0,PETROL,70000.0,70000
285,2026-01-03T23:15:00,depot-gazipur,region-dhaka,OPEN,12000.0,OCTANE,45000.0,45000
285,2026-01-03T23:15:00,depot-patiya,region-chattogram,OPEN,11000.0,DIESEL,85000.0,85000
285,2026-01-03T23:15:00,depot-patiya,region-chattogram,OPEN,11000.0,PETROL,65000.0,65000
285,2026-01-03T23:15:00,depot-patiya,region-chattogram,OPEN,11000.0,OCTANE,40000.0,40000
286,2026-01-03T23:30:00,depot-gazipur,region-dhaka,OPEN,12000.0,DIESEL,90000.0,90000
286,2026-01-03T23:30:00,depot-gazipur,region-dhaka,OPEN,12000.0,PETROL,70000.0,70000
286,2026-01-03T23:30:00,depot-gazipur,region-dhaka,OPEN,12000.0,OCTANE,45000.0,45000
286,2026-01-03T23:30:00,depot-patiya,region-chattogram,OPEN,11000.0,DIESEL,85000.0,85000
286,2026-01-03T23:30:00,depot-patiya,region-chattogram,OPEN,11000.0,PETROL,65000.0,65000
286,2026-01-03T23:30:00,depot-patiya,region-chattogram,OPEN,11000.0,OCTANE,40000.0,40000
287,2026-01-03T23:45:00,depot-gazipur,region-dhaka,OPEN,12000.0,DIESEL,90000.0,90000
287,2026-01-03T23:45:00,depot-gazipur,region-dhaka,OPEN,12000.0,PETROL,70000.0,70000
287,2026-01-03T23:45:00,depot-gazipur,region-dhaka,OPEN,12000.0,OCTANE,45000.0,45000
287,2026-01-03T23:45:00,depot-patiya,region-chattogram,OPEN,11000.0,DIESEL,85000.0,85000
287,2026-01-03T23:45:00,depot-patiya,region-chattogram,OPEN,11000.0,PETROL,65000.0,65000
287,2026-01-03T23:45:00,depot-patiya,region-chattogram,OPEN,11000.0,OCTANE,40000.0,40000
288,2026-01-04T00:00:00,depot-gazipur,region-dhaka,OPEN,12000.0,DIESEL,90000.0,90000
288,2026-01-04T00:00:00,depot-gazipur,region-dhaka,OPEN,12000.0,PETROL,70000.0,70000
288,2026-01-04T00:00:00,depot-gazipur,region-dhaka,OPEN,12000.0,OCTANE,45000.0,45000
288,2026-01-04T00:00:00,depot-patiya,region-chattogram,OPEN,11000.0,DIESEL,85000.0,85000
288,2026-01-04T00:00:00,depot-patiya,region-chattogram,OPEN,11000.0,PETROL,65000.0,65000
288,2026-01-04T00:00:00,depot-patiya,region-chattogram,OPEN,11000.0,OCTANE,40000.0,40000
289,2026-01-04T00:15:00,depot-gazipur,region-dhaka,OPEN,12000.0,DIESEL,90000.0,90000
289,2026-01-04T00:15:00,depot-gazipur,region-dhaka,OPEN,12000.0,PETROL,70000.0,70000
289,2026-01-04T00:15:00,depot-gazipur,region-dhaka,OPEN,12000.0,OCTANE,45000.0,45000
289,2026-01-04T00:15:00,depot-patiya,region-chattogram,OPEN,11000.0,DIESEL,85000.0,85000
289,2026-01-04T00:15:00,depot-patiya,region-chattogram,OPEN,11000.0,PETROL,65000.0,65000
289,2026-01-04T00:15:00,depot-patiya,region-chattogram,OPEN,11000.0,OCTANE,40000.0,40000
290,2026-01-04T00:30:00,depot-gazipur,region-dhaka,OPEN,12000.0,DIESEL,90000.0,90000
290,2026-01-04T00:30:00,depot-gazipur,region-dhaka,OPEN,12000.0,PETROL,70000.0,70000
290,2026-01-04T00:30:00,depot-gazipur,region-dhaka,OPEN,12000.0,OCTANE,45000.0,45000
290,2026-01-04T00:30:00,depot-patiya,region-chattogram,OPEN,11000.0,DIESEL,85000.0,85000
290,2026-01-04T00:30:00,depot-patiya,region-chattogram,OPEN,11000.0,PETROL,65000.0,65000
290,2026-01-04T00:30:00,depot-patiya,region-chattogram,OPEN,11000.0,OCTANE,40000.0,40000
291,2026-01-04T00:45:00,depot-gazipur,region-dhaka,OPEN,12000.0,DIESEL,90000.0,90000
291,2026-01-04T00:45:00,depot-gazipur,region-dhaka,OPEN,12000.0,PETROL,70000.0,70000
291,2026-01-04T00:45:00,depot-gazipur,region-dhaka,OPEN,12000.0,OCTANE,45000.0,45000
291,2026-01-04T00:45:00,depot-patiya,region-chattogram,OPEN,11000.0,DIESEL,85000.0,85000
291,2026-01-04T00:45:00,depot-patiya,region-chattogram,OPEN,11000.0,PETROL,65000.0,65000
291,2026-01-04T00:45:00,depot-patiya,region-chattogram,OPEN,11000.0,OCTANE,40000.0,40000
292,2026-01-04T01:00:00,depot-gazipur,region-dhaka,OPEN,12000.0,DIESEL,90000.0,90000
292,2026-01-04T01:00:00,depot-gazipur,region-dhaka,OPEN,12000.0,PETROL,70000.0,70000
292,2026-01-04T01:00:00,depot-gazipur,region-dhaka,OPEN,12000.0,OCTANE,45000.0,45000
292,2026-01-04T01:00:00,depot-patiya,region-chattogram,OPEN,11000.0,DIESEL,85000.0,85000
292,2026-01-04T01:00:00,depot-patiya,region-chattogram,OPEN,11000.0,PETROL,65000.0,65000
292,2026-01-04T01:00:00,depot-patiya,region-chattogram,OPEN,11000.0,OCTANE,40000.0,40000
293,2026-01-04T01:15:00,depot-gazipur,region-dhaka,OPEN,12000.0,DIESEL,90000.0,90000
293,2026-01-04T01:15:00,depot-gazipur,region-dhaka,OPEN,12000.0,PETROL,70000.0,70000
293,2026-01-04T01:15:00,depot-gazipur,region-dhaka,OPEN,12000.0,OCTANE,45000.0,45000
293,2026-01-04T01:15:00,depot-patiya,region-chattogram,OPEN,11000.0,DIESEL,85000.0,85000
293,2026-01-04T01:15:00,depot-patiya,region-chattogram,OPEN,11000.0,PETROL,65000.0,65000
293,2026-01-04T01:15:00,depot-patiya,region-chattogram,OPEN,11000.0,OCTANE,40000.0,40000
294,2026-01-04T01:30:00,depot-gazipur,region-dhaka,OPEN,12000.0,DIESEL,90000.0,90000
294,2026-01-04T01:30:00,depot-gazipur,region-dhaka,OPEN,12000.0,PETROL,70000.0,70000
294,2026-01-04T01:30:00,depot-gazipur,region-dhaka,OPEN,12000.0,OCTANE,45000.0,45000
294,2026-01-04T01:30:00,depot-patiya,region-chattogram,OPEN,11000.0,DIESEL,85000.0,85000
294,2026-01-04T01:30:00,depot-patiya,region-chattogram,OPEN,11000.0,PETROL,65000.0,65000
294,2026-01-04T01:30:00,depot-patiya,region-chattogram,OPEN,11000.0,OCTANE,40000.0,40000
295,2026-01-04T01:45:00,depot-gazipur,region-dhaka,OPEN,12000.0,DIESEL,90000.0,90000
295,2026-01-04T01:45:00,depot-gazipur,region-dhaka,OPEN,12000.0,PETROL,70000.0,70000
295,2026-01-04T01:45:00,depot-gazipur,region-dhaka,OPEN,12000.0,OCTANE,45000.0,45000
295,2026-01-04T01:45:00,depot-patiya,region-chattogram,OPEN,11000.0,DIESEL,85000.0,85000
295,2026-01-04T01:45:00,depot-patiya,region-chattogram,OPEN,11000.0,PETROL,65000.0,65000
295,2026-01-04T01:45:00,depot-patiya,region-chattogram,OPEN,11000.0,OCTANE,40000.0,40000
296,2026-01-04T02:00:00,depot-gazipur,region-dhaka,OPEN,12000.0,DIESEL,90000.0,90000
296,2026-01-04T02:00:00,depot-gazipur,region-dhaka,OPEN,12000.0,PETROL,70000.0,70000
296,2026-01-04T02:00:00,depot-gazipur,region-dhaka,OPEN,12000.0,OCTANE,45000.0,45000
296,2026-01-04T02:00:00,depot-patiya,region-chattogram,OPEN,11000.0,DIESEL,85000.0,85000
296,2026-01-04T02:00:00,depot-patiya,region-chattogram,OPEN,11000.0,PETROL,65000.0,65000
296,2026-01-04T02:00:00,depot-patiya,region-chattogram,OPEN,11000.0,OCTANE,40000.0,40000
297,2026-01-04T02:15:00,depot-gazipur,region-dhaka,OPEN,12000.0,DIESEL,90000.0,90000
297,2026-01-04T02:15:00,depot-gazipur,region-dhaka,OPEN,12000.0,PETROL,70000.0,70000
297,2026-01-04T02:15:00,depot-gazipur,region-dhaka,OPEN,12000.0,OCTANE,45000.0,45000
297,2026-01-04T02:15:00,depot-patiya,region-chattogram,OPEN,11000.0,DIESEL,85000.0,85000
297,2026-01-04T02:15:00,depot-patiya,region-chattogram,OPEN,11000.0,PETROL,65000.0,65000
297,2026-01-04T02:15:00,depot-patiya,region-chattogram,OPEN,11000.0,OCTANE,40000.0,40000
298,2026-01-04T02:30:00,depot-gazipur,region-dhaka,OPEN,12000.0,DIESEL,90000.0,90000
298,2026-01-04T02:30:00,depot-gazipur,region-dhaka,OPEN,12000.0,PETROL,70000.0,70000
298,2026-01-04T02:30:00,depot-gazipur,region-dhaka,OPEN,12000.0,OCTANE,45000.0,45000
298,2026-01-04T02:30:00,depot-patiya,region-chattogram,OPEN,11000.0,DIESEL,85000.0,85000
298,2026-01-04T02:30:00,depot-patiya,region-chattogram,OPEN,11000.0,PETROL,65000.0,65000
298,2026-01-04T02:30:00,depot-patiya,region-chattogram,OPEN,11000.0,OCTANE,40000.0,40000
299,2026-01-04T02:45:00,depot-gazipur,region-dhaka,OPEN,12000.0,DIESEL,90000.0,90000
299,2026-01-04T02:45:00,depot-gazipur,region-dhaka,OPEN,12000.0,PETROL,70000.0,70000
299,2026-01-04T02:45:00,depot-gazipur,region-dhaka,OPEN,12000.0,OCTANE,45000.0,45000
299,2026-01-04T02:45:00,depot-patiya,region-chattogram,OPEN,11000.0,DIESEL,85000.0,85000
299,2026-01-04T02:45:00,depot-patiya,region-chattogram,OPEN,11000.0,PETROL,65000.0,65000
299,2026-01-04T02:45:00,depot-patiya,region-chattogram,OPEN,11000.0,OCTANE,40000.0,40000
300,2026-01-04T03:00:00,depot-gazipur,region-dhaka,OPEN,12000.0,DIESEL,90000.0,90000
300,2026-01-04T03:00:00,depot-gazipur,region-dhaka,OPEN,12000.0,PETROL,70000.0,70000
300,2026-01-04T03:00:00,depot-gazipur,region-dhaka,OPEN,12000.0,OCTANE,45000.0,45000
300,2026-01-04T03:00:00,depot-patiya,region-chattogram,OPEN,11000.0,DIESEL,85000.0,85000
300,2026-01-04T03:00:00,depot-patiya,region-chattogram,OPEN,11000.0,PETROL,65000.0,65000
300,2026-01-04T03:00:00,depot-patiya,region-chattogram,OPEN,11000.0,OCTANE,40000.0,40000
301,2026-01-04T03:15:00,depot-gazipur,region-dhaka,OPEN,12000.0,DIESEL,90000.0,90000
301,2026-01-04T03:15:00,depot-gazipur,region-dhaka,OPEN,12000.0,PETROL,70000.0,70000
301,2026-01-04T03:15:00,depot-gazipur,region-dhaka,OPEN,12000.0,OCTANE,45000.0,45000
301,2026-01-04T03:15:00,depot-patiya,region-chattogram,OPEN,11000.0,DIESEL,85000.0,85000
301,2026-01-04T03:15:00,depot-patiya,region-chattogram,OPEN,11000.0,PETROL,65000.0,65000
301,2026-01-04T03:15:00,depot-patiya,region-chattogram,OPEN,11000.0,OCTANE,40000.0,40000
302,2026-01-04T03:30:00,depot-gazipur,region-dhaka,OPEN,12000.0,DIESEL,90000.0,90000
302,2026-01-04T03:30:00,depot-gazipur,region-dhaka,OPEN,12000.0,PETROL,70000.0,70000
302,2026-01-04T03:30:00,depot-gazipur,region-dhaka,OPEN,12000.0,OCTANE,45000.0,45000
302,2026-01-04T03:30:00,depot-patiya,region-chattogram,OPEN,11000.0,DIESEL,85000.0,85000
302,2026-01-04T03:30:00,depot-patiya,region-chattogram,OPEN,11000.0,PETROL,65000.0,65000
302,2026-01-04T03:30:00,depot-patiya,region-chattogram,OPEN,11000.0,OCTANE,40000.0,40000
303,2026-01-04T03:45:00,depot-gazipur,region-dhaka,OPEN,12000.0,DIESEL,90000.0,90000
303,2026-01-04T03:45:00,depot-gazipur,region-dhaka,OPEN,12000.0,PETROL,70000.0,70000
303,2026-01-04T03:45:00,depot-gazipur,region-dhaka,OPEN,12000.0,OCTANE,45000.0,45000
303,2026-01-04T03:45:00,depot-patiya,region-chattogram,OPEN,11000.0,DIESEL,85000.0,85000
303,2026-01-04T03:45:00,depot-patiya,region-chattogram,OPEN,11000.0,PETROL,65000.0,65000
303,2026-01-04T03:45:00,depot-patiya,region-chattogram,OPEN,11000.0,OCTANE,40000.0,40000
304,2026-01-04T04:00:00,depot-gazipur,region-dhaka,OPEN,12000.0,DIESEL,90000.0,90000
304,2026-01-04T04:00:00,depot-gazipur,region-dhaka,OPEN,12000.0,PETROL,70000.0,70000
304,2026-01-04T04:00:00,depot-gazipur,region-dhaka,OPEN,12000.0,OCTANE,45000.0,45000
304,2026-01-04T04:00:00,depot-patiya,region-chattogram,OPEN,11000.0,DIESEL,85000.0,85000
304,2026-01-04T04:00:00,depot-patiya,region-chattogram,OPEN,11000.0,PETROL,65000.0,65000
304,2026-01-04T04:00:00,depot-patiya,region-chattogram,OPEN,11000.0,OCTANE,40000.0,40000
305,2026-01-04T04:15:00,depot-gazipur,region-dhaka,OPEN,12000.0,DIESEL,90000.0,90000
305,2026-01-04T04:15:00,depot-gazipur,region-dhaka,OPEN,12000.0,PETROL,70000.0,70000
305,2026-01-04T04:15:00,depot-gazipur,region-dhaka,OPEN,12000.0,OCTANE,45000.0,45000
305,2026-01-04T04:15:00,depot-patiya,region-chattogram,OPEN,11000.0,DIESEL,85000.0,85000
305,2026-01-04T04:15:00,depot-patiya,region-chattogram,OPEN,11000.0,PETROL,65000.0,65000
305,2026-01-04T04:15:00,depot-patiya,region-chattogram,OPEN,11000.0,OCTANE,40000.0,40000
306,2026-01-04T04:30:00,depot-gazipur,region-dhaka,OPEN,12000.0,DIESEL,90000.0,90000
306,2026-01-04T04:30:00,depot-gazipur,region-dhaka,OPEN,12000.0,PETROL,70000.0,70000
306,2026-01-04T04:30:00,depot-gazipur,region-dhaka,OPEN,12000.0,OCTANE,45000.0,45000
306,2026-01-04T04:30:00,depot-patiya,region-chattogram,OPEN,11000.0,DIESEL,85000.0,85000
306,2026-01-04T04:30:00,depot-patiya,region-chattogram,OPEN,11000.0,PETROL,65000.0,65000
306,2026-01-04T04:30:00,depot-patiya,region-chattogram,OPEN,11000.0,OCTANE,40000.0,40000
307,2026-01-04T04:45:00,depot-gazipur,region-dhaka,OPEN,12000.0,DIESEL,90000.0,90000
307,2026-01-04T04:45:00,depot-gazipur,region-dhaka,OPEN,12000.0,PETROL,70000.0,70000
307,2026-01-04T04:45:00,depot-gazipur,region-dhaka,OPEN,12000.0,OCTANE,45000.0,45000
307,2026-01-04T04:45:00,depot-patiya,region-chattogram,OPEN,11000.0,DIESEL,85000.0,85000
307,2026-01-04T04:45:00,depot-patiya,region-chattogram,OPEN,11000.0,PETROL,65000.0,65000
307,2026-01-04T04:45:00,depot-patiya,region-chattogram,OPEN,11000.0,OCTANE,40000.0,40000
308,2026-01-04T05:00:00,depot-gazipur,region-dhaka,OPEN,12000.0,DIESEL,90000.0,90000
308,2026-01-04T05:00:00,depot-gazipur,region-dhaka,OPEN,12000.0,PETROL,70000.0,70000
308,2026-01-04T05:00:00,depot-gazipur,region-dhaka,OPEN,12000.0,OCTANE,45000.0,45000
308,2026-01-04T05:00:00,depot-patiya,region-chattogram,OPEN,11000.0,DIESEL,85000.0,85000
308,2026-01-04T05:00:00,depot-patiya,region-chattogram,OPEN,11000.0,PETROL,65000.0,65000
308,2026-01-04T05:00:00,depot-patiya,region-chattogram,OPEN,11000.0,OCTANE,40000.0,40000
309,2026-01-04T05:15:00,depot-gazipur,region-dhaka,OPEN,12000.0,DIESEL,90000.0,90000
309,2026-01-04T05:15:00,depot-gazipur,region-dhaka,OPEN,12000.0,PETROL,70000.0,70000
309,2026-01-04T05:15:00,depot-gazipur,region-dhaka,OPEN,12000.0,OCTANE,45000.0,45000
309,2026-01-04T05:15:00,depot-patiya,region-chattogram,OPEN,11000.0,DIESEL,85000.0,85000
309,2026-01-04T05:15:00,depot-patiya,region-chattogram,OPEN,11000.0,PETROL,65000.0,65000
309,2026-01-04T05:15:00,depot-patiya,region-chattogram,OPEN,11000.0,OCTANE,40000.0,40000
310,2026-01-04T05:30:00,depot-gazipur,region-dhaka,OPEN,12000.0,DIESEL,90000.0,90000
310,2026-01-04T05:30:00,depot-gazipur,region-dhaka,OPEN,12000.0,PETROL,70000.0,70000
310,2026-01-04T05:30:00,depot-gazipur,region-dhaka,OPEN,12000.0,OCTANE,45000.0,45000
310,2026-01-04T05:30:00,depot-patiya,region-chattogram,OPEN,11000.0,DIESEL,85000.0,85000
310,2026-01-04T05:30:00,depot-patiya,region-chattogram,OPEN,11000.0,PETROL,65000.0,65000
310,2026-01-04T05:30:00,depot-patiya,region-chattogram,OPEN,11000.0,OCTANE,40000.0,40000
311,2026-01-04T05:45:00,depot-gazipur,region-dhaka,OPEN,12000.0,DIESEL,90000.0,90000
311,2026-01-04T05:45:00,depot-gazipur,region-dhaka,OPEN,12000.0,PETROL,70000.0,70000
311,2026-01-04T05:45:00,depot-gazipur,region-dhaka,OPEN,12000.0,OCTANE,45000.0,45000
311,2026-01-04T05:45:00,depot-patiya,region-chattogram,OPEN,11000.0,DIESEL,85000.0,85000
311,2026-01-04T05:45:00,depot-patiya,region-chattogram,OPEN,11000.0,PETROL,65000.0,65000
311,2026-01-04T05:45:00,depot-patiya,region-chattogram,OPEN,11000.0,OCTANE,40000.0,40000
312,2026-01-04T06:00:00,depot-gazipur,region-dhaka,OPEN,12000.0,DIESEL,90000.0,90000
312,2026-01-04T06:00:00,depot-gazipur,region-dhaka,OPEN,12000.0,PETROL,70000.0,70000
312,2026-01-04T06:00:00,depot-gazipur,region-dhaka,OPEN,12000.0,OCTANE,45000.0,45000
312,2026-01-04T06:00:00,depot-patiya,region-chattogram,OPEN,11000.0,DIESEL,85000.0,85000
312,2026-01-04T06:00:00,depot-patiya,region-chattogram,OPEN,11000.0,PETROL,65000.0,65000
312,2026-01-04T06:00:00,depot-patiya,region-chattogram,OPEN,11000.0,OCTANE,40000.0,40000
313,2026-01-04T06:15:00,depot-gazipur,region-dhaka,OPEN,12000.0,DIESEL,90000.0,90000
313,2026-01-04T06:15:00,depot-gazipur,region-dhaka,OPEN,12000.0,PETROL,70000.0,70000
313,2026-01-04T06:15:00,depot-gazipur,region-dhaka,OPEN,12000.0,OCTANE,45000.0,45000
313,2026-01-04T06:15:00,depot-patiya,region-chattogram,OPEN,11000.0,DIESEL,85000.0,85000
313,2026-01-04T06:15:00,depot-patiya,region-chattogram,OPEN,11000.0,PETROL,65000.0,65000
313,2026-01-04T06:15:00,depot-patiya,region-chattogram,OPEN,11000.0,OCTANE,40000.0,40000
314,2026-01-04T06:30:00,depot-gazipur,region-dhaka,OPEN,12000.0,DIESEL,90000.0,90000
314,2026-01-04T06:30:00,depot-gazipur,region-dhaka,OPEN,12000.0,PETROL,70000.0,70000
314,2026-01-04T06:30:00,depot-gazipur,region-dhaka,OPEN,12000.0,OCTANE,45000.0,45000
314,2026-01-04T06:30:00,depot-patiya,region-chattogram,OPEN,11000.0,DIESEL,85000.0,85000
314,2026-01-04T06:30:00,depot-patiya,region-chattogram,OPEN,11000.0,PETROL,65000.0,65000
314,2026-01-04T06:30:00,depot-patiya,region-chattogram,OPEN,11000.0,OCTANE,40000.0,40000
315,2026-01-04T06:45:00,depot-gazipur,region-dhaka,OPEN,12000.0,DIESEL,90000.0,90000
315,2026-01-04T06:45:00,depot-gazipur,region-dhaka,OPEN,12000.0,PETROL,70000.0,70000
315,2026-01-04T06:45:00,depot-gazipur,region-dhaka,OPEN,12000.0,OCTANE,45000.0,45000
315,2026-01-04T06:45:00,depot-patiya,region-chattogram,OPEN,11000.0,DIESEL,85000.0,85000
315,2026-01-04T06:45:00,depot-patiya,region-chattogram,OPEN,11000.0,PETROL,65000.0,65000
315,2026-01-04T06:45:00,depot-patiya,region-chattogram,OPEN,11000.0,OCTANE,40000.0,40000
316,2026-01-04T07:00:00,depot-gazipur,region-dhaka,OPEN,12000.0,DIESEL,90000.0,90000
316,2026-01-04T07:00:00,depot-gazipur,region-dhaka,OPEN,12000.0,PETROL,70000.0,70000
316,2026-01-04T07:00:00,depot-gazipur,region-dhaka,OPEN,12000.0,OCTANE,45000.0,45000
316,2026-01-04T07:00:00,depot-patiya,region-chattogram,OPEN,11000.0,DIESEL,85000.0,85000
316,2026-01-04T07:00:00,depot-patiya,region-chattogram,OPEN,11000.0,PETROL,65000.0,65000
316,2026-01-04T07:00:00,depot-patiya,region-chattogram,OPEN,11000.0,OCTANE,40000.0,40000
317,2026-01-04T07:15:00,depot-gazipur,region-dhaka,OPEN,12000.0,DIESEL,90000.0,90000
317,2026-01-04T07:15:00,depot-gazipur,region-dhaka,OPEN,12000.0,PETROL,70000.0,70000
317,2026-01-04T07:15:00,depot-gazipur,region-dhaka,OPEN,12000.0,OCTANE,45000.0,45000
317,2026-01-04T07:15:00,depot-patiya,region-chattogram,OPEN,11000.0,DIESEL,85000.0,85000
317,2026-01-04T07:15:00,depot-patiya,region-chattogram,OPEN,11000.0,PETROL,65000.0,65000
317,2026-01-04T07:15:00,depot-patiya,region-chattogram,OPEN,11000.0,OCTANE,40000.0,40000
318,2026-01-04T07:30:00,depot-gazipur,region-dhaka,OPEN,12000.0,DIESEL,90000.0,90000
318,2026-01-04T07:30:00,depot-gazipur,region-dhaka,OPEN,12000.0,PETROL,70000.0,70000
318,2026-01-04T07:30:00,depot-gazipur,region-dhaka,OPEN,12000.0,OCTANE,45000.0,45000
318,2026-01-04T07:30:00,depot-patiya,region-chattogram,OPEN,11000.0,DIESEL,85000.0,85000
318,2026-01-04T07:30:00,depot-patiya,region-chattogram,OPEN,11000.0,PETROL,65000.0,65000
318,2026-01-04T07:30:00,depot-patiya,region-chattogram,OPEN,11000.0,OCTANE,40000.0,40000
319,2026-01-04T07:45:00,depot-gazipur,region-dhaka,OPEN,12000.0,DIESEL,90000.0,90000
319,2026-01-04T07:45:00,depot-gazipur,region-dhaka,OPEN,12000.0,PETROL,70000.0,70000
319,2026-01-04T07:45:00,depot-gazipur,region-dhaka,OPEN,12000.0,OCTANE,45000.0,45000
319,2026-01-04T07:45:00,depot-patiya,region-chattogram,OPEN,11000.0,DIESEL,85000.0,85000
319,2026-01-04T07:45:00,depot-patiya,region-chattogram,OPEN,11000.0,PETROL,65000.0,65000
319,2026-01-04T07:45:00,depot-patiya,region-chattogram,OPEN,11000.0,OCTANE,40000.0,40000
320,2026-01-04T08:00:00,depot-gazipur,region-dhaka,OPEN,12000.0,DIESEL,90000.0,90000
320,2026-01-04T08:00:00,depot-gazipur,region-dhaka,OPEN,12000.0,PETROL,70000.0,70000
320,2026-01-04T08:00:00,depot-gazipur,region-dhaka,OPEN,12000.0,OCTANE,45000.0,45000
320,2026-01-04T08:00:00,depot-patiya,region-chattogram,OPEN,11000.0,DIESEL,85000.0,85000
320,2026-01-04T08:00:00,depot-patiya,region-chattogram,OPEN,11000.0,PETROL,65000.0,65000
320,2026-01-04T08:00:00,depot-patiya,region-chattogram,OPEN,11000.0,OCTANE,40000.0,40000
321,2026-01-04T08:15:00,depot-gazipur,region-dhaka,OPEN,12000.0,DIESEL,90000.0,90000
321,2026-01-04T08:15:00,depot-gazipur,region-dhaka,OPEN,12000.0,PETROL,70000.0,70000
321,2026-01-04T08:15:00,depot-gazipur,region-dhaka,OPEN,12000.0,OCTANE,45000.0,45000
321,2026-01-04T08:15:00,depot-patiya,region-chattogram,OPEN,11000.0,DIESEL,85000.0,85000
321,2026-01-04T08:15:00,depot-patiya,region-chattogram,OPEN,11000.0,PETROL,65000.0,65000
321,2026-01-04T08:15:00,depot-patiya,region-chattogram,OPEN,11000.0,OCTANE,40000.0,40000
322,2026-01-04T08:30:00,depot-gazipur,region-dhaka,OPEN,12000.0,DIESEL,90000.0,90000
322,2026-01-04T08:30:00,depot-gazipur,region-dhaka,OPEN,12000.0,PETROL,70000.0,70000
322,2026-01-04T08:30:00,depot-gazipur,region-dhaka,OPEN,12000.0,OCTANE,45000.0,45000
322,2026-01-04T08:30:00,depot-patiya,region-chattogram,OPEN,11000.0,DIESEL,85000.0,85000
322,2026-01-04T08:30:00,depot-patiya,region-chattogram,OPEN,11000.0,PETROL,65000.0,65000
322,2026-01-04T08:30:00,depot-patiya,region-chattogram,OPEN,11000.0,OCTANE,40000.0,40000
323,2026-01-04T08:45:00,depot-gazipur,region-dhaka,OPEN,12000.0,DIESEL,90000.0,90000
323,2026-01-04T08:45:00,depot-gazipur,region-dhaka,OPEN,12000.0,PETROL,70000.0,70000
323,2026-01-04T08:45:00,depot-gazipur,region-dhaka,OPEN,12000.0,OCTANE,45000.0,45000
323,2026-01-04T08:45:00,depot-patiya,region-chattogram,OPEN,11000.0,DIESEL,85000.0,85000
323,2026-01-04T08:45:00,depot-patiya,region-chattogram,OPEN,11000.0,PETROL,65000.0,65000
323,2026-01-04T08:45:00,depot-patiya,region-chattogram,OPEN,11000.0,OCTANE,40000.0,40000
324,2026-01-04T09:00:00,depot-gazipur,region-dhaka,OPEN,12000.0,DIESEL,90000.0,90000
324,2026-01-04T09:00:00,depot-gazipur,region-dhaka,OPEN,12000.0,PETROL,70000.0,70000
324,2026-01-04T09:00:00,depot-gazipur,region-dhaka,OPEN,12000.0,OCTANE,45000.0,45000
324,2026-01-04T09:00:00,depot-patiya,region-chattogram,OPEN,11000.0,DIESEL,85000.0,85000
324,2026-01-04T09:00:00,depot-patiya,region-chattogram,OPEN,11000.0,PETROL,65000.0,65000
324,2026-01-04T09:00:00,depot-patiya,region-chattogram,OPEN,11000.0,OCTANE,40000.0,40000
325,2026-01-04T09:15:00,depot-gazipur,region-dhaka,OPEN,12000.0,DIESEL,90000.0,90000
325,2026-01-04T09:15:00,depot-gazipur,region-dhaka,OPEN,12000.0,PETROL,70000.0,70000
325,2026-01-04T09:15:00,depot-gazipur,region-dhaka,OPEN,12000.0,OCTANE,45000.0,45000
325,2026-01-04T09:15:00,depot-patiya,region-chattogram,OPEN,11000.0,DIESEL,85000.0,85000
325,2026-01-04T09:15:00,depot-patiya,region-chattogram,OPEN,11000.0,PETROL,65000.0,65000
325,2026-01-04T09:15:00,depot-patiya,region-chattogram,OPEN,11000.0,OCTANE,40000.0,40000
326,2026-01-04T09:30:00,depot-gazipur,region-dhaka,OPEN,12000.0,DIESEL,90000.0,90000
326,2026-01-04T09:30:00,depot-gazipur,region-dhaka,OPEN,12000.0,PETROL,70000.0,70000
326,2026-01-04T09:30:00,depot-gazipur,region-dhaka,OPEN,12000.0,OCTANE,45000.0,45000
326,2026-01-04T09:30:00,depot-patiya,region-chattogram,OPEN,11000.0,DIESEL,85000.0,85000
326,2026-01-04T09:30:00,depot-patiya,region-chattogram,OPEN,11000.0,PETROL,65000.0,65000
326,2026-01-04T09:30:00,depot-patiya,region-chattogram,OPEN,11000.0,OCTANE,40000.0,40000
327,2026-01-04T09:45:00,depot-gazipur,region-dhaka,OPEN,12000.0,DIESEL,90000.0,90000
327,2026-01-04T09:45:00,depot-gazipur,region-dhaka,OPEN,12000.0,PETROL,70000.0,70000
327,2026-01-04T09:45:00,depot-gazipur,region-dhaka,OPEN,12000.0,OCTANE,45000.0,45000
327,2026-01-04T09:45:00,depot-patiya,region-chattogram,OPEN,11000.0,DIESEL,85000.0,85000
327,2026-01-04T09:45:00,depot-patiya,region-chattogram,OPEN,11000.0,PETROL,65000.0,65000
327,2026-01-04T09:45:00,depot-patiya,region-chattogram,OPEN,11000.0,OCTANE,40000.0,40000
328,2026-01-04T10:00:00,depot-gazipur,region-dhaka,OPEN,12000.0,DIESEL,90000.0,90000
328,2026-01-04T10:00:00,depot-gazipur,region-dhaka,OPEN,12000.0,PETROL,70000.0,70000
328,2026-01-04T10:00:00,depot-gazipur,region-dhaka,OPEN,12000.0,OCTANE,45000.0,45000
328,2026-01-04T10:00:00,depot-patiya,region-chattogram,OPEN,11000.0,DIESEL,85000.0,85000
328,2026-01-04T10:00:00,depot-patiya,region-chattogram,OPEN,11000.0,PETROL,65000.0,65000
328,2026-01-04T10:00:00,depot-patiya,region-chattogram,OPEN,11000.0,OCTANE,40000.0,40000
329,2026-01-04T10:15:00,depot-gazipur,region-dhaka,OPEN,12000.0,DIESEL,90000.0,90000
329,2026-01-04T10:15:00,depot-gazipur,region-dhaka,OPEN,12000.0,PETROL,70000.0,70000
329,2026-01-04T10:15:00,depot-gazipur,region-dhaka,OPEN,12000.0,OCTANE,45000.0,45000
329,2026-01-04T10:15:00,depot-patiya,region-chattogram,OPEN,11000.0,DIESEL,85000.0,85000
329,2026-01-04T10:15:00,depot-patiya,region-chattogram,OPEN,11000.0,PETROL,65000.0,65000
329,2026-01-04T10:15:00,depot-patiya,region-chattogram,OPEN,11000.0,OCTANE,40000.0,40000
330,2026-01-04T10:30:00,depot-gazipur,region-dhaka,OPEN,12000.0,DIESEL,90000.0,90000
330,2026-01-04T10:30:00,depot-gazipur,region-dhaka,OPEN,12000.0,PETROL,70000.0,70000
330,2026-01-04T10:30:00,depot-gazipur,region-dhaka,OPEN,12000.0,OCTANE,45000.0,45000
330,2026-01-04T10:30:00,depot-patiya,region-chattogram,OPEN,11000.0,DIESEL,85000.0,85000
330,2026-01-04T10:30:00,depot-patiya,region-chattogram,OPEN,11000.0,PETROL,65000.0,65000
330,2026-01-04T10:30:00,depot-patiya,region-chattogram,OPEN,11000.0,OCTANE,40000.0,40000
331,2026-01-04T10:45:00,depot-gazipur,region-dhaka,OPEN,12000.0,DIESEL,90000.0,90000
331,2026-01-04T10:45:00,depot-gazipur,region-dhaka,OPEN,12000.0,PETROL,70000.0,70000
331,2026-01-04T10:45:00,depot-gazipur,region-dhaka,OPEN,12000.0,OCTANE,45000.0,45000
331,2026-01-04T10:45:00,depot-patiya,region-chattogram,OPEN,11000.0,DIESEL,85000.0,85000
331,2026-01-04T10:45:00,depot-patiya,region-chattogram,OPEN,11000.0,PETROL,65000.0,65000
331,2026-01-04T10:45:00,depot-patiya,region-chattogram,OPEN,11000.0,OCTANE,40000.0,40000
332,2026-01-04T11:00:00,depot-gazipur,region-dhaka,OPEN,12000.0,DIESEL,90000.0,90000
332,2026-01-04T11:00:00,depot-gazipur,region-dhaka,OPEN,12000.0,PETROL,70000.0,70000
332,2026-01-04T11:00:00,depot-gazipur,region-dhaka,OPEN,12000.0,OCTANE,45000.0,45000
332,2026-01-04T11:00:00,depot-patiya,region-chattogram,OPEN,11000.0,DIESEL,85000.0,85000
332,2026-01-04T11:00:00,depot-patiya,region-chattogram,OPEN,11000.0,PETROL,65000.0,65000
332,2026-01-04T11:00:00,depot-patiya,region-chattogram,OPEN,11000.0,OCTANE,40000.0,40000
333,2026-01-04T11:15:00,depot-gazipur,region-dhaka,OPEN,12000.0,DIESEL,90000.0,90000
333,2026-01-04T11:15:00,depot-gazipur,region-dhaka,OPEN,12000.0,PETROL,70000.0,70000
333,2026-01-04T11:15:00,depot-gazipur,region-dhaka,OPEN,12000.0,OCTANE,45000.0,45000
333,2026-01-04T11:15:00,depot-patiya,region-chattogram,OPEN,11000.0,DIESEL,85000.0,85000
333,2026-01-04T11:15:00,depot-patiya,region-chattogram,OPEN,11000.0,PETROL,65000.0,65000
333,2026-01-04T11:15:00,depot-patiya,region-chattogram,OPEN,11000.0,OCTANE,40000.0,40000
334,2026-01-04T11:30:00,depot-gazipur,region-dhaka,OPEN,12000.0,DIESEL,90000.0,90000
334,2026-01-04T11:30:00,depot-gazipur,region-dhaka,OPEN,12000.0,PETROL,70000.0,70000
334,2026-01-04T11:30:00,depot-gazipur,region-dhaka,OPEN,12000.0,OCTANE,45000.0,45000
334,2026-01-04T11:30:00,depot-patiya,region-chattogram,OPEN,11000.0,DIESEL,85000.0,85000
334,2026-01-04T11:30:00,depot-patiya,region-chattogram,OPEN,11000.0,PETROL,65000.0,65000
334,2026-01-04T11:30:00,depot-patiya,region-chattogram,OPEN,11000.0,OCTANE,40000.0,40000
335,2026-01-04T11:45:00,depot-gazipur,region-dhaka,OPEN,12000.0,DIESEL,90000.0,90000
335,2026-01-04T11:45:00,depot-gazipur,region-dhaka,OPEN,12000.0,PETROL,70000.0,70000
335,2026-01-04T11:45:00,depot-gazipur,region-dhaka,OPEN,12000.0,OCTANE,45000.0,45000
335,2026-01-04T11:45:00,depot-patiya,region-chattogram,OPEN,11000.0,DIESEL,85000.0,85000
335,2026-01-04T11:45:00,depot-patiya,region-chattogram,OPEN,11000.0,PETROL,65000.0,65000
335,2026-01-04T11:45:00,depot-patiya,region-chattogram,OPEN,11000.0,OCTANE,40000.0,40000
336,2026-01-04T12:00:00,depot-gazipur,region-dhaka,OPEN,12000.0,DIESEL,90000.0,90000
336,2026-01-04T12:00:00,depot-gazipur,region-dhaka,OPEN,12000.0,PETROL,70000.0,70000
336,2026-01-04T12:00:00,depot-gazipur,region-dhaka,OPEN,12000.0,OCTANE,45000.0,45000
336,2026-01-04T12:00:00,depot-patiya,region-chattogram,OPEN,11000.0,DIESEL,85000.0,85000
336,2026-01-04T12:00:00,depot-patiya,region-chattogram,OPEN,11000.0,PETROL,65000.0,65000
336,2026-01-04T12:00:00,depot-patiya,region-chattogram,OPEN,11000.0,OCTANE,40000.0,40000
337,2026-01-04T12:15:00,depot-gazipur,region-dhaka,OPEN,12000.0,DIESEL,90000.0,90000
337,2026-01-04T12:15:00,depot-gazipur,region-dhaka,OPEN,12000.0,PETROL,70000.0,70000
337,2026-01-04T12:15:00,depot-gazipur,region-dhaka,OPEN,12000.0,OCTANE,45000.0,45000
337,2026-01-04T12:15:00,depot-patiya,region-chattogram,OPEN,11000.0,DIESEL,85000.0,85000
337,2026-01-04T12:15:00,depot-patiya,region-chattogram,OPEN,11000.0,PETROL,65000.0,65000
337,2026-01-04T12:15:00,depot-patiya,region-chattogram,OPEN,11000.0,OCTANE,40000.0,40000
338,2026-01-04T12:30:00,depot-gazipur,region-dhaka,OPEN,12000.0,DIESEL,90000.0,90000
338,2026-01-04T12:30:00,depot-gazipur,region-dhaka,OPEN,12000.0,PETROL,70000.0,70000
338,2026-01-04T12:30:00,depot-gazipur,region-dhaka,OPEN,12000.0,OCTANE,45000.0,45000
338,2026-01-04T12:30:00,depot-patiya,region-chattogram,OPEN,11000.0,DIESEL,85000.0,85000
338,2026-01-04T12:30:00,depot-patiya,region-chattogram,OPEN,11000.0,PETROL,65000.0,65000
338,2026-01-04T12:30:00,depot-patiya,region-chattogram,OPEN,11000.0,OCTANE,40000.0,40000
339,2026-01-04T12:45:00,depot-gazipur,region-dhaka,OPEN,12000.0,DIESEL,90000.0,90000
339,2026-01-04T12:45:00,depot-gazipur,region-dhaka,OPEN,12000.0,PETROL,70000.0,70000
339,2026-01-04T12:45:00,depot-gazipur,region-dhaka,OPEN,12000.0,OCTANE,45000.0,45000
339,2026-01-04T12:45:00,depot-patiya,region-chattogram,OPEN,11000.0,DIESEL,85000.0,85000
339,2026-01-04T12:45:00,depot-patiya,region-chattogram,OPEN,11000.0,PETROL,65000.0,65000
339,2026-01-04T12:45:00,depot-patiya,region-chattogram,OPEN,11000.0,OCTANE,40000.0,40000
340,2026-01-04T13:00:00,depot-gazipur,region-dhaka,OPEN,12000.0,DIESEL,90000.0,90000
340,2026-01-04T13:00:00,depot-gazipur,region-dhaka,OPEN,12000.0,PETROL,70000.0,70000
340,2026-01-04T13:00:00,depot-gazipur,region-dhaka,OPEN,12000.0,OCTANE,45000.0,45000
340,2026-01-04T13:00:00,depot-patiya,region-chattogram,OPEN,11000.0,DIESEL,85000.0,85000
340,2026-01-04T13:00:00,depot-patiya,region-chattogram,OPEN,11000.0,PETROL,65000.0,65000
340,2026-01-04T13:00:00,depot-patiya,region-chattogram,OPEN,11000.0,OCTANE,40000.0,40000
341,2026-01-04T13:15:00,depot-gazipur,region-dhaka,OPEN,12000.0,DIESEL,90000.0,90000
341,2026-01-04T13:15:00,depot-gazipur,region-dhaka,OPEN,12000.0,PETROL,70000.0,70000
341,2026-01-04T13:15:00,depot-gazipur,region-dhaka,OPEN,12000.0,OCTANE,45000.0,45000
341,2026-01-04T13:15:00,depot-patiya,region-chattogram,OPEN,11000.0,DIESEL,85000.0,85000
341,2026-01-04T13:15:00,depot-patiya,region-chattogram,OPEN,11000.0,PETROL,65000.0,65000
341,2026-01-04T13:15:00,depot-patiya,region-chattogram,OPEN,11000.0,OCTANE,40000.0,40000
342,2026-01-04T13:30:00,depot-gazipur,region-dhaka,OPEN,12000.0,DIESEL,90000.0,90000
342,2026-01-04T13:30:00,depot-gazipur,region-dhaka,OPEN,12000.0,PETROL,70000.0,70000
342,2026-01-04T13:30:00,depot-gazipur,region-dhaka,OPEN,12000.0,OCTANE,45000.0,45000
342,2026-01-04T13:30:00,depot-patiya,region-chattogram,OPEN,11000.0,DIESEL,85000.0,85000
342,2026-01-04T13:30:00,depot-patiya,region-chattogram,OPEN,11000.0,PETROL,65000.0,65000
342,2026-01-04T13:30:00,depot-patiya,region-chattogram,OPEN,11000.0,OCTANE,40000.0,40000
343,2026-01-04T13:45:00,depot-gazipur,region-dhaka,OPEN,12000.0,DIESEL,90000.0,90000
343,2026-01-04T13:45:00,depot-gazipur,region-dhaka,OPEN,12000.0,PETROL,70000.0,70000
343,2026-01-04T13:45:00,depot-gazipur,region-dhaka,OPEN,12000.0,OCTANE,45000.0,45000
343,2026-01-04T13:45:00,depot-patiya,region-chattogram,OPEN,11000.0,DIESEL,85000.0,85000
343,2026-01-04T13:45:00,depot-patiya,region-chattogram,OPEN,11000.0,PETROL,65000.0,65000
343,2026-01-04T13:45:00,depot-patiya,region-chattogram,OPEN,11000.0,OCTANE,40000.0,40000
344,2026-01-04T14:00:00,depot-gazipur,region-dhaka,OPEN,12000.0,DIESEL,90000.0,90000
344,2026-01-04T14:00:00,depot-gazipur,region-dhaka,OPEN,12000.0,PETROL,70000.0,70000
344,2026-01-04T14:00:00,depot-gazipur,region-dhaka,OPEN,12000.0,OCTANE,45000.0,45000
344,2026-01-04T14:00:00,depot-patiya,region-chattogram,OPEN,11000.0,DIESEL,85000.0,85000
344,2026-01-04T14:00:00,depot-patiya,region-chattogram,OPEN,11000.0,PETROL,65000.0,65000
344,2026-01-04T14:00:00,depot-patiya,region-chattogram,OPEN,11000.0,OCTANE,40000.0,40000
345,2026-01-04T14:15:00,depot-gazipur,region-dhaka,OPEN,12000.0,DIESEL,90000.0,90000
345,2026-01-04T14:15:00,depot-gazipur,region-dhaka,OPEN,12000.0,PETROL,70000.0,70000
345,2026-01-04T14:15:00,depot-gazipur,region-dhaka,OPEN,12000.0,OCTANE,45000.0,45000
345,2026-01-04T14:15:00,depot-patiya,region-chattogram,OPEN,11000.0,DIESEL,85000.0,85000
345,2026-01-04T14:15:00,depot-patiya,region-chattogram,OPEN,11000.0,PETROL,65000.0,65000
345,2026-01-04T14:15:00,depot-patiya,region-chattogram,OPEN,11000.0,OCTANE,40000.0,40000
346,2026-01-04T14:30:00,depot-gazipur,region-dhaka,OPEN,12000.0,DIESEL,90000.0,90000
346,2026-01-04T14:30:00,depot-gazipur,region-dhaka,OPEN,12000.0,PETROL,70000.0,70000
346,2026-01-04T14:30:00,depot-gazipur,region-dhaka,OPEN,12000.0,OCTANE,45000.0,45000
346,2026-01-04T14:30:00,depot-patiya,region-chattogram,OPEN,11000.0,DIESEL,85000.0,85000
346,2026-01-04T14:30:00,depot-patiya,region-chattogram,OPEN,11000.0,PETROL,65000.0,65000
346,2026-01-04T14:30:00,depot-patiya,region-chattogram,OPEN,11000.0,OCTANE,40000.0,40000
347,2026-01-04T14:45:00,depot-gazipur,region-dhaka,OPEN,12000.0,DIESEL,90000.0,90000
347,2026-01-04T14:45:00,depot-gazipur,region-dhaka,OPEN,12000.0,PETROL,70000.0,70000
347,2026-01-04T14:45:00,depot-gazipur,region-dhaka,OPEN,12000.0,OCTANE,45000.0,45000
347,2026-01-04T14:45:00,depot-patiya,region-chattogram,OPEN,11000.0,DIESEL,85000.0,85000
347,2026-01-04T14:45:00,depot-patiya,region-chattogram,OPEN,11000.0,PETROL,65000.0,65000
347,2026-01-04T14:45:00,depot-patiya,region-chattogram,OPEN,11000.0,OCTANE,40000.0,40000
348,2026-01-04T15:00:00,depot-gazipur,region-dhaka,OPEN,12000.0,DIESEL,90000.0,90000
348,2026-01-04T15:00:00,depot-gazipur,region-dhaka,OPEN,12000.0,PETROL,70000.0,70000
348,2026-01-04T15:00:00,depot-gazipur,region-dhaka,OPEN,12000.0,OCTANE,45000.0,45000
348,2026-01-04T15:00:00,depot-patiya,region-chattogram,OPEN,11000.0,DIESEL,85000.0,85000
348,2026-01-04T15:00:00,depot-patiya,region-chattogram,OPEN,11000.0,PETROL,65000.0,65000
348,2026-01-04T15:00:00,depot-patiya,region-chattogram,OPEN,11000.0,OCTANE,40000.0,40000
349,2026-01-04T15:15:00,depot-gazipur,region-dhaka,OPEN,12000.0,DIESEL,90000.0,90000
349,2026-01-04T15:15:00,depot-gazipur,region-dhaka,OPEN,12000.0,PETROL,70000.0,70000
349,2026-01-04T15:15:00,depot-gazipur,region-dhaka,OPEN,12000.0,OCTANE,45000.0,45000
349,2026-01-04T15:15:00,depot-patiya,region-chattogram,OPEN,11000.0,DIESEL,85000.0,85000
349,2026-01-04T15:15:00,depot-patiya,region-chattogram,OPEN,11000.0,PETROL,65000.0,65000
349,2026-01-04T15:15:00,depot-patiya,region-chattogram,OPEN,11000.0,OCTANE,40000.0,40000
350,2026-01-04T15:30:00,depot-gazipur,region-dhaka,OPEN,12000.0,DIESEL,90000.0,90000
350,2026-01-04T15:30:00,depot-gazipur,region-dhaka,OPEN,12000.0,PETROL,70000.0,70000
350,2026-01-04T15:30:00,depot-gazipur,region-dhaka,OPEN,12000.0,OCTANE,45000.0,45000
350,2026-01-04T15:30:00,depot-patiya,region-chattogram,OPEN,11000.0,DIESEL,85000.0,85000
350,2026-01-04T15:30:00,depot-patiya,region-chattogram,OPEN,11000.0,PETROL,65000.0,65000
350,2026-01-04T15:30:00,depot-patiya,region-chattogram,OPEN,11000.0,OCTANE,40000.0,40000
351,2026-01-04T15:45:00,depot-gazipur,region-dhaka,OPEN,12000.0,DIESEL,90000.0,90000
351,2026-01-04T15:45:00,depot-gazipur,region-dhaka,OPEN,12000.0,PETROL,70000.0,70000
351,2026-01-04T15:45:00,depot-gazipur,region-dhaka,OPEN,12000.0,OCTANE,45000.0,45000
351,2026-01-04T15:45:00,depot-patiya,region-chattogram,OPEN,11000.0,DIESEL,85000.0,85000
351,2026-01-04T15:45:00,depot-patiya,region-chattogram,OPEN,11000.0,PETROL,65000.0,65000
351,2026-01-04T15:45:00,depot-patiya,region-chattogram,OPEN,11000.0,OCTANE,40000.0,40000
352,2026-01-04T16:00:00,depot-gazipur,region-dhaka,OPEN,12000.0,DIESEL,90000.0,90000
352,2026-01-04T16:00:00,depot-gazipur,region-dhaka,OPEN,12000.0,PETROL,70000.0,70000
352,2026-01-04T16:00:00,depot-gazipur,region-dhaka,OPEN,12000.0,OCTANE,45000.0,45000
352,2026-01-04T16:00:00,depot-patiya,region-chattogram,OPEN,11000.0,DIESEL,85000.0,85000
352,2026-01-04T16:00:00,depot-patiya,region-chattogram,OPEN,11000.0,PETROL,65000.0,65000
352,2026-01-04T16:00:00,depot-patiya,region-chattogram,OPEN,11000.0,OCTANE,40000.0,40000
353,2026-01-04T16:15:00,depot-gazipur,region-dhaka,OPEN,12000.0,DIESEL,90000.0,90000
353,2026-01-04T16:15:00,depot-gazipur,region-dhaka,OPEN,12000.0,PETROL,70000.0,70000
353,2026-01-04T16:15:00,depot-gazipur,region-dhaka,OPEN,12000.0,OCTANE,45000.0,45000
353,2026-01-04T16:15:00,depot-patiya,region-chattogram,OPEN,11000.0,DIESEL,85000.0,85000
353,2026-01-04T16:15:00,depot-patiya,region-chattogram,OPEN,11000.0,PETROL,65000.0,65000
353,2026-01-04T16:15:00,depot-patiya,region-chattogram,OPEN,11000.0,OCTANE,40000.0,40000
354,2026-01-04T16:30:00,depot-gazipur,region-dhaka,OPEN,12000.0,DIESEL,90000.0,90000
354,2026-01-04T16:30:00,depot-gazipur,region-dhaka,OPEN,12000.0,PETROL,70000.0,70000
354,2026-01-04T16:30:00,depot-gazipur,region-dhaka,OPEN,12000.0,OCTANE,45000.0,45000
354,2026-01-04T16:30:00,depot-patiya,region-chattogram,OPEN,11000.0,DIESEL,85000.0,85000
354,2026-01-04T16:30:00,depot-patiya,region-chattogram,OPEN,11000.0,PETROL,65000.0,65000
354,2026-01-04T16:30:00,depot-patiya,region-chattogram,OPEN,11000.0,OCTANE,40000.0,40000
355,2026-01-04T16:45:00,depot-gazipur,region-dhaka,OPEN,12000.0,DIESEL,90000.0,90000
355,2026-01-04T16:45:00,depot-gazipur,region-dhaka,OPEN,12000.0,PETROL,70000.0,70000
355,2026-01-04T16:45:00,depot-gazipur,region-dhaka,OPEN,12000.0,OCTANE,45000.0,45000
355,2026-01-04T16:45:00,depot-patiya,region-chattogram,OPEN,11000.0,DIESEL,85000.0,85000
355,2026-01-04T16:45:00,depot-patiya,region-chattogram,OPEN,11000.0,PETROL,65000.0,65000
355,2026-01-04T16:45:00,depot-patiya,region-chattogram,OPEN,11000.0,OCTANE,40000.0,40000
356,2026-01-04T17:00:00,depot-gazipur,region-dhaka,OPEN,12000.0,DIESEL,90000.0,90000
356,2026-01-04T17:00:00,depot-gazipur,region-dhaka,OPEN,12000.0,PETROL,70000.0,70000
356,2026-01-04T17:00:00,depot-gazipur,region-dhaka,OPEN,12000.0,OCTANE,45000.0,45000
356,2026-01-04T17:00:00,depot-patiya,region-chattogram,OPEN,11000.0,DIESEL,85000.0,85000
356,2026-01-04T17:00:00,depot-patiya,region-chattogram,OPEN,11000.0,PETROL,65000.0,65000
356,2026-01-04T17:00:00,depot-patiya,region-chattogram,OPEN,11000.0,OCTANE,40000.0,40000
357,2026-01-04T17:15:00,depot-gazipur,region-dhaka,OPEN,12000.0,DIESEL,90000.0,90000
357,2026-01-04T17:15:00,depot-gazipur,region-dhaka,OPEN,12000.0,PETROL,70000.0,70000
357,2026-01-04T17:15:00,depot-gazipur,region-dhaka,OPEN,12000.0,OCTANE,45000.0,45000
357,2026-01-04T17:15:00,depot-patiya,region-chattogram,OPEN,11000.0,DIESEL,85000.0,85000
357,2026-01-04T17:15:00,depot-patiya,region-chattogram,OPEN,11000.0,PETROL,65000.0,65000
357,2026-01-04T17:15:00,depot-patiya,region-chattogram,OPEN,11000.0,OCTANE,40000.0,40000
358,2026-01-04T17:30:00,depot-gazipur,region-dhaka,OPEN,12000.0,DIESEL,90000.0,90000
358,2026-01-04T17:30:00,depot-gazipur,region-dhaka,OPEN,12000.0,PETROL,70000.0,70000
358,2026-01-04T17:30:00,depot-gazipur,region-dhaka,OPEN,12000.0,OCTANE,45000.0,45000
358,2026-01-04T17:30:00,depot-patiya,region-chattogram,OPEN,11000.0,DIESEL,85000.0,85000
358,2026-01-04T17:30:00,depot-patiya,region-chattogram,OPEN,11000.0,PETROL,65000.0,65000
358,2026-01-04T17:30:00,depot-patiya,region-chattogram,OPEN,11000.0,OCTANE,40000.0,40000
359,2026-01-04T17:45:00,depot-gazipur,region-dhaka,OPEN,12000.0,DIESEL,90000.0,90000
359,2026-01-04T17:45:00,depot-gazipur,region-dhaka,OPEN,12000.0,PETROL,70000.0,70000
359,2026-01-04T17:45:00,depot-gazipur,region-dhaka,OPEN,12000.0,OCTANE,45000.0,45000
359,2026-01-04T17:45:00,depot-patiya,region-chattogram,OPEN,11000.0,DIESEL,85000.0,85000
359,2026-01-04T17:45:00,depot-patiya,region-chattogram,OPEN,11000.0,PETROL,65000.0,65000
359,2026-01-04T17:45:00,depot-patiya,region-chattogram,OPEN,11000.0,OCTANE,40000.0,40000
360,2026-01-04T18:00:00,depot-gazipur,region-dhaka,OPEN,12000.0,DIESEL,90000.0,90000
360,2026-01-04T18:00:00,depot-gazipur,region-dhaka,OPEN,12000.0,PETROL,70000.0,70000
360,2026-01-04T18:00:00,depot-gazipur,region-dhaka,OPEN,12000.0,OCTANE,45000.0,45000
360,2026-01-04T18:00:00,depot-patiya,region-chattogram,OPEN,11000.0,DIESEL,85000.0,85000
360,2026-01-04T18:00:00,depot-patiya,region-chattogram,OPEN,11000.0,PETROL,65000.0,65000
360,2026-01-04T18:00:00,depot-patiya,region-chattogram,OPEN,11000.0,OCTANE,40000.0,40000
361,2026-01-04T18:15:00,depot-gazipur,region-dhaka,OPEN,12000.0,DIESEL,90000.0,90000
361,2026-01-04T18:15:00,depot-gazipur,region-dhaka,OPEN,12000.0,PETROL,70000.0,70000
361,2026-01-04T18:15:00,depot-gazipur,region-dhaka,OPEN,12000.0,OCTANE,45000.0,45000
361,2026-01-04T18:15:00,depot-patiya,region-chattogram,OPEN,11000.0,DIESEL,85000.0,85000
361,2026-01-04T18:15:00,depot-patiya,region-chattogram,OPEN,11000.0,PETROL,65000.0,65000
361,2026-01-04T18:15:00,depot-patiya,region-chattogram,OPEN,11000.0,OCTANE,40000.0,40000
362,2026-01-04T18:30:00,depot-gazipur,region-dhaka,OPEN,12000.0,DIESEL,90000.0,90000
362,2026-01-04T18:30:00,depot-gazipur,region-dhaka,OPEN,12000.0,PETROL,70000.0,70000
362,2026-01-04T18:30:00,depot-gazipur,region-dhaka,OPEN,12000.0,OCTANE,45000.0,45000
362,2026-01-04T18:30:00,depot-patiya,region-chattogram,OPEN,11000.0,DIESEL,85000.0,85000
362,2026-01-04T18:30:00,depot-patiya,region-chattogram,OPEN,11000.0,PETROL,65000.0,65000
362,2026-01-04T18:30:00,depot-patiya,region-chattogram,OPEN,11000.0,OCTANE,40000.0,40000
363,2026-01-04T18:45:00,depot-gazipur,region-dhaka,OPEN,12000.0,DIESEL,90000.0,90000
363,2026-01-04T18:45:00,depot-gazipur,region-dhaka,OPEN,12000.0,PETROL,70000.0,70000
363,2026-01-04T18:45:00,depot-gazipur,region-dhaka,OPEN,12000.0,OCTANE,45000.0,45000
363,2026-01-04T18:45:00,depot-patiya,region-chattogram,OPEN,11000.0,DIESEL,85000.0,85000
363,2026-01-04T18:45:00,depot-patiya,region-chattogram,OPEN,11000.0,PETROL,65000.0,65000
363,2026-01-04T18:45:00,depot-patiya,region-chattogram,OPEN,11000.0,OCTANE,40000.0,40000
364,2026-01-04T19:00:00,depot-gazipur,region-dhaka,OPEN,12000.0,DIESEL,90000.0,90000
364,2026-01-04T19:00:00,depot-gazipur,region-dhaka,OPEN,12000.0,PETROL,70000.0,70000
364,2026-01-04T19:00:00,depot-gazipur,region-dhaka,OPEN,12000.0,OCTANE,45000.0,45000
364,2026-01-04T19:00:00,depot-patiya,region-chattogram,OPEN,11000.0,DIESEL,85000.0,85000
364,2026-01-04T19:00:00,depot-patiya,region-chattogram,OPEN,11000.0,PETROL,65000.0,65000
364,2026-01-04T19:00:00,depot-patiya,region-chattogram,OPEN,11000.0,OCTANE,40000.0,40000
365,2026-01-04T19:15:00,depot-gazipur,region-dhaka,OPEN,12000.0,DIESEL,90000.0,90000
365,2026-01-04T19:15:00,depot-gazipur,region-dhaka,OPEN,12000.0,PETROL,70000.0,70000
365,2026-01-04T19:15:00,depot-gazipur,region-dhaka,OPEN,12000.0,OCTANE,45000.0,45000
365,2026-01-04T19:15:00,depot-patiya,region-chattogram,OPEN,11000.0,DIESEL,85000.0,85000
365,2026-01-04T19:15:00,depot-patiya,region-chattogram,OPEN,11000.0,PETROL,65000.0,65000
365,2026-01-04T19:15:00,depot-patiya,region-chattogram,OPEN,11000.0,OCTANE,40000.0,40000
366,2026-01-04T19:30:00,depot-gazipur,region-dhaka,OPEN,12000.0,DIESEL,90000.0,90000
366,2026-01-04T19:30:00,depot-gazipur,region-dhaka,OPEN,12000.0,PETROL,70000.0,70000
366,2026-01-04T19:30:00,depot-gazipur,region-dhaka,OPEN,12000.0,OCTANE,45000.0,45000
366,2026-01-04T19:30:00,depot-patiya,region-chattogram,OPEN,11000.0,DIESEL,85000.0,85000
366,2026-01-04T19:30:00,depot-patiya,region-chattogram,OPEN,11000.0,PETROL,65000.0,65000
366,2026-01-04T19:30:00,depot-patiya,region-chattogram,OPEN,11000.0,OCTANE,40000.0,40000
367,2026-01-04T19:45:00,depot-gazipur,region-dhaka,OPEN,12000.0,DIESEL,90000.0,90000
367,2026-01-04T19:45:00,depot-gazipur,region-dhaka,OPEN,12000.0,PETROL,70000.0,70000
367,2026-01-04T19:45:00,depot-gazipur,region-dhaka,OPEN,12000.0,OCTANE,45000.0,45000
367,2026-01-04T19:45:00,depot-patiya,region-chattogram,OPEN,11000.0,DIESEL,85000.0,85000
367,2026-01-04T19:45:00,depot-patiya,region-chattogram,OPEN,11000.0,PETROL,65000.0,65000
367,2026-01-04T19:45:00,depot-patiya,region-chattogram,OPEN,11000.0,OCTANE,40000.0,40000
368,2026-01-04T20:00:00,depot-gazipur,region-dhaka,OPEN,12000.0,DIESEL,90000.0,90000
368,2026-01-04T20:00:00,depot-gazipur,region-dhaka,OPEN,12000.0,PETROL,70000.0,70000
368,2026-01-04T20:00:00,depot-gazipur,region-dhaka,OPEN,12000.0,OCTANE,45000.0,45000
368,2026-01-04T20:00:00,depot-patiya,region-chattogram,OPEN,11000.0,DIESEL,85000.0,85000
368,2026-01-04T20:00:00,depot-patiya,region-chattogram,OPEN,11000.0,PETROL,65000.0,65000
368,2026-01-04T20:00:00,depot-patiya,region-chattogram,OPEN,11000.0,OCTANE,40000.0,40000
369,2026-01-04T20:15:00,depot-gazipur,region-dhaka,OPEN,12000.0,DIESEL,90000.0,90000
369,2026-01-04T20:15:00,depot-gazipur,region-dhaka,OPEN,12000.0,PETROL,70000.0,70000
369,2026-01-04T20:15:00,depot-gazipur,region-dhaka,OPEN,12000.0,OCTANE,45000.0,45000
369,2026-01-04T20:15:00,depot-patiya,region-chattogram,OPEN,11000.0,DIESEL,85000.0,85000
369,2026-01-04T20:15:00,depot-patiya,region-chattogram,OPEN,11000.0,PETROL,65000.0,65000
369,2026-01-04T20:15:00,depot-patiya,region-chattogram,OPEN,11000.0,OCTANE,40000.0,40000
370,2026-01-04T20:30:00,depot-gazipur,region-dhaka,OPEN,12000.0,DIESEL,90000.0,90000
370,2026-01-04T20:30:00,depot-gazipur,region-dhaka,OPEN,12000.0,PETROL,70000.0,70000
370,2026-01-04T20:30:00,depot-gazipur,region-dhaka,OPEN,12000.0,OCTANE,45000.0,45000
370,2026-01-04T20:30:00,depot-patiya,region-chattogram,OPEN,11000.0,DIESEL,85000.0,85000
370,2026-01-04T20:30:00,depot-patiya,region-chattogram,OPEN,11000.0,PETROL,65000.0,65000
370,2026-01-04T20:30:00,depot-patiya,region-chattogram,OPEN,11000.0,OCTANE,40000.0,40000
371,2026-01-04T20:45:00,depot-gazipur,region-dhaka,OPEN,12000.0,DIESEL,90000.0,90000
371,2026-01-04T20:45:00,depot-gazipur,region-dhaka,OPEN,12000.0,PETROL,70000.0,70000
371,2026-01-04T20:45:00,depot-gazipur,region-dhaka,OPEN,12000.0,OCTANE,45000.0,45000
371,2026-01-04T20:45:00,depot-patiya,region-chattogram,OPEN,11000.0,DIESEL,85000.0,85000
371,2026-01-04T20:45:00,depot-patiya,region-chattogram,OPEN,11000.0,PETROL,65000.0,65000
371,2026-01-04T20:45:00,depot-patiya,region-chattogram,OPEN,11000.0,OCTANE,40000.0,40000
372,2026-01-04T21:00:00,depot-gazipur,region-dhaka,OPEN,12000.0,DIESEL,90000.0,90000
372,2026-01-04T21:00:00,depot-gazipur,region-dhaka,OPEN,12000.0,PETROL,70000.0,70000
372,2026-01-04T21:00:00,depot-gazipur,region-dhaka,OPEN,12000.0,OCTANE,45000.0,45000
372,2026-01-04T21:00:00,depot-patiya,region-chattogram,OPEN,11000.0,DIESEL,85000.0,85000
372,2026-01-04T21:00:00,depot-patiya,region-chattogram,OPEN,11000.0,PETROL,65000.0,65000
372,2026-01-04T21:00:00,depot-patiya,region-chattogram,OPEN,11000.0,OCTANE,40000.0,40000
373,2026-01-04T21:15:00,depot-gazipur,region-dhaka,OPEN,12000.0,DIESEL,90000.0,90000
373,2026-01-04T21:15:00,depot-gazipur,region-dhaka,OPEN,12000.0,PETROL,70000.0,70000
373,2026-01-04T21:15:00,depot-gazipur,region-dhaka,OPEN,12000.0,OCTANE,45000.0,45000
373,2026-01-04T21:15:00,depot-patiya,region-chattogram,OPEN,11000.0,DIESEL,85000.0,85000
373,2026-01-04T21:15:00,depot-patiya,region-chattogram,OPEN,11000.0,PETROL,65000.0,65000
373,2026-01-04T21:15:00,depot-patiya,region-chattogram,OPEN,11000.0,OCTANE,40000.0,40000
374,2026-01-04T21:30:00,depot-gazipur,region-dhaka,OPEN,12000.0,DIESEL,90000.0,90000
374,2026-01-04T21:30:00,depot-gazipur,region-dhaka,OPEN,12000.0,PETROL,70000.0,70000
374,2026-01-04T21:30:00,depot-gazipur,region-dhaka,OPEN,12000.0,OCTANE,45000.0,45000
374,2026-01-04T21:30:00,depot-patiya,region-chattogram,OPEN,11000.0,DIESEL,85000.0,85000
374,2026-01-04T21:30:00,depot-patiya,region-chattogram,OPEN,11000.0,PETROL,65000.0,65000
374,2026-01-04T21:30:00,depot-patiya,region-chattogram,OPEN,11000.0,OCTANE,40000.0,40000
375,2026-01-04T21:45:00,depot-gazipur,region-dhaka,OPEN,12000.0,DIESEL,90000.0,90000
375,2026-01-04T21:45:00,depot-gazipur,region-dhaka,OPEN,12000.0,PETROL,70000.0,70000
375,2026-01-04T21:45:00,depot-gazipur,region-dhaka,OPEN,12000.0,OCTANE,45000.0,45000
375,2026-01-04T21:45:00,depot-patiya,region-chattogram,OPEN,11000.0,DIESEL,85000.0,85000
375,2026-01-04T21:45:00,depot-patiya,region-chattogram,OPEN,11000.0,PETROL,65000.0,65000
375,2026-01-04T21:45:00,depot-patiya,region-chattogram,OPEN,11000.0,OCTANE,40000.0,40000
376,2026-01-04T22:00:00,depot-gazipur,region-dhaka,OPEN,12000.0,DIESEL,90000.0,90000
376,2026-01-04T22:00:00,depot-gazipur,region-dhaka,OPEN,12000.0,PETROL,70000.0,70000
376,2026-01-04T22:00:00,depot-gazipur,region-dhaka,OPEN,12000.0,OCTANE,45000.0,45000
376,2026-01-04T22:00:00,depot-patiya,region-chattogram,OPEN,11000.0,DIESEL,85000.0,85000
376,2026-01-04T22:00:00,depot-patiya,region-chattogram,OPEN,11000.0,PETROL,65000.0,65000
376,2026-01-04T22:00:00,depot-patiya,region-chattogram,OPEN,11000.0,OCTANE,40000.0,40000
377,2026-01-04T22:15:00,depot-gazipur,region-dhaka,OPEN,12000.0,DIESEL,90000.0,90000
377,2026-01-04T22:15:00,depot-gazipur,region-dhaka,OPEN,12000.0,PETROL,70000.0,70000
377,2026-01-04T22:15:00,depot-gazipur,region-dhaka,OPEN,12000.0,OCTANE,45000.0,45000
377,2026-01-04T22:15:00,depot-patiya,region-chattogram,OPEN,11000.0,DIESEL,85000.0,85000
377,2026-01-04T22:15:00,depot-patiya,region-chattogram,OPEN,11000.0,PETROL,65000.0,65000
377,2026-01-04T22:15:00,depot-patiya,region-chattogram,OPEN,11000.0,OCTANE,40000.0,40000
378,2026-01-04T22:30:00,depot-gazipur,region-dhaka,OPEN,12000.0,DIESEL,90000.0,90000
378,2026-01-04T22:30:00,depot-gazipur,region-dhaka,OPEN,12000.0,PETROL,70000.0,70000
378,2026-01-04T22:30:00,depot-gazipur,region-dhaka,OPEN,12000.0,OCTANE,45000.0,45000
378,2026-01-04T22:30:00,depot-patiya,region-chattogram,OPEN,11000.0,DIESEL,85000.0,85000
378,2026-01-04T22:30:00,depot-patiya,region-chattogram,OPEN,11000.0,PETROL,65000.0,65000
378,2026-01-04T22:30:00,depot-patiya,region-chattogram,OPEN,11000.0,OCTANE,40000.0,40000
379,2026-01-04T22:45:00,depot-gazipur,region-dhaka,OPEN,12000.0,DIESEL,90000.0,90000
379,2026-01-04T22:45:00,depot-gazipur,region-dhaka,OPEN,12000.0,PETROL,70000.0,70000
379,2026-01-04T22:45:00,depot-gazipur,region-dhaka,OPEN,12000.0,OCTANE,45000.0,45000
379,2026-01-04T22:45:00,depot-patiya,region-chattogram,OPEN,11000.0,DIESEL,85000.0,85000
379,2026-01-04T22:45:00,depot-patiya,region-chattogram,OPEN,11000.0,PETROL,65000.0,65000
379,2026-01-04T22:45:00,depot-patiya,region-chattogram,OPEN,11000.0,OCTANE,40000.0,40000
380,2026-01-04T23:00:00,depot-gazipur,region-dhaka,OPEN,12000.0,DIESEL,90000.0,90000
380,2026-01-04T23:00:00,depot-gazipur,region-dhaka,OPEN,12000.0,PETROL,70000.0,70000
380,2026-01-04T23:00:00,depot-gazipur,region-dhaka,OPEN,12000.0,OCTANE,45000.0,45000
380,2026-01-04T23:00:00,depot-patiya,region-chattogram,OPEN,11000.0,DIESEL,85000.0,85000
380,2026-01-04T23:00:00,depot-patiya,region-chattogram,OPEN,11000.0,PETROL,65000.0,65000
380,2026-01-04T23:00:00,depot-patiya,region-chattogram,OPEN,11000.0,OCTANE,40000.0,40000
381,2026-01-04T23:15:00,depot-gazipur,region-dhaka,OPEN,12000.0,DIESEL,90000.0,90000
381,2026-01-04T23:15:00,depot-gazipur,region-dhaka,OPEN,12000.0,PETROL,70000.0,70000
381,2026-01-04T23:15:00,depot-gazipur,region-dhaka,OPEN,12000.0,OCTANE,45000.0,45000
381,2026-01-04T23:15:00,depot-patiya,region-chattogram,OPEN,11000.0,DIESEL,85000.0,85000
381,2026-01-04T23:15:00,depot-patiya,region-chattogram,OPEN,11000.0,PETROL,65000.0,65000
381,2026-01-04T23:15:00,depot-patiya,region-chattogram,OPEN,11000.0,OCTANE,40000.0,40000
382,2026-01-04T23:30:00,depot-gazipur,region-dhaka,OPEN,12000.0,DIESEL,90000.0,90000
382,2026-01-04T23:30:00,depot-gazipur,region-dhaka,OPEN,12000.0,PETROL,70000.0,70000
382,2026-01-04T23:30:00,depot-gazipur,region-dhaka,OPEN,12000.0,OCTANE,45000.0,45000
382,2026-01-04T23:30:00,depot-patiya,region-chattogram,OPEN,11000.0,DIESEL,85000.0,85000
382,2026-01-04T23:30:00,depot-patiya,region-chattogram,OPEN,11000.0,PETROL,65000.0,65000
382,2026-01-04T23:30:00,depot-patiya,region-chattogram,OPEN,11000.0,OCTANE,40000.0,40000
383,2026-01-04T23:45:00,depot-gazipur,region-dhaka,OPEN,12000.0,DIESEL,90000.0,90000
383,2026-01-04T23:45:00,depot-gazipur,region-dhaka,OPEN,12000.0,PETROL,70000.0,70000
383,2026-01-04T23:45:00,depot-gazipur,region-dhaka,OPEN,12000.0,OCTANE,45000.0,45000
383,2026-01-04T23:45:00,depot-patiya,region-chattogram,OPEN,11000.0,DIESEL,85000.0,85000
383,2026-01-04T23:45:00,depot-patiya,region-chattogram,OPEN,11000.0,PETROL,65000.0,65000
383,2026-01-04T23:45:00,depot-patiya,region-chattogram,OPEN,11000.0,OCTANE,40000.0,40000
384,2026-01-05T00:00:00,depot-gazipur,region-dhaka,OPEN,12000.0,DIESEL,90000.0,90000
384,2026-01-05T00:00:00,depot-gazipur,region-dhaka,OPEN,12000.0,PETROL,70000.0,70000
384,2026-01-05T00:00:00,depot-gazipur,region-dhaka,OPEN,12000.0,OCTANE,45000.0,45000
384,2026-01-05T00:00:00,depot-patiya,region-chattogram,OPEN,11000.0,DIESEL,85000.0,85000
384,2026-01-05T00:00:00,depot-patiya,region-chattogram,OPEN,11000.0,PETROL,65000.0,65000
384,2026-01-05T00:00:00,depot-patiya,region-chattogram,OPEN,11000.0,OCTANE,40000.0,40000
385,2026-01-05T00:15:00,depot-gazipur,region-dhaka,OPEN,12000.0,DIESEL,90000.0,90000
385,2026-01-05T00:15:00,depot-gazipur,region-dhaka,OPEN,12000.0,PETROL,70000.0,70000
385,2026-01-05T00:15:00,depot-gazipur,region-dhaka,OPEN,12000.0,OCTANE,45000.0,45000
385,2026-01-05T00:15:00,depot-patiya,region-chattogram,OPEN,11000.0,DIESEL,85000.0,85000
385,2026-01-05T00:15:00,depot-patiya,region-chattogram,OPEN,11000.0,PETROL,65000.0,65000
385,2026-01-05T00:15:00,depot-patiya,region-chattogram,OPEN,11000.0,OCTANE,40000.0,40000
386,2026-01-05T00:30:00,depot-gazipur,region-dhaka,OPEN,12000.0,DIESEL,90000.0,90000
386,2026-01-05T00:30:00,depot-gazipur,region-dhaka,OPEN,12000.0,PETROL,70000.0,70000
386,2026-01-05T00:30:00,depot-gazipur,region-dhaka,OPEN,12000.0,OCTANE,45000.0,45000
386,2026-01-05T00:30:00,depot-patiya,region-chattogram,OPEN,11000.0,DIESEL,85000.0,85000
386,2026-01-05T00:30:00,depot-patiya,region-chattogram,OPEN,11000.0,PETROL,65000.0,65000
386,2026-01-05T00:30:00,depot-patiya,region-chattogram,OPEN,11000.0,OCTANE,40000.0,40000
387,2026-01-05T00:45:00,depot-gazipur,region-dhaka,OPEN,12000.0,DIESEL,90000.0,90000
387,2026-01-05T00:45:00,depot-gazipur,region-dhaka,OPEN,12000.0,PETROL,70000.0,70000
387,2026-01-05T00:45:00,depot-gazipur,region-dhaka,OPEN,12000.0,OCTANE,45000.0,45000
387,2026-01-05T00:45:00,depot-patiya,region-chattogram,OPEN,11000.0,DIESEL,85000.0,85000
387,2026-01-05T00:45:00,depot-patiya,region-chattogram,OPEN,11000.0,PETROL,65000.0,65000
387,2026-01-05T00:45:00,depot-patiya,region-chattogram,OPEN,11000.0,OCTANE,40000.0,40000
388,2026-01-05T01:00:00,depot-gazipur,region-dhaka,OPEN,12000.0,DIESEL,90000.0,90000
388,2026-01-05T01:00:00,depot-gazipur,region-dhaka,OPEN,12000.0,PETROL,70000.0,70000
388,2026-01-05T01:00:00,depot-gazipur,region-dhaka,OPEN,12000.0,OCTANE,45000.0,45000
388,2026-01-05T01:00:00,depot-patiya,region-chattogram,OPEN,11000.0,DIESEL,85000.0,85000
388,2026-01-05T01:00:00,depot-patiya,region-chattogram,OPEN,11000.0,PETROL,65000.0,65000
388,2026-01-05T01:00:00,depot-patiya,region-chattogram,OPEN,11000.0,OCTANE,40000.0,40000
389,2026-01-05T01:15:00,depot-gazipur,region-dhaka,OPEN,12000.0,DIESEL,90000.0,90000
389,2026-01-05T01:15:00,depot-gazipur,region-dhaka,OPEN,12000.0,PETROL,70000.0,70000
389,2026-01-05T01:15:00,depot-gazipur,region-dhaka,OPEN,12000.0,OCTANE,45000.0,45000
389,2026-01-05T01:15:00,depot-patiya,region-chattogram,OPEN,11000.0,DIESEL,85000.0,85000
389,2026-01-05T01:15:00,depot-patiya,region-chattogram,OPEN,11000.0,PETROL,65000.0,65000
389,2026-01-05T01:15:00,depot-patiya,region-chattogram,OPEN,11000.0,OCTANE,40000.0,40000
390,2026-01-05T01:30:00,depot-gazipur,region-dhaka,OPEN,12000.0,DIESEL,90000.0,90000
390,2026-01-05T01:30:00,depot-gazipur,region-dhaka,OPEN,12000.0,PETROL,70000.0,70000
390,2026-01-05T01:30:00,depot-gazipur,region-dhaka,OPEN,12000.0,OCTANE,45000.0,45000
390,2026-01-05T01:30:00,depot-patiya,region-chattogram,OPEN,11000.0,DIESEL,85000.0,85000
390,2026-01-05T01:30:00,depot-patiya,region-chattogram,OPEN,11000.0,PETROL,65000.0,65000
390,2026-01-05T01:30:00,depot-patiya,region-chattogram,OPEN,11000.0,OCTANE,40000.0,40000
391,2026-01-05T01:45:00,depot-gazipur,region-dhaka,OPEN,12000.0,DIESEL,90000.0,90000
391,2026-01-05T01:45:00,depot-gazipur,region-dhaka,OPEN,12000.0,PETROL,70000.0,70000
391,2026-01-05T01:45:00,depot-gazipur,region-dhaka,OPEN,12000.0,OCTANE,45000.0,45000
391,2026-01-05T01:45:00,depot-patiya,region-chattogram,OPEN,11000.0,DIESEL,85000.0,85000
391,2026-01-05T01:45:00,depot-patiya,region-chattogram,OPEN,11000.0,PETROL,65000.0,65000
391,2026-01-05T01:45:00,depot-patiya,region-chattogram,OPEN,11000.0,OCTANE,40000.0,40000
392,2026-01-05T02:00:00,depot-gazipur,region-dhaka,OPEN,12000.0,DIESEL,90000.0,90000
392,2026-01-05T02:00:00,depot-gazipur,region-dhaka,OPEN,12000.0,PETROL,70000.0,70000
392,2026-01-05T02:00:00,depot-gazipur,region-dhaka,OPEN,12000.0,OCTANE,45000.0,45000
392,2026-01-05T02:00:00,depot-patiya,region-chattogram,OPEN,11000.0,DIESEL,85000.0,85000
392,2026-01-05T02:00:00,depot-patiya,region-chattogram,OPEN,11000.0,PETROL,65000.0,65000
392,2026-01-05T02:00:00,depot-patiya,region-chattogram,OPEN,11000.0,OCTANE,40000.0,40000
393,2026-01-05T02:15:00,depot-gazipur,region-dhaka,OPEN,12000.0,DIESEL,90000.0,90000
393,2026-01-05T02:15:00,depot-gazipur,region-dhaka,OPEN,12000.0,PETROL,70000.0,70000
393,2026-01-05T02:15:00,depot-gazipur,region-dhaka,OPEN,12000.0,OCTANE,45000.0,45000
393,2026-01-05T02:15:00,depot-patiya,region-chattogram,OPEN,11000.0,DIESEL,85000.0,85000
393,2026-01-05T02:15:00,depot-patiya,region-chattogram,OPEN,11000.0,PETROL,65000.0,65000
393,2026-01-05T02:15:00,depot-patiya,region-chattogram,OPEN,11000.0,OCTANE,40000.0,40000
394,2026-01-05T02:30:00,depot-gazipur,region-dhaka,OPEN,12000.0,DIESEL,90000.0,90000
394,2026-01-05T02:30:00,depot-gazipur,region-dhaka,OPEN,12000.0,PETROL,70000.0,70000
394,2026-01-05T02:30:00,depot-gazipur,region-dhaka,OPEN,12000.0,OCTANE,45000.0,45000
394,2026-01-05T02:30:00,depot-patiya,region-chattogram,OPEN,11000.0,DIESEL,85000.0,85000
394,2026-01-05T02:30:00,depot-patiya,region-chattogram,OPEN,11000.0,PETROL,65000.0,65000
394,2026-01-05T02:30:00,depot-patiya,region-chattogram,OPEN,11000.0,OCTANE,40000.0,40000
395,2026-01-05T02:45:00,depot-gazipur,region-dhaka,OPEN,12000.0,DIESEL,90000.0,90000
395,2026-01-05T02:45:00,depot-gazipur,region-dhaka,OPEN,12000.0,PETROL,70000.0,70000
395,2026-01-05T02:45:00,depot-gazipur,region-dhaka,OPEN,12000.0,OCTANE,45000.0,45000
395,2026-01-05T02:45:00,depot-patiya,region-chattogram,OPEN,11000.0,DIESEL,85000.0,85000
395,2026-01-05T02:45:00,depot-patiya,region-chattogram,OPEN,11000.0,PETROL,65000.0,65000
395,2026-01-05T02:45:00,depot-patiya,region-chattogram,OPEN,11000.0,OCTANE,40000.0,40000
396,2026-01-05T03:00:00,depot-gazipur,region-dhaka,OPEN,12000.0,DIESEL,90000.0,90000
396,2026-01-05T03:00:00,depot-gazipur,region-dhaka,OPEN,12000.0,PETROL,70000.0,70000
396,2026-01-05T03:00:00,depot-gazipur,region-dhaka,OPEN,12000.0,OCTANE,45000.0,45000
396,2026-01-05T03:00:00,depot-patiya,region-chattogram,OPEN,11000.0,DIESEL,85000.0,85000
396,2026-01-05T03:00:00,depot-patiya,region-chattogram,OPEN,11000.0,PETROL,65000.0,65000
396,2026-01-05T03:00:00,depot-patiya,region-chattogram,OPEN,11000.0,OCTANE,40000.0,40000
397,2026-01-05T03:15:00,depot-gazipur,region-dhaka,OPEN,12000.0,DIESEL,90000.0,90000
397,2026-01-05T03:15:00,depot-gazipur,region-dhaka,OPEN,12000.0,PETROL,70000.0,70000
397,2026-01-05T03:15:00,depot-gazipur,region-dhaka,OPEN,12000.0,OCTANE,45000.0,45000
397,2026-01-05T03:15:00,depot-patiya,region-chattogram,OPEN,11000.0,DIESEL,85000.0,85000
397,2026-01-05T03:15:00,depot-patiya,region-chattogram,OPEN,11000.0,PETROL,65000.0,65000
397,2026-01-05T03:15:00,depot-patiya,region-chattogram,OPEN,11000.0,OCTANE,40000.0,40000
398,2026-01-05T03:30:00,depot-gazipur,region-dhaka,OPEN,12000.0,DIESEL,90000.0,90000
398,2026-01-05T03:30:00,depot-gazipur,region-dhaka,OPEN,12000.0,PETROL,70000.0,70000
398,2026-01-05T03:30:00,depot-gazipur,region-dhaka,OPEN,12000.0,OCTANE,45000.0,45000
398,2026-01-05T03:30:00,depot-patiya,region-chattogram,OPEN,11000.0,DIESEL,85000.0,85000
398,2026-01-05T03:30:00,depot-patiya,region-chattogram,OPEN,11000.0,PETROL,65000.0,65000
398,2026-01-05T03:30:00,depot-patiya,region-chattogram,OPEN,11000.0,OCTANE,40000.0,40000
399,2026-01-05T03:45:00,depot-gazipur,region-dhaka,OPEN,12000.0,DIESEL,90000.0,90000
399,2026-01-05T03:45:00,depot-gazipur,region-dhaka,OPEN,12000.0,PETROL,70000.0,70000
399,2026-01-05T03:45:00,depot-gazipur,region-dhaka,OPEN,12000.0,OCTANE,45000.0,45000
399,2026-01-05T03:45:00,depot-patiya,region-chattogram,OPEN,11000.0,DIESEL,85000.0,85000
399,2026-01-05T03:45:00,depot-patiya,region-chattogram,OPEN,11000.0,PETROL,65000.0,65000
399,2026-01-05T03:45:00,depot-patiya,region-chattogram,OPEN,11000.0,OCTANE,40000.0,40000
400,2026-01-05T04:00:00,depot-gazipur,region-dhaka,OPEN,12000.0,DIESEL,90000.0,90000
400,2026-01-05T04:00:00,depot-gazipur,region-dhaka,OPEN,12000.0,PETROL,70000.0,70000
400,2026-01-05T04:00:00,depot-gazipur,region-dhaka,OPEN,12000.0,OCTANE,45000.0,45000
400,2026-01-05T04:00:00,depot-patiya,region-chattogram,OPEN,11000.0,DIESEL,85000.0,85000
400,2026-01-05T04:00:00,depot-patiya,region-chattogram,OPEN,11000.0,PETROL,65000.0,65000
400,2026-01-05T04:00:00,depot-patiya,region-chattogram,OPEN,11000.0,OCTANE,40000.0,40000
401,2026-01-05T04:15:00,depot-gazipur,region-dhaka,OPEN,12000.0,DIESEL,90000.0,90000
401,2026-01-05T04:15:00,depot-gazipur,region-dhaka,OPEN,12000.0,PETROL,70000.0,70000
401,2026-01-05T04:15:00,depot-gazipur,region-dhaka,OPEN,12000.0,OCTANE,45000.0,45000
401,2026-01-05T04:15:00,depot-patiya,region-chattogram,OPEN,11000.0,DIESEL,85000.0,85000
401,2026-01-05T04:15:00,depot-patiya,region-chattogram,OPEN,11000.0,PETROL,65000.0,65000
401,2026-01-05T04:15:00,depot-patiya,region-chattogram,OPEN,11000.0,OCTANE,40000.0,40000
402,2026-01-05T04:30:00,depot-gazipur,region-dhaka,OPEN,12000.0,DIESEL,90000.0,90000
402,2026-01-05T04:30:00,depot-gazipur,region-dhaka,OPEN,12000.0,PETROL,70000.0,70000
402,2026-01-05T04:30:00,depot-gazipur,region-dhaka,OPEN,12000.0,OCTANE,45000.0,45000
402,2026-01-05T04:30:00,depot-patiya,region-chattogram,OPEN,11000.0,DIESEL,85000.0,85000
402,2026-01-05T04:30:00,depot-patiya,region-chattogram,OPEN,11000.0,PETROL,65000.0,65000
402,2026-01-05T04:30:00,depot-patiya,region-chattogram,OPEN,11000.0,OCTANE,40000.0,40000
403,2026-01-05T04:45:00,depot-gazipur,region-dhaka,OPEN,12000.0,DIESEL,90000.0,90000
403,2026-01-05T04:45:00,depot-gazipur,region-dhaka,OPEN,12000.0,PETROL,70000.0,70000
403,2026-01-05T04:45:00,depot-gazipur,region-dhaka,OPEN,12000.0,OCTANE,45000.0,45000
403,2026-01-05T04:45:00,depot-patiya,region-chattogram,OPEN,11000.0,DIESEL,85000.0,85000
403,2026-01-05T04:45:00,depot-patiya,region-chattogram,OPEN,11000.0,PETROL,65000.0,65000
403,2026-01-05T04:45:00,depot-patiya,region-chattogram,OPEN,11000.0,OCTANE,40000.0,40000
404,2026-01-05T05:00:00,depot-gazipur,region-dhaka,OPEN,12000.0,DIESEL,90000.0,90000
404,2026-01-05T05:00:00,depot-gazipur,region-dhaka,OPEN,12000.0,PETROL,70000.0,70000
404,2026-01-05T05:00:00,depot-gazipur,region-dhaka,OPEN,12000.0,OCTANE,45000.0,45000
404,2026-01-05T05:00:00,depot-patiya,region-chattogram,OPEN,11000.0,DIESEL,85000.0,85000
404,2026-01-05T05:00:00,depot-patiya,region-chattogram,OPEN,11000.0,PETROL,65000.0,65000
404,2026-01-05T05:00:00,depot-patiya,region-chattogram,OPEN,11000.0,OCTANE,40000.0,40000
405,2026-01-05T05:15:00,depot-gazipur,region-dhaka,OPEN,12000.0,DIESEL,90000.0,90000
405,2026-01-05T05:15:00,depot-gazipur,region-dhaka,OPEN,12000.0,PETROL,70000.0,70000
405,2026-01-05T05:15:00,depot-gazipur,region-dhaka,OPEN,12000.0,OCTANE,45000.0,45000
405,2026-01-05T05:15:00,depot-patiya,region-chattogram,OPEN,11000.0,DIESEL,85000.0,85000
405,2026-01-05T05:15:00,depot-patiya,region-chattogram,OPEN,11000.0,PETROL,65000.0,65000
405,2026-01-05T05:15:00,depot-patiya,region-chattogram,OPEN,11000.0,OCTANE,40000.0,40000
406,2026-01-05T05:30:00,depot-gazipur,region-dhaka,OPEN,12000.0,DIESEL,90000.0,90000
406,2026-01-05T05:30:00,depot-gazipur,region-dhaka,OPEN,12000.0,PETROL,70000.0,70000
406,2026-01-05T05:30:00,depot-gazipur,region-dhaka,OPEN,12000.0,OCTANE,45000.0,45000
406,2026-01-05T05:30:00,depot-patiya,region-chattogram,OPEN,11000.0,DIESEL,85000.0,85000
406,2026-01-05T05:30:00,depot-patiya,region-chattogram,OPEN,11000.0,PETROL,65000.0,65000
406,2026-01-05T05:30:00,depot-patiya,region-chattogram,OPEN,11000.0,OCTANE,40000.0,40000
407,2026-01-05T05:45:00,depot-gazipur,region-dhaka,OPEN,12000.0,DIESEL,90000.0,90000
407,2026-01-05T05:45:00,depot-gazipur,region-dhaka,OPEN,12000.0,PETROL,70000.0,70000
407,2026-01-05T05:45:00,depot-gazipur,region-dhaka,OPEN,12000.0,OCTANE,45000.0,45000
407,2026-01-05T05:45:00,depot-patiya,region-chattogram,OPEN,11000.0,DIESEL,85000.0,85000
407,2026-01-05T05:45:00,depot-patiya,region-chattogram,OPEN,11000.0,PETROL,65000.0,65000
407,2026-01-05T05:45:00,depot-patiya,region-chattogram,OPEN,11000.0,OCTANE,40000.0,40000
408,2026-01-05T06:00:00,depot-gazipur,region-dhaka,OPEN,12000.0,DIESEL,90000.0,90000
408,2026-01-05T06:00:00,depot-gazipur,region-dhaka,OPEN,12000.0,PETROL,70000.0,70000
408,2026-01-05T06:00:00,depot-gazipur,region-dhaka,OPEN,12000.0,OCTANE,45000.0,45000
408,2026-01-05T06:00:00,depot-patiya,region-chattogram,OPEN,11000.0,DIESEL,85000.0,85000
408,2026-01-05T06:00:00,depot-patiya,region-chattogram,OPEN,11000.0,PETROL,65000.0,65000
408,2026-01-05T06:00:00,depot-patiya,region-chattogram,OPEN,11000.0,OCTANE,40000.0,40000
409,2026-01-05T06:15:00,depot-gazipur,region-dhaka,OPEN,12000.0,DIESEL,90000.0,90000
409,2026-01-05T06:15:00,depot-gazipur,region-dhaka,OPEN,12000.0,PETROL,70000.0,70000
409,2026-01-05T06:15:00,depot-gazipur,region-dhaka,OPEN,12000.0,OCTANE,45000.0,45000
409,2026-01-05T06:15:00,depot-patiya,region-chattogram,OPEN,11000.0,DIESEL,85000.0,85000
409,2026-01-05T06:15:00,depot-patiya,region-chattogram,OPEN,11000.0,PETROL,65000.0,65000
409,2026-01-05T06:15:00,depot-patiya,region-chattogram,OPEN,11000.0,OCTANE,40000.0,40000
410,2026-01-05T06:30:00,depot-gazipur,region-dhaka,OPEN,12000.0,DIESEL,90000.0,90000
410,2026-01-05T06:30:00,depot-gazipur,region-dhaka,OPEN,12000.0,PETROL,70000.0,70000
410,2026-01-05T06:30:00,depot-gazipur,region-dhaka,OPEN,12000.0,OCTANE,45000.0,45000
410,2026-01-05T06:30:00,depot-patiya,region-chattogram,OPEN,11000.0,DIESEL,85000.0,85000
410,2026-01-05T06:30:00,depot-patiya,region-chattogram,OPEN,11000.0,PETROL,65000.0,65000
410,2026-01-05T06:30:00,depot-patiya,region-chattogram,OPEN,11000.0,OCTANE,40000.0,40000
411,2026-01-05T06:45:00,depot-gazipur,region-dhaka,OPEN,12000.0,DIESEL,90000.0,90000
411,2026-01-05T06:45:00,depot-gazipur,region-dhaka,OPEN,12000.0,PETROL,70000.0,70000
411,2026-01-05T06:45:00,depot-gazipur,region-dhaka,OPEN,12000.0,OCTANE,45000.0,45000
411,2026-01-05T06:45:00,depot-patiya,region-chattogram,OPEN,11000.0,DIESEL,85000.0,85000
411,2026-01-05T06:45:00,depot-patiya,region-chattogram,OPEN,11000.0,PETROL,65000.0,65000
411,2026-01-05T06:45:00,depot-patiya,region-chattogram,OPEN,11000.0,OCTANE,40000.0,40000
412,2026-01-05T07:00:00,depot-gazipur,region-dhaka,OPEN,12000.0,DIESEL,90000.0,90000
412,2026-01-05T07:00:00,depot-gazipur,region-dhaka,OPEN,12000.0,PETROL,70000.0,70000
412,2026-01-05T07:00:00,depot-gazipur,region-dhaka,OPEN,12000.0,OCTANE,45000.0,45000
412,2026-01-05T07:00:00,depot-patiya,region-chattogram,OPEN,11000.0,DIESEL,85000.0,85000
412,2026-01-05T07:00:00,depot-patiya,region-chattogram,OPEN,11000.0,PETROL,65000.0,65000
412,2026-01-05T07:00:00,depot-patiya,region-chattogram,OPEN,11000.0,OCTANE,40000.0,40000
413,2026-01-05T07:15:00,depot-gazipur,region-dhaka,OPEN,12000.0,DIESEL,90000.0,90000
413,2026-01-05T07:15:00,depot-gazipur,region-dhaka,OPEN,12000.0,PETROL,70000.0,70000
413,2026-01-05T07:15:00,depot-gazipur,region-dhaka,OPEN,12000.0,OCTANE,45000.0,45000
413,2026-01-05T07:15:00,depot-patiya,region-chattogram,OPEN,11000.0,DIESEL,85000.0,85000
413,2026-01-05T07:15:00,depot-patiya,region-chattogram,OPEN,11000.0,PETROL,65000.0,65000
413,2026-01-05T07:15:00,depot-patiya,region-chattogram,OPEN,11000.0,OCTANE,40000.0,40000
414,2026-01-05T07:30:00,depot-gazipur,region-dhaka,OPEN,12000.0,DIESEL,90000.0,90000
414,2026-01-05T07:30:00,depot-gazipur,region-dhaka,OPEN,12000.0,PETROL,70000.0,70000
414,2026-01-05T07:30:00,depot-gazipur,region-dhaka,OPEN,12000.0,OCTANE,45000.0,45000
414,2026-01-05T07:30:00,depot-patiya,region-chattogram,OPEN,11000.0,DIESEL,85000.0,85000
414,2026-01-05T07:30:00,depot-patiya,region-chattogram,OPEN,11000.0,PETROL,65000.0,65000
414,2026-01-05T07:30:00,depot-patiya,region-chattogram,OPEN,11000.0,OCTANE,40000.0,40000
415,2026-01-05T07:45:00,depot-gazipur,region-dhaka,OPEN,12000.0,DIESEL,90000.0,90000
415,2026-01-05T07:45:00,depot-gazipur,region-dhaka,OPEN,12000.0,PETROL,70000.0,70000
415,2026-01-05T07:45:00,depot-gazipur,region-dhaka,OPEN,12000.0,OCTANE,45000.0,45000
415,2026-01-05T07:45:00,depot-patiya,region-chattogram,OPEN,11000.0,DIESEL,85000.0,85000
415,2026-01-05T07:45:00,depot-patiya,region-chattogram,OPEN,11000.0,PETROL,65000.0,65000
415,2026-01-05T07:45:00,depot-patiya,region-chattogram,OPEN,11000.0,OCTANE,40000.0,40000
416,2026-01-05T08:00:00,depot-gazipur,region-dhaka,OPEN,12000.0,DIESEL,90000.0,90000
416,2026-01-05T08:00:00,depot-gazipur,region-dhaka,OPEN,12000.0,PETROL,70000.0,70000
416,2026-01-05T08:00:00,depot-gazipur,region-dhaka,OPEN,12000.0,OCTANE,45000.0,45000
416,2026-01-05T08:00:00,depot-patiya,region-chattogram,OPEN,11000.0,DIESEL,85000.0,85000
416,2026-01-05T08:00:00,depot-patiya,region-chattogram,OPEN,11000.0,PETROL,65000.0,65000
416,2026-01-05T08:00:00,depot-patiya,region-chattogram,OPEN,11000.0,OCTANE,40000.0,40000
417,2026-01-05T08:15:00,depot-gazipur,region-dhaka,OPEN,12000.0,DIESEL,90000.0,90000
417,2026-01-05T08:15:00,depot-gazipur,region-dhaka,OPEN,12000.0,PETROL,70000.0,70000
417,2026-01-05T08:15:00,depot-gazipur,region-dhaka,OPEN,12000.0,OCTANE,45000.0,45000
417,2026-01-05T08:15:00,depot-patiya,region-chattogram,OPEN,11000.0,DIESEL,85000.0,85000
417,2026-01-05T08:15:00,depot-patiya,region-chattogram,OPEN,11000.0,PETROL,65000.0,65000
417,2026-01-05T08:15:00,depot-patiya,region-chattogram,OPEN,11000.0,OCTANE,40000.0,40000
418,2026-01-05T08:30:00,depot-gazipur,region-dhaka,OPEN,12000.0,DIESEL,90000.0,90000
418,2026-01-05T08:30:00,depot-gazipur,region-dhaka,OPEN,12000.0,PETROL,70000.0,70000
418,2026-01-05T08:30:00,depot-gazipur,region-dhaka,OPEN,12000.0,OCTANE,45000.0,45000
418,2026-01-05T08:30:00,depot-patiya,region-chattogram,OPEN,11000.0,DIESEL,85000.0,85000
418,2026-01-05T08:30:00,depot-patiya,region-chattogram,OPEN,11000.0,PETROL,65000.0,65000
418,2026-01-05T08:30:00,depot-patiya,region-chattogram,OPEN,11000.0,OCTANE,40000.0,40000
419,2026-01-05T08:45:00,depot-gazipur,region-dhaka,OPEN,12000.0,DIESEL,90000.0,90000
419,2026-01-05T08:45:00,depot-gazipur,region-dhaka,OPEN,12000.0,PETROL,70000.0,70000
419,2026-01-05T08:45:00,depot-gazipur,region-dhaka,OPEN,12000.0,OCTANE,45000.0,45000
419,2026-01-05T08:45:00,depot-patiya,region-chattogram,OPEN,11000.0,DIESEL,85000.0,85000
419,2026-01-05T08:45:00,depot-patiya,region-chattogram,OPEN,11000.0,PETROL,65000.0,65000
419,2026-01-05T08:45:00,depot-patiya,region-chattogram,OPEN,11000.0,OCTANE,40000.0,40000
420,2026-01-05T09:00:00,depot-gazipur,region-dhaka,OPEN,12000.0,DIESEL,90000.0,90000
420,2026-01-05T09:00:00,depot-gazipur,region-dhaka,OPEN,12000.0,PETROL,70000.0,70000
420,2026-01-05T09:00:00,depot-gazipur,region-dhaka,OPEN,12000.0,OCTANE,45000.0,45000
420,2026-01-05T09:00:00,depot-patiya,region-chattogram,OPEN,11000.0,DIESEL,85000.0,85000
420,2026-01-05T09:00:00,depot-patiya,region-chattogram,OPEN,11000.0,PETROL,65000.0,65000
420,2026-01-05T09:00:00,depot-patiya,region-chattogram,OPEN,11000.0,OCTANE,40000.0,40000
421,2026-01-05T09:15:00,depot-gazipur,region-dhaka,OPEN,12000.0,DIESEL,90000.0,90000
421,2026-01-05T09:15:00,depot-gazipur,region-dhaka,OPEN,12000.0,PETROL,70000.0,70000
421,2026-01-05T09:15:00,depot-gazipur,region-dhaka,OPEN,12000.0,OCTANE,45000.0,45000
421,2026-01-05T09:15:00,depot-patiya,region-chattogram,OPEN,11000.0,DIESEL,85000.0,85000
421,2026-01-05T09:15:00,depot-patiya,region-chattogram,OPEN,11000.0,PETROL,65000.0,65000
421,2026-01-05T09:15:00,depot-patiya,region-chattogram,OPEN,11000.0,OCTANE,40000.0,40000
422,2026-01-05T09:30:00,depot-gazipur,region-dhaka,OPEN,12000.0,DIESEL,90000.0,90000
422,2026-01-05T09:30:00,depot-gazipur,region-dhaka,OPEN,12000.0,PETROL,70000.0,70000
422,2026-01-05T09:30:00,depot-gazipur,region-dhaka,OPEN,12000.0,OCTANE,45000.0,45000
422,2026-01-05T09:30:00,depot-patiya,region-chattogram,OPEN,11000.0,DIESEL,85000.0,85000
422,2026-01-05T09:30:00,depot-patiya,region-chattogram,OPEN,11000.0,PETROL,65000.0,65000
422,2026-01-05T09:30:00,depot-patiya,region-chattogram,OPEN,11000.0,OCTANE,40000.0,40000
423,2026-01-05T09:45:00,depot-gazipur,region-dhaka,OPEN,12000.0,DIESEL,90000.0,90000
423,2026-01-05T09:45:00,depot-gazipur,region-dhaka,OPEN,12000.0,PETROL,70000.0,70000
423,2026-01-05T09:45:00,depot-gazipur,region-dhaka,OPEN,12000.0,OCTANE,45000.0,45000
423,2026-01-05T09:45:00,depot-patiya,region-chattogram,OPEN,11000.0,DIESEL,85000.0,85000
423,2026-01-05T09:45:00,depot-patiya,region-chattogram,OPEN,11000.0,PETROL,65000.0,65000
423,2026-01-05T09:45:00,depot-patiya,region-chattogram,OPEN,11000.0,OCTANE,40000.0,40000
424,2026-01-05T10:00:00,depot-gazipur,region-dhaka,OPEN,12000.0,DIESEL,90000.0,90000
424,2026-01-05T10:00:00,depot-gazipur,region-dhaka,OPEN,12000.0,PETROL,70000.0,70000
424,2026-01-05T10:00:00,depot-gazipur,region-dhaka,OPEN,12000.0,OCTANE,45000.0,45000
424,2026-01-05T10:00:00,depot-patiya,region-chattogram,OPEN,11000.0,DIESEL,85000.0,85000
424,2026-01-05T10:00:00,depot-patiya,region-chattogram,OPEN,11000.0,PETROL,65000.0,65000
424,2026-01-05T10:00:00,depot-patiya,region-chattogram,OPEN,11000.0,OCTANE,40000.0,40000
425,2026-01-05T10:15:00,depot-gazipur,region-dhaka,OPEN,12000.0,DIESEL,90000.0,90000
425,2026-01-05T10:15:00,depot-gazipur,region-dhaka,OPEN,12000.0,PETROL,70000.0,70000
425,2026-01-05T10:15:00,depot-gazipur,region-dhaka,OPEN,12000.0,OCTANE,45000.0,45000
425,2026-01-05T10:15:00,depot-patiya,region-chattogram,OPEN,11000.0,DIESEL,85000.0,85000
425,2026-01-05T10:15:00,depot-patiya,region-chattogram,OPEN,11000.0,PETROL,65000.0,65000
425,2026-01-05T10:15:00,depot-patiya,region-chattogram,OPEN,11000.0,OCTANE,40000.0,40000
426,2026-01-05T10:30:00,depot-gazipur,region-dhaka,OPEN,12000.0,DIESEL,90000.0,90000
426,2026-01-05T10:30:00,depot-gazipur,region-dhaka,OPEN,12000.0,PETROL,70000.0,70000
426,2026-01-05T10:30:00,depot-gazipur,region-dhaka,OPEN,12000.0,OCTANE,45000.0,45000
426,2026-01-05T10:30:00,depot-patiya,region-chattogram,OPEN,11000.0,DIESEL,85000.0,85000
426,2026-01-05T10:30:00,depot-patiya,region-chattogram,OPEN,11000.0,PETROL,65000.0,65000
426,2026-01-05T10:30:00,depot-patiya,region-chattogram,OPEN,11000.0,OCTANE,40000.0,40000
427,2026-01-05T10:45:00,depot-gazipur,region-dhaka,OPEN,12000.0,DIESEL,90000.0,90000
427,2026-01-05T10:45:00,depot-gazipur,region-dhaka,OPEN,12000.0,PETROL,70000.0,70000
427,2026-01-05T10:45:00,depot-gazipur,region-dhaka,OPEN,12000.0,OCTANE,45000.0,45000
427,2026-01-05T10:45:00,depot-patiya,region-chattogram,OPEN,11000.0,DIESEL,85000.0,85000
427,2026-01-05T10:45:00,depot-patiya,region-chattogram,OPEN,11000.0,PETROL,65000.0,65000
427,2026-01-05T10:45:00,depot-patiya,region-chattogram,OPEN,11000.0,OCTANE,40000.0,40000
428,2026-01-05T11:00:00,depot-gazipur,region-dhaka,OPEN,12000.0,DIESEL,90000.0,90000
428,2026-01-05T11:00:00,depot-gazipur,region-dhaka,OPEN,12000.0,PETROL,70000.0,70000
428,2026-01-05T11:00:00,depot-gazipur,region-dhaka,OPEN,12000.0,OCTANE,45000.0,45000
428,2026-01-05T11:00:00,depot-patiya,region-chattogram,OPEN,11000.0,DIESEL,85000.0,85000
428,2026-01-05T11:00:00,depot-patiya,region-chattogram,OPEN,11000.0,PETROL,65000.0,65000
428,2026-01-05T11:00:00,depot-patiya,region-chattogram,OPEN,11000.0,OCTANE,40000.0,40000
429,2026-01-05T11:15:00,depot-gazipur,region-dhaka,OPEN,12000.0,DIESEL,90000.0,90000
429,2026-01-05T11:15:00,depot-gazipur,region-dhaka,OPEN,12000.0,PETROL,70000.0,70000
429,2026-01-05T11:15:00,depot-gazipur,region-dhaka,OPEN,12000.0,OCTANE,45000.0,45000
429,2026-01-05T11:15:00,depot-patiya,region-chattogram,OPEN,11000.0,DIESEL,85000.0,85000
429,2026-01-05T11:15:00,depot-patiya,region-chattogram,OPEN,11000.0,PETROL,65000.0,65000
429,2026-01-05T11:15:00,depot-patiya,region-chattogram,OPEN,11000.0,OCTANE,40000.0,40000
430,2026-01-05T11:30:00,depot-gazipur,region-dhaka,OPEN,12000.0,DIESEL,90000.0,90000
430,2026-01-05T11:30:00,depot-gazipur,region-dhaka,OPEN,12000.0,PETROL,70000.0,70000
430,2026-01-05T11:30:00,depot-gazipur,region-dhaka,OPEN,12000.0,OCTANE,45000.0,45000
430,2026-01-05T11:30:00,depot-patiya,region-chattogram,OPEN,11000.0,DIESEL,85000.0,85000
430,2026-01-05T11:30:00,depot-patiya,region-chattogram,OPEN,11000.0,PETROL,65000.0,65000
430,2026-01-05T11:30:00,depot-patiya,region-chattogram,OPEN,11000.0,OCTANE,40000.0,40000
431,2026-01-05T11:45:00,depot-gazipur,region-dhaka,OPEN,12000.0,DIESEL,90000.0,90000
431,2026-01-05T11:45:00,depot-gazipur,region-dhaka,OPEN,12000.0,PETROL,70000.0,70000
431,2026-01-05T11:45:00,depot-gazipur,region-dhaka,OPEN,12000.0,OCTANE,45000.0,45000
431,2026-01-05T11:45:00,depot-patiya,region-chattogram,OPEN,11000.0,DIESEL,85000.0,85000
431,2026-01-05T11:45:00,depot-patiya,region-chattogram,OPEN,11000.0,PETROL,65000.0,65000
431,2026-01-05T11:45:00,depot-patiya,region-chattogram,OPEN,11000.0,OCTANE,40000.0,40000
432,2026-01-05T12:00:00,depot-gazipur,region-dhaka,OPEN,12000.0,DIESEL,90000.0,90000
432,2026-01-05T12:00:00,depot-gazipur,region-dhaka,OPEN,12000.0,PETROL,70000.0,70000
432,2026-01-05T12:00:00,depot-gazipur,region-dhaka,OPEN,12000.0,OCTANE,45000.0,45000
432,2026-01-05T12:00:00,depot-patiya,region-chattogram,OPEN,11000.0,DIESEL,85000.0,85000
432,2026-01-05T12:00:00,depot-patiya,region-chattogram,OPEN,11000.0,PETROL,65000.0,65000
432,2026-01-05T12:00:00,depot-patiya,region-chattogram,OPEN,11000.0,OCTANE,40000.0,40000
433,2026-01-05T12:15:00,depot-gazipur,region-dhaka,OPEN,12000.0,DIESEL,90000.0,90000
433,2026-01-05T12:15:00,depot-gazipur,region-dhaka,OPEN,12000.0,PETROL,70000.0,70000
433,2026-01-05T12:15:00,depot-gazipur,region-dhaka,OPEN,12000.0,OCTANE,45000.0,45000
433,2026-01-05T12:15:00,depot-patiya,region-chattogram,OPEN,11000.0,DIESEL,85000.0,85000
433,2026-01-05T12:15:00,depot-patiya,region-chattogram,OPEN,11000.0,PETROL,65000.0,65000
433,2026-01-05T12:15:00,depot-patiya,region-chattogram,OPEN,11000.0,OCTANE,40000.0,40000
434,2026-01-05T12:30:00,depot-gazipur,region-dhaka,OPEN,12000.0,DIESEL,90000.0,90000
434,2026-01-05T12:30:00,depot-gazipur,region-dhaka,OPEN,12000.0,PETROL,70000.0,70000
434,2026-01-05T12:30:00,depot-gazipur,region-dhaka,OPEN,12000.0,OCTANE,45000.0,45000
434,2026-01-05T12:30:00,depot-patiya,region-chattogram,OPEN,11000.0,DIESEL,85000.0,85000
434,2026-01-05T12:30:00,depot-patiya,region-chattogram,OPEN,11000.0,PETROL,65000.0,65000
434,2026-01-05T12:30:00,depot-patiya,region-chattogram,OPEN,11000.0,OCTANE,40000.0,40000
435,2026-01-05T12:45:00,depot-gazipur,region-dhaka,OPEN,12000.0,DIESEL,90000.0,90000
435,2026-01-05T12:45:00,depot-gazipur,region-dhaka,OPEN,12000.0,PETROL,70000.0,70000
435,2026-01-05T12:45:00,depot-gazipur,region-dhaka,OPEN,12000.0,OCTANE,45000.0,45000
435,2026-01-05T12:45:00,depot-patiya,region-chattogram,OPEN,11000.0,DIESEL,85000.0,85000
435,2026-01-05T12:45:00,depot-patiya,region-chattogram,OPEN,11000.0,PETROL,65000.0,65000
435,2026-01-05T12:45:00,depot-patiya,region-chattogram,OPEN,11000.0,OCTANE,40000.0,40000
436,2026-01-05T13:00:00,depot-gazipur,region-dhaka,OPEN,12000.0,DIESEL,90000.0,90000
436,2026-01-05T13:00:00,depot-gazipur,region-dhaka,OPEN,12000.0,PETROL,70000.0,70000
436,2026-01-05T13:00:00,depot-gazipur,region-dhaka,OPEN,12000.0,OCTANE,45000.0,45000
436,2026-01-05T13:00:00,depot-patiya,region-chattogram,OPEN,11000.0,DIESEL,85000.0,85000
436,2026-01-05T13:00:00,depot-patiya,region-chattogram,OPEN,11000.0,PETROL,65000.0,65000
436,2026-01-05T13:00:00,depot-patiya,region-chattogram,OPEN,11000.0,OCTANE,40000.0,40000
437,2026-01-05T13:15:00,depot-gazipur,region-dhaka,OPEN,12000.0,DIESEL,90000.0,90000
437,2026-01-05T13:15:00,depot-gazipur,region-dhaka,OPEN,12000.0,PETROL,70000.0,70000
437,2026-01-05T13:15:00,depot-gazipur,region-dhaka,OPEN,12000.0,OCTANE,45000.0,45000
437,2026-01-05T13:15:00,depot-patiya,region-chattogram,OPEN,11000.0,DIESEL,85000.0,85000
437,2026-01-05T13:15:00,depot-patiya,region-chattogram,OPEN,11000.0,PETROL,65000.0,65000
437,2026-01-05T13:15:00,depot-patiya,region-chattogram,OPEN,11000.0,OCTANE,40000.0,40000
438,2026-01-05T13:30:00,depot-gazipur,region-dhaka,OPEN,12000.0,DIESEL,90000.0,90000
438,2026-01-05T13:30:00,depot-gazipur,region-dhaka,OPEN,12000.0,PETROL,70000.0,70000
438,2026-01-05T13:30:00,depot-gazipur,region-dhaka,OPEN,12000.0,OCTANE,45000.0,45000
438,2026-01-05T13:30:00,depot-patiya,region-chattogram,OPEN,11000.0,DIESEL,85000.0,85000
438,2026-01-05T13:30:00,depot-patiya,region-chattogram,OPEN,11000.0,PETROL,65000.0,65000
438,2026-01-05T13:30:00,depot-patiya,region-chattogram,OPEN,11000.0,OCTANE,40000.0,40000
439,2026-01-05T13:45:00,depot-gazipur,region-dhaka,OPEN,12000.0,DIESEL,90000.0,90000
439,2026-01-05T13:45:00,depot-gazipur,region-dhaka,OPEN,12000.0,PETROL,70000.0,70000
439,2026-01-05T13:45:00,depot-gazipur,region-dhaka,OPEN,12000.0,OCTANE,45000.0,45000
439,2026-01-05T13:45:00,depot-patiya,region-chattogram,OPEN,11000.0,DIESEL,85000.0,85000
439,2026-01-05T13:45:00,depot-patiya,region-chattogram,OPEN,11000.0,PETROL,65000.0,65000
439,2026-01-05T13:45:00,depot-patiya,region-chattogram,OPEN,11000.0,OCTANE,40000.0,40000
440,2026-01-05T14:00:00,depot-gazipur,region-dhaka,OPEN,12000.0,DIESEL,90000.0,90000
440,2026-01-05T14:00:00,depot-gazipur,region-dhaka,OPEN,12000.0,PETROL,70000.0,70000
440,2026-01-05T14:00:00,depot-gazipur,region-dhaka,OPEN,12000.0,OCTANE,45000.0,45000
440,2026-01-05T14:00:00,depot-patiya,region-chattogram,OPEN,11000.0,DIESEL,85000.0,85000
440,2026-01-05T14:00:00,depot-patiya,region-chattogram,OPEN,11000.0,PETROL,65000.0,65000
440,2026-01-05T14:00:00,depot-patiya,region-chattogram,OPEN,11000.0,OCTANE,40000.0,40000
441,2026-01-05T14:15:00,depot-gazipur,region-dhaka,OPEN,12000.0,DIESEL,90000.0,90000
441,2026-01-05T14:15:00,depot-gazipur,region-dhaka,OPEN,12000.0,PETROL,70000.0,70000
441,2026-01-05T14:15:00,depot-gazipur,region-dhaka,OPEN,12000.0,OCTANE,45000.0,45000
441,2026-01-05T14:15:00,depot-patiya,region-chattogram,OPEN,11000.0,DIESEL,85000.0,85000
441,2026-01-05T14:15:00,depot-patiya,region-chattogram,OPEN,11000.0,PETROL,65000.0,65000
441,2026-01-05T14:15:00,depot-patiya,region-chattogram,OPEN,11000.0,OCTANE,40000.0,40000
442,2026-01-05T14:30:00,depot-gazipur,region-dhaka,OPEN,12000.0,DIESEL,90000.0,90000
442,2026-01-05T14:30:00,depot-gazipur,region-dhaka,OPEN,12000.0,PETROL,70000.0,70000
442,2026-01-05T14:30:00,depot-gazipur,region-dhaka,OPEN,12000.0,OCTANE,45000.0,45000
442,2026-01-05T14:30:00,depot-patiya,region-chattogram,OPEN,11000.0,DIESEL,85000.0,85000
442,2026-01-05T14:30:00,depot-patiya,region-chattogram,OPEN,11000.0,PETROL,65000.0,65000
442,2026-01-05T14:30:00,depot-patiya,region-chattogram,OPEN,11000.0,OCTANE,40000.0,40000
443,2026-01-05T14:45:00,depot-gazipur,region-dhaka,OPEN,12000.0,DIESEL,90000.0,90000
443,2026-01-05T14:45:00,depot-gazipur,region-dhaka,OPEN,12000.0,PETROL,70000.0,70000
443,2026-01-05T14:45:00,depot-gazipur,region-dhaka,OPEN,12000.0,OCTANE,45000.0,45000
443,2026-01-05T14:45:00,depot-patiya,region-chattogram,OPEN,11000.0,DIESEL,85000.0,85000
443,2026-01-05T14:45:00,depot-patiya,region-chattogram,OPEN,11000.0,PETROL,65000.0,65000
443,2026-01-05T14:45:00,depot-patiya,region-chattogram,OPEN,11000.0,OCTANE,40000.0,40000
444,2026-01-05T15:00:00,depot-gazipur,region-dhaka,OPEN,12000.0,DIESEL,90000.0,90000
444,2026-01-05T15:00:00,depot-gazipur,region-dhaka,OPEN,12000.0,PETROL,70000.0,70000
444,2026-01-05T15:00:00,depot-gazipur,region-dhaka,OPEN,12000.0,OCTANE,45000.0,45000
444,2026-01-05T15:00:00,depot-patiya,region-chattogram,OPEN,11000.0,DIESEL,85000.0,85000
444,2026-01-05T15:00:00,depot-patiya,region-chattogram,OPEN,11000.0,PETROL,65000.0,65000
444,2026-01-05T15:00:00,depot-patiya,region-chattogram,OPEN,11000.0,OCTANE,40000.0,40000
445,2026-01-05T15:15:00,depot-gazipur,region-dhaka,OPEN,12000.0,DIESEL,90000.0,90000
445,2026-01-05T15:15:00,depot-gazipur,region-dhaka,OPEN,12000.0,PETROL,70000.0,70000
445,2026-01-05T15:15:00,depot-gazipur,region-dhaka,OPEN,12000.0,OCTANE,45000.0,45000
445,2026-01-05T15:15:00,depot-patiya,region-chattogram,OPEN,11000.0,DIESEL,85000.0,85000
445,2026-01-05T15:15:00,depot-patiya,region-chattogram,OPEN,11000.0,PETROL,65000.0,65000
445,2026-01-05T15:15:00,depot-patiya,region-chattogram,OPEN,11000.0,OCTANE,40000.0,40000
446,2026-01-05T15:30:00,depot-gazipur,region-dhaka,OPEN,12000.0,DIESEL,90000.0,90000
446,2026-01-05T15:30:00,depot-gazipur,region-dhaka,OPEN,12000.0,PETROL,70000.0,70000
446,2026-01-05T15:30:00,depot-gazipur,region-dhaka,OPEN,12000.0,OCTANE,45000.0,45000
446,2026-01-05T15:30:00,depot-patiya,region-chattogram,OPEN,11000.0,DIESEL,85000.0,85000
446,2026-01-05T15:30:00,depot-patiya,region-chattogram,OPEN,11000.0,PETROL,65000.0,65000
446,2026-01-05T15:30:00,depot-patiya,region-chattogram,OPEN,11000.0,OCTANE,40000.0,40000
447,2026-01-05T15:45:00,depot-gazipur,region-dhaka,OPEN,12000.0,DIESEL,90000.0,90000
447,2026-01-05T15:45:00,depot-gazipur,region-dhaka,OPEN,12000.0,PETROL,70000.0,70000
447,2026-01-05T15:45:00,depot-gazipur,region-dhaka,OPEN,12000.0,OCTANE,45000.0,45000
447,2026-01-05T15:45:00,depot-patiya,region-chattogram,OPEN,11000.0,DIESEL,85000.0,85000
447,2026-01-05T15:45:00,depot-patiya,region-chattogram,OPEN,11000.0,PETROL,65000.0,65000
447,2026-01-05T15:45:00,depot-patiya,region-chattogram,OPEN,11000.0,OCTANE,40000.0,40000
448,2026-01-05T16:00:00,depot-gazipur,region-dhaka,OPEN,12000.0,DIESEL,90000.0,90000
448,2026-01-05T16:00:00,depot-gazipur,region-dhaka,OPEN,12000.0,PETROL,70000.0,70000
448,2026-01-05T16:00:00,depot-gazipur,region-dhaka,OPEN,12000.0,OCTANE,45000.0,45000
448,2026-01-05T16:00:00,depot-patiya,region-chattogram,OPEN,11000.0,DIESEL,85000.0,85000
448,2026-01-05T16:00:00,depot-patiya,region-chattogram,OPEN,11000.0,PETROL,65000.0,65000
448,2026-01-05T16:00:00,depot-patiya,region-chattogram,OPEN,11000.0,OCTANE,40000.0,40000
449,2026-01-05T16:15:00,depot-gazipur,region-dhaka,OPEN,12000.0,DIESEL,90000.0,90000
449,2026-01-05T16:15:00,depot-gazipur,region-dhaka,OPEN,12000.0,PETROL,70000.0,70000
449,2026-01-05T16:15:00,depot-gazipur,region-dhaka,OPEN,12000.0,OCTANE,45000.0,45000
449,2026-01-05T16:15:00,depot-patiya,region-chattogram,OPEN,11000.0,DIESEL,85000.0,85000
449,2026-01-05T16:15:00,depot-patiya,region-chattogram,OPEN,11000.0,PETROL,65000.0,65000
449,2026-01-05T16:15:00,depot-patiya,region-chattogram,OPEN,11000.0,OCTANE,40000.0,40000
450,2026-01-05T16:30:00,depot-gazipur,region-dhaka,OPEN,12000.0,DIESEL,90000.0,90000
450,2026-01-05T16:30:00,depot-gazipur,region-dhaka,OPEN,12000.0,PETROL,70000.0,70000
450,2026-01-05T16:30:00,depot-gazipur,region-dhaka,OPEN,12000.0,OCTANE,45000.0,45000
450,2026-01-05T16:30:00,depot-patiya,region-chattogram,OPEN,11000.0,DIESEL,85000.0,85000
450,2026-01-05T16:30:00,depot-patiya,region-chattogram,OPEN,11000.0,PETROL,65000.0,65000
450,2026-01-05T16:30:00,depot-patiya,region-chattogram,OPEN,11000.0,OCTANE,40000.0,40000
451,2026-01-05T16:45:00,depot-gazipur,region-dhaka,OPEN,12000.0,DIESEL,90000.0,90000
451,2026-01-05T16:45:00,depot-gazipur,region-dhaka,OPEN,12000.0,PETROL,70000.0,70000
451,2026-01-05T16:45:00,depot-gazipur,region-dhaka,OPEN,12000.0,OCTANE,45000.0,45000
451,2026-01-05T16:45:00,depot-patiya,region-chattogram,OPEN,11000.0,DIESEL,85000.0,85000
451,2026-01-05T16:45:00,depot-patiya,region-chattogram,OPEN,11000.0,PETROL,65000.0,65000
451,2026-01-05T16:45:00,depot-patiya,region-chattogram,OPEN,11000.0,OCTANE,40000.0,40000
452,2026-01-05T17:00:00,depot-gazipur,region-dhaka,OPEN,12000.0,DIESEL,90000.0,90000
452,2026-01-05T17:00:00,depot-gazipur,region-dhaka,OPEN,12000.0,PETROL,70000.0,70000
452,2026-01-05T17:00:00,depot-gazipur,region-dhaka,OPEN,12000.0,OCTANE,45000.0,45000
452,2026-01-05T17:00:00,depot-patiya,region-chattogram,OPEN,11000.0,DIESEL,85000.0,85000
452,2026-01-05T17:00:00,depot-patiya,region-chattogram,OPEN,11000.0,PETROL,65000.0,65000
452,2026-01-05T17:00:00,depot-patiya,region-chattogram,OPEN,11000.0,OCTANE,40000.0,40000
453,2026-01-05T17:15:00,depot-gazipur,region-dhaka,OPEN,12000.0,DIESEL,90000.0,90000
453,2026-01-05T17:15:00,depot-gazipur,region-dhaka,OPEN,12000.0,PETROL,70000.0,70000
453,2026-01-05T17:15:00,depot-gazipur,region-dhaka,OPEN,12000.0,OCTANE,45000.0,45000
453,2026-01-05T17:15:00,depot-patiya,region-chattogram,OPEN,11000.0,DIESEL,85000.0,85000
453,2026-01-05T17:15:00,depot-patiya,region-chattogram,OPEN,11000.0,PETROL,65000.0,65000
453,2026-01-05T17:15:00,depot-patiya,region-chattogram,OPEN,11000.0,OCTANE,40000.0,40000
454,2026-01-05T17:30:00,depot-gazipur,region-dhaka,OPEN,12000.0,DIESEL,90000.0,90000
454,2026-01-05T17:30:00,depot-gazipur,region-dhaka,OPEN,12000.0,PETROL,70000.0,70000
454,2026-01-05T17:30:00,depot-gazipur,region-dhaka,OPEN,12000.0,OCTANE,45000.0,45000
454,2026-01-05T17:30:00,depot-patiya,region-chattogram,OPEN,11000.0,DIESEL,85000.0,85000
454,2026-01-05T17:30:00,depot-patiya,region-chattogram,OPEN,11000.0,PETROL,65000.0,65000
454,2026-01-05T17:30:00,depot-patiya,region-chattogram,OPEN,11000.0,OCTANE,40000.0,40000
455,2026-01-05T17:45:00,depot-gazipur,region-dhaka,OPEN,12000.0,DIESEL,90000.0,90000
455,2026-01-05T17:45:00,depot-gazipur,region-dhaka,OPEN,12000.0,PETROL,70000.0,70000
455,2026-01-05T17:45:00,depot-gazipur,region-dhaka,OPEN,12000.0,OCTANE,45000.0,45000
455,2026-01-05T17:45:00,depot-patiya,region-chattogram,OPEN,11000.0,DIESEL,85000.0,85000
455,2026-01-05T17:45:00,depot-patiya,region-chattogram,OPEN,11000.0,PETROL,65000.0,65000
455,2026-01-05T17:45:00,depot-patiya,region-chattogram,OPEN,11000.0,OCTANE,40000.0,40000
456,2026-01-05T18:00:00,depot-gazipur,region-dhaka,OPEN,12000.0,DIESEL,90000.0,90000
456,2026-01-05T18:00:00,depot-gazipur,region-dhaka,OPEN,12000.0,PETROL,70000.0,70000
456,2026-01-05T18:00:00,depot-gazipur,region-dhaka,OPEN,12000.0,OCTANE,45000.0,45000
456,2026-01-05T18:00:00,depot-patiya,region-chattogram,OPEN,11000.0,DIESEL,85000.0,85000
456,2026-01-05T18:00:00,depot-patiya,region-chattogram,OPEN,11000.0,PETROL,65000.0,65000
456,2026-01-05T18:00:00,depot-patiya,region-chattogram,OPEN,11000.0,OCTANE,40000.0,40000
457,2026-01-05T18:15:00,depot-gazipur,region-dhaka,OPEN,12000.0,DIESEL,90000.0,90000
457,2026-01-05T18:15:00,depot-gazipur,region-dhaka,OPEN,12000.0,PETROL,70000.0,70000
457,2026-01-05T18:15:00,depot-gazipur,region-dhaka,OPEN,12000.0,OCTANE,45000.0,45000
457,2026-01-05T18:15:00,depot-patiya,region-chattogram,OPEN,11000.0,DIESEL,85000.0,85000
457,2026-01-05T18:15:00,depot-patiya,region-chattogram,OPEN,11000.0,PETROL,65000.0,65000
457,2026-01-05T18:15:00,depot-patiya,region-chattogram,OPEN,11000.0,OCTANE,40000.0,40000
458,2026-01-05T18:30:00,depot-gazipur,region-dhaka,OPEN,12000.0,DIESEL,90000.0,90000
458,2026-01-05T18:30:00,depot-gazipur,region-dhaka,OPEN,12000.0,PETROL,70000.0,70000
458,2026-01-05T18:30:00,depot-gazipur,region-dhaka,OPEN,12000.0,OCTANE,45000.0,45000
458,2026-01-05T18:30:00,depot-patiya,region-chattogram,OPEN,11000.0,DIESEL,85000.0,85000
458,2026-01-05T18:30:00,depot-patiya,region-chattogram,OPEN,11000.0,PETROL,65000.0,65000
458,2026-01-05T18:30:00,depot-patiya,region-chattogram,OPEN,11000.0,OCTANE,40000.0,40000
459,2026-01-05T18:45:00,depot-gazipur,region-dhaka,OPEN,12000.0,DIESEL,90000.0,90000
459,2026-01-05T18:45:00,depot-gazipur,region-dhaka,OPEN,12000.0,PETROL,70000.0,70000
459,2026-01-05T18:45:00,depot-gazipur,region-dhaka,OPEN,12000.0,OCTANE,45000.0,45000
459,2026-01-05T18:45:00,depot-patiya,region-chattogram,OPEN,11000.0,DIESEL,85000.0,85000
459,2026-01-05T18:45:00,depot-patiya,region-chattogram,OPEN,11000.0,PETROL,65000.0,65000
459,2026-01-05T18:45:00,depot-patiya,region-chattogram,OPEN,11000.0,OCTANE,40000.0,40000
460,2026-01-05T19:00:00,depot-gazipur,region-dhaka,OPEN,12000.0,DIESEL,90000.0,90000
460,2026-01-05T19:00:00,depot-gazipur,region-dhaka,OPEN,12000.0,PETROL,70000.0,70000
460,2026-01-05T19:00:00,depot-gazipur,region-dhaka,OPEN,12000.0,OCTANE,45000.0,45000
460,2026-01-05T19:00:00,depot-patiya,region-chattogram,OPEN,11000.0,DIESEL,85000.0,85000
460,2026-01-05T19:00:00,depot-patiya,region-chattogram,OPEN,11000.0,PETROL,65000.0,65000
460,2026-01-05T19:00:00,depot-patiya,region-chattogram,OPEN,11000.0,OCTANE,40000.0,40000
461,2026-01-05T19:15:00,depot-gazipur,region-dhaka,OPEN,12000.0,DIESEL,90000.0,90000
461,2026-01-05T19:15:00,depot-gazipur,region-dhaka,OPEN,12000.0,PETROL,70000.0,70000
461,2026-01-05T19:15:00,depot-gazipur,region-dhaka,OPEN,12000.0,OCTANE,45000.0,45000
461,2026-01-05T19:15:00,depot-patiya,region-chattogram,OPEN,11000.0,DIESEL,85000.0,85000
461,2026-01-05T19:15:00,depot-patiya,region-chattogram,OPEN,11000.0,PETROL,65000.0,65000
461,2026-01-05T19:15:00,depot-patiya,region-chattogram,OPEN,11000.0,OCTANE,40000.0,40000
462,2026-01-05T19:30:00,depot-gazipur,region-dhaka,OPEN,12000.0,DIESEL,90000.0,90000
462,2026-01-05T19:30:00,depot-gazipur,region-dhaka,OPEN,12000.0,PETROL,70000.0,70000
462,2026-01-05T19:30:00,depot-gazipur,region-dhaka,OPEN,12000.0,OCTANE,45000.0,45000
462,2026-01-05T19:30:00,depot-patiya,region-chattogram,OPEN,11000.0,DIESEL,85000.0,85000
462,2026-01-05T19:30:00,depot-patiya,region-chattogram,OPEN,11000.0,PETROL,65000.0,65000
462,2026-01-05T19:30:00,depot-patiya,region-chattogram,OPEN,11000.0,OCTANE,40000.0,40000
463,2026-01-05T19:45:00,depot-gazipur,region-dhaka,OPEN,12000.0,DIESEL,90000.0,90000
463,2026-01-05T19:45:00,depot-gazipur,region-dhaka,OPEN,12000.0,PETROL,70000.0,70000
463,2026-01-05T19:45:00,depot-gazipur,region-dhaka,OPEN,12000.0,OCTANE,45000.0,45000
463,2026-01-05T19:45:00,depot-patiya,region-chattogram,OPEN,11000.0,DIESEL,85000.0,85000
463,2026-01-05T19:45:00,depot-patiya,region-chattogram,OPEN,11000.0,PETROL,65000.0,65000
463,2026-01-05T19:45:00,depot-patiya,region-chattogram,OPEN,11000.0,OCTANE,40000.0,40000
464,2026-01-05T20:00:00,depot-gazipur,region-dhaka,OPEN,12000.0,DIESEL,90000.0,90000
464,2026-01-05T20:00:00,depot-gazipur,region-dhaka,OPEN,12000.0,PETROL,70000.0,70000
464,2026-01-05T20:00:00,depot-gazipur,region-dhaka,OPEN,12000.0,OCTANE,45000.0,45000
464,2026-01-05T20:00:00,depot-patiya,region-chattogram,OPEN,11000.0,DIESEL,85000.0,85000
464,2026-01-05T20:00:00,depot-patiya,region-chattogram,OPEN,11000.0,PETROL,65000.0,65000
464,2026-01-05T20:00:00,depot-patiya,region-chattogram,OPEN,11000.0,OCTANE,40000.0,40000
465,2026-01-05T20:15:00,depot-gazipur,region-dhaka,OPEN,12000.0,DIESEL,90000.0,90000
465,2026-01-05T20:15:00,depot-gazipur,region-dhaka,OPEN,12000.0,PETROL,70000.0,70000
465,2026-01-05T20:15:00,depot-gazipur,region-dhaka,OPEN,12000.0,OCTANE,45000.0,45000
465,2026-01-05T20:15:00,depot-patiya,region-chattogram,OPEN,11000.0,DIESEL,85000.0,85000
465,2026-01-05T20:15:00,depot-patiya,region-chattogram,OPEN,11000.0,PETROL,65000.0,65000
465,2026-01-05T20:15:00,depot-patiya,region-chattogram,OPEN,11000.0,OCTANE,40000.0,40000
466,2026-01-05T20:30:00,depot-gazipur,region-dhaka,OPEN,12000.0,DIESEL,90000.0,90000
466,2026-01-05T20:30:00,depot-gazipur,region-dhaka,OPEN,12000.0,PETROL,70000.0,70000
466,2026-01-05T20:30:00,depot-gazipur,region-dhaka,OPEN,12000.0,OCTANE,45000.0,45000
466,2026-01-05T20:30:00,depot-patiya,region-chattogram,OPEN,11000.0,DIESEL,85000.0,85000
466,2026-01-05T20:30:00,depot-patiya,region-chattogram,OPEN,11000.0,PETROL,65000.0,65000
466,2026-01-05T20:30:00,depot-patiya,region-chattogram,OPEN,11000.0,OCTANE,40000.0,40000
467,2026-01-05T20:45:00,depot-gazipur,region-dhaka,OPEN,12000.0,DIESEL,90000.0,90000
467,2026-01-05T20:45:00,depot-gazipur,region-dhaka,OPEN,12000.0,PETROL,70000.0,70000
467,2026-01-05T20:45:00,depot-gazipur,region-dhaka,OPEN,12000.0,OCTANE,45000.0,45000
467,2026-01-05T20:45:00,depot-patiya,region-chattogram,OPEN,11000.0,DIESEL,85000.0,85000
467,2026-01-05T20:45:00,depot-patiya,region-chattogram,OPEN,11000.0,PETROL,65000.0,65000
467,2026-01-05T20:45:00,depot-patiya,region-chattogram,OPEN,11000.0,OCTANE,40000.0,40000
468,2026-01-05T21:00:00,depot-gazipur,region-dhaka,OPEN,12000.0,DIESEL,90000.0,90000
468,2026-01-05T21:00:00,depot-gazipur,region-dhaka,OPEN,12000.0,PETROL,70000.0,70000
468,2026-01-05T21:00:00,depot-gazipur,region-dhaka,OPEN,12000.0,OCTANE,45000.0,45000
468,2026-01-05T21:00:00,depot-patiya,region-chattogram,OPEN,11000.0,DIESEL,85000.0,85000
468,2026-01-05T21:00:00,depot-patiya,region-chattogram,OPEN,11000.0,PETROL,65000.0,65000
468,2026-01-05T21:00:00,depot-patiya,region-chattogram,OPEN,11000.0,OCTANE,40000.0,40000
469,2026-01-05T21:15:00,depot-gazipur,region-dhaka,OPEN,12000.0,DIESEL,90000.0,90000
469,2026-01-05T21:15:00,depot-gazipur,region-dhaka,OPEN,12000.0,PETROL,70000.0,70000
469,2026-01-05T21:15:00,depot-gazipur,region-dhaka,OPEN,12000.0,OCTANE,45000.0,45000
469,2026-01-05T21:15:00,depot-patiya,region-chattogram,OPEN,11000.0,DIESEL,85000.0,85000
469,2026-01-05T21:15:00,depot-patiya,region-chattogram,OPEN,11000.0,PETROL,65000.0,65000
469,2026-01-05T21:15:00,depot-patiya,region-chattogram,OPEN,11000.0,OCTANE,40000.0,40000
470,2026-01-05T21:30:00,depot-gazipur,region-dhaka,OPEN,12000.0,DIESEL,90000.0,90000
470,2026-01-05T21:30:00,depot-gazipur,region-dhaka,OPEN,12000.0,PETROL,70000.0,70000
470,2026-01-05T21:30:00,depot-gazipur,region-dhaka,OPEN,12000.0,OCTANE,45000.0,45000
470,2026-01-05T21:30:00,depot-patiya,region-chattogram,OPEN,11000.0,DIESEL,85000.0,85000
470,2026-01-05T21:30:00,depot-patiya,region-chattogram,OPEN,11000.0,PETROL,65000.0,65000
470,2026-01-05T21:30:00,depot-patiya,region-chattogram,OPEN,11000.0,OCTANE,40000.0,40000
471,2026-01-05T21:45:00,depot-gazipur,region-dhaka,OPEN,12000.0,DIESEL,90000.0,90000
471,2026-01-05T21:45:00,depot-gazipur,region-dhaka,OPEN,12000.0,PETROL,70000.0,70000
471,2026-01-05T21:45:00,depot-gazipur,region-dhaka,OPEN,12000.0,OCTANE,45000.0,45000
471,2026-01-05T21:45:00,depot-patiya,region-chattogram,OPEN,11000.0,DIESEL,85000.0,85000
471,2026-01-05T21:45:00,depot-patiya,region-chattogram,OPEN,11000.0,PETROL,65000.0,65000
471,2026-01-05T21:45:00,depot-patiya,region-chattogram,OPEN,11000.0,OCTANE,40000.0,40000
472,2026-01-05T22:00:00,depot-gazipur,region-dhaka,OPEN,12000.0,DIESEL,90000.0,90000
472,2026-01-05T22:00:00,depot-gazipur,region-dhaka,OPEN,12000.0,PETROL,70000.0,70000
472,2026-01-05T22:00:00,depot-gazipur,region-dhaka,OPEN,12000.0,OCTANE,45000.0,45000
472,2026-01-05T22:00:00,depot-patiya,region-chattogram,OPEN,11000.0,DIESEL,85000.0,85000
472,2026-01-05T22:00:00,depot-patiya,region-chattogram,OPEN,11000.0,PETROL,65000.0,65000
472,2026-01-05T22:00:00,depot-patiya,region-chattogram,OPEN,11000.0,OCTANE,40000.0,40000
473,2026-01-05T22:15:00,depot-gazipur,region-dhaka,OPEN,12000.0,DIESEL,90000.0,90000
473,2026-01-05T22:15:00,depot-gazipur,region-dhaka,OPEN,12000.0,PETROL,70000.0,70000
473,2026-01-05T22:15:00,depot-gazipur,region-dhaka,OPEN,12000.0,OCTANE,45000.0,45000
473,2026-01-05T22:15:00,depot-patiya,region-chattogram,OPEN,11000.0,DIESEL,85000.0,85000
473,2026-01-05T22:15:00,depot-patiya,region-chattogram,OPEN,11000.0,PETROL,65000.0,65000
473,2026-01-05T22:15:00,depot-patiya,region-chattogram,OPEN,11000.0,OCTANE,40000.0,40000
474,2026-01-05T22:30:00,depot-gazipur,region-dhaka,OPEN,12000.0,DIESEL,90000.0,90000
474,2026-01-05T22:30:00,depot-gazipur,region-dhaka,OPEN,12000.0,PETROL,70000.0,70000
474,2026-01-05T22:30:00,depot-gazipur,region-dhaka,OPEN,12000.0,OCTANE,45000.0,45000
474,2026-01-05T22:30:00,depot-patiya,region-chattogram,OPEN,11000.0,DIESEL,85000.0,85000
474,2026-01-05T22:30:00,depot-patiya,region-chattogram,OPEN,11000.0,PETROL,65000.0,65000
474,2026-01-05T22:30:00,depot-patiya,region-chattogram,OPEN,11000.0,OCTANE,40000.0,40000
475,2026-01-05T22:45:00,depot-gazipur,region-dhaka,OPEN,12000.0,DIESEL,90000.0,90000
475,2026-01-05T22:45:00,depot-gazipur,region-dhaka,OPEN,12000.0,PETROL,70000.0,70000
475,2026-01-05T22:45:00,depot-gazipur,region-dhaka,OPEN,12000.0,OCTANE,45000.0,45000
475,2026-01-05T22:45:00,depot-patiya,region-chattogram,OPEN,11000.0,DIESEL,85000.0,85000
475,2026-01-05T22:45:00,depot-patiya,region-chattogram,OPEN,11000.0,PETROL,65000.0,65000
475,2026-01-05T22:45:00,depot-patiya,region-chattogram,OPEN,11000.0,OCTANE,40000.0,40000
476,2026-01-05T23:00:00,depot-gazipur,region-dhaka,OPEN,12000.0,DIESEL,90000.0,90000
476,2026-01-05T23:00:00,depot-gazipur,region-dhaka,OPEN,12000.0,PETROL,70000.0,70000
476,2026-01-05T23:00:00,depot-gazipur,region-dhaka,OPEN,12000.0,OCTANE,45000.0,45000
476,2026-01-05T23:00:00,depot-patiya,region-chattogram,OPEN,11000.0,DIESEL,85000.0,85000
476,2026-01-05T23:00:00,depot-patiya,region-chattogram,OPEN,11000.0,PETROL,65000.0,65000
476,2026-01-05T23:00:00,depot-patiya,region-chattogram,OPEN,11000.0,OCTANE,40000.0,40000
477,2026-01-05T23:15:00,depot-gazipur,region-dhaka,OPEN,12000.0,DIESEL,90000.0,90000
477,2026-01-05T23:15:00,depot-gazipur,region-dhaka,OPEN,12000.0,PETROL,70000.0,70000
477,2026-01-05T23:15:00,depot-gazipur,region-dhaka,OPEN,12000.0,OCTANE,45000.0,45000
477,2026-01-05T23:15:00,depot-patiya,region-chattogram,OPEN,11000.0,DIESEL,85000.0,85000
477,2026-01-05T23:15:00,depot-patiya,region-chattogram,OPEN,11000.0,PETROL,65000.0,65000
477,2026-01-05T23:15:00,depot-patiya,region-chattogram,OPEN,11000.0,OCTANE,40000.0,40000
478,2026-01-05T23:30:00,depot-gazipur,region-dhaka,OPEN,12000.0,DIESEL,90000.0,90000
478,2026-01-05T23:30:00,depot-gazipur,region-dhaka,OPEN,12000.0,PETROL,70000.0,70000
478,2026-01-05T23:30:00,depot-gazipur,region-dhaka,OPEN,12000.0,OCTANE,45000.0,45000
478,2026-01-05T23:30:00,depot-patiya,region-chattogram,OPEN,11000.0,DIESEL,85000.0,85000
478,2026-01-05T23:30:00,depot-patiya,region-chattogram,OPEN,11000.0,PETROL,65000.0,65000
478,2026-01-05T23:30:00,depot-patiya,region-chattogram,OPEN,11000.0,OCTANE,40000.0,40000
479,2026-01-05T23:45:00,depot-gazipur,region-dhaka,OPEN,12000.0,DIESEL,90000.0,90000
479,2026-01-05T23:45:00,depot-gazipur,region-dhaka,OPEN,12000.0,PETROL,70000.0,70000
479,2026-01-05T23:45:00,depot-gazipur,region-dhaka,OPEN,12000.0,OCTANE,45000.0,45000
479,2026-01-05T23:45:00,depot-patiya,region-chattogram,OPEN,11000.0,DIESEL,85000.0,85000
479,2026-01-05T23:45:00,depot-patiya,region-chattogram,OPEN,11000.0,PETROL,65000.0,65000
479,2026-01-05T23:45:00,depot-patiya,region-chattogram,OPEN,11000.0,OCTANE,40000.0,40000
480,2026-01-06T00:00:00,depot-gazipur,region-dhaka,OPEN,12000.0,DIESEL,90000.0,90000
480,2026-01-06T00:00:00,depot-gazipur,region-dhaka,OPEN,12000.0,PETROL,70000.0,70000
480,2026-01-06T00:00:00,depot-gazipur,region-dhaka,OPEN,12000.0,OCTANE,45000.0,45000
480,2026-01-06T00:00:00,depot-patiya,region-chattogram,OPEN,11000.0,DIESEL,85000.0,85000
480,2026-01-06T00:00:00,depot-patiya,region-chattogram,OPEN,11000.0,PETROL,65000.0,65000
480,2026-01-06T00:00:00,depot-patiya,region-chattogram,OPEN,11000.0,OCTANE,40000.0,40000
481,2026-01-06T00:15:00,depot-gazipur,region-dhaka,OPEN,12000.0,DIESEL,90000.0,90000
481,2026-01-06T00:15:00,depot-gazipur,region-dhaka,OPEN,12000.0,PETROL,70000.0,70000
481,2026-01-06T00:15:00,depot-gazipur,region-dhaka,OPEN,12000.0,OCTANE,45000.0,45000
481,2026-01-06T00:15:00,depot-patiya,region-chattogram,OPEN,11000.0,DIESEL,85000.0,85000
481,2026-01-06T00:15:00,depot-patiya,region-chattogram,OPEN,11000.0,PETROL,65000.0,65000
481,2026-01-06T00:15:00,depot-patiya,region-chattogram,OPEN,11000.0,OCTANE,40000.0,40000
482,2026-01-06T00:30:00,depot-gazipur,region-dhaka,OPEN,12000.0,DIESEL,90000.0,90000
482,2026-01-06T00:30:00,depot-gazipur,region-dhaka,OPEN,12000.0,PETROL,70000.0,70000
482,2026-01-06T00:30:00,depot-gazipur,region-dhaka,OPEN,12000.0,OCTANE,45000.0,45000
482,2026-01-06T00:30:00,depot-patiya,region-chattogram,OPEN,11000.0,DIESEL,85000.0,85000
482,2026-01-06T00:30:00,depot-patiya,region-chattogram,OPEN,11000.0,PETROL,65000.0,65000
482,2026-01-06T00:30:00,depot-patiya,region-chattogram,OPEN,11000.0,OCTANE,40000.0,40000
483,2026-01-06T00:45:00,depot-gazipur,region-dhaka,OPEN,12000.0,DIESEL,90000.0,90000
483,2026-01-06T00:45:00,depot-gazipur,region-dhaka,OPEN,12000.0,PETROL,70000.0,70000
483,2026-01-06T00:45:00,depot-gazipur,region-dhaka,OPEN,12000.0,OCTANE,45000.0,45000
483,2026-01-06T00:45:00,depot-patiya,region-chattogram,OPEN,11000.0,DIESEL,85000.0,85000
483,2026-01-06T00:45:00,depot-patiya,region-chattogram,OPEN,11000.0,PETROL,65000.0,65000
483,2026-01-06T00:45:00,depot-patiya,region-chattogram,OPEN,11000.0,OCTANE,40000.0,40000
484,2026-01-06T01:00:00,depot-gazipur,region-dhaka,OPEN,12000.0,DIESEL,90000.0,90000
484,2026-01-06T01:00:00,depot-gazipur,region-dhaka,OPEN,12000.0,PETROL,70000.0,70000
484,2026-01-06T01:00:00,depot-gazipur,region-dhaka,OPEN,12000.0,OCTANE,45000.0,45000
484,2026-01-06T01:00:00,depot-patiya,region-chattogram,OPEN,11000.0,DIESEL,85000.0,85000
484,2026-01-06T01:00:00,depot-patiya,region-chattogram,OPEN,11000.0,PETROL,65000.0,65000
484,2026-01-06T01:00:00,depot-patiya,region-chattogram,OPEN,11000.0,OCTANE,40000.0,40000
485,2026-01-06T01:15:00,depot-gazipur,region-dhaka,OPEN,12000.0,DIESEL,90000.0,90000
485,2026-01-06T01:15:00,depot-gazipur,region-dhaka,OPEN,12000.0,PETROL,70000.0,70000
485,2026-01-06T01:15:00,depot-gazipur,region-dhaka,OPEN,12000.0,OCTANE,45000.0,45000
485,2026-01-06T01:15:00,depot-patiya,region-chattogram,OPEN,11000.0,DIESEL,85000.0,85000
485,2026-01-06T01:15:00,depot-patiya,region-chattogram,OPEN,11000.0,PETROL,65000.0,65000
485,2026-01-06T01:15:00,depot-patiya,region-chattogram,OPEN,11000.0,OCTANE,40000.0,40000
486,2026-01-06T01:30:00,depot-gazipur,region-dhaka,OPEN,12000.0,DIESEL,90000.0,90000
486,2026-01-06T01:30:00,depot-gazipur,region-dhaka,OPEN,12000.0,PETROL,70000.0,70000
486,2026-01-06T01:30:00,depot-gazipur,region-dhaka,OPEN,12000.0,OCTANE,45000.0,45000
486,2026-01-06T01:30:00,depot-patiya,region-chattogram,OPEN,11000.0,DIESEL,85000.0,85000
486,2026-01-06T01:30:00,depot-patiya,region-chattogram,OPEN,11000.0,PETROL,65000.0,65000
486,2026-01-06T01:30:00,depot-patiya,region-chattogram,OPEN,11000.0,OCTANE,40000.0,40000
487,2026-01-06T01:45:00,depot-gazipur,region-dhaka,OPEN,12000.0,DIESEL,90000.0,90000
487,2026-01-06T01:45:00,depot-gazipur,region-dhaka,OPEN,12000.0,PETROL,70000.0,70000
487,2026-01-06T01:45:00,depot-gazipur,region-dhaka,OPEN,12000.0,OCTANE,45000.0,45000
487,2026-01-06T01:45:00,depot-patiya,region-chattogram,OPEN,11000.0,DIESEL,85000.0,85000
487,2026-01-06T01:45:00,depot-patiya,region-chattogram,OPEN,11000.0,PETROL,65000.0,65000
487,2026-01-06T01:45:00,depot-patiya,region-chattogram,OPEN,11000.0,OCTANE,40000.0,40000
488,2026-01-06T02:00:00,depot-gazipur,region-dhaka,OPEN,12000.0,DIESEL,90000.0,90000
488,2026-01-06T02:00:00,depot-gazipur,region-dhaka,OPEN,12000.0,PETROL,70000.0,70000
488,2026-01-06T02:00:00,depot-gazipur,region-dhaka,OPEN,12000.0,OCTANE,45000.0,45000
488,2026-01-06T02:00:00,depot-patiya,region-chattogram,OPEN,11000.0,DIESEL,85000.0,85000
488,2026-01-06T02:00:00,depot-patiya,region-chattogram,OPEN,11000.0,PETROL,65000.0,65000
488,2026-01-06T02:00:00,depot-patiya,region-chattogram,OPEN,11000.0,OCTANE,40000.0,40000
489,2026-01-06T02:15:00,depot-gazipur,region-dhaka,OPEN,12000.0,DIESEL,90000.0,90000
489,2026-01-06T02:15:00,depot-gazipur,region-dhaka,OPEN,12000.0,PETROL,70000.0,70000
489,2026-01-06T02:15:00,depot-gazipur,region-dhaka,OPEN,12000.0,OCTANE,45000.0,45000
489,2026-01-06T02:15:00,depot-patiya,region-chattogram,OPEN,11000.0,DIESEL,85000.0,85000
489,2026-01-06T02:15:00,depot-patiya,region-chattogram,OPEN,11000.0,PETROL,65000.0,65000
489,2026-01-06T02:15:00,depot-patiya,region-chattogram,OPEN,11000.0,OCTANE,40000.0,40000
490,2026-01-06T02:30:00,depot-gazipur,region-dhaka,OPEN,12000.0,DIESEL,90000.0,90000
490,2026-01-06T02:30:00,depot-gazipur,region-dhaka,OPEN,12000.0,PETROL,70000.0,70000
490,2026-01-06T02:30:00,depot-gazipur,region-dhaka,OPEN,12000.0,OCTANE,45000.0,45000
490,2026-01-06T02:30:00,depot-patiya,region-chattogram,OPEN,11000.0,DIESEL,85000.0,85000
490,2026-01-06T02:30:00,depot-patiya,region-chattogram,OPEN,11000.0,PETROL,65000.0,65000
490,2026-01-06T02:30:00,depot-patiya,region-chattogram,OPEN,11000.0,OCTANE,40000.0,40000
491,2026-01-06T02:45:00,depot-gazipur,region-dhaka,OPEN,12000.0,DIESEL,90000.0,90000
491,2026-01-06T02:45:00,depot-gazipur,region-dhaka,OPEN,12000.0,PETROL,70000.0,70000
491,2026-01-06T02:45:00,depot-gazipur,region-dhaka,OPEN,12000.0,OCTANE,45000.0,45000
491,2026-01-06T02:45:00,depot-patiya,region-chattogram,OPEN,11000.0,DIESEL,85000.0,85000
491,2026-01-06T02:45:00,depot-patiya,region-chattogram,OPEN,11000.0,PETROL,65000.0,65000
491,2026-01-06T02:45:00,depot-patiya,region-chattogram,OPEN,11000.0,OCTANE,40000.0,40000
492,2026-01-06T03:00:00,depot-gazipur,region-dhaka,OPEN,12000.0,DIESEL,90000.0,90000
492,2026-01-06T03:00:00,depot-gazipur,region-dhaka,OPEN,12000.0,PETROL,70000.0,70000
492,2026-01-06T03:00:00,depot-gazipur,region-dhaka,OPEN,12000.0,OCTANE,45000.0,45000
492,2026-01-06T03:00:00,depot-patiya,region-chattogram,OPEN,11000.0,DIESEL,85000.0,85000
492,2026-01-06T03:00:00,depot-patiya,region-chattogram,OPEN,11000.0,PETROL,65000.0,65000
492,2026-01-06T03:00:00,depot-patiya,region-chattogram,OPEN,11000.0,OCTANE,40000.0,40000
493,2026-01-06T03:15:00,depot-gazipur,region-dhaka,OPEN,12000.0,DIESEL,90000.0,90000
493,2026-01-06T03:15:00,depot-gazipur,region-dhaka,OPEN,12000.0,PETROL,70000.0,70000
493,2026-01-06T03:15:00,depot-gazipur,region-dhaka,OPEN,12000.0,OCTANE,45000.0,45000
493,2026-01-06T03:15:00,depot-patiya,region-chattogram,OPEN,11000.0,DIESEL,85000.0,85000
493,2026-01-06T03:15:00,depot-patiya,region-chattogram,OPEN,11000.0,PETROL,65000.0,65000
493,2026-01-06T03:15:00,depot-patiya,region-chattogram,OPEN,11000.0,OCTANE,40000.0,40000
494,2026-01-06T03:30:00,depot-gazipur,region-dhaka,OPEN,12000.0,DIESEL,90000.0,90000
494,2026-01-06T03:30:00,depot-gazipur,region-dhaka,OPEN,12000.0,PETROL,70000.0,70000
494,2026-01-06T03:30:00,depot-gazipur,region-dhaka,OPEN,12000.0,OCTANE,45000.0,45000
494,2026-01-06T03:30:00,depot-patiya,region-chattogram,OPEN,11000.0,DIESEL,85000.0,85000
494,2026-01-06T03:30:00,depot-patiya,region-chattogram,OPEN,11000.0,PETROL,65000.0,65000
494,2026-01-06T03:30:00,depot-patiya,region-chattogram,OPEN,11000.0,OCTANE,40000.0,40000
495,2026-01-06T03:45:00,depot-gazipur,region-dhaka,OPEN,12000.0,DIESEL,90000.0,90000
495,2026-01-06T03:45:00,depot-gazipur,region-dhaka,OPEN,12000.0,PETROL,70000.0,70000
495,2026-01-06T03:45:00,depot-gazipur,region-dhaka,OPEN,12000.0,OCTANE,45000.0,45000
495,2026-01-06T03:45:00,depot-patiya,region-chattogram,OPEN,11000.0,DIESEL,85000.0,85000
495,2026-01-06T03:45:00,depot-patiya,region-chattogram,OPEN,11000.0,PETROL,65000.0,65000
495,2026-01-06T03:45:00,depot-patiya,region-chattogram,OPEN,11000.0,OCTANE,40000.0,40000
496,2026-01-06T04:00:00,depot-gazipur,region-dhaka,OPEN,12000.0,DIESEL,90000.0,90000
496,2026-01-06T04:00:00,depot-gazipur,region-dhaka,OPEN,12000.0,PETROL,70000.0,70000
496,2026-01-06T04:00:00,depot-gazipur,region-dhaka,OPEN,12000.0,OCTANE,45000.0,45000
496,2026-01-06T04:00:00,depot-patiya,region-chattogram,OPEN,11000.0,DIESEL,85000.0,85000
496,2026-01-06T04:00:00,depot-patiya,region-chattogram,OPEN,11000.0,PETROL,65000.0,65000
496,2026-01-06T04:00:00,depot-patiya,region-chattogram,OPEN,11000.0,OCTANE,40000.0,40000
497,2026-01-06T04:15:00,depot-gazipur,region-dhaka,OPEN,12000.0,DIESEL,90000.0,90000
497,2026-01-06T04:15:00,depot-gazipur,region-dhaka,OPEN,12000.0,PETROL,70000.0,70000
497,2026-01-06T04:15:00,depot-gazipur,region-dhaka,OPEN,12000.0,OCTANE,45000.0,45000
497,2026-01-06T04:15:00,depot-patiya,region-chattogram,OPEN,11000.0,DIESEL,85000.0,85000
497,2026-01-06T04:15:00,depot-patiya,region-chattogram,OPEN,11000.0,PETROL,65000.0,65000
497,2026-01-06T04:15:00,depot-patiya,region-chattogram,OPEN,11000.0,OCTANE,40000.0,40000
498,2026-01-06T04:30:00,depot-gazipur,region-dhaka,OPEN,12000.0,DIESEL,90000.0,90000
498,2026-01-06T04:30:00,depot-gazipur,region-dhaka,OPEN,12000.0,PETROL,70000.0,70000
498,2026-01-06T04:30:00,depot-gazipur,region-dhaka,OPEN,12000.0,OCTANE,45000.0,45000
498,2026-01-06T04:30:00,depot-patiya,region-chattogram,OPEN,11000.0,DIESEL,85000.0,85000
498,2026-01-06T04:30:00,depot-patiya,region-chattogram,OPEN,11000.0,PETROL,65000.0,65000
498,2026-01-06T04:30:00,depot-patiya,region-chattogram,OPEN,11000.0,OCTANE,40000.0,40000
499,2026-01-06T04:45:00,depot-gazipur,region-dhaka,OPEN,12000.0,DIESEL,90000.0,90000
499,2026-01-06T04:45:00,depot-gazipur,region-dhaka,OPEN,12000.0,PETROL,70000.0,70000
499,2026-01-06T04:45:00,depot-gazipur,region-dhaka,OPEN,12000.0,OCTANE,45000.0,45000
499,2026-01-06T04:45:00,depot-patiya,region-chattogram,OPEN,11000.0,DIESEL,85000.0,85000
499,2026-01-06T04:45:00,depot-patiya,region-chattogram,OPEN,11000.0,PETROL,65000.0,65000
499,2026-01-06T04:45:00,depot-patiya,region-chattogram,OPEN,11000.0,OCTANE,40000.0,40000
500,2026-01-06T05:00:00,depot-gazipur,region-dhaka,OPEN,12000.0,DIESEL,90000.0,90000
500,2026-01-06T05:00:00,depot-gazipur,region-dhaka,OPEN,12000.0,PETROL,70000.0,70000
500,2026-01-06T05:00:00,depot-gazipur,region-dhaka,OPEN,12000.0,OCTANE,45000.0,45000
500,2026-01-06T05:00:00,depot-patiya,region-chattogram,OPEN,11000.0,DIESEL,85000.0,85000
500,2026-01-06T05:00:00,depot-patiya,region-chattogram,OPEN,11000.0,PETROL,65000.0,65000
500,2026-01-06T05:00:00,depot-patiya,region-chattogram,OPEN,11000.0,OCTANE,40000.0,40000
501,2026-01-06T05:15:00,depot-gazipur,region-dhaka,OPEN,12000.0,DIESEL,90000.0,90000
501,2026-01-06T05:15:00,depot-gazipur,region-dhaka,OPEN,12000.0,PETROL,70000.0,70000
501,2026-01-06T05:15:00,depot-gazipur,region-dhaka,OPEN,12000.0,OCTANE,45000.0,45000
501,2026-01-06T05:15:00,depot-patiya,region-chattogram,OPEN,11000.0,DIESEL,85000.0,85000
501,2026-01-06T05:15:00,depot-patiya,region-chattogram,OPEN,11000.0,PETROL,65000.0,65000
501,2026-01-06T05:15:00,depot-patiya,region-chattogram,OPEN,11000.0,OCTANE,40000.0,40000
502,2026-01-06T05:30:00,depot-gazipur,region-dhaka,OPEN,12000.0,DIESEL,90000.0,90000
502,2026-01-06T05:30:00,depot-gazipur,region-dhaka,OPEN,12000.0,PETROL,70000.0,70000
502,2026-01-06T05:30:00,depot-gazipur,region-dhaka,OPEN,12000.0,OCTANE,45000.0,45000
502,2026-01-06T05:30:00,depot-patiya,region-chattogram,OPEN,11000.0,DIESEL,85000.0,85000
502,2026-01-06T05:30:00,depot-patiya,region-chattogram,OPEN,11000.0,PETROL,65000.0,65000
502,2026-01-06T05:30:00,depot-patiya,region-chattogram,OPEN,11000.0,OCTANE,40000.0,40000
503,2026-01-06T05:45:00,depot-gazipur,region-dhaka,OPEN,12000.0,DIESEL,90000.0,90000
503,2026-01-06T05:45:00,depot-gazipur,region-dhaka,OPEN,12000.0,PETROL,70000.0,70000
503,2026-01-06T05:45:00,depot-gazipur,region-dhaka,OPEN,12000.0,OCTANE,45000.0,45000
503,2026-01-06T05:45:00,depot-patiya,region-chattogram,OPEN,11000.0,DIESEL,85000.0,85000
503,2026-01-06T05:45:00,depot-patiya,region-chattogram,OPEN,11000.0,PETROL,65000.0,65000
503,2026-01-06T05:45:00,depot-patiya,region-chattogram,OPEN,11000.0,OCTANE,40000.0,40000
504,2026-01-06T06:00:00,depot-gazipur,region-dhaka,OPEN,12000.0,DIESEL,90000.0,90000
504,2026-01-06T06:00:00,depot-gazipur,region-dhaka,OPEN,12000.0,PETROL,70000.0,70000
504,2026-01-06T06:00:00,depot-gazipur,region-dhaka,OPEN,12000.0,OCTANE,45000.0,45000
504,2026-01-06T06:00:00,depot-patiya,region-chattogram,OPEN,11000.0,DIESEL,85000.0,85000
504,2026-01-06T06:00:00,depot-patiya,region-chattogram,OPEN,11000.0,PETROL,65000.0,65000
504,2026-01-06T06:00:00,depot-patiya,region-chattogram,OPEN,11000.0,OCTANE,40000.0,40000
505,2026-01-06T06:15:00,depot-gazipur,region-dhaka,OPEN,12000.0,DIESEL,90000.0,90000
505,2026-01-06T06:15:00,depot-gazipur,region-dhaka,OPEN,12000.0,PETROL,70000.0,70000
505,2026-01-06T06:15:00,depot-gazipur,region-dhaka,OPEN,12000.0,OCTANE,45000.0,45000
505,2026-01-06T06:15:00,depot-patiya,region-chattogram,OPEN,11000.0,DIESEL,85000.0,85000
505,2026-01-06T06:15:00,depot-patiya,region-chattogram,OPEN,11000.0,PETROL,65000.0,65000
505,2026-01-06T06:15:00,depot-patiya,region-chattogram,OPEN,11000.0,OCTANE,40000.0,40000
506,2026-01-06T06:30:00,depot-gazipur,region-dhaka,OPEN,12000.0,DIESEL,90000.0,90000
506,2026-01-06T06:30:00,depot-gazipur,region-dhaka,OPEN,12000.0,PETROL,70000.0,70000
506,2026-01-06T06:30:00,depot-gazipur,region-dhaka,OPEN,12000.0,OCTANE,45000.0,45000
506,2026-01-06T06:30:00,depot-patiya,region-chattogram,OPEN,11000.0,DIESEL,85000.0,85000
506,2026-01-06T06:30:00,depot-patiya,region-chattogram,OPEN,11000.0,PETROL,65000.0,65000
506,2026-01-06T06:30:00,depot-patiya,region-chattogram,OPEN,11000.0,OCTANE,40000.0,40000
507,2026-01-06T06:45:00,depot-gazipur,region-dhaka,OPEN,12000.0,DIESEL,90000.0,90000
507,2026-01-06T06:45:00,depot-gazipur,region-dhaka,OPEN,12000.0,PETROL,70000.0,70000
507,2026-01-06T06:45:00,depot-gazipur,region-dhaka,OPEN,12000.0,OCTANE,45000.0,45000
507,2026-01-06T06:45:00,depot-patiya,region-chattogram,OPEN,11000.0,DIESEL,85000.0,85000
507,2026-01-06T06:45:00,depot-patiya,region-chattogram,OPEN,11000.0,PETROL,65000.0,65000
507,2026-01-06T06:45:00,depot-patiya,region-chattogram,OPEN,11000.0,OCTANE,40000.0,40000
508,2026-01-06T07:00:00,depot-gazipur,region-dhaka,OPEN,12000.0,DIESEL,90000.0,90000
508,2026-01-06T07:00:00,depot-gazipur,region-dhaka,OPEN,12000.0,PETROL,70000.0,70000
508,2026-01-06T07:00:00,depot-gazipur,region-dhaka,OPEN,12000.0,OCTANE,45000.0,45000
508,2026-01-06T07:00:00,depot-patiya,region-chattogram,OPEN,11000.0,DIESEL,85000.0,85000
508,2026-01-06T07:00:00,depot-patiya,region-chattogram,OPEN,11000.0,PETROL,65000.0,65000
508,2026-01-06T07:00:00,depot-patiya,region-chattogram,OPEN,11000.0,OCTANE,40000.0,40000
509,2026-01-06T07:15:00,depot-gazipur,region-dhaka,OPEN,12000.0,DIESEL,90000.0,90000
509,2026-01-06T07:15:00,depot-gazipur,region-dhaka,OPEN,12000.0,PETROL,70000.0,70000
509,2026-01-06T07:15:00,depot-gazipur,region-dhaka,OPEN,12000.0,OCTANE,45000.0,45000
509,2026-01-06T07:15:00,depot-patiya,region-chattogram,OPEN,11000.0,DIESEL,85000.0,85000
509,2026-01-06T07:15:00,depot-patiya,region-chattogram,OPEN,11000.0,PETROL,65000.0,65000
509,2026-01-06T07:15:00,depot-patiya,region-chattogram,OPEN,11000.0,OCTANE,40000.0,40000
510,2026-01-06T07:30:00,depot-gazipur,region-dhaka,OPEN,12000.0,DIESEL,90000.0,90000
510,2026-01-06T07:30:00,depot-gazipur,region-dhaka,OPEN,12000.0,PETROL,70000.0,70000
510,2026-01-06T07:30:00,depot-gazipur,region-dhaka,OPEN,12000.0,OCTANE,45000.0,45000
510,2026-01-06T07:30:00,depot-patiya,region-chattogram,OPEN,11000.0,DIESEL,85000.0,85000
510,2026-01-06T07:30:00,depot-patiya,region-chattogram,OPEN,11000.0,PETROL,65000.0,65000
510,2026-01-06T07:30:00,depot-patiya,region-chattogram,OPEN,11000.0,OCTANE,40000.0,40000
511,2026-01-06T07:45:00,depot-gazipur,region-dhaka,OPEN,12000.0,DIESEL,90000.0,90000
511,2026-01-06T07:45:00,depot-gazipur,region-dhaka,OPEN,12000.0,PETROL,70000.0,70000
511,2026-01-06T07:45:00,depot-gazipur,region-dhaka,OPEN,12000.0,OCTANE,45000.0,45000
511,2026-01-06T07:45:00,depot-patiya,region-chattogram,OPEN,11000.0,DIESEL,85000.0,85000
511,2026-01-06T07:45:00,depot-patiya,region-chattogram,OPEN,11000.0,PETROL,65000.0,65000
511,2026-01-06T07:45:00,depot-patiya,region-chattogram,OPEN,11000.0,OCTANE,40000.0,40000
512,2026-01-06T08:00:00,depot-gazipur,region-dhaka,OPEN,12000.0,DIESEL,90000.0,90000
512,2026-01-06T08:00:00,depot-gazipur,region-dhaka,OPEN,12000.0,PETROL,70000.0,70000
512,2026-01-06T08:00:00,depot-gazipur,region-dhaka,OPEN,12000.0,OCTANE,45000.0,45000
512,2026-01-06T08:00:00,depot-patiya,region-chattogram,OPEN,11000.0,DIESEL,85000.0,85000
512,2026-01-06T08:00:00,depot-patiya,region-chattogram,OPEN,11000.0,PETROL,65000.0,65000
512,2026-01-06T08:00:00,depot-patiya,region-chattogram,OPEN,11000.0,OCTANE,40000.0,40000
513,2026-01-06T08:15:00,depot-gazipur,region-dhaka,OPEN,12000.0,DIESEL,90000.0,90000
513,2026-01-06T08:15:00,depot-gazipur,region-dhaka,OPEN,12000.0,PETROL,70000.0,70000
513,2026-01-06T08:15:00,depot-gazipur,region-dhaka,OPEN,12000.0,OCTANE,45000.0,45000
513,2026-01-06T08:15:00,depot-patiya,region-chattogram,OPEN,11000.0,DIESEL,85000.0,85000
513,2026-01-06T08:15:00,depot-patiya,region-chattogram,OPEN,11000.0,PETROL,65000.0,65000
513,2026-01-06T08:15:00,depot-patiya,region-chattogram,OPEN,11000.0,OCTANE,40000.0,40000
514,2026-01-06T08:30:00,depot-gazipur,region-dhaka,OPEN,12000.0,DIESEL,90000.0,90000
514,2026-01-06T08:30:00,depot-gazipur,region-dhaka,OPEN,12000.0,PETROL,70000.0,70000
514,2026-01-06T08:30:00,depot-gazipur,region-dhaka,OPEN,12000.0,OCTANE,45000.0,45000
514,2026-01-06T08:30:00,depot-patiya,region-chattogram,OPEN,11000.0,DIESEL,85000.0,85000
514,2026-01-06T08:30:00,depot-patiya,region-chattogram,OPEN,11000.0,PETROL,65000.0,65000
514,2026-01-06T08:30:00,depot-patiya,region-chattogram,OPEN,11000.0,OCTANE,40000.0,40000
515,2026-01-06T08:45:00,depot-gazipur,region-dhaka,OPEN,12000.0,DIESEL,90000.0,90000
515,2026-01-06T08:45:00,depot-gazipur,region-dhaka,OPEN,12000.0,PETROL,70000.0,70000
515,2026-01-06T08:45:00,depot-gazipur,region-dhaka,OPEN,12000.0,OCTANE,45000.0,45000
515,2026-01-06T08:45:00,depot-patiya,region-chattogram,OPEN,11000.0,DIESEL,85000.0,85000
515,2026-01-06T08:45:00,depot-patiya,region-chattogram,OPEN,11000.0,PETROL,65000.0,65000
515,2026-01-06T08:45:00,depot-patiya,region-chattogram,OPEN,11000.0,OCTANE,40000.0,40000
516,2026-01-06T09:00:00,depot-gazipur,region-dhaka,OPEN,12000.0,DIESEL,90000.0,90000
516,2026-01-06T09:00:00,depot-gazipur,region-dhaka,OPEN,12000.0,PETROL,70000.0,70000
516,2026-01-06T09:00:00,depot-gazipur,region-dhaka,OPEN,12000.0,OCTANE,45000.0,45000
516,2026-01-06T09:00:00,depot-patiya,region-chattogram,OPEN,11000.0,DIESEL,85000.0,85000
516,2026-01-06T09:00:00,depot-patiya,region-chattogram,OPEN,11000.0,PETROL,65000.0,65000
516,2026-01-06T09:00:00,depot-patiya,region-chattogram,OPEN,11000.0,OCTANE,40000.0,40000
517,2026-01-06T09:15:00,depot-gazipur,region-dhaka,OPEN,12000.0,DIESEL,90000.0,90000
517,2026-01-06T09:15:00,depot-gazipur,region-dhaka,OPEN,12000.0,PETROL,70000.0,70000
517,2026-01-06T09:15:00,depot-gazipur,region-dhaka,OPEN,12000.0,OCTANE,45000.0,45000
517,2026-01-06T09:15:00,depot-patiya,region-chattogram,OPEN,11000.0,DIESEL,85000.0,85000
517,2026-01-06T09:15:00,depot-patiya,region-chattogram,OPEN,11000.0,PETROL,65000.0,65000
517,2026-01-06T09:15:00,depot-patiya,region-chattogram,OPEN,11000.0,OCTANE,40000.0,40000
518,2026-01-06T09:30:00,depot-gazipur,region-dhaka,OPEN,12000.0,DIESEL,90000.0,90000
518,2026-01-06T09:30:00,depot-gazipur,region-dhaka,OPEN,12000.0,PETROL,70000.0,70000
518,2026-01-06T09:30:00,depot-gazipur,region-dhaka,OPEN,12000.0,OCTANE,45000.0,45000
518,2026-01-06T09:30:00,depot-patiya,region-chattogram,OPEN,11000.0,DIESEL,85000.0,85000
518,2026-01-06T09:30:00,depot-patiya,region-chattogram,OPEN,11000.0,PETROL,65000.0,65000
518,2026-01-06T09:30:00,depot-patiya,region-chattogram,OPEN,11000.0,OCTANE,40000.0,40000
519,2026-01-06T09:45:00,depot-gazipur,region-dhaka,OPEN,12000.0,DIESEL,90000.0,90000
519,2026-01-06T09:45:00,depot-gazipur,region-dhaka,OPEN,12000.0,PETROL,70000.0,70000
519,2026-01-06T09:45:00,depot-gazipur,region-dhaka,OPEN,12000.0,OCTANE,45000.0,45000
519,2026-01-06T09:45:00,depot-patiya,region-chattogram,OPEN,11000.0,DIESEL,85000.0,85000
519,2026-01-06T09:45:00,depot-patiya,region-chattogram,OPEN,11000.0,PETROL,65000.0,65000
519,2026-01-06T09:45:00,depot-patiya,region-chattogram,OPEN,11000.0,OCTANE,40000.0,40000
520,2026-01-06T10:00:00,depot-gazipur,region-dhaka,OPEN,12000.0,DIESEL,90000.0,90000
520,2026-01-06T10:00:00,depot-gazipur,region-dhaka,OPEN,12000.0,PETROL,70000.0,70000
520,2026-01-06T10:00:00,depot-gazipur,region-dhaka,OPEN,12000.0,OCTANE,45000.0,45000
520,2026-01-06T10:00:00,depot-patiya,region-chattogram,OPEN,11000.0,DIESEL,85000.0,85000
520,2026-01-06T10:00:00,depot-patiya,region-chattogram,OPEN,11000.0,PETROL,65000.0,65000
520,2026-01-06T10:00:00,depot-patiya,region-chattogram,OPEN,11000.0,OCTANE,40000.0,40000
521,2026-01-06T10:15:00,depot-gazipur,region-dhaka,OPEN,12000.0,DIESEL,90000.0,90000
521,2026-01-06T10:15:00,depot-gazipur,region-dhaka,OPEN,12000.0,PETROL,70000.0,70000
521,2026-01-06T10:15:00,depot-gazipur,region-dhaka,OPEN,12000.0,OCTANE,45000.0,45000
521,2026-01-06T10:15:00,depot-patiya,region-chattogram,OPEN,11000.0,DIESEL,85000.0,85000
521,2026-01-06T10:15:00,depot-patiya,region-chattogram,OPEN,11000.0,PETROL,65000.0,65000
521,2026-01-06T10:15:00,depot-patiya,region-chattogram,OPEN,11000.0,OCTANE,40000.0,40000
522,2026-01-06T10:30:00,depot-gazipur,region-dhaka,OPEN,12000.0,DIESEL,90000.0,90000
522,2026-01-06T10:30:00,depot-gazipur,region-dhaka,OPEN,12000.0,PETROL,70000.0,70000
522,2026-01-06T10:30:00,depot-gazipur,region-dhaka,OPEN,12000.0,OCTANE,45000.0,45000
522,2026-01-06T10:30:00,depot-patiya,region-chattogram,OPEN,11000.0,DIESEL,85000.0,85000
522,2026-01-06T10:30:00,depot-patiya,region-chattogram,OPEN,11000.0,PETROL,65000.0,65000
522,2026-01-06T10:30:00,depot-patiya,region-chattogram,OPEN,11000.0,OCTANE,40000.0,40000
523,2026-01-06T10:45:00,depot-gazipur,region-dhaka,OPEN,12000.0,DIESEL,90000.0,90000
523,2026-01-06T10:45:00,depot-gazipur,region-dhaka,OPEN,12000.0,PETROL,70000.0,70000
523,2026-01-06T10:45:00,depot-gazipur,region-dhaka,OPEN,12000.0,OCTANE,45000.0,45000
523,2026-01-06T10:45:00,depot-patiya,region-chattogram,OPEN,11000.0,DIESEL,85000.0,85000
523,2026-01-06T10:45:00,depot-patiya,region-chattogram,OPEN,11000.0,PETROL,65000.0,65000
523,2026-01-06T10:45:00,depot-patiya,region-chattogram,OPEN,11000.0,OCTANE,40000.0,40000
524,2026-01-06T11:00:00,depot-gazipur,region-dhaka,OPEN,12000.0,DIESEL,90000.0,90000
524,2026-01-06T11:00:00,depot-gazipur,region-dhaka,OPEN,12000.0,PETROL,70000.0,70000
524,2026-01-06T11:00:00,depot-gazipur,region-dhaka,OPEN,12000.0,OCTANE,45000.0,45000
524,2026-01-06T11:00:00,depot-patiya,region-chattogram,OPEN,11000.0,DIESEL,85000.0,85000
524,2026-01-06T11:00:00,depot-patiya,region-chattogram,OPEN,11000.0,PETROL,65000.0,65000
524,2026-01-06T11:00:00,depot-patiya,region-chattogram,OPEN,11000.0,OCTANE,40000.0,40000
525,2026-01-06T11:15:00,depot-gazipur,region-dhaka,OPEN,12000.0,DIESEL,90000.0,90000
525,2026-01-06T11:15:00,depot-gazipur,region-dhaka,OPEN,12000.0,PETROL,70000.0,70000
525,2026-01-06T11:15:00,depot-gazipur,region-dhaka,OPEN,12000.0,OCTANE,45000.0,45000
525,2026-01-06T11:15:00,depot-patiya,region-chattogram,OPEN,11000.0,DIESEL,85000.0,85000
525,2026-01-06T11:15:00,depot-patiya,region-chattogram,OPEN,11000.0,PETROL,65000.0,65000
525,2026-01-06T11:15:00,depot-patiya,region-chattogram,OPEN,11000.0,OCTANE,40000.0,40000
526,2026-01-06T11:30:00,depot-gazipur,region-dhaka,OPEN,12000.0,DIESEL,90000.0,90000
526,2026-01-06T11:30:00,depot-gazipur,region-dhaka,OPEN,12000.0,PETROL,70000.0,70000
526,2026-01-06T11:30:00,depot-gazipur,region-dhaka,OPEN,12000.0,OCTANE,45000.0,45000
526,2026-01-06T11:30:00,depot-patiya,region-chattogram,OPEN,11000.0,DIESEL,85000.0,85000
526,2026-01-06T11:30:00,depot-patiya,region-chattogram,OPEN,11000.0,PETROL,65000.0,65000
526,2026-01-06T11:30:00,depot-patiya,region-chattogram,OPEN,11000.0,OCTANE,40000.0,40000
527,2026-01-06T11:45:00,depot-gazipur,region-dhaka,OPEN,12000.0,DIESEL,90000.0,90000
527,2026-01-06T11:45:00,depot-gazipur,region-dhaka,OPEN,12000.0,PETROL,70000.0,70000
527,2026-01-06T11:45:00,depot-gazipur,region-dhaka,OPEN,12000.0,OCTANE,45000.0,45000
527,2026-01-06T11:45:00,depot-patiya,region-chattogram,OPEN,11000.0,DIESEL,85000.0,85000
527,2026-01-06T11:45:00,depot-patiya,region-chattogram,OPEN,11000.0,PETROL,65000.0,65000
527,2026-01-06T11:45:00,depot-patiya,region-chattogram,OPEN,11000.0,OCTANE,40000.0,40000
528,2026-01-06T12:00:00,depot-gazipur,region-dhaka,OPEN,12000.0,DIESEL,90000.0,90000
528,2026-01-06T12:00:00,depot-gazipur,region-dhaka,OPEN,12000.0,PETROL,70000.0,70000
528,2026-01-06T12:00:00,depot-gazipur,region-dhaka,OPEN,12000.0,OCTANE,45000.0,45000
528,2026-01-06T12:00:00,depot-patiya,region-chattogram,OPEN,11000.0,DIESEL,85000.0,85000
528,2026-01-06T12:00:00,depot-patiya,region-chattogram,OPEN,11000.0,PETROL,65000.0,65000
528,2026-01-06T12:00:00,depot-patiya,region-chattogram,OPEN,11000.0,OCTANE,40000.0,40000
529,2026-01-06T12:15:00,depot-gazipur,region-dhaka,OPEN,12000.0,DIESEL,90000.0,90000
529,2026-01-06T12:15:00,depot-gazipur,region-dhaka,OPEN,12000.0,PETROL,70000.0,70000
529,2026-01-06T12:15:00,depot-gazipur,region-dhaka,OPEN,12000.0,OCTANE,45000.0,45000
529,2026-01-06T12:15:00,depot-patiya,region-chattogram,OPEN,11000.0,DIESEL,85000.0,85000
529,2026-01-06T12:15:00,depot-patiya,region-chattogram,OPEN,11000.0,PETROL,65000.0,65000
529,2026-01-06T12:15:00,depot-patiya,region-chattogram,OPEN,11000.0,OCTANE,40000.0,40000
530,2026-01-06T12:30:00,depot-gazipur,region-dhaka,OPEN,12000.0,DIESEL,90000.0,90000
530,2026-01-06T12:30:00,depot-gazipur,region-dhaka,OPEN,12000.0,PETROL,70000.0,70000
530,2026-01-06T12:30:00,depot-gazipur,region-dhaka,OPEN,12000.0,OCTANE,45000.0,45000
530,2026-01-06T12:30:00,depot-patiya,region-chattogram,OPEN,11000.0,DIESEL,85000.0,85000
530,2026-01-06T12:30:00,depot-patiya,region-chattogram,OPEN,11000.0,PETROL,65000.0,65000
530,2026-01-06T12:30:00,depot-patiya,region-chattogram,OPEN,11000.0,OCTANE,40000.0,40000
531,2026-01-06T12:45:00,depot-gazipur,region-dhaka,OPEN,12000.0,DIESEL,90000.0,90000
531,2026-01-06T12:45:00,depot-gazipur,region-dhaka,OPEN,12000.0,PETROL,70000.0,70000
531,2026-01-06T12:45:00,depot-gazipur,region-dhaka,OPEN,12000.0,OCTANE,45000.0,45000
531,2026-01-06T12:45:00,depot-patiya,region-chattogram,OPEN,11000.0,DIESEL,85000.0,85000
531,2026-01-06T12:45:00,depot-patiya,region-chattogram,OPEN,11000.0,PETROL,65000.0,65000
531,2026-01-06T12:45:00,depot-patiya,region-chattogram,OPEN,11000.0,OCTANE,40000.0,40000
532,2026-01-06T13:00:00,depot-gazipur,region-dhaka,OPEN,12000.0,DIESEL,90000.0,90000
532,2026-01-06T13:00:00,depot-gazipur,region-dhaka,OPEN,12000.0,PETROL,70000.0,70000
532,2026-01-06T13:00:00,depot-gazipur,region-dhaka,OPEN,12000.0,OCTANE,45000.0,45000
532,2026-01-06T13:00:00,depot-patiya,region-chattogram,OPEN,11000.0,DIESEL,85000.0,85000
532,2026-01-06T13:00:00,depot-patiya,region-chattogram,OPEN,11000.0,PETROL,65000.0,65000
532,2026-01-06T13:00:00,depot-patiya,region-chattogram,OPEN,11000.0,OCTANE,40000.0,40000
533,2026-01-06T13:15:00,depot-gazipur,region-dhaka,OPEN,12000.0,DIESEL,90000.0,90000
533,2026-01-06T13:15:00,depot-gazipur,region-dhaka,OPEN,12000.0,PETROL,70000.0,70000
533,2026-01-06T13:15:00,depot-gazipur,region-dhaka,OPEN,12000.0,OCTANE,45000.0,45000
533,2026-01-06T13:15:00,depot-patiya,region-chattogram,OPEN,11000.0,DIESEL,85000.0,85000
533,2026-01-06T13:15:00,depot-patiya,region-chattogram,OPEN,11000.0,PETROL,65000.0,65000
533,2026-01-06T13:15:00,depot-patiya,region-chattogram,OPEN,11000.0,OCTANE,40000.0,40000
534,2026-01-06T13:30:00,depot-gazipur,region-dhaka,OPEN,12000.0,DIESEL,90000.0,90000
534,2026-01-06T13:30:00,depot-gazipur,region-dhaka,OPEN,12000.0,PETROL,70000.0,70000
534,2026-01-06T13:30:00,depot-gazipur,region-dhaka,OPEN,12000.0,OCTANE,45000.0,45000
534,2026-01-06T13:30:00,depot-patiya,region-chattogram,OPEN,11000.0,DIESEL,85000.0,85000
534,2026-01-06T13:30:00,depot-patiya,region-chattogram,OPEN,11000.0,PETROL,65000.0,65000
534,2026-01-06T13:30:00,depot-patiya,region-chattogram,OPEN,11000.0,OCTANE,40000.0,40000
535,2026-01-06T13:45:00,depot-gazipur,region-dhaka,OPEN,12000.0,DIESEL,90000.0,90000
535,2026-01-06T13:45:00,depot-gazipur,region-dhaka,OPEN,12000.0,PETROL,70000.0,70000
535,2026-01-06T13:45:00,depot-gazipur,region-dhaka,OPEN,12000.0,OCTANE,45000.0,45000
535,2026-01-06T13:45:00,depot-patiya,region-chattogram,OPEN,11000.0,DIESEL,85000.0,85000
535,2026-01-06T13:45:00,depot-patiya,region-chattogram,OPEN,11000.0,PETROL,65000.0,65000
535,2026-01-06T13:45:00,depot-patiya,region-chattogram,OPEN,11000.0,OCTANE,40000.0,40000
536,2026-01-06T14:00:00,depot-gazipur,region-dhaka,OPEN,12000.0,DIESEL,90000.0,90000
536,2026-01-06T14:00:00,depot-gazipur,region-dhaka,OPEN,12000.0,PETROL,70000.0,70000
536,2026-01-06T14:00:00,depot-gazipur,region-dhaka,OPEN,12000.0,OCTANE,45000.0,45000
536,2026-01-06T14:00:00,depot-patiya,region-chattogram,OPEN,11000.0,DIESEL,85000.0,85000
536,2026-01-06T14:00:00,depot-patiya,region-chattogram,OPEN,11000.0,PETROL,65000.0,65000
536,2026-01-06T14:00:00,depot-patiya,region-chattogram,OPEN,11000.0,OCTANE,40000.0,40000
537,2026-01-06T14:15:00,depot-gazipur,region-dhaka,OPEN,12000.0,DIESEL,90000.0,90000
537,2026-01-06T14:15:00,depot-gazipur,region-dhaka,OPEN,12000.0,PETROL,70000.0,70000
537,2026-01-06T14:15:00,depot-gazipur,region-dhaka,OPEN,12000.0,OCTANE,45000.0,45000
537,2026-01-06T14:15:00,depot-patiya,region-chattogram,OPEN,11000.0,DIESEL,85000.0,85000
537,2026-01-06T14:15:00,depot-patiya,region-chattogram,OPEN,11000.0,PETROL,65000.0,65000
537,2026-01-06T14:15:00,depot-patiya,region-chattogram,OPEN,11000.0,OCTANE,40000.0,40000
538,2026-01-06T14:30:00,depot-gazipur,region-dhaka,OPEN,12000.0,DIESEL,90000.0,90000
538,2026-01-06T14:30:00,depot-gazipur,region-dhaka,OPEN,12000.0,PETROL,70000.0,70000
538,2026-01-06T14:30:00,depot-gazipur,region-dhaka,OPEN,12000.0,OCTANE,45000.0,45000
538,2026-01-06T14:30:00,depot-patiya,region-chattogram,OPEN,11000.0,DIESEL,85000.0,85000
538,2026-01-06T14:30:00,depot-patiya,region-chattogram,OPEN,11000.0,PETROL,65000.0,65000
538,2026-01-06T14:30:00,depot-patiya,region-chattogram,OPEN,11000.0,OCTANE,40000.0,40000
539,2026-01-06T14:45:00,depot-gazipur,region-dhaka,OPEN,12000.0,DIESEL,90000.0,90000
539,2026-01-06T14:45:00,depot-gazipur,region-dhaka,OPEN,12000.0,PETROL,70000.0,70000
539,2026-01-06T14:45:00,depot-gazipur,region-dhaka,OPEN,12000.0,OCTANE,45000.0,45000
539,2026-01-06T14:45:00,depot-patiya,region-chattogram,OPEN,11000.0,DIESEL,85000.0,85000
539,2026-01-06T14:45:00,depot-patiya,region-chattogram,OPEN,11000.0,PETROL,65000.0,65000
539,2026-01-06T14:45:00,depot-patiya,region-chattogram,OPEN,11000.0,OCTANE,40000.0,40000
540,2026-01-06T15:00:00,depot-gazipur,region-dhaka,OPEN,12000.0,DIESEL,90000.0,90000
540,2026-01-06T15:00:00,depot-gazipur,region-dhaka,OPEN,12000.0,PETROL,70000.0,70000
540,2026-01-06T15:00:00,depot-gazipur,region-dhaka,OPEN,12000.0,OCTANE,45000.0,45000
540,2026-01-06T15:00:00,depot-patiya,region-chattogram,OPEN,11000.0,DIESEL,85000.0,85000
540,2026-01-06T15:00:00,depot-patiya,region-chattogram,OPEN,11000.0,PETROL,65000.0,65000
540,2026-01-06T15:00:00,depot-patiya,region-chattogram,OPEN,11000.0,OCTANE,40000.0,40000
541,2026-01-06T15:15:00,depot-gazipur,region-dhaka,OPEN,12000.0,DIESEL,90000.0,90000
541,2026-01-06T15:15:00,depot-gazipur,region-dhaka,OPEN,12000.0,PETROL,70000.0,70000
541,2026-01-06T15:15:00,depot-gazipur,region-dhaka,OPEN,12000.0,OCTANE,45000.0,45000
541,2026-01-06T15:15:00,depot-patiya,region-chattogram,OPEN,11000.0,DIESEL,85000.0,85000
541,2026-01-06T15:15:00,depot-patiya,region-chattogram,OPEN,11000.0,PETROL,65000.0,65000
541,2026-01-06T15:15:00,depot-patiya,region-chattogram,OPEN,11000.0,OCTANE,40000.0,40000
542,2026-01-06T15:30:00,depot-gazipur,region-dhaka,OPEN,12000.0,DIESEL,90000.0,90000
542,2026-01-06T15:30:00,depot-gazipur,region-dhaka,OPEN,12000.0,PETROL,70000.0,70000
542,2026-01-06T15:30:00,depot-gazipur,region-dhaka,OPEN,12000.0,OCTANE,45000.0,45000
542,2026-01-06T15:30:00,depot-patiya,region-chattogram,OPEN,11000.0,DIESEL,85000.0,85000
542,2026-01-06T15:30:00,depot-patiya,region-chattogram,OPEN,11000.0,PETROL,65000.0,65000
542,2026-01-06T15:30:00,depot-patiya,region-chattogram,OPEN,11000.0,OCTANE,40000.0,40000
543,2026-01-06T15:45:00,depot-gazipur,region-dhaka,OPEN,12000.0,DIESEL,90000.0,90000
543,2026-01-06T15:45:00,depot-gazipur,region-dhaka,OPEN,12000.0,PETROL,70000.0,70000
543,2026-01-06T15:45:00,depot-gazipur,region-dhaka,OPEN,12000.0,OCTANE,45000.0,45000
543,2026-01-06T15:45:00,depot-patiya,region-chattogram,OPEN,11000.0,DIESEL,85000.0,85000
543,2026-01-06T15:45:00,depot-patiya,region-chattogram,OPEN,11000.0,PETROL,65000.0,65000
543,2026-01-06T15:45:00,depot-patiya,region-chattogram,OPEN,11000.0,OCTANE,40000.0,40000
544,2026-01-06T16:00:00,depot-gazipur,region-dhaka,OPEN,12000.0,DIESEL,90000.0,90000
544,2026-01-06T16:00:00,depot-gazipur,region-dhaka,OPEN,12000.0,PETROL,70000.0,70000
544,2026-01-06T16:00:00,depot-gazipur,region-dhaka,OPEN,12000.0,OCTANE,45000.0,45000
544,2026-01-06T16:00:00,depot-patiya,region-chattogram,OPEN,11000.0,DIESEL,85000.0,85000
544,2026-01-06T16:00:00,depot-patiya,region-chattogram,OPEN,11000.0,PETROL,65000.0,65000
544,2026-01-06T16:00:00,depot-patiya,region-chattogram,OPEN,11000.0,OCTANE,40000.0,40000
545,2026-01-06T16:15:00,depot-gazipur,region-dhaka,OPEN,12000.0,DIESEL,90000.0,90000
545,2026-01-06T16:15:00,depot-gazipur,region-dhaka,OPEN,12000.0,PETROL,70000.0,70000
545,2026-01-06T16:15:00,depot-gazipur,region-dhaka,OPEN,12000.0,OCTANE,45000.0,45000
545,2026-01-06T16:15:00,depot-patiya,region-chattogram,OPEN,11000.0,DIESEL,85000.0,85000
545,2026-01-06T16:15:00,depot-patiya,region-chattogram,OPEN,11000.0,PETROL,65000.0,65000
545,2026-01-06T16:15:00,depot-patiya,region-chattogram,OPEN,11000.0,OCTANE,40000.0,40000
546,2026-01-06T16:30:00,depot-gazipur,region-dhaka,OPEN,12000.0,DIESEL,90000.0,90000
546,2026-01-06T16:30:00,depot-gazipur,region-dhaka,OPEN,12000.0,PETROL,70000.0,70000
546,2026-01-06T16:30:00,depot-gazipur,region-dhaka,OPEN,12000.0,OCTANE,45000.0,45000
546,2026-01-06T16:30:00,depot-patiya,region-chattogram,OPEN,11000.0,DIESEL,85000.0,85000
546,2026-01-06T16:30:00,depot-patiya,region-chattogram,OPEN,11000.0,PETROL,65000.0,65000
546,2026-01-06T16:30:00,depot-patiya,region-chattogram,OPEN,11000.0,OCTANE,40000.0,40000
547,2026-01-06T16:45:00,depot-gazipur,region-dhaka,OPEN,12000.0,DIESEL,90000.0,90000
547,2026-01-06T16:45:00,depot-gazipur,region-dhaka,OPEN,12000.0,PETROL,70000.0,70000
547,2026-01-06T16:45:00,depot-gazipur,region-dhaka,OPEN,12000.0,OCTANE,45000.0,45000
547,2026-01-06T16:45:00,depot-patiya,region-chattogram,OPEN,11000.0,DIESEL,85000.0,85000
547,2026-01-06T16:45:00,depot-patiya,region-chattogram,OPEN,11000.0,PETROL,65000.0,65000
547,2026-01-06T16:45:00,depot-patiya,region-chattogram,OPEN,11000.0,OCTANE,40000.0,40000
548,2026-01-06T17:00:00,depot-gazipur,region-dhaka,OPEN,12000.0,DIESEL,90000.0,90000
548,2026-01-06T17:00:00,depot-gazipur,region-dhaka,OPEN,12000.0,PETROL,70000.0,70000
548,2026-01-06T17:00:00,depot-gazipur,region-dhaka,OPEN,12000.0,OCTANE,45000.0,45000
548,2026-01-06T17:00:00,depot-patiya,region-chattogram,OPEN,11000.0,DIESEL,85000.0,85000
548,2026-01-06T17:00:00,depot-patiya,region-chattogram,OPEN,11000.0,PETROL,65000.0,65000
548,2026-01-06T17:00:00,depot-patiya,region-chattogram,OPEN,11000.0,OCTANE,40000.0,40000
549,2026-01-06T17:15:00,depot-gazipur,region-dhaka,OPEN,12000.0,DIESEL,90000.0,90000
549,2026-01-06T17:15:00,depot-gazipur,region-dhaka,OPEN,12000.0,PETROL,70000.0,70000
549,2026-01-06T17:15:00,depot-gazipur,region-dhaka,OPEN,12000.0,OCTANE,45000.0,45000
549,2026-01-06T17:15:00,depot-patiya,region-chattogram,OPEN,11000.0,DIESEL,85000.0,85000
549,2026-01-06T17:15:00,depot-patiya,region-chattogram,OPEN,11000.0,PETROL,65000.0,65000
549,2026-01-06T17:15:00,depot-patiya,region-chattogram,OPEN,11000.0,OCTANE,40000.0,40000
550,2026-01-06T17:30:00,depot-gazipur,region-dhaka,OPEN,12000.0,DIESEL,90000.0,90000
550,2026-01-06T17:30:00,depot-gazipur,region-dhaka,OPEN,12000.0,PETROL,70000.0,70000
550,2026-01-06T17:30:00,depot-gazipur,region-dhaka,OPEN,12000.0,OCTANE,45000.0,45000
550,2026-01-06T17:30:00,depot-patiya,region-chattogram,OPEN,11000.0,DIESEL,85000.0,85000
550,2026-01-06T17:30:00,depot-patiya,region-chattogram,OPEN,11000.0,PETROL,65000.0,65000
550,2026-01-06T17:30:00,depot-patiya,region-chattogram,OPEN,11000.0,OCTANE,40000.0,40000
551,2026-01-06T17:45:00,depot-gazipur,region-dhaka,OPEN,12000.0,DIESEL,90000.0,90000
551,2026-01-06T17:45:00,depot-gazipur,region-dhaka,OPEN,12000.0,PETROL,70000.0,70000
551,2026-01-06T17:45:00,depot-gazipur,region-dhaka,OPEN,12000.0,OCTANE,45000.0,45000
551,2026-01-06T17:45:00,depot-patiya,region-chattogram,OPEN,11000.0,DIESEL,85000.0,85000
551,2026-01-06T17:45:00,depot-patiya,region-chattogram,OPEN,11000.0,PETROL,65000.0,65000
551,2026-01-06T17:45:00,depot-patiya,region-chattogram,OPEN,11000.0,OCTANE,40000.0,40000
552,2026-01-06T18:00:00,depot-gazipur,region-dhaka,OPEN,12000.0,DIESEL,90000.0,90000
552,2026-01-06T18:00:00,depot-gazipur,region-dhaka,OPEN,12000.0,PETROL,70000.0,70000
552,2026-01-06T18:00:00,depot-gazipur,region-dhaka,OPEN,12000.0,OCTANE,45000.0,45000
552,2026-01-06T18:00:00,depot-patiya,region-chattogram,OPEN,11000.0,DIESEL,85000.0,85000
552,2026-01-06T18:00:00,depot-patiya,region-chattogram,OPEN,11000.0,PETROL,65000.0,65000
552,2026-01-06T18:00:00,depot-patiya,region-chattogram,OPEN,11000.0,OCTANE,40000.0,40000
553,2026-01-06T18:15:00,depot-gazipur,region-dhaka,OPEN,12000.0,DIESEL,90000.0,90000
553,2026-01-06T18:15:00,depot-gazipur,region-dhaka,OPEN,12000.0,PETROL,70000.0,70000
553,2026-01-06T18:15:00,depot-gazipur,region-dhaka,OPEN,12000.0,OCTANE,45000.0,45000
553,2026-01-06T18:15:00,depot-patiya,region-chattogram,OPEN,11000.0,DIESEL,85000.0,85000
553,2026-01-06T18:15:00,depot-patiya,region-chattogram,OPEN,11000.0,PETROL,65000.0,65000
553,2026-01-06T18:15:00,depot-patiya,region-chattogram,OPEN,11000.0,OCTANE,40000.0,40000
554,2026-01-06T18:30:00,depot-gazipur,region-dhaka,OPEN,12000.0,DIESEL,90000.0,90000
554,2026-01-06T18:30:00,depot-gazipur,region-dhaka,OPEN,12000.0,PETROL,70000.0,70000
554,2026-01-06T18:30:00,depot-gazipur,region-dhaka,OPEN,12000.0,OCTANE,45000.0,45000
554,2026-01-06T18:30:00,depot-patiya,region-chattogram,OPEN,11000.0,DIESEL,85000.0,85000
554,2026-01-06T18:30:00,depot-patiya,region-chattogram,OPEN,11000.0,PETROL,65000.0,65000
554,2026-01-06T18:30:00,depot-patiya,region-chattogram,OPEN,11000.0,OCTANE,40000.0,40000
555,2026-01-06T18:45:00,depot-gazipur,region-dhaka,OPEN,12000.0,DIESEL,90000.0,90000
555,2026-01-06T18:45:00,depot-gazipur,region-dhaka,OPEN,12000.0,PETROL,70000.0,70000
555,2026-01-06T18:45:00,depot-gazipur,region-dhaka,OPEN,12000.0,OCTANE,45000.0,45000
555,2026-01-06T18:45:00,depot-patiya,region-chattogram,OPEN,11000.0,DIESEL,85000.0,85000
555,2026-01-06T18:45:00,depot-patiya,region-chattogram,OPEN,11000.0,PETROL,65000.0,65000
555,2026-01-06T18:45:00,depot-patiya,region-chattogram,OPEN,11000.0,OCTANE,40000.0,40000
556,2026-01-06T19:00:00,depot-gazipur,region-dhaka,OPEN,12000.0,DIESEL,90000.0,90000
556,2026-01-06T19:00:00,depot-gazipur,region-dhaka,OPEN,12000.0,PETROL,70000.0,70000
556,2026-01-06T19:00:00,depot-gazipur,region-dhaka,OPEN,12000.0,OCTANE,45000.0,45000
556,2026-01-06T19:00:00,depot-patiya,region-chattogram,OPEN,11000.0,DIESEL,85000.0,85000
556,2026-01-06T19:00:00,depot-patiya,region-chattogram,OPEN,11000.0,PETROL,65000.0,65000
556,2026-01-06T19:00:00,depot-patiya,region-chattogram,OPEN,11000.0,OCTANE,40000.0,40000
557,2026-01-06T19:15:00,depot-gazipur,region-dhaka,OPEN,12000.0,DIESEL,90000.0,90000
557,2026-01-06T19:15:00,depot-gazipur,region-dhaka,OPEN,12000.0,PETROL,70000.0,70000
557,2026-01-06T19:15:00,depot-gazipur,region-dhaka,OPEN,12000.0,OCTANE,45000.0,45000
557,2026-01-06T19:15:00,depot-patiya,region-chattogram,OPEN,11000.0,DIESEL,85000.0,85000
557,2026-01-06T19:15:00,depot-patiya,region-chattogram,OPEN,11000.0,PETROL,65000.0,65000
557,2026-01-06T19:15:00,depot-patiya,region-chattogram,OPEN,11000.0,OCTANE,40000.0,40000
558,2026-01-06T19:30:00,depot-gazipur,region-dhaka,OPEN,12000.0,DIESEL,90000.0,90000
558,2026-01-06T19:30:00,depot-gazipur,region-dhaka,OPEN,12000.0,PETROL,70000.0,70000
558,2026-01-06T19:30:00,depot-gazipur,region-dhaka,OPEN,12000.0,OCTANE,45000.0,45000
558,2026-01-06T19:30:00,depot-patiya,region-chattogram,OPEN,11000.0,DIESEL,85000.0,85000
558,2026-01-06T19:30:00,depot-patiya,region-chattogram,OPEN,11000.0,PETROL,65000.0,65000
558,2026-01-06T19:30:00,depot-patiya,region-chattogram,OPEN,11000.0,OCTANE,40000.0,40000
559,2026-01-06T19:45:00,depot-gazipur,region-dhaka,OPEN,12000.0,DIESEL,90000.0,90000
559,2026-01-06T19:45:00,depot-gazipur,region-dhaka,OPEN,12000.0,PETROL,70000.0,70000
559,2026-01-06T19:45:00,depot-gazipur,region-dhaka,OPEN,12000.0,OCTANE,45000.0,45000
559,2026-01-06T19:45:00,depot-patiya,region-chattogram,OPEN,11000.0,DIESEL,85000.0,85000
559,2026-01-06T19:45:00,depot-patiya,region-chattogram,OPEN,11000.0,PETROL,65000.0,65000
559,2026-01-06T19:45:00,depot-patiya,region-chattogram,OPEN,11000.0,OCTANE,40000.0,40000
560,2026-01-06T20:00:00,depot-gazipur,region-dhaka,OPEN,12000.0,DIESEL,90000.0,90000
560,2026-01-06T20:00:00,depot-gazipur,region-dhaka,OPEN,12000.0,PETROL,70000.0,70000
560,2026-01-06T20:00:00,depot-gazipur,region-dhaka,OPEN,12000.0,OCTANE,45000.0,45000
560,2026-01-06T20:00:00,depot-patiya,region-chattogram,OPEN,11000.0,DIESEL,85000.0,85000
560,2026-01-06T20:00:00,depot-patiya,region-chattogram,OPEN,11000.0,PETROL,65000.0,65000
560,2026-01-06T20:00:00,depot-patiya,region-chattogram,OPEN,11000.0,OCTANE,40000.0,40000
561,2026-01-06T20:15:00,depot-gazipur,region-dhaka,OPEN,12000.0,DIESEL,90000.0,90000
561,2026-01-06T20:15:00,depot-gazipur,region-dhaka,OPEN,12000.0,PETROL,70000.0,70000
561,2026-01-06T20:15:00,depot-gazipur,region-dhaka,OPEN,12000.0,OCTANE,45000.0,45000
561,2026-01-06T20:15:00,depot-patiya,region-chattogram,OPEN,11000.0,DIESEL,85000.0,85000
561,2026-01-06T20:15:00,depot-patiya,region-chattogram,OPEN,11000.0,PETROL,65000.0,65000
561,2026-01-06T20:15:00,depot-patiya,region-chattogram,OPEN,11000.0,OCTANE,40000.0,40000
562,2026-01-06T20:30:00,depot-gazipur,region-dhaka,OPEN,12000.0,DIESEL,90000.0,90000
562,2026-01-06T20:30:00,depot-gazipur,region-dhaka,OPEN,12000.0,PETROL,70000.0,70000
562,2026-01-06T20:30:00,depot-gazipur,region-dhaka,OPEN,12000.0,OCTANE,45000.0,45000
562,2026-01-06T20:30:00,depot-patiya,region-chattogram,OPEN,11000.0,DIESEL,85000.0,85000
562,2026-01-06T20:30:00,depot-patiya,region-chattogram,OPEN,11000.0,PETROL,65000.0,65000
562,2026-01-06T20:30:00,depot-patiya,region-chattogram,OPEN,11000.0,OCTANE,40000.0,40000
563,2026-01-06T20:45:00,depot-gazipur,region-dhaka,OPEN,12000.0,DIESEL,90000.0,90000
563,2026-01-06T20:45:00,depot-gazipur,region-dhaka,OPEN,12000.0,PETROL,70000.0,70000
563,2026-01-06T20:45:00,depot-gazipur,region-dhaka,OPEN,12000.0,OCTANE,45000.0,45000
563,2026-01-06T20:45:00,depot-patiya,region-chattogram,OPEN,11000.0,DIESEL,85000.0,85000
563,2026-01-06T20:45:00,depot-patiya,region-chattogram,OPEN,11000.0,PETROL,65000.0,65000
563,2026-01-06T20:45:00,depot-patiya,region-chattogram,OPEN,11000.0,OCTANE,40000.0,40000
564,2026-01-06T21:00:00,depot-gazipur,region-dhaka,OPEN,12000.0,DIESEL,90000.0,90000
564,2026-01-06T21:00:00,depot-gazipur,region-dhaka,OPEN,12000.0,PETROL,70000.0,70000
564,2026-01-06T21:00:00,depot-gazipur,region-dhaka,OPEN,12000.0,OCTANE,45000.0,45000
564,2026-01-06T21:00:00,depot-patiya,region-chattogram,OPEN,11000.0,DIESEL,85000.0,85000
564,2026-01-06T21:00:00,depot-patiya,region-chattogram,OPEN,11000.0,PETROL,65000.0,65000
564,2026-01-06T21:00:00,depot-patiya,region-chattogram,OPEN,11000.0,OCTANE,40000.0,40000
565,2026-01-06T21:15:00,depot-gazipur,region-dhaka,OPEN,12000.0,DIESEL,90000.0,90000
565,2026-01-06T21:15:00,depot-gazipur,region-dhaka,OPEN,12000.0,PETROL,70000.0,70000
565,2026-01-06T21:15:00,depot-gazipur,region-dhaka,OPEN,12000.0,OCTANE,45000.0,45000
565,2026-01-06T21:15:00,depot-patiya,region-chattogram,OPEN,11000.0,DIESEL,85000.0,85000
565,2026-01-06T21:15:00,depot-patiya,region-chattogram,OPEN,11000.0,PETROL,65000.0,65000
565,2026-01-06T21:15:00,depot-patiya,region-chattogram,OPEN,11000.0,OCTANE,40000.0,40000
566,2026-01-06T21:30:00,depot-gazipur,region-dhaka,OPEN,12000.0,DIESEL,90000.0,90000
566,2026-01-06T21:30:00,depot-gazipur,region-dhaka,OPEN,12000.0,PETROL,70000.0,70000
566,2026-01-06T21:30:00,depot-gazipur,region-dhaka,OPEN,12000.0,OCTANE,45000.0,45000
566,2026-01-06T21:30:00,depot-patiya,region-chattogram,OPEN,11000.0,DIESEL,85000.0,85000
566,2026-01-06T21:30:00,depot-patiya,region-chattogram,OPEN,11000.0,PETROL,65000.0,65000
566,2026-01-06T21:30:00,depot-patiya,region-chattogram,OPEN,11000.0,OCTANE,40000.0,40000
567,2026-01-06T21:45:00,depot-gazipur,region-dhaka,OPEN,12000.0,DIESEL,90000.0,90000
567,2026-01-06T21:45:00,depot-gazipur,region-dhaka,OPEN,12000.0,PETROL,70000.0,70000
567,2026-01-06T21:45:00,depot-gazipur,region-dhaka,OPEN,12000.0,OCTANE,45000.0,45000
567,2026-01-06T21:45:00,depot-patiya,region-chattogram,OPEN,11000.0,DIESEL,85000.0,85000
567,2026-01-06T21:45:00,depot-patiya,region-chattogram,OPEN,11000.0,PETROL,65000.0,65000
567,2026-01-06T21:45:00,depot-patiya,region-chattogram,OPEN,11000.0,OCTANE,40000.0,40000
568,2026-01-06T22:00:00,depot-gazipur,region-dhaka,OPEN,12000.0,DIESEL,90000.0,90000
568,2026-01-06T22:00:00,depot-gazipur,region-dhaka,OPEN,12000.0,PETROL,70000.0,70000
568,2026-01-06T22:00:00,depot-gazipur,region-dhaka,OPEN,12000.0,OCTANE,45000.0,45000
568,2026-01-06T22:00:00,depot-patiya,region-chattogram,OPEN,11000.0,DIESEL,85000.0,85000
568,2026-01-06T22:00:00,depot-patiya,region-chattogram,OPEN,11000.0,PETROL,65000.0,65000
568,2026-01-06T22:00:00,depot-patiya,region-chattogram,OPEN,11000.0,OCTANE,40000.0,40000
569,2026-01-06T22:15:00,depot-gazipur,region-dhaka,OPEN,12000.0,DIESEL,90000.0,90000
569,2026-01-06T22:15:00,depot-gazipur,region-dhaka,OPEN,12000.0,PETROL,70000.0,70000
569,2026-01-06T22:15:00,depot-gazipur,region-dhaka,OPEN,12000.0,OCTANE,45000.0,45000
569,2026-01-06T22:15:00,depot-patiya,region-chattogram,OPEN,11000.0,DIESEL,85000.0,85000
569,2026-01-06T22:15:00,depot-patiya,region-chattogram,OPEN,11000.0,PETROL,65000.0,65000
569,2026-01-06T22:15:00,depot-patiya,region-chattogram,OPEN,11000.0,OCTANE,40000.0,40000
570,2026-01-06T22:30:00,depot-gazipur,region-dhaka,OPEN,12000.0,DIESEL,90000.0,90000
570,2026-01-06T22:30:00,depot-gazipur,region-dhaka,OPEN,12000.0,PETROL,70000.0,70000
570,2026-01-06T22:30:00,depot-gazipur,region-dhaka,OPEN,12000.0,OCTANE,45000.0,45000
570,2026-01-06T22:30:00,depot-patiya,region-chattogram,OPEN,11000.0,DIESEL,85000.0,85000
570,2026-01-06T22:30:00,depot-patiya,region-chattogram,OPEN,11000.0,PETROL,65000.0,65000
570,2026-01-06T22:30:00,depot-patiya,region-chattogram,OPEN,11000.0,OCTANE,40000.0,40000
571,2026-01-06T22:45:00,depot-gazipur,region-dhaka,OPEN,12000.0,DIESEL,90000.0,90000
571,2026-01-06T22:45:00,depot-gazipur,region-dhaka,OPEN,12000.0,PETROL,70000.0,70000
571,2026-01-06T22:45:00,depot-gazipur,region-dhaka,OPEN,12000.0,OCTANE,45000.0,45000
571,2026-01-06T22:45:00,depot-patiya,region-chattogram,OPEN,11000.0,DIESEL,85000.0,85000
571,2026-01-06T22:45:00,depot-patiya,region-chattogram,OPEN,11000.0,PETROL,65000.0,65000
571,2026-01-06T22:45:00,depot-patiya,region-chattogram,OPEN,11000.0,OCTANE,40000.0,40000
572,2026-01-06T23:00:00,depot-gazipur,region-dhaka,OPEN,12000.0,DIESEL,90000.0,90000
572,2026-01-06T23:00:00,depot-gazipur,region-dhaka,OPEN,12000.0,PETROL,70000.0,70000
572,2026-01-06T23:00:00,depot-gazipur,region-dhaka,OPEN,12000.0,OCTANE,45000.0,45000
572,2026-01-06T23:00:00,depot-patiya,region-chattogram,OPEN,11000.0,DIESEL,85000.0,85000
572,2026-01-06T23:00:00,depot-patiya,region-chattogram,OPEN,11000.0,PETROL,65000.0,65000
572,2026-01-06T23:00:00,depot-patiya,region-chattogram,OPEN,11000.0,OCTANE,40000.0,40000
573,2026-01-06T23:15:00,depot-gazipur,region-dhaka,OPEN,12000.0,DIESEL,90000.0,90000
573,2026-01-06T23:15:00,depot-gazipur,region-dhaka,OPEN,12000.0,PETROL,70000.0,70000
573,2026-01-06T23:15:00,depot-gazipur,region-dhaka,OPEN,12000.0,OCTANE,45000.0,45000
573,2026-01-06T23:15:00,depot-patiya,region-chattogram,OPEN,11000.0,DIESEL,85000.0,85000
573,2026-01-06T23:15:00,depot-patiya,region-chattogram,OPEN,11000.0,PETROL,65000.0,65000
573,2026-01-06T23:15:00,depot-patiya,region-chattogram,OPEN,11000.0,OCTANE,40000.0,40000
574,2026-01-06T23:30:00,depot-gazipur,region-dhaka,OPEN,12000.0,DIESEL,90000.0,90000
574,2026-01-06T23:30:00,depot-gazipur,region-dhaka,OPEN,12000.0,PETROL,70000.0,70000
574,2026-01-06T23:30:00,depot-gazipur,region-dhaka,OPEN,12000.0,OCTANE,45000.0,45000
574,2026-01-06T23:30:00,depot-patiya,region-chattogram,OPEN,11000.0,DIESEL,85000.0,85000
574,2026-01-06T23:30:00,depot-patiya,region-chattogram,OPEN,11000.0,PETROL,65000.0,65000
574,2026-01-06T23:30:00,depot-patiya,region-chattogram,OPEN,11000.0,OCTANE,40000.0,40000
575,2026-01-06T23:45:00,depot-gazipur,region-dhaka,OPEN,12000.0,DIESEL,90000.0,90000
575,2026-01-06T23:45:00,depot-gazipur,region-dhaka,OPEN,12000.0,PETROL,70000.0,70000
575,2026-01-06T23:45:00,depot-gazipur,region-dhaka,OPEN,12000.0,OCTANE,45000.0,45000
575,2026-01-06T23:45:00,depot-patiya,region-chattogram,OPEN,11000.0,DIESEL,85000.0,85000
575,2026-01-06T23:45:00,depot-patiya,region-chattogram,OPEN,11000.0,PETROL,65000.0,65000
575,2026-01-06T23:45:00,depot-patiya,region-chattogram,OPEN,11000.0,OCTANE,40000.0,40000
576,2026-01-07T00:00:00,depot-gazipur,region-dhaka,OPEN,12000.0,DIESEL,90000.0,90000
576,2026-01-07T00:00:00,depot-gazipur,region-dhaka,OPEN,12000.0,PETROL,70000.0,70000
576,2026-01-07T00:00:00,depot-gazipur,region-dhaka,OPEN,12000.0,OCTANE,45000.0,45000
576,2026-01-07T00:00:00,depot-patiya,region-chattogram,OPEN,11000.0,DIESEL,85000.0,85000
576,2026-01-07T00:00:00,depot-patiya,region-chattogram,OPEN,11000.0,PETROL,65000.0,65000
576,2026-01-07T00:00:00,depot-patiya,region-chattogram,OPEN,11000.0,OCTANE,40000.0,40000
577,2026-01-07T00:15:00,depot-gazipur,region-dhaka,OPEN,12000.0,DIESEL,90000.0,90000
577,2026-01-07T00:15:00,depot-gazipur,region-dhaka,OPEN,12000.0,PETROL,70000.0,70000
577,2026-01-07T00:15:00,depot-gazipur,region-dhaka,OPEN,12000.0,OCTANE,45000.0,45000
577,2026-01-07T00:15:00,depot-patiya,region-chattogram,OPEN,11000.0,DIESEL,85000.0,85000
577,2026-01-07T00:15:00,depot-patiya,region-chattogram,OPEN,11000.0,PETROL,65000.0,65000
577,2026-01-07T00:15:00,depot-patiya,region-chattogram,OPEN,11000.0,OCTANE,40000.0,40000
578,2026-01-07T00:30:00,depot-gazipur,region-dhaka,OPEN,12000.0,DIESEL,90000.0,90000
578,2026-01-07T00:30:00,depot-gazipur,region-dhaka,OPEN,12000.0,PETROL,70000.0,70000
578,2026-01-07T00:30:00,depot-gazipur,region-dhaka,OPEN,12000.0,OCTANE,45000.0,45000
578,2026-01-07T00:30:00,depot-patiya,region-chattogram,OPEN,11000.0,DIESEL,85000.0,85000
578,2026-01-07T00:30:00,depot-patiya,region-chattogram,OPEN,11000.0,PETROL,65000.0,65000
578,2026-01-07T00:30:00,depot-patiya,region-chattogram,OPEN,11000.0,OCTANE,40000.0,40000
579,2026-01-07T00:45:00,depot-gazipur,region-dhaka,OPEN,12000.0,DIESEL,90000.0,90000
579,2026-01-07T00:45:00,depot-gazipur,region-dhaka,OPEN,12000.0,PETROL,70000.0,70000
579,2026-01-07T00:45:00,depot-gazipur,region-dhaka,OPEN,12000.0,OCTANE,45000.0,45000
579,2026-01-07T00:45:00,depot-patiya,region-chattogram,OPEN,11000.0,DIESEL,85000.0,85000
579,2026-01-07T00:45:00,depot-patiya,region-chattogram,OPEN,11000.0,PETROL,65000.0,65000
579,2026-01-07T00:45:00,depot-patiya,region-chattogram,OPEN,11000.0,OCTANE,40000.0,40000
580,2026-01-07T01:00:00,depot-gazipur,region-dhaka,OPEN,12000.0,DIESEL,90000.0,90000
580,2026-01-07T01:00:00,depot-gazipur,region-dhaka,OPEN,12000.0,PETROL,70000.0,70000
580,2026-01-07T01:00:00,depot-gazipur,region-dhaka,OPEN,12000.0,OCTANE,45000.0,45000
580,2026-01-07T01:00:00,depot-patiya,region-chattogram,OPEN,11000.0,DIESEL,85000.0,85000
580,2026-01-07T01:00:00,depot-patiya,region-chattogram,OPEN,11000.0,PETROL,65000.0,65000
580,2026-01-07T01:00:00,depot-patiya,region-chattogram,OPEN,11000.0,OCTANE,40000.0,40000
581,2026-01-07T01:15:00,depot-gazipur,region-dhaka,OPEN,12000.0,DIESEL,90000.0,90000
581,2026-01-07T01:15:00,depot-gazipur,region-dhaka,OPEN,12000.0,PETROL,70000.0,70000
581,2026-01-07T01:15:00,depot-gazipur,region-dhaka,OPEN,12000.0,OCTANE,45000.0,45000
581,2026-01-07T01:15:00,depot-patiya,region-chattogram,OPEN,11000.0,DIESEL,85000.0,85000
581,2026-01-07T01:15:00,depot-patiya,region-chattogram,OPEN,11000.0,PETROL,65000.0,65000
581,2026-01-07T01:15:00,depot-patiya,region-chattogram,OPEN,11000.0,OCTANE,40000.0,40000
582,2026-01-07T01:30:00,depot-gazipur,region-dhaka,OPEN,12000.0,DIESEL,90000.0,90000
582,2026-01-07T01:30:00,depot-gazipur,region-dhaka,OPEN,12000.0,PETROL,70000.0,70000
582,2026-01-07T01:30:00,depot-gazipur,region-dhaka,OPEN,12000.0,OCTANE,45000.0,45000
582,2026-01-07T01:30:00,depot-patiya,region-chattogram,OPEN,11000.0,DIESEL,85000.0,85000
582,2026-01-07T01:30:00,depot-patiya,region-chattogram,OPEN,11000.0,PETROL,65000.0,65000
582,2026-01-07T01:30:00,depot-patiya,region-chattogram,OPEN,11000.0,OCTANE,40000.0,40000
583,2026-01-07T01:45:00,depot-gazipur,region-dhaka,OPEN,12000.0,DIESEL,90000.0,90000
583,2026-01-07T01:45:00,depot-gazipur,region-dhaka,OPEN,12000.0,PETROL,70000.0,70000
583,2026-01-07T01:45:00,depot-gazipur,region-dhaka,OPEN,12000.0,OCTANE,45000.0,45000
583,2026-01-07T01:45:00,depot-patiya,region-chattogram,OPEN,11000.0,DIESEL,85000.0,85000
583,2026-01-07T01:45:00,depot-patiya,region-chattogram,OPEN,11000.0,PETROL,65000.0,65000
583,2026-01-07T01:45:00,depot-patiya,region-chattogram,OPEN,11000.0,OCTANE,40000.0,40000
584,2026-01-07T02:00:00,depot-gazipur,region-dhaka,OPEN,12000.0,DIESEL,90000.0,90000
584,2026-01-07T02:00:00,depot-gazipur,region-dhaka,OPEN,12000.0,PETROL,70000.0,70000
584,2026-01-07T02:00:00,depot-gazipur,region-dhaka,OPEN,12000.0,OCTANE,45000.0,45000
584,2026-01-07T02:00:00,depot-patiya,region-chattogram,OPEN,11000.0,DIESEL,85000.0,85000
584,2026-01-07T02:00:00,depot-patiya,region-chattogram,OPEN,11000.0,PETROL,65000.0,65000
584,2026-01-07T02:00:00,depot-patiya,region-chattogram,OPEN,11000.0,OCTANE,40000.0,40000
585,2026-01-07T02:15:00,depot-gazipur,region-dhaka,OPEN,12000.0,DIESEL,90000.0,90000
585,2026-01-07T02:15:00,depot-gazipur,region-dhaka,OPEN,12000.0,PETROL,70000.0,70000
585,2026-01-07T02:15:00,depot-gazipur,region-dhaka,OPEN,12000.0,OCTANE,45000.0,45000
585,2026-01-07T02:15:00,depot-patiya,region-chattogram,OPEN,11000.0,DIESEL,85000.0,85000
585,2026-01-07T02:15:00,depot-patiya,region-chattogram,OPEN,11000.0,PETROL,65000.0,65000
585,2026-01-07T02:15:00,depot-patiya,region-chattogram,OPEN,11000.0,OCTANE,40000.0,40000
586,2026-01-07T02:30:00,depot-gazipur,region-dhaka,OPEN,12000.0,DIESEL,90000.0,90000
586,2026-01-07T02:30:00,depot-gazipur,region-dhaka,OPEN,12000.0,PETROL,70000.0,70000
586,2026-01-07T02:30:00,depot-gazipur,region-dhaka,OPEN,12000.0,OCTANE,45000.0,45000
586,2026-01-07T02:30:00,depot-patiya,region-chattogram,OPEN,11000.0,DIESEL,85000.0,85000
586,2026-01-07T02:30:00,depot-patiya,region-chattogram,OPEN,11000.0,PETROL,65000.0,65000
586,2026-01-07T02:30:00,depot-patiya,region-chattogram,OPEN,11000.0,OCTANE,40000.0,40000
587,2026-01-07T02:45:00,depot-gazipur,region-dhaka,OPEN,12000.0,DIESEL,90000.0,90000
587,2026-01-07T02:45:00,depot-gazipur,region-dhaka,OPEN,12000.0,PETROL,70000.0,70000
587,2026-01-07T02:45:00,depot-gazipur,region-dhaka,OPEN,12000.0,OCTANE,45000.0,45000
587,2026-01-07T02:45:00,depot-patiya,region-chattogram,OPEN,11000.0,DIESEL,85000.0,85000
587,2026-01-07T02:45:00,depot-patiya,region-chattogram,OPEN,11000.0,PETROL,65000.0,65000
587,2026-01-07T02:45:00,depot-patiya,region-chattogram,OPEN,11000.0,OCTANE,40000.0,40000
588,2026-01-07T03:00:00,depot-gazipur,region-dhaka,OPEN,12000.0,DIESEL,90000.0,90000
588,2026-01-07T03:00:00,depot-gazipur,region-dhaka,OPEN,12000.0,PETROL,70000.0,70000
588,2026-01-07T03:00:00,depot-gazipur,region-dhaka,OPEN,12000.0,OCTANE,45000.0,45000
588,2026-01-07T03:00:00,depot-patiya,region-chattogram,OPEN,11000.0,DIESEL,85000.0,85000
588,2026-01-07T03:00:00,depot-patiya,region-chattogram,OPEN,11000.0,PETROL,65000.0,65000
588,2026-01-07T03:00:00,depot-patiya,region-chattogram,OPEN,11000.0,OCTANE,40000.0,40000
589,2026-01-07T03:15:00,depot-gazipur,region-dhaka,OPEN,12000.0,DIESEL,90000.0,90000
589,2026-01-07T03:15:00,depot-gazipur,region-dhaka,OPEN,12000.0,PETROL,70000.0,70000
589,2026-01-07T03:15:00,depot-gazipur,region-dhaka,OPEN,12000.0,OCTANE,45000.0,45000
589,2026-01-07T03:15:00,depot-patiya,region-chattogram,OPEN,11000.0,DIESEL,85000.0,85000
589,2026-01-07T03:15:00,depot-patiya,region-chattogram,OPEN,11000.0,PETROL,65000.0,65000
589,2026-01-07T03:15:00,depot-patiya,region-chattogram,OPEN,11000.0,OCTANE,40000.0,40000
590,2026-01-07T03:30:00,depot-gazipur,region-dhaka,OPEN,12000.0,DIESEL,90000.0,90000
590,2026-01-07T03:30:00,depot-gazipur,region-dhaka,OPEN,12000.0,PETROL,70000.0,70000
590,2026-01-07T03:30:00,depot-gazipur,region-dhaka,OPEN,12000.0,OCTANE,45000.0,45000
590,2026-01-07T03:30:00,depot-patiya,region-chattogram,OPEN,11000.0,DIESEL,85000.0,85000
590,2026-01-07T03:30:00,depot-patiya,region-chattogram,OPEN,11000.0,PETROL,65000.0,65000
590,2026-01-07T03:30:00,depot-patiya,region-chattogram,OPEN,11000.0,OCTANE,40000.0,40000
591,2026-01-07T03:45:00,depot-gazipur,region-dhaka,OPEN,12000.0,DIESEL,90000.0,90000
591,2026-01-07T03:45:00,depot-gazipur,region-dhaka,OPEN,12000.0,PETROL,70000.0,70000
591,2026-01-07T03:45:00,depot-gazipur,region-dhaka,OPEN,12000.0,OCTANE,45000.0,45000
591,2026-01-07T03:45:00,depot-patiya,region-chattogram,OPEN,11000.0,DIESEL,85000.0,85000
591,2026-01-07T03:45:00,depot-patiya,region-chattogram,OPEN,11000.0,PETROL,65000.0,65000
591,2026-01-07T03:45:00,depot-patiya,region-chattogram,OPEN,11000.0,OCTANE,40000.0,40000
592,2026-01-07T04:00:00,depot-gazipur,region-dhaka,OPEN,12000.0,DIESEL,90000.0,90000
592,2026-01-07T04:00:00,depot-gazipur,region-dhaka,OPEN,12000.0,PETROL,70000.0,70000
592,2026-01-07T04:00:00,depot-gazipur,region-dhaka,OPEN,12000.0,OCTANE,45000.0,45000
592,2026-01-07T04:00:00,depot-patiya,region-chattogram,OPEN,11000.0,DIESEL,85000.0,85000
592,2026-01-07T04:00:00,depot-patiya,region-chattogram,OPEN,11000.0,PETROL,65000.0,65000
592,2026-01-07T04:00:00,depot-patiya,region-chattogram,OPEN,11000.0,OCTANE,40000.0,40000
593,2026-01-07T04:15:00,depot-gazipur,region-dhaka,OPEN,12000.0,DIESEL,90000.0,90000
593,2026-01-07T04:15:00,depot-gazipur,region-dhaka,OPEN,12000.0,PETROL,70000.0,70000
593,2026-01-07T04:15:00,depot-gazipur,region-dhaka,OPEN,12000.0,OCTANE,45000.0,45000
593,2026-01-07T04:15:00,depot-patiya,region-chattogram,OPEN,11000.0,DIESEL,85000.0,85000
593,2026-01-07T04:15:00,depot-patiya,region-chattogram,OPEN,11000.0,PETROL,65000.0,65000
593,2026-01-07T04:15:00,depot-patiya,region-chattogram,OPEN,11000.0,OCTANE,40000.0,40000
594,2026-01-07T04:30:00,depot-gazipur,region-dhaka,OPEN,12000.0,DIESEL,90000.0,90000
594,2026-01-07T04:30:00,depot-gazipur,region-dhaka,OPEN,12000.0,PETROL,70000.0,70000
594,2026-01-07T04:30:00,depot-gazipur,region-dhaka,OPEN,12000.0,OCTANE,45000.0,45000
594,2026-01-07T04:30:00,depot-patiya,region-chattogram,OPEN,11000.0,DIESEL,85000.0,85000
594,2026-01-07T04:30:00,depot-patiya,region-chattogram,OPEN,11000.0,PETROL,65000.0,65000
594,2026-01-07T04:30:00,depot-patiya,region-chattogram,OPEN,11000.0,OCTANE,40000.0,40000
595,2026-01-07T04:45:00,depot-gazipur,region-dhaka,OPEN,12000.0,DIESEL,90000.0,90000
595,2026-01-07T04:45:00,depot-gazipur,region-dhaka,OPEN,12000.0,PETROL,70000.0,70000
595,2026-01-07T04:45:00,depot-gazipur,region-dhaka,OPEN,12000.0,OCTANE,45000.0,45000
595,2026-01-07T04:45:00,depot-patiya,region-chattogram,OPEN,11000.0,DIESEL,85000.0,85000
595,2026-01-07T04:45:00,depot-patiya,region-chattogram,OPEN,11000.0,PETROL,65000.0,65000
595,2026-01-07T04:45:00,depot-patiya,region-chattogram,OPEN,11000.0,OCTANE,40000.0,40000
596,2026-01-07T05:00:00,depot-gazipur,region-dhaka,OPEN,12000.0,DIESEL,90000.0,90000
596,2026-01-07T05:00:00,depot-gazipur,region-dhaka,OPEN,12000.0,PETROL,70000.0,70000
596,2026-01-07T05:00:00,depot-gazipur,region-dhaka,OPEN,12000.0,OCTANE,45000.0,45000
596,2026-01-07T05:00:00,depot-patiya,region-chattogram,OPEN,11000.0,DIESEL,85000.0,85000
596,2026-01-07T05:00:00,depot-patiya,region-chattogram,OPEN,11000.0,PETROL,65000.0,65000
596,2026-01-07T05:00:00,depot-patiya,region-chattogram,OPEN,11000.0,OCTANE,40000.0,40000
597,2026-01-07T05:15:00,depot-gazipur,region-dhaka,OPEN,12000.0,DIESEL,90000.0,90000
597,2026-01-07T05:15:00,depot-gazipur,region-dhaka,OPEN,12000.0,PETROL,70000.0,70000
597,2026-01-07T05:15:00,depot-gazipur,region-dhaka,OPEN,12000.0,OCTANE,45000.0,45000
597,2026-01-07T05:15:00,depot-patiya,region-chattogram,OPEN,11000.0,DIESEL,85000.0,85000
597,2026-01-07T05:15:00,depot-patiya,region-chattogram,OPEN,11000.0,PETROL,65000.0,65000
597,2026-01-07T05:15:00,depot-patiya,region-chattogram,OPEN,11000.0,OCTANE,40000.0,40000
598,2026-01-07T05:30:00,depot-gazipur,region-dhaka,OPEN,12000.0,DIESEL,90000.0,90000
598,2026-01-07T05:30:00,depot-gazipur,region-dhaka,OPEN,12000.0,PETROL,70000.0,70000
598,2026-01-07T05:30:00,depot-gazipur,region-dhaka,OPEN,12000.0,OCTANE,45000.0,45000
598,2026-01-07T05:30:00,depot-patiya,region-chattogram,OPEN,11000.0,DIESEL,85000.0,85000
598,2026-01-07T05:30:00,depot-patiya,region-chattogram,OPEN,11000.0,PETROL,65000.0,65000
598,2026-01-07T05:30:00,depot-patiya,region-chattogram,OPEN,11000.0,OCTANE,40000.0,40000
599,2026-01-07T05:45:00,depot-gazipur,region-dhaka,OPEN,12000.0,DIESEL,90000.0,90000
599,2026-01-07T05:45:00,depot-gazipur,region-dhaka,OPEN,12000.0,PETROL,70000.0,70000
599,2026-01-07T05:45:00,depot-gazipur,region-dhaka,OPEN,12000.0,OCTANE,45000.0,45000
599,2026-01-07T05:45:00,depot-patiya,region-chattogram,OPEN,11000.0,DIESEL,85000.0,85000
599,2026-01-07T05:45:00,depot-patiya,region-chattogram,OPEN,11000.0,PETROL,65000.0,65000
599,2026-01-07T05:45:00,depot-patiya,region-chattogram,OPEN,11000.0,OCTANE,40000.0,40000
600,2026-01-07T06:00:00,depot-gazipur,region-dhaka,OPEN,12000.0,DIESEL,90000.0,90000
600,2026-01-07T06:00:00,depot-gazipur,region-dhaka,OPEN,12000.0,PETROL,70000.0,70000
600,2026-01-07T06:00:00,depot-gazipur,region-dhaka,OPEN,12000.0,OCTANE,45000.0,45000
600,2026-01-07T06:00:00,depot-patiya,region-chattogram,OPEN,11000.0,DIESEL,85000.0,85000
600,2026-01-07T06:00:00,depot-patiya,region-chattogram,OPEN,11000.0,PETROL,65000.0,65000
600,2026-01-07T06:00:00,depot-patiya,region-chattogram,OPEN,11000.0,OCTANE,40000.0,40000
601,2026-01-07T06:15:00,depot-gazipur,region-dhaka,OPEN,12000.0,DIESEL,90000.0,90000
601,2026-01-07T06:15:00,depot-gazipur,region-dhaka,OPEN,12000.0,PETROL,70000.0,70000
601,2026-01-07T06:15:00,depot-gazipur,region-dhaka,OPEN,12000.0,OCTANE,45000.0,45000
601,2026-01-07T06:15:00,depot-patiya,region-chattogram,OPEN,11000.0,DIESEL,85000.0,85000
601,2026-01-07T06:15:00,depot-patiya,region-chattogram,OPEN,11000.0,PETROL,65000.0,65000
601,2026-01-07T06:15:00,depot-patiya,region-chattogram,OPEN,11000.0,OCTANE,40000.0,40000
602,2026-01-07T06:30:00,depot-gazipur,region-dhaka,OPEN,12000.0,DIESEL,90000.0,90000
602,2026-01-07T06:30:00,depot-gazipur,region-dhaka,OPEN,12000.0,PETROL,70000.0,70000
602,2026-01-07T06:30:00,depot-gazipur,region-dhaka,OPEN,12000.0,OCTANE,45000.0,45000
602,2026-01-07T06:30:00,depot-patiya,region-chattogram,OPEN,11000.0,DIESEL,85000.0,85000
602,2026-01-07T06:30:00,depot-patiya,region-chattogram,OPEN,11000.0,PETROL,65000.0,65000
602,2026-01-07T06:30:00,depot-patiya,region-chattogram,OPEN,11000.0,OCTANE,40000.0,40000
603,2026-01-07T06:45:00,depot-gazipur,region-dhaka,OPEN,12000.0,DIESEL,90000.0,90000
603,2026-01-07T06:45:00,depot-gazipur,region-dhaka,OPEN,12000.0,PETROL,70000.0,70000
603,2026-01-07T06:45:00,depot-gazipur,region-dhaka,OPEN,12000.0,OCTANE,45000.0,45000
603,2026-01-07T06:45:00,depot-patiya,region-chattogram,OPEN,11000.0,DIESEL,85000.0,85000
603,2026-01-07T06:45:00,depot-patiya,region-chattogram,OPEN,11000.0,PETROL,65000.0,65000
603,2026-01-07T06:45:00,depot-patiya,region-chattogram,OPEN,11000.0,OCTANE,40000.0,40000
604,2026-01-07T07:00:00,depot-gazipur,region-dhaka,OPEN,12000.0,DIESEL,90000.0,90000
604,2026-01-07T07:00:00,depot-gazipur,region-dhaka,OPEN,12000.0,PETROL,70000.0,70000
604,2026-01-07T07:00:00,depot-gazipur,region-dhaka,OPEN,12000.0,OCTANE,45000.0,45000
604,2026-01-07T07:00:00,depot-patiya,region-chattogram,OPEN,11000.0,DIESEL,85000.0,85000
604,2026-01-07T07:00:00,depot-patiya,region-chattogram,OPEN,11000.0,PETROL,65000.0,65000
604,2026-01-07T07:00:00,depot-patiya,region-chattogram,OPEN,11000.0,OCTANE,40000.0,40000
605,2026-01-07T07:15:00,depot-gazipur,region-dhaka,OPEN,12000.0,DIESEL,90000.0,90000
605,2026-01-07T07:15:00,depot-gazipur,region-dhaka,OPEN,12000.0,PETROL,70000.0,70000
605,2026-01-07T07:15:00,depot-gazipur,region-dhaka,OPEN,12000.0,OCTANE,45000.0,45000
605,2026-01-07T07:15:00,depot-patiya,region-chattogram,OPEN,11000.0,DIESEL,85000.0,85000
605,2026-01-07T07:15:00,depot-patiya,region-chattogram,OPEN,11000.0,PETROL,65000.0,65000
605,2026-01-07T07:15:00,depot-patiya,region-chattogram,OPEN,11000.0,OCTANE,40000.0,40000
606,2026-01-07T07:30:00,depot-gazipur,region-dhaka,OPEN,12000.0,DIESEL,90000.0,90000
606,2026-01-07T07:30:00,depot-gazipur,region-dhaka,OPEN,12000.0,PETROL,70000.0,70000
606,2026-01-07T07:30:00,depot-gazipur,region-dhaka,OPEN,12000.0,OCTANE,45000.0,45000
606,2026-01-07T07:30:00,depot-patiya,region-chattogram,OPEN,11000.0,DIESEL,85000.0,85000
606,2026-01-07T07:30:00,depot-patiya,region-chattogram,OPEN,11000.0,PETROL,65000.0,65000
606,2026-01-07T07:30:00,depot-patiya,region-chattogram,OPEN,11000.0,OCTANE,40000.0,40000
607,2026-01-07T07:45:00,depot-gazipur,region-dhaka,OPEN,12000.0,DIESEL,90000.0,90000
607,2026-01-07T07:45:00,depot-gazipur,region-dhaka,OPEN,12000.0,PETROL,70000.0,70000
607,2026-01-07T07:45:00,depot-gazipur,region-dhaka,OPEN,12000.0,OCTANE,45000.0,45000
607,2026-01-07T07:45:00,depot-patiya,region-chattogram,OPEN,11000.0,DIESEL,85000.0,85000
607,2026-01-07T07:45:00,depot-patiya,region-chattogram,OPEN,11000.0,PETROL,65000.0,65000
607,2026-01-07T07:45:00,depot-patiya,region-chattogram,OPEN,11000.0,OCTANE,40000.0,40000
608,2026-01-07T08:00:00,depot-gazipur,region-dhaka,OPEN,12000.0,DIESEL,90000.0,90000
608,2026-01-07T08:00:00,depot-gazipur,region-dhaka,OPEN,12000.0,PETROL,70000.0,70000
608,2026-01-07T08:00:00,depot-gazipur,region-dhaka,OPEN,12000.0,OCTANE,45000.0,45000
608,2026-01-07T08:00:00,depot-patiya,region-chattogram,OPEN,11000.0,DIESEL,85000.0,85000
608,2026-01-07T08:00:00,depot-patiya,region-chattogram,OPEN,11000.0,PETROL,65000.0,65000
608,2026-01-07T08:00:00,depot-patiya,region-chattogram,OPEN,11000.0,OCTANE,40000.0,40000
609,2026-01-07T08:15:00,depot-gazipur,region-dhaka,OPEN,12000.0,DIESEL,90000.0,90000
609,2026-01-07T08:15:00,depot-gazipur,region-dhaka,OPEN,12000.0,PETROL,70000.0,70000
609,2026-01-07T08:15:00,depot-gazipur,region-dhaka,OPEN,12000.0,OCTANE,45000.0,45000
609,2026-01-07T08:15:00,depot-patiya,region-chattogram,OPEN,11000.0,DIESEL,85000.0,85000
609,2026-01-07T08:15:00,depot-patiya,region-chattogram,OPEN,11000.0,PETROL,65000.0,65000
609,2026-01-07T08:15:00,depot-patiya,region-chattogram,OPEN,11000.0,OCTANE,40000.0,40000
610,2026-01-07T08:30:00,depot-gazipur,region-dhaka,OPEN,12000.0,DIESEL,90000.0,90000
610,2026-01-07T08:30:00,depot-gazipur,region-dhaka,OPEN,12000.0,PETROL,70000.0,70000
610,2026-01-07T08:30:00,depot-gazipur,region-dhaka,OPEN,12000.0,OCTANE,45000.0,45000
610,2026-01-07T08:30:00,depot-patiya,region-chattogram,OPEN,11000.0,DIESEL,85000.0,85000
610,2026-01-07T08:30:00,depot-patiya,region-chattogram,OPEN,11000.0,PETROL,65000.0,65000
610,2026-01-07T08:30:00,depot-patiya,region-chattogram,OPEN,11000.0,OCTANE,40000.0,40000
611,2026-01-07T08:45:00,depot-gazipur,region-dhaka,OPEN,12000.0,DIESEL,90000.0,90000
611,2026-01-07T08:45:00,depot-gazipur,region-dhaka,OPEN,12000.0,PETROL,70000.0,70000
611,2026-01-07T08:45:00,depot-gazipur,region-dhaka,OPEN,12000.0,OCTANE,45000.0,45000
611,2026-01-07T08:45:00,depot-patiya,region-chattogram,OPEN,11000.0,DIESEL,85000.0,85000
611,2026-01-07T08:45:00,depot-patiya,region-chattogram,OPEN,11000.0,PETROL,65000.0,65000
611,2026-01-07T08:45:00,depot-patiya,region-chattogram,OPEN,11000.0,OCTANE,40000.0,40000
612,2026-01-07T09:00:00,depot-gazipur,region-dhaka,OPEN,12000.0,DIESEL,90000.0,90000
612,2026-01-07T09:00:00,depot-gazipur,region-dhaka,OPEN,12000.0,PETROL,70000.0,70000
612,2026-01-07T09:00:00,depot-gazipur,region-dhaka,OPEN,12000.0,OCTANE,45000.0,45000
612,2026-01-07T09:00:00,depot-patiya,region-chattogram,OPEN,11000.0,DIESEL,85000.0,85000
612,2026-01-07T09:00:00,depot-patiya,region-chattogram,OPEN,11000.0,PETROL,65000.0,65000
612,2026-01-07T09:00:00,depot-patiya,region-chattogram,OPEN,11000.0,OCTANE,40000.0,40000
613,2026-01-07T09:15:00,depot-gazipur,region-dhaka,OPEN,12000.0,DIESEL,90000.0,90000
613,2026-01-07T09:15:00,depot-gazipur,region-dhaka,OPEN,12000.0,PETROL,70000.0,70000
613,2026-01-07T09:15:00,depot-gazipur,region-dhaka,OPEN,12000.0,OCTANE,45000.0,45000
613,2026-01-07T09:15:00,depot-patiya,region-chattogram,OPEN,11000.0,DIESEL,85000.0,85000
613,2026-01-07T09:15:00,depot-patiya,region-chattogram,OPEN,11000.0,PETROL,65000.0,65000
613,2026-01-07T09:15:00,depot-patiya,region-chattogram,OPEN,11000.0,OCTANE,40000.0,40000
614,2026-01-07T09:30:00,depot-gazipur,region-dhaka,OPEN,12000.0,DIESEL,90000.0,90000
614,2026-01-07T09:30:00,depot-gazipur,region-dhaka,OPEN,12000.0,PETROL,70000.0,70000
614,2026-01-07T09:30:00,depot-gazipur,region-dhaka,OPEN,12000.0,OCTANE,45000.0,45000
614,2026-01-07T09:30:00,depot-patiya,region-chattogram,OPEN,11000.0,DIESEL,85000.0,85000
614,2026-01-07T09:30:00,depot-patiya,region-chattogram,OPEN,11000.0,PETROL,65000.0,65000
614,2026-01-07T09:30:00,depot-patiya,region-chattogram,OPEN,11000.0,OCTANE,40000.0,40000
615,2026-01-07T09:45:00,depot-gazipur,region-dhaka,OPEN,12000.0,DIESEL,90000.0,90000
615,2026-01-07T09:45:00,depot-gazipur,region-dhaka,OPEN,12000.0,PETROL,70000.0,70000
615,2026-01-07T09:45:00,depot-gazipur,region-dhaka,OPEN,12000.0,OCTANE,45000.0,45000
615,2026-01-07T09:45:00,depot-patiya,region-chattogram,OPEN,11000.0,DIESEL,85000.0,85000
615,2026-01-07T09:45:00,depot-patiya,region-chattogram,OPEN,11000.0,PETROL,65000.0,65000
615,2026-01-07T09:45:00,depot-patiya,region-chattogram,OPEN,11000.0,OCTANE,40000.0,40000
616,2026-01-07T10:00:00,depot-gazipur,region-dhaka,OPEN,12000.0,DIESEL,90000.0,90000
616,2026-01-07T10:00:00,depot-gazipur,region-dhaka,OPEN,12000.0,PETROL,70000.0,70000
616,2026-01-07T10:00:00,depot-gazipur,region-dhaka,OPEN,12000.0,OCTANE,45000.0,45000
616,2026-01-07T10:00:00,depot-patiya,region-chattogram,OPEN,11000.0,DIESEL,85000.0,85000
616,2026-01-07T10:00:00,depot-patiya,region-chattogram,OPEN,11000.0,PETROL,65000.0,65000
616,2026-01-07T10:00:00,depot-patiya,region-chattogram,OPEN,11000.0,OCTANE,40000.0,40000
617,2026-01-07T10:15:00,depot-gazipur,region-dhaka,OPEN,12000.0,DIESEL,90000.0,90000
617,2026-01-07T10:15:00,depot-gazipur,region-dhaka,OPEN,12000.0,PETROL,70000.0,70000
617,2026-01-07T10:15:00,depot-gazipur,region-dhaka,OPEN,12000.0,OCTANE,45000.0,45000
617,2026-01-07T10:15:00,depot-patiya,region-chattogram,OPEN,11000.0,DIESEL,85000.0,85000
617,2026-01-07T10:15:00,depot-patiya,region-chattogram,OPEN,11000.0,PETROL,65000.0,65000
617,2026-01-07T10:15:00,depot-patiya,region-chattogram,OPEN,11000.0,OCTANE,40000.0,40000
618,2026-01-07T10:30:00,depot-gazipur,region-dhaka,OPEN,12000.0,DIESEL,90000.0,90000
618,2026-01-07T10:30:00,depot-gazipur,region-dhaka,OPEN,12000.0,PETROL,70000.0,70000
618,2026-01-07T10:30:00,depot-gazipur,region-dhaka,OPEN,12000.0,OCTANE,45000.0,45000
618,2026-01-07T10:30:00,depot-patiya,region-chattogram,OPEN,11000.0,DIESEL,85000.0,85000
618,2026-01-07T10:30:00,depot-patiya,region-chattogram,OPEN,11000.0,PETROL,65000.0,65000
618,2026-01-07T10:30:00,depot-patiya,region-chattogram,OPEN,11000.0,OCTANE,40000.0,40000
619,2026-01-07T10:45:00,depot-gazipur,region-dhaka,OPEN,12000.0,DIESEL,90000.0,90000
619,2026-01-07T10:45:00,depot-gazipur,region-dhaka,OPEN,12000.0,PETROL,70000.0,70000
619,2026-01-07T10:45:00,depot-gazipur,region-dhaka,OPEN,12000.0,OCTANE,45000.0,45000
619,2026-01-07T10:45:00,depot-patiya,region-chattogram,OPEN,11000.0,DIESEL,85000.0,85000
619,2026-01-07T10:45:00,depot-patiya,region-chattogram,OPEN,11000.0,PETROL,65000.0,65000
619,2026-01-07T10:45:00,depot-patiya,region-chattogram,OPEN,11000.0,OCTANE,40000.0,40000
620,2026-01-07T11:00:00,depot-gazipur,region-dhaka,OPEN,12000.0,DIESEL,90000.0,90000
620,2026-01-07T11:00:00,depot-gazipur,region-dhaka,OPEN,12000.0,PETROL,70000.0,70000
620,2026-01-07T11:00:00,depot-gazipur,region-dhaka,OPEN,12000.0,OCTANE,45000.0,45000
620,2026-01-07T11:00:00,depot-patiya,region-chattogram,OPEN,11000.0,DIESEL,85000.0,85000
620,2026-01-07T11:00:00,depot-patiya,region-chattogram,OPEN,11000.0,PETROL,65000.0,65000
620,2026-01-07T11:00:00,depot-patiya,region-chattogram,OPEN,11000.0,OCTANE,40000.0,40000
621,2026-01-07T11:15:00,depot-gazipur,region-dhaka,OPEN,12000.0,DIESEL,90000.0,90000
621,2026-01-07T11:15:00,depot-gazipur,region-dhaka,OPEN,12000.0,PETROL,70000.0,70000
621,2026-01-07T11:15:00,depot-gazipur,region-dhaka,OPEN,12000.0,OCTANE,45000.0,45000
621,2026-01-07T11:15:00,depot-patiya,region-chattogram,OPEN,11000.0,DIESEL,85000.0,85000
621,2026-01-07T11:15:00,depot-patiya,region-chattogram,OPEN,11000.0,PETROL,65000.0,65000
621,2026-01-07T11:15:00,depot-patiya,region-chattogram,OPEN,11000.0,OCTANE,40000.0,40000
622,2026-01-07T11:30:00,depot-gazipur,region-dhaka,OPEN,12000.0,DIESEL,90000.0,90000
622,2026-01-07T11:30:00,depot-gazipur,region-dhaka,OPEN,12000.0,PETROL,70000.0,70000
622,2026-01-07T11:30:00,depot-gazipur,region-dhaka,OPEN,12000.0,OCTANE,45000.0,45000
622,2026-01-07T11:30:00,depot-patiya,region-chattogram,OPEN,11000.0,DIESEL,85000.0,85000
622,2026-01-07T11:30:00,depot-patiya,region-chattogram,OPEN,11000.0,PETROL,65000.0,65000
622,2026-01-07T11:30:00,depot-patiya,region-chattogram,OPEN,11000.0,OCTANE,40000.0,40000
623,2026-01-07T11:45:00,depot-gazipur,region-dhaka,OPEN,12000.0,DIESEL,90000.0,90000
623,2026-01-07T11:45:00,depot-gazipur,region-dhaka,OPEN,12000.0,PETROL,70000.0,70000
623,2026-01-07T11:45:00,depot-gazipur,region-dhaka,OPEN,12000.0,OCTANE,45000.0,45000
623,2026-01-07T11:45:00,depot-patiya,region-chattogram,OPEN,11000.0,DIESEL,85000.0,85000
623,2026-01-07T11:45:00,depot-patiya,region-chattogram,OPEN,11000.0,PETROL,65000.0,65000
623,2026-01-07T11:45:00,depot-patiya,region-chattogram,OPEN,11000.0,OCTANE,40000.0,40000
624,2026-01-07T12:00:00,depot-gazipur,region-dhaka,OPEN,12000.0,DIESEL,90000.0,90000
624,2026-01-07T12:00:00,depot-gazipur,region-dhaka,OPEN,12000.0,PETROL,70000.0,70000
624,2026-01-07T12:00:00,depot-gazipur,region-dhaka,OPEN,12000.0,OCTANE,45000.0,45000
624,2026-01-07T12:00:00,depot-patiya,region-chattogram,OPEN,11000.0,DIESEL,85000.0,85000
624,2026-01-07T12:00:00,depot-patiya,region-chattogram,OPEN,11000.0,PETROL,65000.0,65000
624,2026-01-07T12:00:00,depot-patiya,region-chattogram,OPEN,11000.0,OCTANE,40000.0,40000
625,2026-01-07T12:15:00,depot-gazipur,region-dhaka,OPEN,12000.0,DIESEL,90000.0,90000
625,2026-01-07T12:15:00,depot-gazipur,region-dhaka,OPEN,12000.0,PETROL,70000.0,70000
625,2026-01-07T12:15:00,depot-gazipur,region-dhaka,OPEN,12000.0,OCTANE,45000.0,45000
625,2026-01-07T12:15:00,depot-patiya,region-chattogram,OPEN,11000.0,DIESEL,85000.0,85000
625,2026-01-07T12:15:00,depot-patiya,region-chattogram,OPEN,11000.0,PETROL,65000.0,65000
625,2026-01-07T12:15:00,depot-patiya,region-chattogram,OPEN,11000.0,OCTANE,40000.0,40000
626,2026-01-07T12:30:00,depot-gazipur,region-dhaka,OPEN,12000.0,DIESEL,90000.0,90000
626,2026-01-07T12:30:00,depot-gazipur,region-dhaka,OPEN,12000.0,PETROL,70000.0,70000
626,2026-01-07T12:30:00,depot-gazipur,region-dhaka,OPEN,12000.0,OCTANE,45000.0,45000
626,2026-01-07T12:30:00,depot-patiya,region-chattogram,OPEN,11000.0,DIESEL,85000.0,85000
626,2026-01-07T12:30:00,depot-patiya,region-chattogram,OPEN,11000.0,PETROL,65000.0,65000
626,2026-01-07T12:30:00,depot-patiya,region-chattogram,OPEN,11000.0,OCTANE,40000.0,40000
627,2026-01-07T12:45:00,depot-gazipur,region-dhaka,OPEN,12000.0,DIESEL,90000.0,90000
627,2026-01-07T12:45:00,depot-gazipur,region-dhaka,OPEN,12000.0,PETROL,70000.0,70000
627,2026-01-07T12:45:00,depot-gazipur,region-dhaka,OPEN,12000.0,OCTANE,45000.0,45000
627,2026-01-07T12:45:00,depot-patiya,region-chattogram,OPEN,11000.0,DIESEL,85000.0,85000
627,2026-01-07T12:45:00,depot-patiya,region-chattogram,OPEN,11000.0,PETROL,65000.0,65000
627,2026-01-07T12:45:00,depot-patiya,region-chattogram,OPEN,11000.0,OCTANE,40000.0,40000
628,2026-01-07T13:00:00,depot-gazipur,region-dhaka,OPEN,12000.0,DIESEL,90000.0,90000
628,2026-01-07T13:00:00,depot-gazipur,region-dhaka,OPEN,12000.0,PETROL,70000.0,70000
628,2026-01-07T13:00:00,depot-gazipur,region-dhaka,OPEN,12000.0,OCTANE,45000.0,45000
628,2026-01-07T13:00:00,depot-patiya,region-chattogram,OPEN,11000.0,DIESEL,85000.0,85000
628,2026-01-07T13:00:00,depot-patiya,region-chattogram,OPEN,11000.0,PETROL,65000.0,65000
628,2026-01-07T13:00:00,depot-patiya,region-chattogram,OPEN,11000.0,OCTANE,40000.0,40000
629,2026-01-07T13:15:00,depot-gazipur,region-dhaka,OPEN,12000.0,DIESEL,90000.0,90000
629,2026-01-07T13:15:00,depot-gazipur,region-dhaka,OPEN,12000.0,PETROL,70000.0,70000
629,2026-01-07T13:15:00,depot-gazipur,region-dhaka,OPEN,12000.0,OCTANE,45000.0,45000
629,2026-01-07T13:15:00,depot-patiya,region-chattogram,OPEN,11000.0,DIESEL,85000.0,85000
629,2026-01-07T13:15:00,depot-patiya,region-chattogram,OPEN,11000.0,PETROL,65000.0,65000
629,2026-01-07T13:15:00,depot-patiya,region-chattogram,OPEN,11000.0,OCTANE,40000.0,40000
630,2026-01-07T13:30:00,depot-gazipur,region-dhaka,OPEN,12000.0,DIESEL,90000.0,90000
630,2026-01-07T13:30:00,depot-gazipur,region-dhaka,OPEN,12000.0,PETROL,70000.0,70000
630,2026-01-07T13:30:00,depot-gazipur,region-dhaka,OPEN,12000.0,OCTANE,45000.0,45000
630,2026-01-07T13:30:00,depot-patiya,region-chattogram,OPEN,11000.0,DIESEL,85000.0,85000
630,2026-01-07T13:30:00,depot-patiya,region-chattogram,OPEN,11000.0,PETROL,65000.0,65000
630,2026-01-07T13:30:00,depot-patiya,region-chattogram,OPEN,11000.0,OCTANE,40000.0,40000
631,2026-01-07T13:45:00,depot-gazipur,region-dhaka,OPEN,12000.0,DIESEL,90000.0,90000
631,2026-01-07T13:45:00,depot-gazipur,region-dhaka,OPEN,12000.0,PETROL,70000.0,70000
631,2026-01-07T13:45:00,depot-gazipur,region-dhaka,OPEN,12000.0,OCTANE,45000.0,45000
631,2026-01-07T13:45:00,depot-patiya,region-chattogram,OPEN,11000.0,DIESEL,85000.0,85000
631,2026-01-07T13:45:00,depot-patiya,region-chattogram,OPEN,11000.0,PETROL,65000.0,65000
631,2026-01-07T13:45:00,depot-patiya,region-chattogram,OPEN,11000.0,OCTANE,40000.0,40000
632,2026-01-07T14:00:00,depot-gazipur,region-dhaka,OPEN,12000.0,DIESEL,90000.0,90000
632,2026-01-07T14:00:00,depot-gazipur,region-dhaka,OPEN,12000.0,PETROL,70000.0,70000
632,2026-01-07T14:00:00,depot-gazipur,region-dhaka,OPEN,12000.0,OCTANE,45000.0,45000
632,2026-01-07T14:00:00,depot-patiya,region-chattogram,OPEN,11000.0,DIESEL,85000.0,85000
632,2026-01-07T14:00:00,depot-patiya,region-chattogram,OPEN,11000.0,PETROL,65000.0,65000
632,2026-01-07T14:00:00,depot-patiya,region-chattogram,OPEN,11000.0,OCTANE,40000.0,40000
633,2026-01-07T14:15:00,depot-gazipur,region-dhaka,OPEN,12000.0,DIESEL,90000.0,90000
633,2026-01-07T14:15:00,depot-gazipur,region-dhaka,OPEN,12000.0,PETROL,70000.0,70000
633,2026-01-07T14:15:00,depot-gazipur,region-dhaka,OPEN,12000.0,OCTANE,45000.0,45000
633,2026-01-07T14:15:00,depot-patiya,region-chattogram,OPEN,11000.0,DIESEL,85000.0,85000
633,2026-01-07T14:15:00,depot-patiya,region-chattogram,OPEN,11000.0,PETROL,65000.0,65000
633,2026-01-07T14:15:00,depot-patiya,region-chattogram,OPEN,11000.0,OCTANE,40000.0,40000
634,2026-01-07T14:30:00,depot-gazipur,region-dhaka,OPEN,12000.0,DIESEL,90000.0,90000
634,2026-01-07T14:30:00,depot-gazipur,region-dhaka,OPEN,12000.0,PETROL,70000.0,70000
634,2026-01-07T14:30:00,depot-gazipur,region-dhaka,OPEN,12000.0,OCTANE,45000.0,45000
634,2026-01-07T14:30:00,depot-patiya,region-chattogram,OPEN,11000.0,DIESEL,85000.0,85000
634,2026-01-07T14:30:00,depot-patiya,region-chattogram,OPEN,11000.0,PETROL,65000.0,65000
634,2026-01-07T14:30:00,depot-patiya,region-chattogram,OPEN,11000.0,OCTANE,40000.0,40000
635,2026-01-07T14:45:00,depot-gazipur,region-dhaka,OPEN,12000.0,DIESEL,90000.0,90000
635,2026-01-07T14:45:00,depot-gazipur,region-dhaka,OPEN,12000.0,PETROL,70000.0,70000
635,2026-01-07T14:45:00,depot-gazipur,region-dhaka,OPEN,12000.0,OCTANE,45000.0,45000
635,2026-01-07T14:45:00,depot-patiya,region-chattogram,OPEN,11000.0,DIESEL,85000.0,85000
635,2026-01-07T14:45:00,depot-patiya,region-chattogram,OPEN,11000.0,PETROL,65000.0,65000
635,2026-01-07T14:45:00,depot-patiya,region-chattogram,OPEN,11000.0,OCTANE,40000.0,40000
636,2026-01-07T15:00:00,depot-gazipur,region-dhaka,OPEN,12000.0,DIESEL,90000.0,90000
636,2026-01-07T15:00:00,depot-gazipur,region-dhaka,OPEN,12000.0,PETROL,70000.0,70000
636,2026-01-07T15:00:00,depot-gazipur,region-dhaka,OPEN,12000.0,OCTANE,45000.0,45000
636,2026-01-07T15:00:00,depot-patiya,region-chattogram,OPEN,11000.0,DIESEL,85000.0,85000
636,2026-01-07T15:00:00,depot-patiya,region-chattogram,OPEN,11000.0,PETROL,65000.0,65000
636,2026-01-07T15:00:00,depot-patiya,region-chattogram,OPEN,11000.0,OCTANE,40000.0,40000
637,2026-01-07T15:15:00,depot-gazipur,region-dhaka,OPEN,12000.0,DIESEL,90000.0,90000
637,2026-01-07T15:15:00,depot-gazipur,region-dhaka,OPEN,12000.0,PETROL,70000.0,70000
637,2026-01-07T15:15:00,depot-gazipur,region-dhaka,OPEN,12000.0,OCTANE,45000.0,45000
637,2026-01-07T15:15:00,depot-patiya,region-chattogram,OPEN,11000.0,DIESEL,85000.0,85000
637,2026-01-07T15:15:00,depot-patiya,region-chattogram,OPEN,11000.0,PETROL,65000.0,65000
637,2026-01-07T15:15:00,depot-patiya,region-chattogram,OPEN,11000.0,OCTANE,40000.0,40000
638,2026-01-07T15:30:00,depot-gazipur,region-dhaka,OPEN,12000.0,DIESEL,90000.0,90000
638,2026-01-07T15:30:00,depot-gazipur,region-dhaka,OPEN,12000.0,PETROL,70000.0,70000
638,2026-01-07T15:30:00,depot-gazipur,region-dhaka,OPEN,12000.0,OCTANE,45000.0,45000
638,2026-01-07T15:30:00,depot-patiya,region-chattogram,OPEN,11000.0,DIESEL,85000.0,85000
638,2026-01-07T15:30:00,depot-patiya,region-chattogram,OPEN,11000.0,PETROL,65000.0,65000
638,2026-01-07T15:30:00,depot-patiya,region-chattogram,OPEN,11000.0,OCTANE,40000.0,40000
639,2026-01-07T15:45:00,depot-gazipur,region-dhaka,OPEN,12000.0,DIESEL,90000.0,90000
639,2026-01-07T15:45:00,depot-gazipur,region-dhaka,OPEN,12000.0,PETROL,70000.0,70000
639,2026-01-07T15:45:00,depot-gazipur,region-dhaka,OPEN,12000.0,OCTANE,45000.0,45000
639,2026-01-07T15:45:00,depot-patiya,region-chattogram,OPEN,11000.0,DIESEL,85000.0,85000
639,2026-01-07T15:45:00,depot-patiya,region-chattogram,OPEN,11000.0,PETROL,65000.0,65000
639,2026-01-07T15:45:00,depot-patiya,region-chattogram,OPEN,11000.0,OCTANE,40000.0,40000
640,2026-01-07T16:00:00,depot-gazipur,region-dhaka,OPEN,12000.0,DIESEL,90000.0,90000
640,2026-01-07T16:00:00,depot-gazipur,region-dhaka,OPEN,12000.0,PETROL,70000.0,70000
640,2026-01-07T16:00:00,depot-gazipur,region-dhaka,OPEN,12000.0,OCTANE,45000.0,45000
640,2026-01-07T16:00:00,depot-patiya,region-chattogram,OPEN,11000.0,DIESEL,85000.0,85000
640,2026-01-07T16:00:00,depot-patiya,region-chattogram,OPEN,11000.0,PETROL,65000.0,65000
640,2026-01-07T16:00:00,depot-patiya,region-chattogram,OPEN,11000.0,OCTANE,40000.0,40000
641,2026-01-07T16:15:00,depot-gazipur,region-dhaka,OPEN,12000.0,DIESEL,90000.0,90000
641,2026-01-07T16:15:00,depot-gazipur,region-dhaka,OPEN,12000.0,PETROL,70000.0,70000
641,2026-01-07T16:15:00,depot-gazipur,region-dhaka,OPEN,12000.0,OCTANE,45000.0,45000
641,2026-01-07T16:15:00,depot-patiya,region-chattogram,OPEN,11000.0,DIESEL,85000.0,85000
641,2026-01-07T16:15:00,depot-patiya,region-chattogram,OPEN,11000.0,PETROL,65000.0,65000
641,2026-01-07T16:15:00,depot-patiya,region-chattogram,OPEN,11000.0,OCTANE,40000.0,40000
642,2026-01-07T16:30:00,depot-gazipur,region-dhaka,OPEN,12000.0,DIESEL,90000.0,90000
642,2026-01-07T16:30:00,depot-gazipur,region-dhaka,OPEN,12000.0,PETROL,70000.0,70000
642,2026-01-07T16:30:00,depot-gazipur,region-dhaka,OPEN,12000.0,OCTANE,45000.0,45000
642,2026-01-07T16:30:00,depot-patiya,region-chattogram,OPEN,11000.0,DIESEL,85000.0,85000
642,2026-01-07T16:30:00,depot-patiya,region-chattogram,OPEN,11000.0,PETROL,65000.0,65000
642,2026-01-07T16:30:00,depot-patiya,region-chattogram,OPEN,11000.0,OCTANE,40000.0,40000
643,2026-01-07T16:45:00,depot-gazipur,region-dhaka,OPEN,12000.0,DIESEL,90000.0,90000
643,2026-01-07T16:45:00,depot-gazipur,region-dhaka,OPEN,12000.0,PETROL,70000.0,70000
643,2026-01-07T16:45:00,depot-gazipur,region-dhaka,OPEN,12000.0,OCTANE,45000.0,45000
643,2026-01-07T16:45:00,depot-patiya,region-chattogram,OPEN,11000.0,DIESEL,85000.0,85000
643,2026-01-07T16:45:00,depot-patiya,region-chattogram,OPEN,11000.0,PETROL,65000.0,65000
643,2026-01-07T16:45:00,depot-patiya,region-chattogram,OPEN,11000.0,OCTANE,40000.0,40000
644,2026-01-07T17:00:00,depot-gazipur,region-dhaka,OPEN,12000.0,DIESEL,90000.0,90000
644,2026-01-07T17:00:00,depot-gazipur,region-dhaka,OPEN,12000.0,PETROL,70000.0,70000
644,2026-01-07T17:00:00,depot-gazipur,region-dhaka,OPEN,12000.0,OCTANE,45000.0,45000
644,2026-01-07T17:00:00,depot-patiya,region-chattogram,OPEN,11000.0,DIESEL,85000.0,85000
644,2026-01-07T17:00:00,depot-patiya,region-chattogram,OPEN,11000.0,PETROL,65000.0,65000
644,2026-01-07T17:00:00,depot-patiya,region-chattogram,OPEN,11000.0,OCTANE,40000.0,40000
645,2026-01-07T17:15:00,depot-gazipur,region-dhaka,OPEN,12000.0,DIESEL,90000.0,90000
645,2026-01-07T17:15:00,depot-gazipur,region-dhaka,OPEN,12000.0,PETROL,70000.0,70000
645,2026-01-07T17:15:00,depot-gazipur,region-dhaka,OPEN,12000.0,OCTANE,45000.0,45000
645,2026-01-07T17:15:00,depot-patiya,region-chattogram,OPEN,11000.0,DIESEL,85000.0,85000
645,2026-01-07T17:15:00,depot-patiya,region-chattogram,OPEN,11000.0,PETROL,65000.0,65000
645,2026-01-07T17:15:00,depot-patiya,region-chattogram,OPEN,11000.0,OCTANE,40000.0,40000
646,2026-01-07T17:30:00,depot-gazipur,region-dhaka,OPEN,12000.0,DIESEL,90000.0,90000
646,2026-01-07T17:30:00,depot-gazipur,region-dhaka,OPEN,12000.0,PETROL,70000.0,70000
646,2026-01-07T17:30:00,depot-gazipur,region-dhaka,OPEN,12000.0,OCTANE,45000.0,45000
646,2026-01-07T17:30:00,depot-patiya,region-chattogram,OPEN,11000.0,DIESEL,85000.0,85000
646,2026-01-07T17:30:00,depot-patiya,region-chattogram,OPEN,11000.0,PETROL,65000.0,65000
646,2026-01-07T17:30:00,depot-patiya,region-chattogram,OPEN,11000.0,OCTANE,40000.0,40000
647,2026-01-07T17:45:00,depot-gazipur,region-dhaka,OPEN,12000.0,DIESEL,90000.0,90000
647,2026-01-07T17:45:00,depot-gazipur,region-dhaka,OPEN,12000.0,PETROL,70000.0,70000
647,2026-01-07T17:45:00,depot-gazipur,region-dhaka,OPEN,12000.0,OCTANE,45000.0,45000
647,2026-01-07T17:45:00,depot-patiya,region-chattogram,OPEN,11000.0,DIESEL,85000.0,85000
647,2026-01-07T17:45:00,depot-patiya,region-chattogram,OPEN,11000.0,PETROL,65000.0,65000
647,2026-01-07T17:45:00,depot-patiya,region-chattogram,OPEN,11000.0,OCTANE,40000.0,40000
648,2026-01-07T18:00:00,depot-gazipur,region-dhaka,OPEN,12000.0,DIESEL,90000.0,90000
648,2026-01-07T18:00:00,depot-gazipur,region-dhaka,OPEN,12000.0,PETROL,70000.0,70000
648,2026-01-07T18:00:00,depot-gazipur,region-dhaka,OPEN,12000.0,OCTANE,45000.0,45000
648,2026-01-07T18:00:00,depot-patiya,region-chattogram,OPEN,11000.0,DIESEL,85000.0,85000
648,2026-01-07T18:00:00,depot-patiya,region-chattogram,OPEN,11000.0,PETROL,65000.0,65000
648,2026-01-07T18:00:00,depot-patiya,region-chattogram,OPEN,11000.0,OCTANE,40000.0,40000
649,2026-01-07T18:15:00,depot-gazipur,region-dhaka,OPEN,12000.0,DIESEL,90000.0,90000
649,2026-01-07T18:15:00,depot-gazipur,region-dhaka,OPEN,12000.0,PETROL,70000.0,70000
649,2026-01-07T18:15:00,depot-gazipur,region-dhaka,OPEN,12000.0,OCTANE,45000.0,45000
649,2026-01-07T18:15:00,depot-patiya,region-chattogram,OPEN,11000.0,DIESEL,85000.0,85000
649,2026-01-07T18:15:00,depot-patiya,region-chattogram,OPEN,11000.0,PETROL,65000.0,65000
649,2026-01-07T18:15:00,depot-patiya,region-chattogram,OPEN,11000.0,OCTANE,40000.0,40000
650,2026-01-07T18:30:00,depot-gazipur,region-dhaka,OPEN,12000.0,DIESEL,90000.0,90000
650,2026-01-07T18:30:00,depot-gazipur,region-dhaka,OPEN,12000.0,PETROL,70000.0,70000
650,2026-01-07T18:30:00,depot-gazipur,region-dhaka,OPEN,12000.0,OCTANE,45000.0,45000
650,2026-01-07T18:30:00,depot-patiya,region-chattogram,OPEN,11000.0,DIESEL,85000.0,85000
650,2026-01-07T18:30:00,depot-patiya,region-chattogram,OPEN,11000.0,PETROL,65000.0,65000
650,2026-01-07T18:30:00,depot-patiya,region-chattogram,OPEN,11000.0,OCTANE,40000.0,40000
651,2026-01-07T18:45:00,depot-gazipur,region-dhaka,OPEN,12000.0,DIESEL,90000.0,90000
651,2026-01-07T18:45:00,depot-gazipur,region-dhaka,OPEN,12000.0,PETROL,70000.0,70000
651,2026-01-07T18:45:00,depot-gazipur,region-dhaka,OPEN,12000.0,OCTANE,45000.0,45000
651,2026-01-07T18:45:00,depot-patiya,region-chattogram,OPEN,11000.0,DIESEL,85000.0,85000
651,2026-01-07T18:45:00,depot-patiya,region-chattogram,OPEN,11000.0,PETROL,65000.0,65000
651,2026-01-07T18:45:00,depot-patiya,region-chattogram,OPEN,11000.0,OCTANE,40000.0,40000
652,2026-01-07T19:00:00,depot-gazipur,region-dhaka,OPEN,12000.0,DIESEL,90000.0,90000
652,2026-01-07T19:00:00,depot-gazipur,region-dhaka,OPEN,12000.0,PETROL,70000.0,70000
652,2026-01-07T19:00:00,depot-gazipur,region-dhaka,OPEN,12000.0,OCTANE,45000.0,45000
652,2026-01-07T19:00:00,depot-patiya,region-chattogram,OPEN,11000.0,DIESEL,85000.0,85000
652,2026-01-07T19:00:00,depot-patiya,region-chattogram,OPEN,11000.0,PETROL,65000.0,65000
652,2026-01-07T19:00:00,depot-patiya,region-chattogram,OPEN,11000.0,OCTANE,40000.0,40000
653,2026-01-07T19:15:00,depot-gazipur,region-dhaka,OPEN,12000.0,DIESEL,90000.0,90000
653,2026-01-07T19:15:00,depot-gazipur,region-dhaka,OPEN,12000.0,PETROL,70000.0,70000
653,2026-01-07T19:15:00,depot-gazipur,region-dhaka,OPEN,12000.0,OCTANE,45000.0,45000
653,2026-01-07T19:15:00,depot-patiya,region-chattogram,OPEN,11000.0,DIESEL,85000.0,85000
653,2026-01-07T19:15:00,depot-patiya,region-chattogram,OPEN,11000.0,PETROL,65000.0,65000
653,2026-01-07T19:15:00,depot-patiya,region-chattogram,OPEN,11000.0,OCTANE,40000.0,40000
654,2026-01-07T19:30:00,depot-gazipur,region-dhaka,OPEN,12000.0,DIESEL,90000.0,90000
654,2026-01-07T19:30:00,depot-gazipur,region-dhaka,OPEN,12000.0,PETROL,70000.0,70000
654,2026-01-07T19:30:00,depot-gazipur,region-dhaka,OPEN,12000.0,OCTANE,45000.0,45000
654,2026-01-07T19:30:00,depot-patiya,region-chattogram,OPEN,11000.0,DIESEL,85000.0,85000
654,2026-01-07T19:30:00,depot-patiya,region-chattogram,OPEN,11000.0,PETROL,65000.0,65000
654,2026-01-07T19:30:00,depot-patiya,region-chattogram,OPEN,11000.0,OCTANE,40000.0,40000
655,2026-01-07T19:45:00,depot-gazipur,region-dhaka,OPEN,12000.0,DIESEL,90000.0,90000
655,2026-01-07T19:45:00,depot-gazipur,region-dhaka,OPEN,12000.0,PETROL,70000.0,70000
655,2026-01-07T19:45:00,depot-gazipur,region-dhaka,OPEN,12000.0,OCTANE,45000.0,45000
655,2026-01-07T19:45:00,depot-patiya,region-chattogram,OPEN,11000.0,DIESEL,85000.0,85000
655,2026-01-07T19:45:00,depot-patiya,region-chattogram,OPEN,11000.0,PETROL,65000.0,65000
655,2026-01-07T19:45:00,depot-patiya,region-chattogram,OPEN,11000.0,OCTANE,40000.0,40000
656,2026-01-07T20:00:00,depot-gazipur,region-dhaka,OPEN,12000.0,DIESEL,90000.0,90000
656,2026-01-07T20:00:00,depot-gazipur,region-dhaka,OPEN,12000.0,PETROL,70000.0,70000
656,2026-01-07T20:00:00,depot-gazipur,region-dhaka,OPEN,12000.0,OCTANE,45000.0,45000
656,2026-01-07T20:00:00,depot-patiya,region-chattogram,OPEN,11000.0,DIESEL,85000.0,85000
656,2026-01-07T20:00:00,depot-patiya,region-chattogram,OPEN,11000.0,PETROL,65000.0,65000
656,2026-01-07T20:00:00,depot-patiya,region-chattogram,OPEN,11000.0,OCTANE,40000.0,40000
657,2026-01-07T20:15:00,depot-gazipur,region-dhaka,OPEN,12000.0,DIESEL,90000.0,90000
657,2026-01-07T20:15:00,depot-gazipur,region-dhaka,OPEN,12000.0,PETROL,70000.0,70000
657,2026-01-07T20:15:00,depot-gazipur,region-dhaka,OPEN,12000.0,OCTANE,45000.0,45000
657,2026-01-07T20:15:00,depot-patiya,region-chattogram,OPEN,11000.0,DIESEL,85000.0,85000
657,2026-01-07T20:15:00,depot-patiya,region-chattogram,OPEN,11000.0,PETROL,65000.0,65000
657,2026-01-07T20:15:00,depot-patiya,region-chattogram,OPEN,11000.0,OCTANE,40000.0,40000
658,2026-01-07T20:30:00,depot-gazipur,region-dhaka,OPEN,12000.0,DIESEL,90000.0,90000
658,2026-01-07T20:30:00,depot-gazipur,region-dhaka,OPEN,12000.0,PETROL,70000.0,70000
658,2026-01-07T20:30:00,depot-gazipur,region-dhaka,OPEN,12000.0,OCTANE,45000.0,45000
658,2026-01-07T20:30:00,depot-patiya,region-chattogram,OPEN,11000.0,DIESEL,85000.0,85000
658,2026-01-07T20:30:00,depot-patiya,region-chattogram,OPEN,11000.0,PETROL,65000.0,65000
658,2026-01-07T20:30:00,depot-patiya,region-chattogram,OPEN,11000.0,OCTANE,40000.0,40000
659,2026-01-07T20:45:00,depot-gazipur,region-dhaka,OPEN,12000.0,DIESEL,90000.0,90000
659,2026-01-07T20:45:00,depot-gazipur,region-dhaka,OPEN,12000.0,PETROL,70000.0,70000
659,2026-01-07T20:45:00,depot-gazipur,region-dhaka,OPEN,12000.0,OCTANE,45000.0,45000
659,2026-01-07T20:45:00,depot-patiya,region-chattogram,OPEN,11000.0,DIESEL,85000.0,85000
659,2026-01-07T20:45:00,depot-patiya,region-chattogram,OPEN,11000.0,PETROL,65000.0,65000
659,2026-01-07T20:45:00,depot-patiya,region-chattogram,OPEN,11000.0,OCTANE,40000.0,40000
660,2026-01-07T21:00:00,depot-gazipur,region-dhaka,OPEN,12000.0,DIESEL,90000.0,90000
660,2026-01-07T21:00:00,depot-gazipur,region-dhaka,OPEN,12000.0,PETROL,70000.0,70000
660,2026-01-07T21:00:00,depot-gazipur,region-dhaka,OPEN,12000.0,OCTANE,45000.0,45000
660,2026-01-07T21:00:00,depot-patiya,region-chattogram,OPEN,11000.0,DIESEL,85000.0,85000
660,2026-01-07T21:00:00,depot-patiya,region-chattogram,OPEN,11000.0,PETROL,65000.0,65000
660,2026-01-07T21:00:00,depot-patiya,region-chattogram,OPEN,11000.0,OCTANE,40000.0,40000
661,2026-01-07T21:15:00,depot-gazipur,region-dhaka,OPEN,12000.0,DIESEL,90000.0,90000
661,2026-01-07T21:15:00,depot-gazipur,region-dhaka,OPEN,12000.0,PETROL,70000.0,70000
661,2026-01-07T21:15:00,depot-gazipur,region-dhaka,OPEN,12000.0,OCTANE,45000.0,45000
661,2026-01-07T21:15:00,depot-patiya,region-chattogram,OPEN,11000.0,DIESEL,85000.0,85000
661,2026-01-07T21:15:00,depot-patiya,region-chattogram,OPEN,11000.0,PETROL,65000.0,65000
661,2026-01-07T21:15:00,depot-patiya,region-chattogram,OPEN,11000.0,OCTANE,40000.0,40000
662,2026-01-07T21:30:00,depot-gazipur,region-dhaka,OPEN,12000.0,DIESEL,90000.0,90000
662,2026-01-07T21:30:00,depot-gazipur,region-dhaka,OPEN,12000.0,PETROL,70000.0,70000
662,2026-01-07T21:30:00,depot-gazipur,region-dhaka,OPEN,12000.0,OCTANE,45000.0,45000
662,2026-01-07T21:30:00,depot-patiya,region-chattogram,OPEN,11000.0,DIESEL,85000.0,85000
662,2026-01-07T21:30:00,depot-patiya,region-chattogram,OPEN,11000.0,PETROL,65000.0,65000
662,2026-01-07T21:30:00,depot-patiya,region-chattogram,OPEN,11000.0,OCTANE,40000.0,40000
663,2026-01-07T21:45:00,depot-gazipur,region-dhaka,OPEN,12000.0,DIESEL,90000.0,90000
663,2026-01-07T21:45:00,depot-gazipur,region-dhaka,OPEN,12000.0,PETROL,70000.0,70000
663,2026-01-07T21:45:00,depot-gazipur,region-dhaka,OPEN,12000.0,OCTANE,45000.0,45000
663,2026-01-07T21:45:00,depot-patiya,region-chattogram,OPEN,11000.0,DIESEL,85000.0,85000
663,2026-01-07T21:45:00,depot-patiya,region-chattogram,OPEN,11000.0,PETROL,65000.0,65000
663,2026-01-07T21:45:00,depot-patiya,region-chattogram,OPEN,11000.0,OCTANE,40000.0,40000
664,2026-01-07T22:00:00,depot-gazipur,region-dhaka,OPEN,12000.0,DIESEL,90000.0,90000
664,2026-01-07T22:00:00,depot-gazipur,region-dhaka,OPEN,12000.0,PETROL,70000.0,70000
664,2026-01-07T22:00:00,depot-gazipur,region-dhaka,OPEN,12000.0,OCTANE,45000.0,45000
664,2026-01-07T22:00:00,depot-patiya,region-chattogram,OPEN,11000.0,DIESEL,85000.0,85000
664,2026-01-07T22:00:00,depot-patiya,region-chattogram,OPEN,11000.0,PETROL,65000.0,65000
664,2026-01-07T22:00:00,depot-patiya,region-chattogram,OPEN,11000.0,OCTANE,40000.0,40000
665,2026-01-07T22:15:00,depot-gazipur,region-dhaka,OPEN,12000.0,DIESEL,90000.0,90000
665,2026-01-07T22:15:00,depot-gazipur,region-dhaka,OPEN,12000.0,PETROL,70000.0,70000
665,2026-01-07T22:15:00,depot-gazipur,region-dhaka,OPEN,12000.0,OCTANE,45000.0,45000
665,2026-01-07T22:15:00,depot-patiya,region-chattogram,OPEN,11000.0,DIESEL,85000.0,85000
665,2026-01-07T22:15:00,depot-patiya,region-chattogram,OPEN,11000.0,PETROL,65000.0,65000
665,2026-01-07T22:15:00,depot-patiya,region-chattogram,OPEN,11000.0,OCTANE,40000.0,40000
666,2026-01-07T22:30:00,depot-gazipur,region-dhaka,OPEN,12000.0,DIESEL,90000.0,90000
666,2026-01-07T22:30:00,depot-gazipur,region-dhaka,OPEN,12000.0,PETROL,70000.0,70000
666,2026-01-07T22:30:00,depot-gazipur,region-dhaka,OPEN,12000.0,OCTANE,45000.0,45000
666,2026-01-07T22:30:00,depot-patiya,region-chattogram,OPEN,11000.0,DIESEL,85000.0,85000
666,2026-01-07T22:30:00,depot-patiya,region-chattogram,OPEN,11000.0,PETROL,65000.0,65000
666,2026-01-07T22:30:00,depot-patiya,region-chattogram,OPEN,11000.0,OCTANE,40000.0,40000
667,2026-01-07T22:45:00,depot-gazipur,region-dhaka,OPEN,12000.0,DIESEL,90000.0,90000
667,2026-01-07T22:45:00,depot-gazipur,region-dhaka,OPEN,12000.0,PETROL,70000.0,70000
667,2026-01-07T22:45:00,depot-gazipur,region-dhaka,OPEN,12000.0,OCTANE,45000.0,45000
667,2026-01-07T22:45:00,depot-patiya,region-chattogram,OPEN,11000.0,DIESEL,85000.0,85000
667,2026-01-07T22:45:00,depot-patiya,region-chattogram,OPEN,11000.0,PETROL,65000.0,65000
667,2026-01-07T22:45:00,depot-patiya,region-chattogram,OPEN,11000.0,OCTANE,40000.0,40000
668,2026-01-07T23:00:00,depot-gazipur,region-dhaka,OPEN,12000.0,DIESEL,90000.0,90000
668,2026-01-07T23:00:00,depot-gazipur,region-dhaka,OPEN,12000.0,PETROL,70000.0,70000
668,2026-01-07T23:00:00,depot-gazipur,region-dhaka,OPEN,12000.0,OCTANE,45000.0,45000
668,2026-01-07T23:00:00,depot-patiya,region-chattogram,OPEN,11000.0,DIESEL,85000.0,85000
668,2026-01-07T23:00:00,depot-patiya,region-chattogram,OPEN,11000.0,PETROL,65000.0,65000
668,2026-01-07T23:00:00,depot-patiya,region-chattogram,OPEN,11000.0,OCTANE,40000.0,40000
669,2026-01-07T23:15:00,depot-gazipur,region-dhaka,OPEN,12000.0,DIESEL,90000.0,90000
669,2026-01-07T23:15:00,depot-gazipur,region-dhaka,OPEN,12000.0,PETROL,70000.0,70000
669,2026-01-07T23:15:00,depot-gazipur,region-dhaka,OPEN,12000.0,OCTANE,45000.0,45000
669,2026-01-07T23:15:00,depot-patiya,region-chattogram,OPEN,11000.0,DIESEL,85000.0,85000
669,2026-01-07T23:15:00,depot-patiya,region-chattogram,OPEN,11000.0,PETROL,65000.0,65000
669,2026-01-07T23:15:00,depot-patiya,region-chattogram,OPEN,11000.0,OCTANE,40000.0,40000
670,2026-01-07T23:30:00,depot-gazipur,region-dhaka,OPEN,12000.0,DIESEL,90000.0,90000
670,2026-01-07T23:30:00,depot-gazipur,region-dhaka,OPEN,12000.0,PETROL,70000.0,70000
670,2026-01-07T23:30:00,depot-gazipur,region-dhaka,OPEN,12000.0,OCTANE,45000.0,45000
670,2026-01-07T23:30:00,depot-patiya,region-chattogram,OPEN,11000.0,DIESEL,85000.0,85000
670,2026-01-07T23:30:00,depot-patiya,region-chattogram,OPEN,11000.0,PETROL,65000.0,65000
670,2026-01-07T23:30:00,depot-patiya,region-chattogram,OPEN,11000.0,OCTANE,40000.0,40000
671,2026-01-07T23:45:00,depot-gazipur,region-dhaka,OPEN,12000.0,DIESEL,90000.0,90000
671,2026-01-07T23:45:00,depot-gazipur,region-dhaka,OPEN,12000.0,PETROL,70000.0,70000
671,2026-01-07T23:45:00,depot-gazipur,region-dhaka,OPEN,12000.0,OCTANE,45000.0,45000
671,2026-01-07T23:45:00,depot-patiya,region-chattogram,OPEN,11000.0,DIESEL,85000.0,85000
671,2026-01-07T23:45:00,depot-patiya,region-chattogram,OPEN,11000.0,PETROL,65000.0,65000
671,2026-01-07T23:45:00,depot-patiya,region-chattogram,OPEN,11000.0,OCTANE,40000.0,40000
672,2026-01-08T00:00:00,depot-gazipur,region-dhaka,OPEN,12000.0,DIESEL,90000.0,90000
672,2026-01-08T00:00:00,depot-gazipur,region-dhaka,OPEN,12000.0,PETROL,70000.0,70000
672,2026-01-08T00:00:00,depot-gazipur,region-dhaka,OPEN,12000.0,OCTANE,45000.0,45000
672,2026-01-08T00:00:00,depot-patiya,region-chattogram,OPEN,11000.0,DIESEL,85000.0,85000
672,2026-01-08T00:00:00,depot-patiya,region-chattogram,OPEN,11000.0,PETROL,65000.0,65000
672,2026-01-08T00:00:00,depot-patiya,region-chattogram,OPEN,11000.0,OCTANE,40000.0,40000
673,2026-01-08T00:15:00,depot-gazipur,region-dhaka,OPEN,12000.0,DIESEL,90000.0,90000
673,2026-01-08T00:15:00,depot-gazipur,region-dhaka,OPEN,12000.0,PETROL,70000.0,70000
673,2026-01-08T00:15:00,depot-gazipur,region-dhaka,OPEN,12000.0,OCTANE,45000.0,45000
673,2026-01-08T00:15:00,depot-patiya,region-chattogram,OPEN,11000.0,DIESEL,85000.0,85000
673,2026-01-08T00:15:00,depot-patiya,region-chattogram,OPEN,11000.0,PETROL,65000.0,65000
673,2026-01-08T00:15:00,depot-patiya,region-chattogram,OPEN,11000.0,OCTANE,40000.0,40000
674,2026-01-08T00:30:00,depot-gazipur,region-dhaka,OPEN,12000.0,DIESEL,90000.0,90000
674,2026-01-08T00:30:00,depot-gazipur,region-dhaka,OPEN,12000.0,PETROL,70000.0,70000
674,2026-01-08T00:30:00,depot-gazipur,region-dhaka,OPEN,12000.0,OCTANE,45000.0,45000
674,2026-01-08T00:30:00,depot-patiya,region-chattogram,OPEN,11000.0,DIESEL,85000.0,85000
674,2026-01-08T00:30:00,depot-patiya,region-chattogram,OPEN,11000.0,PETROL,65000.0,65000
674,2026-01-08T00:30:00,depot-patiya,region-chattogram,OPEN,11000.0,OCTANE,40000.0,40000
675,2026-01-08T00:45:00,depot-gazipur,region-dhaka,OPEN,12000.0,DIESEL,90000.0,90000
675,2026-01-08T00:45:00,depot-gazipur,region-dhaka,OPEN,12000.0,PETROL,70000.0,70000
675,2026-01-08T00:45:00,depot-gazipur,region-dhaka,OPEN,12000.0,OCTANE,45000.0,45000
675,2026-01-08T00:45:00,depot-patiya,region-chattogram,OPEN,11000.0,DIESEL,85000.0,85000
675,2026-01-08T00:45:00,depot-patiya,region-chattogram,OPEN,11000.0,PETROL,65000.0,65000
675,2026-01-08T00:45:00,depot-patiya,region-chattogram,OPEN,11000.0,OCTANE,40000.0,40000
676,2026-01-08T01:00:00,depot-gazipur,region-dhaka,OPEN,12000.0,DIESEL,90000.0,90000
676,2026-01-08T01:00:00,depot-gazipur,region-dhaka,OPEN,12000.0,PETROL,70000.0,70000
676,2026-01-08T01:00:00,depot-gazipur,region-dhaka,OPEN,12000.0,OCTANE,45000.0,45000
676,2026-01-08T01:00:00,depot-patiya,region-chattogram,OPEN,11000.0,DIESEL,85000.0,85000
676,2026-01-08T01:00:00,depot-patiya,region-chattogram,OPEN,11000.0,PETROL,65000.0,65000
676,2026-01-08T01:00:00,depot-patiya,region-chattogram,OPEN,11000.0,OCTANE,40000.0,40000
677,2026-01-08T01:15:00,depot-gazipur,region-dhaka,OPEN,12000.0,DIESEL,90000.0,90000
677,2026-01-08T01:15:00,depot-gazipur,region-dhaka,OPEN,12000.0,PETROL,70000.0,70000
677,2026-01-08T01:15:00,depot-gazipur,region-dhaka,OPEN,12000.0,OCTANE,45000.0,45000
677,2026-01-08T01:15:00,depot-patiya,region-chattogram,OPEN,11000.0,DIESEL,85000.0,85000
677,2026-01-08T01:15:00,depot-patiya,region-chattogram,OPEN,11000.0,PETROL,65000.0,65000
677,2026-01-08T01:15:00,depot-patiya,region-chattogram,OPEN,11000.0,OCTANE,40000.0,40000
678,2026-01-08T01:30:00,depot-gazipur,region-dhaka,OPEN,12000.0,DIESEL,90000.0,90000
678,2026-01-08T01:30:00,depot-gazipur,region-dhaka,OPEN,12000.0,PETROL,70000.0,70000
678,2026-01-08T01:30:00,depot-gazipur,region-dhaka,OPEN,12000.0,OCTANE,45000.0,45000
678,2026-01-08T01:30:00,depot-patiya,region-chattogram,OPEN,11000.0,DIESEL,85000.0,85000
678,2026-01-08T01:30:00,depot-patiya,region-chattogram,OPEN,11000.0,PETROL,65000.0,65000
678,2026-01-08T01:30:00,depot-patiya,region-chattogram,OPEN,11000.0,OCTANE,40000.0,40000
679,2026-01-08T01:45:00,depot-gazipur,region-dhaka,OPEN,12000.0,DIESEL,90000.0,90000
679,2026-01-08T01:45:00,depot-gazipur,region-dhaka,OPEN,12000.0,PETROL,70000.0,70000
679,2026-01-08T01:45:00,depot-gazipur,region-dhaka,OPEN,12000.0,OCTANE,45000.0,45000
679,2026-01-08T01:45:00,depot-patiya,region-chattogram,OPEN,11000.0,DIESEL,85000.0,85000
679,2026-01-08T01:45:00,depot-patiya,region-chattogram,OPEN,11000.0,PETROL,65000.0,65000
679,2026-01-08T01:45:00,depot-patiya,region-chattogram,OPEN,11000.0,OCTANE,40000.0,40000
680,2026-01-08T02:00:00,depot-gazipur,region-dhaka,OPEN,12000.0,DIESEL,90000.0,90000
680,2026-01-08T02:00:00,depot-gazipur,region-dhaka,OPEN,12000.0,PETROL,70000.0,70000
680,2026-01-08T02:00:00,depot-gazipur,region-dhaka,OPEN,12000.0,OCTANE,45000.0,45000
680,2026-01-08T02:00:00,depot-patiya,region-chattogram,OPEN,11000.0,DIESEL,85000.0,85000
680,2026-01-08T02:00:00,depot-patiya,region-chattogram,OPEN,11000.0,PETROL,65000.0,65000
680,2026-01-08T02:00:00,depot-patiya,region-chattogram,OPEN,11000.0,OCTANE,40000.0,40000
681,2026-01-08T02:15:00,depot-gazipur,region-dhaka,OPEN,12000.0,DIESEL,90000.0,90000
681,2026-01-08T02:15:00,depot-gazipur,region-dhaka,OPEN,12000.0,PETROL,70000.0,70000
681,2026-01-08T02:15:00,depot-gazipur,region-dhaka,OPEN,12000.0,OCTANE,45000.0,45000
681,2026-01-08T02:15:00,depot-patiya,region-chattogram,OPEN,11000.0,DIESEL,85000.0,85000
681,2026-01-08T02:15:00,depot-patiya,region-chattogram,OPEN,11000.0,PETROL,65000.0,65000
681,2026-01-08T02:15:00,depot-patiya,region-chattogram,OPEN,11000.0,OCTANE,40000.0,40000
682,2026-01-08T02:30:00,depot-gazipur,region-dhaka,OPEN,12000.0,DIESEL,90000.0,90000
682,2026-01-08T02:30:00,depot-gazipur,region-dhaka,OPEN,12000.0,PETROL,70000.0,70000
682,2026-01-08T02:30:00,depot-gazipur,region-dhaka,OPEN,12000.0,OCTANE,45000.0,45000
682,2026-01-08T02:30:00,depot-patiya,region-chattogram,OPEN,11000.0,DIESEL,85000.0,85000
682,2026-01-08T02:30:00,depot-patiya,region-chattogram,OPEN,11000.0,PETROL,65000.0,65000
682,2026-01-08T02:30:00,depot-patiya,region-chattogram,OPEN,11000.0,OCTANE,40000.0,40000
683,2026-01-08T02:45:00,depot-gazipur,region-dhaka,OPEN,12000.0,DIESEL,90000.0,90000
683,2026-01-08T02:45:00,depot-gazipur,region-dhaka,OPEN,12000.0,PETROL,70000.0,70000
683,2026-01-08T02:45:00,depot-gazipur,region-dhaka,OPEN,12000.0,OCTANE,45000.0,45000
683,2026-01-08T02:45:00,depot-patiya,region-chattogram,OPEN,11000.0,DIESEL,85000.0,85000
683,2026-01-08T02:45:00,depot-patiya,region-chattogram,OPEN,11000.0,PETROL,65000.0,65000
683,2026-01-08T02:45:00,depot-patiya,region-chattogram,OPEN,11000.0,OCTANE,40000.0,40000
684,2026-01-08T03:00:00,depot-gazipur,region-dhaka,OPEN,12000.0,DIESEL,90000.0,90000
684,2026-01-08T03:00:00,depot-gazipur,region-dhaka,OPEN,12000.0,PETROL,70000.0,70000
684,2026-01-08T03:00:00,depot-gazipur,region-dhaka,OPEN,12000.0,OCTANE,45000.0,45000
684,2026-01-08T03:00:00,depot-patiya,region-chattogram,OPEN,11000.0,DIESEL,85000.0,85000
684,2026-01-08T03:00:00,depot-patiya,region-chattogram,OPEN,11000.0,PETROL,65000.0,65000
684,2026-01-08T03:00:00,depot-patiya,region-chattogram,OPEN,11000.0,OCTANE,40000.0,40000
685,2026-01-08T03:15:00,depot-gazipur,region-dhaka,OPEN,12000.0,DIESEL,90000.0,90000
685,2026-01-08T03:15:00,depot-gazipur,region-dhaka,OPEN,12000.0,PETROL,70000.0,70000
685,2026-01-08T03:15:00,depot-gazipur,region-dhaka,OPEN,12000.0,OCTANE,45000.0,45000
685,2026-01-08T03:15:00,depot-patiya,region-chattogram,OPEN,11000.0,DIESEL,85000.0,85000
685,2026-01-08T03:15:00,depot-patiya,region-chattogram,OPEN,11000.0,PETROL,65000.0,65000
685,2026-01-08T03:15:00,depot-patiya,region-chattogram,OPEN,11000.0,OCTANE,40000.0,40000
686,2026-01-08T03:30:00,depot-gazipur,region-dhaka,OPEN,12000.0,DIESEL,90000.0,90000
686,2026-01-08T03:30:00,depot-gazipur,region-dhaka,OPEN,12000.0,PETROL,70000.0,70000
686,2026-01-08T03:30:00,depot-gazipur,region-dhaka,OPEN,12000.0,OCTANE,45000.0,45000
686,2026-01-08T03:30:00,depot-patiya,region-chattogram,OPEN,11000.0,DIESEL,85000.0,85000
686,2026-01-08T03:30:00,depot-patiya,region-chattogram,OPEN,11000.0,PETROL,65000.0,65000
686,2026-01-08T03:30:00,depot-patiya,region-chattogram,OPEN,11000.0,OCTANE,40000.0,40000
687,2026-01-08T03:45:00,depot-gazipur,region-dhaka,OPEN,12000.0,DIESEL,90000.0,90000
687,2026-01-08T03:45:00,depot-gazipur,region-dhaka,OPEN,12000.0,PETROL,70000.0,70000
687,2026-01-08T03:45:00,depot-gazipur,region-dhaka,OPEN,12000.0,OCTANE,45000.0,45000
687,2026-01-08T03:45:00,depot-patiya,region-chattogram,OPEN,11000.0,DIESEL,85000.0,85000
687,2026-01-08T03:45:00,depot-patiya,region-chattogram,OPEN,11000.0,PETROL,65000.0,65000
687,2026-01-08T03:45:00,depot-patiya,region-chattogram,OPEN,11000.0,OCTANE,40000.0,40000
688,2026-01-08T04:00:00,depot-gazipur,region-dhaka,OPEN,12000.0,DIESEL,90000.0,90000
688,2026-01-08T04:00:00,depot-gazipur,region-dhaka,OPEN,12000.0,PETROL,70000.0,70000
688,2026-01-08T04:00:00,depot-gazipur,region-dhaka,OPEN,12000.0,OCTANE,45000.0,45000
688,2026-01-08T04:00:00,depot-patiya,region-chattogram,OPEN,11000.0,DIESEL,85000.0,85000
688,2026-01-08T04:00:00,depot-patiya,region-chattogram,OPEN,11000.0,PETROL,65000.0,65000
688,2026-01-08T04:00:00,depot-patiya,region-chattogram,OPEN,11000.0,OCTANE,40000.0,40000
689,2026-01-08T04:15:00,depot-gazipur,region-dhaka,OPEN,12000.0,DIESEL,90000.0,90000
689,2026-01-08T04:15:00,depot-gazipur,region-dhaka,OPEN,12000.0,PETROL,70000.0,70000
689,2026-01-08T04:15:00,depot-gazipur,region-dhaka,OPEN,12000.0,OCTANE,45000.0,45000
689,2026-01-08T04:15:00,depot-patiya,region-chattogram,OPEN,11000.0,DIESEL,85000.0,85000
689,2026-01-08T04:15:00,depot-patiya,region-chattogram,OPEN,11000.0,PETROL,65000.0,65000
689,2026-01-08T04:15:00,depot-patiya,region-chattogram,OPEN,11000.0,OCTANE,40000.0,40000
690,2026-01-08T04:30:00,depot-gazipur,region-dhaka,OPEN,12000.0,DIESEL,90000.0,90000
690,2026-01-08T04:30:00,depot-gazipur,region-dhaka,OPEN,12000.0,PETROL,70000.0,70000
690,2026-01-08T04:30:00,depot-gazipur,region-dhaka,OPEN,12000.0,OCTANE,45000.0,45000
690,2026-01-08T04:30:00,depot-patiya,region-chattogram,OPEN,11000.0,DIESEL,85000.0,85000
690,2026-01-08T04:30:00,depot-patiya,region-chattogram,OPEN,11000.0,PETROL,65000.0,65000
690,2026-01-08T04:30:00,depot-patiya,region-chattogram,OPEN,11000.0,OCTANE,40000.0,40000
691,2026-01-08T04:45:00,depot-gazipur,region-dhaka,OPEN,12000.0,DIESEL,90000.0,90000
691,2026-01-08T04:45:00,depot-gazipur,region-dhaka,OPEN,12000.0,PETROL,70000.0,70000
691,2026-01-08T04:45:00,depot-gazipur,region-dhaka,OPEN,12000.0,OCTANE,45000.0,45000
691,2026-01-08T04:45:00,depot-patiya,region-chattogram,OPEN,11000.0,DIESEL,85000.0,85000
691,2026-01-08T04:45:00,depot-patiya,region-chattogram,OPEN,11000.0,PETROL,65000.0,65000
691,2026-01-08T04:45:00,depot-patiya,region-chattogram,OPEN,11000.0,OCTANE,40000.0,40000
692,2026-01-08T05:00:00,depot-gazipur,region-dhaka,OPEN,12000.0,DIESEL,90000.0,90000
692,2026-01-08T05:00:00,depot-gazipur,region-dhaka,OPEN,12000.0,PETROL,70000.0,70000
692,2026-01-08T05:00:00,depot-gazipur,region-dhaka,OPEN,12000.0,OCTANE,45000.0,45000
692,2026-01-08T05:00:00,depot-patiya,region-chattogram,OPEN,11000.0,DIESEL,85000.0,85000
692,2026-01-08T05:00:00,depot-patiya,region-chattogram,OPEN,11000.0,PETROL,65000.0,65000
692,2026-01-08T05:00:00,depot-patiya,region-chattogram,OPEN,11000.0,OCTANE,40000.0,40000
693,2026-01-08T05:15:00,depot-gazipur,region-dhaka,OPEN,12000.0,DIESEL,90000.0,90000
693,2026-01-08T05:15:00,depot-gazipur,region-dhaka,OPEN,12000.0,PETROL,70000.0,70000
693,2026-01-08T05:15:00,depot-gazipur,region-dhaka,OPEN,12000.0,OCTANE,45000.0,45000
693,2026-01-08T05:15:00,depot-patiya,region-chattogram,OPEN,11000.0,DIESEL,85000.0,85000
693,2026-01-08T05:15:00,depot-patiya,region-chattogram,OPEN,11000.0,PETROL,65000.0,65000
693,2026-01-08T05:15:00,depot-patiya,region-chattogram,OPEN,11000.0,OCTANE,40000.0,40000
694,2026-01-08T05:30:00,depot-gazipur,region-dhaka,OPEN,12000.0,DIESEL,90000.0,90000
694,2026-01-08T05:30:00,depot-gazipur,region-dhaka,OPEN,12000.0,PETROL,70000.0,70000
694,2026-01-08T05:30:00,depot-gazipur,region-dhaka,OPEN,12000.0,OCTANE,45000.0,45000
694,2026-01-08T05:30:00,depot-patiya,region-chattogram,OPEN,11000.0,DIESEL,85000.0,85000
694,2026-01-08T05:30:00,depot-patiya,region-chattogram,OPEN,11000.0,PETROL,65000.0,65000
694,2026-01-08T05:30:00,depot-patiya,region-chattogram,OPEN,11000.0,OCTANE,40000.0,40000
695,2026-01-08T05:45:00,depot-gazipur,region-dhaka,OPEN,12000.0,DIESEL,90000.0,90000
695,2026-01-08T05:45:00,depot-gazipur,region-dhaka,OPEN,12000.0,PETROL,70000.0,70000
695,2026-01-08T05:45:00,depot-gazipur,region-dhaka,OPEN,12000.0,OCTANE,45000.0,45000
695,2026-01-08T05:45:00,depot-patiya,region-chattogram,OPEN,11000.0,DIESEL,85000.0,85000
695,2026-01-08T05:45:00,depot-patiya,region-chattogram,OPEN,11000.0,PETROL,65000.0,65000
695,2026-01-08T05:45:00,depot-patiya,region-chattogram,OPEN,11000.0,OCTANE,40000.0,40000
696,2026-01-08T06:00:00,depot-gazipur,region-dhaka,OPEN,12000.0,DIESEL,90000.0,90000
696,2026-01-08T06:00:00,depot-gazipur,region-dhaka,OPEN,12000.0,PETROL,70000.0,70000
696,2026-01-08T06:00:00,depot-gazipur,region-dhaka,OPEN,12000.0,OCTANE,45000.0,45000
696,2026-01-08T06:00:00,depot-patiya,region-chattogram,OPEN,11000.0,DIESEL,85000.0,85000
696,2026-01-08T06:00:00,depot-patiya,region-chattogram,OPEN,11000.0,PETROL,65000.0,65000
696,2026-01-08T06:00:00,depot-patiya,region-chattogram,OPEN,11000.0,OCTANE,40000.0,40000
697,2026-01-08T06:15:00,depot-gazipur,region-dhaka,OPEN,12000.0,DIESEL,90000.0,90000
697,2026-01-08T06:15:00,depot-gazipur,region-dhaka,OPEN,12000.0,PETROL,70000.0,70000
697,2026-01-08T06:15:00,depot-gazipur,region-dhaka,OPEN,12000.0,OCTANE,45000.0,45000
697,2026-01-08T06:15:00,depot-patiya,region-chattogram,OPEN,11000.0,DIESEL,85000.0,85000
697,2026-01-08T06:15:00,depot-patiya,region-chattogram,OPEN,11000.0,PETROL,65000.0,65000
697,2026-01-08T06:15:00,depot-patiya,region-chattogram,OPEN,11000.0,OCTANE,40000.0,40000
698,2026-01-08T06:30:00,depot-gazipur,region-dhaka,OPEN,12000.0,DIESEL,90000.0,90000
698,2026-01-08T06:30:00,depot-gazipur,region-dhaka,OPEN,12000.0,PETROL,70000.0,70000
698,2026-01-08T06:30:00,depot-gazipur,region-dhaka,OPEN,12000.0,OCTANE,45000.0,45000
698,2026-01-08T06:30:00,depot-patiya,region-chattogram,OPEN,11000.0,DIESEL,85000.0,85000
698,2026-01-08T06:30:00,depot-patiya,region-chattogram,OPEN,11000.0,PETROL,65000.0,65000
698,2026-01-08T06:30:00,depot-patiya,region-chattogram,OPEN,11000.0,OCTANE,40000.0,40000
699,2026-01-08T06:45:00,depot-gazipur,region-dhaka,OPEN,12000.0,DIESEL,90000.0,90000
699,2026-01-08T06:45:00,depot-gazipur,region-dhaka,OPEN,12000.0,PETROL,70000.0,70000
699,2026-01-08T06:45:00,depot-gazipur,region-dhaka,OPEN,12000.0,OCTANE,45000.0,45000
699,2026-01-08T06:45:00,depot-patiya,region-chattogram,OPEN,11000.0,DIESEL,85000.0,85000
699,2026-01-08T06:45:00,depot-patiya,region-chattogram,OPEN,11000.0,PETROL,65000.0,65000
699,2026-01-08T06:45:00,depot-patiya,region-chattogram,OPEN,11000.0,OCTANE,40000.0,40000
700,2026-01-08T07:00:00,depot-gazipur,region-dhaka,OPEN,12000.0,DIESEL,90000.0,90000
700,2026-01-08T07:00:00,depot-gazipur,region-dhaka,OPEN,12000.0,PETROL,70000.0,70000
700,2026-01-08T07:00:00,depot-gazipur,region-dhaka,OPEN,12000.0,OCTANE,45000.0,45000
700,2026-01-08T07:00:00,depot-patiya,region-chattogram,OPEN,11000.0,DIESEL,85000.0,85000
700,2026-01-08T07:00:00,depot-patiya,region-chattogram,OPEN,11000.0,PETROL,65000.0,65000
700,2026-01-08T07:00:00,depot-patiya,region-chattogram,OPEN,11000.0,OCTANE,40000.0,40000
701,2026-01-08T07:15:00,depot-gazipur,region-dhaka,OPEN,12000.0,DIESEL,90000.0,90000
701,2026-01-08T07:15:00,depot-gazipur,region-dhaka,OPEN,12000.0,PETROL,70000.0,70000
701,2026-01-08T07:15:00,depot-gazipur,region-dhaka,OPEN,12000.0,OCTANE,45000.0,45000
701,2026-01-08T07:15:00,depot-patiya,region-chattogram,OPEN,11000.0,DIESEL,85000.0,85000
701,2026-01-08T07:15:00,depot-patiya,region-chattogram,OPEN,11000.0,PETROL,65000.0,65000
701,2026-01-08T07:15:00,depot-patiya,region-chattogram,OPEN,11000.0,OCTANE,40000.0,40000
702,2026-01-08T07:30:00,depot-gazipur,region-dhaka,OPEN,12000.0,DIESEL,90000.0,90000
702,2026-01-08T07:30:00,depot-gazipur,region-dhaka,OPEN,12000.0,PETROL,70000.0,70000
702,2026-01-08T07:30:00,depot-gazipur,region-dhaka,OPEN,12000.0,OCTANE,45000.0,45000
702,2026-01-08T07:30:00,depot-patiya,region-chattogram,OPEN,11000.0,DIESEL,85000.0,85000
702,2026-01-08T07:30:00,depot-patiya,region-chattogram,OPEN,11000.0,PETROL,65000.0,65000
702,2026-01-08T07:30:00,depot-patiya,region-chattogram,OPEN,11000.0,OCTANE,40000.0,40000
703,2026-01-08T07:45:00,depot-gazipur,region-dhaka,OPEN,12000.0,DIESEL,90000.0,90000
703,2026-01-08T07:45:00,depot-gazipur,region-dhaka,OPEN,12000.0,PETROL,70000.0,70000
703,2026-01-08T07:45:00,depot-gazipur,region-dhaka,OPEN,12000.0,OCTANE,45000.0,45000
703,2026-01-08T07:45:00,depot-patiya,region-chattogram,OPEN,11000.0,DIESEL,85000.0,85000
703,2026-01-08T07:45:00,depot-patiya,region-chattogram,OPEN,11000.0,PETROL,65000.0,65000
703,2026-01-08T07:45:00,depot-patiya,region-chattogram,OPEN,11000.0,OCTANE,40000.0,40000
704,2026-01-08T08:00:00,depot-gazipur,region-dhaka,OPEN,12000.0,DIESEL,90000.0,90000
704,2026-01-08T08:00:00,depot-gazipur,region-dhaka,OPEN,12000.0,PETROL,70000.0,70000
704,2026-01-08T08:00:00,depot-gazipur,region-dhaka,OPEN,12000.0,OCTANE,45000.0,45000
704,2026-01-08T08:00:00,depot-patiya,region-chattogram,OPEN,11000.0,DIESEL,85000.0,85000
704,2026-01-08T08:00:00,depot-patiya,region-chattogram,OPEN,11000.0,PETROL,65000.0,65000
704,2026-01-08T08:00:00,depot-patiya,region-chattogram,OPEN,11000.0,OCTANE,40000.0,40000
705,2026-01-08T08:15:00,depot-gazipur,region-dhaka,OPEN,12000.0,DIESEL,90000.0,90000
705,2026-01-08T08:15:00,depot-gazipur,region-dhaka,OPEN,12000.0,PETROL,70000.0,70000
705,2026-01-08T08:15:00,depot-gazipur,region-dhaka,OPEN,12000.0,OCTANE,45000.0,45000
705,2026-01-08T08:15:00,depot-patiya,region-chattogram,OPEN,11000.0,DIESEL,85000.0,85000
705,2026-01-08T08:15:00,depot-patiya,region-chattogram,OPEN,11000.0,PETROL,65000.0,65000
705,2026-01-08T08:15:00,depot-patiya,region-chattogram,OPEN,11000.0,OCTANE,40000.0,40000
706,2026-01-08T08:30:00,depot-gazipur,region-dhaka,OPEN,12000.0,DIESEL,90000.0,90000
706,2026-01-08T08:30:00,depot-gazipur,region-dhaka,OPEN,12000.0,PETROL,70000.0,70000
706,2026-01-08T08:30:00,depot-gazipur,region-dhaka,OPEN,12000.0,OCTANE,45000.0,45000
706,2026-01-08T08:30:00,depot-patiya,region-chattogram,OPEN,11000.0,DIESEL,85000.0,85000
706,2026-01-08T08:30:00,depot-patiya,region-chattogram,OPEN,11000.0,PETROL,65000.0,65000
706,2026-01-08T08:30:00,depot-patiya,region-chattogram,OPEN,11000.0,OCTANE,40000.0,40000
707,2026-01-08T08:45:00,depot-gazipur,region-dhaka,OPEN,12000.0,DIESEL,90000.0,90000
707,2026-01-08T08:45:00,depot-gazipur,region-dhaka,OPEN,12000.0,PETROL,70000.0,70000
707,2026-01-08T08:45:00,depot-gazipur,region-dhaka,OPEN,12000.0,OCTANE,45000.0,45000
707,2026-01-08T08:45:00,depot-patiya,region-chattogram,OPEN,11000.0,DIESEL,85000.0,85000
707,2026-01-08T08:45:00,depot-patiya,region-chattogram,OPEN,11000.0,PETROL,65000.0,65000
707,2026-01-08T08:45:00,depot-patiya,region-chattogram,OPEN,11000.0,OCTANE,40000.0,40000
708,2026-01-08T09:00:00,depot-gazipur,region-dhaka,OPEN,12000.0,DIESEL,90000.0,90000
708,2026-01-08T09:00:00,depot-gazipur,region-dhaka,OPEN,12000.0,PETROL,70000.0,70000
708,2026-01-08T09:00:00,depot-gazipur,region-dhaka,OPEN,12000.0,OCTANE,45000.0,45000
708,2026-01-08T09:00:00,depot-patiya,region-chattogram,OPEN,11000.0,DIESEL,85000.0,85000
708,2026-01-08T09:00:00,depot-patiya,region-chattogram,OPEN,11000.0,PETROL,65000.0,65000
708,2026-01-08T09:00:00,depot-patiya,region-chattogram,OPEN,11000.0,OCTANE,40000.0,40000
709,2026-01-08T09:15:00,depot-gazipur,region-dhaka,OPEN,12000.0,DIESEL,90000.0,90000
709,2026-01-08T09:15:00,depot-gazipur,region-dhaka,OPEN,12000.0,PETROL,70000.0,70000
709,2026-01-08T09:15:00,depot-gazipur,region-dhaka,OPEN,12000.0,OCTANE,45000.0,45000
709,2026-01-08T09:15:00,depot-patiya,region-chattogram,OPEN,11000.0,DIESEL,85000.0,85000
709,2026-01-08T09:15:00,depot-patiya,region-chattogram,OPEN,11000.0,PETROL,65000.0,65000
709,2026-01-08T09:15:00,depot-patiya,region-chattogram,OPEN,11000.0,OCTANE,40000.0,40000
710,2026-01-08T09:30:00,depot-gazipur,region-dhaka,OPEN,12000.0,DIESEL,90000.0,90000
710,2026-01-08T09:30:00,depot-gazipur,region-dhaka,OPEN,12000.0,PETROL,70000.0,70000
710,2026-01-08T09:30:00,depot-gazipur,region-dhaka,OPEN,12000.0,OCTANE,45000.0,45000
710,2026-01-08T09:30:00,depot-patiya,region-chattogram,OPEN,11000.0,DIESEL,85000.0,85000
710,2026-01-08T09:30:00,depot-patiya,region-chattogram,OPEN,11000.0,PETROL,65000.0,65000
710,2026-01-08T09:30:00,depot-patiya,region-chattogram,OPEN,11000.0,OCTANE,40000.0,40000
711,2026-01-08T09:45:00,depot-gazipur,region-dhaka,OPEN,12000.0,DIESEL,90000.0,90000
711,2026-01-08T09:45:00,depot-gazipur,region-dhaka,OPEN,12000.0,PETROL,70000.0,70000
711,2026-01-08T09:45:00,depot-gazipur,region-dhaka,OPEN,12000.0,OCTANE,45000.0,45000
711,2026-01-08T09:45:00,depot-patiya,region-chattogram,OPEN,11000.0,DIESEL,85000.0,85000
711,2026-01-08T09:45:00,depot-patiya,region-chattogram,OPEN,11000.0,PETROL,65000.0,65000
711,2026-01-08T09:45:00,depot-patiya,region-chattogram,OPEN,11000.0,OCTANE,40000.0,40000
712,2026-01-08T10:00:00,depot-gazipur,region-dhaka,OPEN,12000.0,DIESEL,90000.0,90000
712,2026-01-08T10:00:00,depot-gazipur,region-dhaka,OPEN,12000.0,PETROL,70000.0,70000
712,2026-01-08T10:00:00,depot-gazipur,region-dhaka,OPEN,12000.0,OCTANE,45000.0,45000
712,2026-01-08T10:00:00,depot-patiya,region-chattogram,OPEN,11000.0,DIESEL,85000.0,85000
712,2026-01-08T10:00:00,depot-patiya,region-chattogram,OPEN,11000.0,PETROL,65000.0,65000
712,2026-01-08T10:00:00,depot-patiya,region-chattogram,OPEN,11000.0,OCTANE,40000.0,40000
713,2026-01-08T10:15:00,depot-gazipur,region-dhaka,OPEN,12000.0,DIESEL,90000.0,90000
713,2026-01-08T10:15:00,depot-gazipur,region-dhaka,OPEN,12000.0,PETROL,70000.0,70000
713,2026-01-08T10:15:00,depot-gazipur,region-dhaka,OPEN,12000.0,OCTANE,45000.0,45000
713,2026-01-08T10:15:00,depot-patiya,region-chattogram,OPEN,11000.0,DIESEL,85000.0,85000
713,2026-01-08T10:15:00,depot-patiya,region-chattogram,OPEN,11000.0,PETROL,65000.0,65000
713,2026-01-08T10:15:00,depot-patiya,region-chattogram,OPEN,11000.0,OCTANE,40000.0,40000
714,2026-01-08T10:30:00,depot-gazipur,region-dhaka,OPEN,12000.0,DIESEL,90000.0,90000
714,2026-01-08T10:30:00,depot-gazipur,region-dhaka,OPEN,12000.0,PETROL,70000.0,70000
714,2026-01-08T10:30:00,depot-gazipur,region-dhaka,OPEN,12000.0,OCTANE,45000.0,45000
714,2026-01-08T10:30:00,depot-patiya,region-chattogram,OPEN,11000.0,DIESEL,85000.0,85000
714,2026-01-08T10:30:00,depot-patiya,region-chattogram,OPEN,11000.0,PETROL,65000.0,65000
714,2026-01-08T10:30:00,depot-patiya,region-chattogram,OPEN,11000.0,OCTANE,40000.0,40000
715,2026-01-08T10:45:00,depot-gazipur,region-dhaka,OPEN,12000.0,DIESEL,90000.0,90000
715,2026-01-08T10:45:00,depot-gazipur,region-dhaka,OPEN,12000.0,PETROL,70000.0,70000
715,2026-01-08T10:45:00,depot-gazipur,region-dhaka,OPEN,12000.0,OCTANE,45000.0,45000
715,2026-01-08T10:45:00,depot-patiya,region-chattogram,OPEN,11000.0,DIESEL,85000.0,85000
715,2026-01-08T10:45:00,depot-patiya,region-chattogram,OPEN,11000.0,PETROL,65000.0,65000
715,2026-01-08T10:45:00,depot-patiya,region-chattogram,OPEN,11000.0,OCTANE,40000.0,40000
716,2026-01-08T11:00:00,depot-gazipur,region-dhaka,OPEN,12000.0,DIESEL,90000.0,90000
716,2026-01-08T11:00:00,depot-gazipur,region-dhaka,OPEN,12000.0,PETROL,70000.0,70000
716,2026-01-08T11:00:00,depot-gazipur,region-dhaka,OPEN,12000.0,OCTANE,45000.0,45000
716,2026-01-08T11:00:00,depot-patiya,region-chattogram,OPEN,11000.0,DIESEL,85000.0,85000
716,2026-01-08T11:00:00,depot-patiya,region-chattogram,OPEN,11000.0,PETROL,65000.0,65000
716,2026-01-08T11:00:00,depot-patiya,region-chattogram,OPEN,11000.0,OCTANE,40000.0,40000
717,2026-01-08T11:15:00,depot-gazipur,region-dhaka,OPEN,12000.0,DIESEL,90000.0,90000
717,2026-01-08T11:15:00,depot-gazipur,region-dhaka,OPEN,12000.0,PETROL,70000.0,70000
717,2026-01-08T11:15:00,depot-gazipur,region-dhaka,OPEN,12000.0,OCTANE,45000.0,45000
717,2026-01-08T11:15:00,depot-patiya,region-chattogram,OPEN,11000.0,DIESEL,85000.0,85000
717,2026-01-08T11:15:00,depot-patiya,region-chattogram,OPEN,11000.0,PETROL,65000.0,65000
717,2026-01-08T11:15:00,depot-patiya,region-chattogram,OPEN,11000.0,OCTANE,40000.0,40000
718,2026-01-08T11:30:00,depot-gazipur,region-dhaka,OPEN,12000.0,DIESEL,90000.0,90000
718,2026-01-08T11:30:00,depot-gazipur,region-dhaka,OPEN,12000.0,PETROL,70000.0,70000
718,2026-01-08T11:30:00,depot-gazipur,region-dhaka,OPEN,12000.0,OCTANE,45000.0,45000
718,2026-01-08T11:30:00,depot-patiya,region-chattogram,OPEN,11000.0,DIESEL,85000.0,85000
718,2026-01-08T11:30:00,depot-patiya,region-chattogram,OPEN,11000.0,PETROL,65000.0,65000
718,2026-01-08T11:30:00,depot-patiya,region-chattogram,OPEN,11000.0,OCTANE,40000.0,40000
719,2026-01-08T11:45:00,depot-gazipur,region-dhaka,OPEN,12000.0,DIESEL,90000.0,90000
719,2026-01-08T11:45:00,depot-gazipur,region-dhaka,OPEN,12000.0,PETROL,70000.0,70000
719,2026-01-08T11:45:00,depot-gazipur,region-dhaka,OPEN,12000.0,OCTANE,45000.0,45000
719,2026-01-08T11:45:00,depot-patiya,region-chattogram,OPEN,11000.0,DIESEL,85000.0,85000
719,2026-01-08T11:45:00,depot-patiya,region-chattogram,OPEN,11000.0,PETROL,65000.0,65000
719,2026-01-08T11:45:00,depot-patiya,region-chattogram,OPEN,11000.0,OCTANE,40000.0,40000
720,2026-01-08T12:00:00,depot-gazipur,region-dhaka,OPEN,12000.0,DIESEL,90000.0,90000
720,2026-01-08T12:00:00,depot-gazipur,region-dhaka,OPEN,12000.0,PETROL,70000.0,70000
720,2026-01-08T12:00:00,depot-gazipur,region-dhaka,OPEN,12000.0,OCTANE,45000.0,45000
720,2026-01-08T12:00:00,depot-patiya,region-chattogram,OPEN,11000.0,DIESEL,85000.0,85000
720,2026-01-08T12:00:00,depot-patiya,region-chattogram,OPEN,11000.0,PETROL,65000.0,65000
720,2026-01-08T12:00:00,depot-patiya,region-chattogram,OPEN,11000.0,OCTANE,40000.0,40000
721,2026-01-08T12:15:00,depot-gazipur,region-dhaka,OPEN,12000.0,DIESEL,90000.0,90000
721,2026-01-08T12:15:00,depot-gazipur,region-dhaka,OPEN,12000.0,PETROL,70000.0,70000
721,2026-01-08T12:15:00,depot-gazipur,region-dhaka,OPEN,12000.0,OCTANE,45000.0,45000
721,2026-01-08T12:15:00,depot-patiya,region-chattogram,OPEN,11000.0,DIESEL,85000.0,85000
721,2026-01-08T12:15:00,depot-patiya,region-chattogram,OPEN,11000.0,PETROL,65000.0,65000
721,2026-01-08T12:15:00,depot-patiya,region-chattogram,OPEN,11000.0,OCTANE,40000.0,40000
722,2026-01-08T12:30:00,depot-gazipur,region-dhaka,OPEN,12000.0,DIESEL,90000.0,90000
722,2026-01-08T12:30:00,depot-gazipur,region-dhaka,OPEN,12000.0,PETROL,70000.0,70000
722,2026-01-08T12:30:00,depot-gazipur,region-dhaka,OPEN,12000.0,OCTANE,45000.0,45000
722,2026-01-08T12:30:00,depot-patiya,region-chattogram,OPEN,11000.0,DIESEL,85000.0,85000
722,2026-01-08T12:30:00,depot-patiya,region-chattogram,OPEN,11000.0,PETROL,65000.0,65000
722,2026-01-08T12:30:00,depot-patiya,region-chattogram,OPEN,11000.0,OCTANE,40000.0,40000
723,2026-01-08T12:45:00,depot-gazipur,region-dhaka,OPEN,12000.0,DIESEL,90000.0,90000
723,2026-01-08T12:45:00,depot-gazipur,region-dhaka,OPEN,12000.0,PETROL,70000.0,70000
723,2026-01-08T12:45:00,depot-gazipur,region-dhaka,OPEN,12000.0,OCTANE,45000.0,45000
723,2026-01-08T12:45:00,depot-patiya,region-chattogram,OPEN,11000.0,DIESEL,85000.0,85000
723,2026-01-08T12:45:00,depot-patiya,region-chattogram,OPEN,11000.0,PETROL,65000.0,65000
723,2026-01-08T12:45:00,depot-patiya,region-chattogram,OPEN,11000.0,OCTANE,40000.0,40000
724,2026-01-08T13:00:00,depot-gazipur,region-dhaka,OPEN,12000.0,DIESEL,90000.0,90000
724,2026-01-08T13:00:00,depot-gazipur,region-dhaka,OPEN,12000.0,PETROL,70000.0,70000
724,2026-01-08T13:00:00,depot-gazipur,region-dhaka,OPEN,12000.0,OCTANE,45000.0,45000
724,2026-01-08T13:00:00,depot-patiya,region-chattogram,OPEN,11000.0,DIESEL,85000.0,85000
724,2026-01-08T13:00:00,depot-patiya,region-chattogram,OPEN,11000.0,PETROL,65000.0,65000
724,2026-01-08T13:00:00,depot-patiya,region-chattogram,OPEN,11000.0,OCTANE,40000.0,40000
725,2026-01-08T13:15:00,depot-gazipur,region-dhaka,OPEN,12000.0,DIESEL,90000.0,90000
725,2026-01-08T13:15:00,depot-gazipur,region-dhaka,OPEN,12000.0,PETROL,70000.0,70000
725,2026-01-08T13:15:00,depot-gazipur,region-dhaka,OPEN,12000.0,OCTANE,45000.0,45000
725,2026-01-08T13:15:00,depot-patiya,region-chattogram,OPEN,11000.0,DIESEL,85000.0,85000
725,2026-01-08T13:15:00,depot-patiya,region-chattogram,OPEN,11000.0,PETROL,65000.0,65000
725,2026-01-08T13:15:00,depot-patiya,region-chattogram,OPEN,11000.0,OCTANE,40000.0,40000
726,2026-01-08T13:30:00,depot-gazipur,region-dhaka,OPEN,12000.0,DIESEL,90000.0,90000
726,2026-01-08T13:30:00,depot-gazipur,region-dhaka,OPEN,12000.0,PETROL,70000.0,70000
726,2026-01-08T13:30:00,depot-gazipur,region-dhaka,OPEN,12000.0,OCTANE,45000.0,45000
726,2026-01-08T13:30:00,depot-patiya,region-chattogram,OPEN,11000.0,DIESEL,85000.0,85000
726,2026-01-08T13:30:00,depot-patiya,region-chattogram,OPEN,11000.0,PETROL,65000.0,65000
726,2026-01-08T13:30:00,depot-patiya,region-chattogram,OPEN,11000.0,OCTANE,40000.0,40000
727,2026-01-08T13:45:00,depot-gazipur,region-dhaka,OPEN,12000.0,DIESEL,90000.0,90000
727,2026-01-08T13:45:00,depot-gazipur,region-dhaka,OPEN,12000.0,PETROL,70000.0,70000
727,2026-01-08T13:45:00,depot-gazipur,region-dhaka,OPEN,12000.0,OCTANE,45000.0,45000
727,2026-01-08T13:45:00,depot-patiya,region-chattogram,OPEN,11000.0,DIESEL,85000.0,85000
727,2026-01-08T13:45:00,depot-patiya,region-chattogram,OPEN,11000.0,PETROL,65000.0,65000
727,2026-01-08T13:45:00,depot-patiya,region-chattogram,OPEN,11000.0,OCTANE,40000.0,40000
728,2026-01-08T14:00:00,depot-gazipur,region-dhaka,OPEN,12000.0,DIESEL,90000.0,90000
728,2026-01-08T14:00:00,depot-gazipur,region-dhaka,OPEN,12000.0,PETROL,70000.0,70000
728,2026-01-08T14:00:00,depot-gazipur,region-dhaka,OPEN,12000.0,OCTANE,45000.0,45000
728,2026-01-08T14:00:00,depot-patiya,region-chattogram,OPEN,11000.0,DIESEL,85000.0,85000
728,2026-01-08T14:00:00,depot-patiya,region-chattogram,OPEN,11000.0,PETROL,65000.0,65000
728,2026-01-08T14:00:00,depot-patiya,region-chattogram,OPEN,11000.0,OCTANE,40000.0,40000
729,2026-01-08T14:15:00,depot-gazipur,region-dhaka,OPEN,12000.0,DIESEL,90000.0,90000
729,2026-01-08T14:15:00,depot-gazipur,region-dhaka,OPEN,12000.0,PETROL,70000.0,70000
729,2026-01-08T14:15:00,depot-gazipur,region-dhaka,OPEN,12000.0,OCTANE,45000.0,45000
729,2026-01-08T14:15:00,depot-patiya,region-chattogram,OPEN,11000.0,DIESEL,85000.0,85000
729,2026-01-08T14:15:00,depot-patiya,region-chattogram,OPEN,11000.0,PETROL,65000.0,65000
729,2026-01-08T14:15:00,depot-patiya,region-chattogram,OPEN,11000.0,OCTANE,40000.0,40000
730,2026-01-08T14:30:00,depot-gazipur,region-dhaka,OPEN,12000.0,DIESEL,90000.0,90000
730,2026-01-08T14:30:00,depot-gazipur,region-dhaka,OPEN,12000.0,PETROL,70000.0,70000
730,2026-01-08T14:30:00,depot-gazipur,region-dhaka,OPEN,12000.0,OCTANE,45000.0,45000
730,2026-01-08T14:30:00,depot-patiya,region-chattogram,OPEN,11000.0,DIESEL,85000.0,85000
730,2026-01-08T14:30:00,depot-patiya,region-chattogram,OPEN,11000.0,PETROL,65000.0,65000
730,2026-01-08T14:30:00,depot-patiya,region-chattogram,OPEN,11000.0,OCTANE,40000.0,40000
731,2026-01-08T14:45:00,depot-gazipur,region-dhaka,OPEN,12000.0,DIESEL,90000.0,90000
731,2026-01-08T14:45:00,depot-gazipur,region-dhaka,OPEN,12000.0,PETROL,70000.0,70000
731,2026-01-08T14:45:00,depot-gazipur,region-dhaka,OPEN,12000.0,OCTANE,45000.0,45000
731,2026-01-08T14:45:00,depot-patiya,region-chattogram,OPEN,11000.0,DIESEL,85000.0,85000
731,2026-01-08T14:45:00,depot-patiya,region-chattogram,OPEN,11000.0,PETROL,65000.0,65000
731,2026-01-08T14:45:00,depot-patiya,region-chattogram,OPEN,11000.0,OCTANE,40000.0,40000
732,2026-01-08T15:00:00,depot-gazipur,region-dhaka,OPEN,12000.0,DIESEL,90000.0,90000
732,2026-01-08T15:00:00,depot-gazipur,region-dhaka,OPEN,12000.0,PETROL,70000.0,70000
732,2026-01-08T15:00:00,depot-gazipur,region-dhaka,OPEN,12000.0,OCTANE,45000.0,45000
732,2026-01-08T15:00:00,depot-patiya,region-chattogram,OPEN,11000.0,DIESEL,85000.0,85000
732,2026-01-08T15:00:00,depot-patiya,region-chattogram,OPEN,11000.0,PETROL,65000.0,65000
732,2026-01-08T15:00:00,depot-patiya,region-chattogram,OPEN,11000.0,OCTANE,40000.0,40000
733,2026-01-08T15:15:00,depot-gazipur,region-dhaka,OPEN,12000.0,DIESEL,90000.0,90000
733,2026-01-08T15:15:00,depot-gazipur,region-dhaka,OPEN,12000.0,PETROL,70000.0,70000
733,2026-01-08T15:15:00,depot-gazipur,region-dhaka,OPEN,12000.0,OCTANE,45000.0,45000
733,2026-01-08T15:15:00,depot-patiya,region-chattogram,OPEN,11000.0,DIESEL,85000.0,85000
733,2026-01-08T15:15:00,depot-patiya,region-chattogram,OPEN,11000.0,PETROL,65000.0,65000
733,2026-01-08T15:15:00,depot-patiya,region-chattogram,OPEN,11000.0,OCTANE,40000.0,40000
734,2026-01-08T15:30:00,depot-gazipur,region-dhaka,OPEN,12000.0,DIESEL,90000.0,90000
734,2026-01-08T15:30:00,depot-gazipur,region-dhaka,OPEN,12000.0,PETROL,70000.0,70000
734,2026-01-08T15:30:00,depot-gazipur,region-dhaka,OPEN,12000.0,OCTANE,45000.0,45000
734,2026-01-08T15:30:00,depot-patiya,region-chattogram,OPEN,11000.0,DIESEL,85000.0,85000
734,2026-01-08T15:30:00,depot-patiya,region-chattogram,OPEN,11000.0,PETROL,65000.0,65000
734,2026-01-08T15:30:00,depot-patiya,region-chattogram,OPEN,11000.0,OCTANE,40000.0,40000
735,2026-01-08T15:45:00,depot-gazipur,region-dhaka,OPEN,12000.0,DIESEL,90000.0,90000
735,2026-01-08T15:45:00,depot-gazipur,region-dhaka,OPEN,12000.0,PETROL,70000.0,70000
735,2026-01-08T15:45:00,depot-gazipur,region-dhaka,OPEN,12000.0,OCTANE,45000.0,45000
735,2026-01-08T15:45:00,depot-patiya,region-chattogram,OPEN,11000.0,DIESEL,85000.0,85000
735,2026-01-08T15:45:00,depot-patiya,region-chattogram,OPEN,11000.0,PETROL,65000.0,65000
735,2026-01-08T15:45:00,depot-patiya,region-chattogram,OPEN,11000.0,OCTANE,40000.0,40000
736,2026-01-08T16:00:00,depot-gazipur,region-dhaka,OPEN,12000.0,DIESEL,90000.0,90000
736,2026-01-08T16:00:00,depot-gazipur,region-dhaka,OPEN,12000.0,PETROL,70000.0,70000
736,2026-01-08T16:00:00,depot-gazipur,region-dhaka,OPEN,12000.0,OCTANE,45000.0,45000
736,2026-01-08T16:00:00,depot-patiya,region-chattogram,OPEN,11000.0,DIESEL,85000.0,85000
736,2026-01-08T16:00:00,depot-patiya,region-chattogram,OPEN,11000.0,PETROL,65000.0,65000
736,2026-01-08T16:00:00,depot-patiya,region-chattogram,OPEN,11000.0,OCTANE,40000.0,40000
737,2026-01-08T16:15:00,depot-gazipur,region-dhaka,OPEN,12000.0,DIESEL,90000.0,90000
737,2026-01-08T16:15:00,depot-gazipur,region-dhaka,OPEN,12000.0,PETROL,70000.0,70000
737,2026-01-08T16:15:00,depot-gazipur,region-dhaka,OPEN,12000.0,OCTANE,45000.0,45000
737,2026-01-08T16:15:00,depot-patiya,region-chattogram,OPEN,11000.0,DIESEL,85000.0,85000
737,2026-01-08T16:15:00,depot-patiya,region-chattogram,OPEN,11000.0,PETROL,65000.0,65000
737,2026-01-08T16:15:00,depot-patiya,region-chattogram,OPEN,11000.0,OCTANE,40000.0,40000
738,2026-01-08T16:30:00,depot-gazipur,region-dhaka,OPEN,12000.0,DIESEL,90000.0,90000
738,2026-01-08T16:30:00,depot-gazipur,region-dhaka,OPEN,12000.0,PETROL,70000.0,70000
738,2026-01-08T16:30:00,depot-gazipur,region-dhaka,OPEN,12000.0,OCTANE,45000.0,45000
738,2026-01-08T16:30:00,depot-patiya,region-chattogram,OPEN,11000.0,DIESEL,85000.0,85000
738,2026-01-08T16:30:00,depot-patiya,region-chattogram,OPEN,11000.0,PETROL,65000.0,65000
738,2026-01-08T16:30:00,depot-patiya,region-chattogram,OPEN,11000.0,OCTANE,40000.0,40000
739,2026-01-08T16:45:00,depot-gazipur,region-dhaka,OPEN,12000.0,DIESEL,90000.0,90000
739,2026-01-08T16:45:00,depot-gazipur,region-dhaka,OPEN,12000.0,PETROL,70000.0,70000
739,2026-01-08T16:45:00,depot-gazipur,region-dhaka,OPEN,12000.0,OCTANE,45000.0,45000
739,2026-01-08T16:45:00,depot-patiya,region-chattogram,OPEN,11000.0,DIESEL,85000.0,85000
739,2026-01-08T16:45:00,depot-patiya,region-chattogram,OPEN,11000.0,PETROL,65000.0,65000
739,2026-01-08T16:45:00,depot-patiya,region-chattogram,OPEN,11000.0,OCTANE,40000.0,40000
740,2026-01-08T17:00:00,depot-gazipur,region-dhaka,OPEN,12000.0,DIESEL,90000.0,90000
740,2026-01-08T17:00:00,depot-gazipur,region-dhaka,OPEN,12000.0,PETROL,70000.0,70000
740,2026-01-08T17:00:00,depot-gazipur,region-dhaka,OPEN,12000.0,OCTANE,45000.0,45000
740,2026-01-08T17:00:00,depot-patiya,region-chattogram,OPEN,11000.0,DIESEL,85000.0,85000
740,2026-01-08T17:00:00,depot-patiya,region-chattogram,OPEN,11000.0,PETROL,65000.0,65000
740,2026-01-08T17:00:00,depot-patiya,region-chattogram,OPEN,11000.0,OCTANE,40000.0,40000
741,2026-01-08T17:15:00,depot-gazipur,region-dhaka,OPEN,12000.0,DIESEL,90000.0,90000
741,2026-01-08T17:15:00,depot-gazipur,region-dhaka,OPEN,12000.0,PETROL,70000.0,70000
741,2026-01-08T17:15:00,depot-gazipur,region-dhaka,OPEN,12000.0,OCTANE,45000.0,45000
741,2026-01-08T17:15:00,depot-patiya,region-chattogram,OPEN,11000.0,DIESEL,85000.0,85000
741,2026-01-08T17:15:00,depot-patiya,region-chattogram,OPEN,11000.0,PETROL,65000.0,65000
741,2026-01-08T17:15:00,depot-patiya,region-chattogram,OPEN,11000.0,OCTANE,40000.0,40000
742,2026-01-08T17:30:00,depot-gazipur,region-dhaka,OPEN,12000.0,DIESEL,90000.0,90000
742,2026-01-08T17:30:00,depot-gazipur,region-dhaka,OPEN,12000.0,PETROL,70000.0,70000
742,2026-01-08T17:30:00,depot-gazipur,region-dhaka,OPEN,12000.0,OCTANE,45000.0,45000
742,2026-01-08T17:30:00,depot-patiya,region-chattogram,OPEN,11000.0,DIESEL,85000.0,85000
742,2026-01-08T17:30:00,depot-patiya,region-chattogram,OPEN,11000.0,PETROL,65000.0,65000
742,2026-01-08T17:30:00,depot-patiya,region-chattogram,OPEN,11000.0,OCTANE,40000.0,40000
743,2026-01-08T17:45:00,depot-gazipur,region-dhaka,OPEN,12000.0,DIESEL,90000.0,90000
743,2026-01-08T17:45:00,depot-gazipur,region-dhaka,OPEN,12000.0,PETROL,70000.0,70000
743,2026-01-08T17:45:00,depot-gazipur,region-dhaka,OPEN,12000.0,OCTANE,45000.0,45000
743,2026-01-08T17:45:00,depot-patiya,region-chattogram,OPEN,11000.0,DIESEL,85000.0,85000
743,2026-01-08T17:45:00,depot-patiya,region-chattogram,OPEN,11000.0,PETROL,65000.0,65000
743,2026-01-08T17:45:00,depot-patiya,region-chattogram,OPEN,11000.0,OCTANE,40000.0,40000
744,2026-01-08T18:00:00,depot-gazipur,region-dhaka,OPEN,12000.0,DIESEL,90000.0,90000
744,2026-01-08T18:00:00,depot-gazipur,region-dhaka,OPEN,12000.0,PETROL,70000.0,70000
744,2026-01-08T18:00:00,depot-gazipur,region-dhaka,OPEN,12000.0,OCTANE,45000.0,45000
744,2026-01-08T18:00:00,depot-patiya,region-chattogram,OPEN,11000.0,DIESEL,85000.0,85000
744,2026-01-08T18:00:00,depot-patiya,region-chattogram,OPEN,11000.0,PETROL,65000.0,65000
744,2026-01-08T18:00:00,depot-patiya,region-chattogram,OPEN,11000.0,OCTANE,40000.0,40000
745,2026-01-08T18:15:00,depot-gazipur,region-dhaka,OPEN,12000.0,DIESEL,90000.0,90000
745,2026-01-08T18:15:00,depot-gazipur,region-dhaka,OPEN,12000.0,PETROL,70000.0,70000
745,2026-01-08T18:15:00,depot-gazipur,region-dhaka,OPEN,12000.0,OCTANE,45000.0,45000
745,2026-01-08T18:15:00,depot-patiya,region-chattogram,OPEN,11000.0,DIESEL,85000.0,85000
745,2026-01-08T18:15:00,depot-patiya,region-chattogram,OPEN,11000.0,PETROL,65000.0,65000
745,2026-01-08T18:15:00,depot-patiya,region-chattogram,OPEN,11000.0,OCTANE,40000.0,40000
746,2026-01-08T18:30:00,depot-gazipur,region-dhaka,OPEN,12000.0,DIESEL,90000.0,90000
746,2026-01-08T18:30:00,depot-gazipur,region-dhaka,OPEN,12000.0,PETROL,70000.0,70000
746,2026-01-08T18:30:00,depot-gazipur,region-dhaka,OPEN,12000.0,OCTANE,45000.0,45000
746,2026-01-08T18:30:00,depot-patiya,region-chattogram,OPEN,11000.0,DIESEL,85000.0,85000
746,2026-01-08T18:30:00,depot-patiya,region-chattogram,OPEN,11000.0,PETROL,65000.0,65000
746,2026-01-08T18:30:00,depot-patiya,region-chattogram,OPEN,11000.0,OCTANE,40000.0,40000
747,2026-01-08T18:45:00,depot-gazipur,region-dhaka,OPEN,12000.0,DIESEL,90000.0,90000
747,2026-01-08T18:45:00,depot-gazipur,region-dhaka,OPEN,12000.0,PETROL,70000.0,70000
747,2026-01-08T18:45:00,depot-gazipur,region-dhaka,OPEN,12000.0,OCTANE,45000.0,45000
747,2026-01-08T18:45:00,depot-patiya,region-chattogram,OPEN,11000.0,DIESEL,85000.0,85000
747,2026-01-08T18:45:00,depot-patiya,region-chattogram,OPEN,11000.0,PETROL,65000.0,65000
747,2026-01-08T18:45:00,depot-patiya,region-chattogram,OPEN,11000.0,OCTANE,40000.0,40000
748,2026-01-08T19:00:00,depot-gazipur,region-dhaka,OPEN,12000.0,DIESEL,90000.0,90000
748,2026-01-08T19:00:00,depot-gazipur,region-dhaka,OPEN,12000.0,PETROL,70000.0,70000
748,2026-01-08T19:00:00,depot-gazipur,region-dhaka,OPEN,12000.0,OCTANE,45000.0,45000
748,2026-01-08T19:00:00,depot-patiya,region-chattogram,OPEN,11000.0,DIESEL,85000.0,85000
748,2026-01-08T19:00:00,depot-patiya,region-chattogram,OPEN,11000.0,PETROL,65000.0,65000
748,2026-01-08T19:00:00,depot-patiya,region-chattogram,OPEN,11000.0,OCTANE,40000.0,40000
749,2026-01-08T19:15:00,depot-gazipur,region-dhaka,OPEN,12000.0,DIESEL,90000.0,90000
749,2026-01-08T19:15:00,depot-gazipur,region-dhaka,OPEN,12000.0,PETROL,70000.0,70000
749,2026-01-08T19:15:00,depot-gazipur,region-dhaka,OPEN,12000.0,OCTANE,45000.0,45000
749,2026-01-08T19:15:00,depot-patiya,region-chattogram,OPEN,11000.0,DIESEL,85000.0,85000
749,2026-01-08T19:15:00,depot-patiya,region-chattogram,OPEN,11000.0,PETROL,65000.0,65000
749,2026-01-08T19:15:00,depot-patiya,region-chattogram,OPEN,11000.0,OCTANE,40000.0,40000
750,2026-01-08T19:30:00,depot-gazipur,region-dhaka,OPEN,12000.0,DIESEL,90000.0,90000
750,2026-01-08T19:30:00,depot-gazipur,region-dhaka,OPEN,12000.0,PETROL,70000.0,70000
750,2026-01-08T19:30:00,depot-gazipur,region-dhaka,OPEN,12000.0,OCTANE,45000.0,45000
750,2026-01-08T19:30:00,depot-patiya,region-chattogram,OPEN,11000.0,DIESEL,85000.0,85000
750,2026-01-08T19:30:00,depot-patiya,region-chattogram,OPEN,11000.0,PETROL,65000.0,65000
750,2026-01-08T19:30:00,depot-patiya,region-chattogram,OPEN,11000.0,OCTANE,40000.0,40000
751,2026-01-08T19:45:00,depot-gazipur,region-dhaka,OPEN,12000.0,DIESEL,90000.0,90000
751,2026-01-08T19:45:00,depot-gazipur,region-dhaka,OPEN,12000.0,PETROL,70000.0,70000
751,2026-01-08T19:45:00,depot-gazipur,region-dhaka,OPEN,12000.0,OCTANE,45000.0,45000
751,2026-01-08T19:45:00,depot-patiya,region-chattogram,OPEN,11000.0,DIESEL,85000.0,85000
751,2026-01-08T19:45:00,depot-patiya,region-chattogram,OPEN,11000.0,PETROL,65000.0,65000
751,2026-01-08T19:45:00,depot-patiya,region-chattogram,OPEN,11000.0,OCTANE,40000.0,40000
752,2026-01-08T20:00:00,depot-gazipur,region-dhaka,OPEN,12000.0,DIESEL,90000.0,90000
752,2026-01-08T20:00:00,depot-gazipur,region-dhaka,OPEN,12000.0,PETROL,70000.0,70000
752,2026-01-08T20:00:00,depot-gazipur,region-dhaka,OPEN,12000.0,OCTANE,45000.0,45000
752,2026-01-08T20:00:00,depot-patiya,region-chattogram,OPEN,11000.0,DIESEL,85000.0,85000
752,2026-01-08T20:00:00,depot-patiya,region-chattogram,OPEN,11000.0,PETROL,65000.0,65000
752,2026-01-08T20:00:00,depot-patiya,region-chattogram,OPEN,11000.0,OCTANE,40000.0,40000
753,2026-01-08T20:15:00,depot-gazipur,region-dhaka,OPEN,12000.0,DIESEL,90000.0,90000
753,2026-01-08T20:15:00,depot-gazipur,region-dhaka,OPEN,12000.0,PETROL,70000.0,70000
753,2026-01-08T20:15:00,depot-gazipur,region-dhaka,OPEN,12000.0,OCTANE,45000.0,45000
753,2026-01-08T20:15:00,depot-patiya,region-chattogram,OPEN,11000.0,DIESEL,85000.0,85000
753,2026-01-08T20:15:00,depot-patiya,region-chattogram,OPEN,11000.0,PETROL,65000.0,65000
753,2026-01-08T20:15:00,depot-patiya,region-chattogram,OPEN,11000.0,OCTANE,40000.0,40000
754,2026-01-08T20:30:00,depot-gazipur,region-dhaka,OPEN,12000.0,DIESEL,90000.0,90000
754,2026-01-08T20:30:00,depot-gazipur,region-dhaka,OPEN,12000.0,PETROL,70000.0,70000
754,2026-01-08T20:30:00,depot-gazipur,region-dhaka,OPEN,12000.0,OCTANE,45000.0,45000
754,2026-01-08T20:30:00,depot-patiya,region-chattogram,OPEN,11000.0,DIESEL,85000.0,85000
754,2026-01-08T20:30:00,depot-patiya,region-chattogram,OPEN,11000.0,PETROL,65000.0,65000
754,2026-01-08T20:30:00,depot-patiya,region-chattogram,OPEN,11000.0,OCTANE,40000.0,40000
755,2026-01-08T20:45:00,depot-gazipur,region-dhaka,OPEN,12000.0,DIESEL,90000.0,90000
755,2026-01-08T20:45:00,depot-gazipur,region-dhaka,OPEN,12000.0,PETROL,70000.0,70000
755,2026-01-08T20:45:00,depot-gazipur,region-dhaka,OPEN,12000.0,OCTANE,45000.0,45000
755,2026-01-08T20:45:00,depot-patiya,region-chattogram,OPEN,11000.0,DIESEL,85000.0,85000
755,2026-01-08T20:45:00,depot-patiya,region-chattogram,OPEN,11000.0,PETROL,65000.0,65000
755,2026-01-08T20:45:00,depot-patiya,region-chattogram,OPEN,11000.0,OCTANE,40000.0,40000
756,2026-01-08T21:00:00,depot-gazipur,region-dhaka,OPEN,12000.0,DIESEL,90000.0,90000
756,2026-01-08T21:00:00,depot-gazipur,region-dhaka,OPEN,12000.0,PETROL,70000.0,70000
756,2026-01-08T21:00:00,depot-gazipur,region-dhaka,OPEN,12000.0,OCTANE,45000.0,45000
756,2026-01-08T21:00:00,depot-patiya,region-chattogram,OPEN,11000.0,DIESEL,85000.0,85000
756,2026-01-08T21:00:00,depot-patiya,region-chattogram,OPEN,11000.0,PETROL,65000.0,65000
756,2026-01-08T21:00:00,depot-patiya,region-chattogram,OPEN,11000.0,OCTANE,40000.0,40000
757,2026-01-08T21:15:00,depot-gazipur,region-dhaka,OPEN,12000.0,DIESEL,90000.0,90000
757,2026-01-08T21:15:00,depot-gazipur,region-dhaka,OPEN,12000.0,PETROL,70000.0,70000
757,2026-01-08T21:15:00,depot-gazipur,region-dhaka,OPEN,12000.0,OCTANE,45000.0,45000
757,2026-01-08T21:15:00,depot-patiya,region-chattogram,OPEN,11000.0,DIESEL,85000.0,85000
757,2026-01-08T21:15:00,depot-patiya,region-chattogram,OPEN,11000.0,PETROL,65000.0,65000
757,2026-01-08T21:15:00,depot-patiya,region-chattogram,OPEN,11000.0,OCTANE,40000.0,40000
758,2026-01-08T21:30:00,depot-gazipur,region-dhaka,OPEN,12000.0,DIESEL,90000.0,90000
758,2026-01-08T21:30:00,depot-gazipur,region-dhaka,OPEN,12000.0,PETROL,70000.0,70000
758,2026-01-08T21:30:00,depot-gazipur,region-dhaka,OPEN,12000.0,OCTANE,45000.0,45000
758,2026-01-08T21:30:00,depot-patiya,region-chattogram,OPEN,11000.0,DIESEL,85000.0,85000
758,2026-01-08T21:30:00,depot-patiya,region-chattogram,OPEN,11000.0,PETROL,65000.0,65000
758,2026-01-08T21:30:00,depot-patiya,region-chattogram,OPEN,11000.0,OCTANE,40000.0,40000
759,2026-01-08T21:45:00,depot-gazipur,region-dhaka,OPEN,12000.0,DIESEL,90000.0,90000
759,2026-01-08T21:45:00,depot-gazipur,region-dhaka,OPEN,12000.0,PETROL,70000.0,70000
759,2026-01-08T21:45:00,depot-gazipur,region-dhaka,OPEN,12000.0,OCTANE,45000.0,45000
759,2026-01-08T21:45:00,depot-patiya,region-chattogram,OPEN,11000.0,DIESEL,85000.0,85000
759,2026-01-08T21:45:00,depot-patiya,region-chattogram,OPEN,11000.0,PETROL,65000.0,65000
759,2026-01-08T21:45:00,depot-patiya,region-chattogram,OPEN,11000.0,OCTANE,40000.0,40000
760,2026-01-08T22:00:00,depot-gazipur,region-dhaka,OPEN,12000.0,DIESEL,90000.0,90000
760,2026-01-08T22:00:00,depot-gazipur,region-dhaka,OPEN,12000.0,PETROL,70000.0,70000
760,2026-01-08T22:00:00,depot-gazipur,region-dhaka,OPEN,12000.0,OCTANE,45000.0,45000
760,2026-01-08T22:00:00,depot-patiya,region-chattogram,OPEN,11000.0,DIESEL,85000.0,85000
760,2026-01-08T22:00:00,depot-patiya,region-chattogram,OPEN,11000.0,PETROL,65000.0,65000
760,2026-01-08T22:00:00,depot-patiya,region-chattogram,OPEN,11000.0,OCTANE,40000.0,40000
761,2026-01-08T22:15:00,depot-gazipur,region-dhaka,OPEN,12000.0,DIESEL,90000.0,90000
761,2026-01-08T22:15:00,depot-gazipur,region-dhaka,OPEN,12000.0,PETROL,70000.0,70000
761,2026-01-08T22:15:00,depot-gazipur,region-dhaka,OPEN,12000.0,OCTANE,45000.0,45000
761,2026-01-08T22:15:00,depot-patiya,region-chattogram,OPEN,11000.0,DIESEL,85000.0,85000
761,2026-01-08T22:15:00,depot-patiya,region-chattogram,OPEN,11000.0,PETROL,65000.0,65000
761,2026-01-08T22:15:00,depot-patiya,region-chattogram,OPEN,11000.0,OCTANE,40000.0,40000
762,2026-01-08T22:30:00,depot-gazipur,region-dhaka,OPEN,12000.0,DIESEL,90000.0,90000
762,2026-01-08T22:30:00,depot-gazipur,region-dhaka,OPEN,12000.0,PETROL,70000.0,70000
762,2026-01-08T22:30:00,depot-gazipur,region-dhaka,OPEN,12000.0,OCTANE,45000.0,45000
762,2026-01-08T22:30:00,depot-patiya,region-chattogram,OPEN,11000.0,DIESEL,85000.0,85000
762,2026-01-08T22:30:00,depot-patiya,region-chattogram,OPEN,11000.0,PETROL,65000.0,65000
762,2026-01-08T22:30:00,depot-patiya,region-chattogram,OPEN,11000.0,OCTANE,40000.0,40000
763,2026-01-08T22:45:00,depot-gazipur,region-dhaka,OPEN,12000.0,DIESEL,90000.0,90000
763,2026-01-08T22:45:00,depot-gazipur,region-dhaka,OPEN,12000.0,PETROL,70000.0,70000
763,2026-01-08T22:45:00,depot-gazipur,region-dhaka,OPEN,12000.0,OCTANE,45000.0,45000
763,2026-01-08T22:45:00,depot-patiya,region-chattogram,OPEN,11000.0,DIESEL,85000.0,85000
763,2026-01-08T22:45:00,depot-patiya,region-chattogram,OPEN,11000.0,PETROL,65000.0,65000
763,2026-01-08T22:45:00,depot-patiya,region-chattogram,OPEN,11000.0,OCTANE,40000.0,40000
764,2026-01-08T23:00:00,depot-gazipur,region-dhaka,OPEN,12000.0,DIESEL,90000.0,90000
764,2026-01-08T23:00:00,depot-gazipur,region-dhaka,OPEN,12000.0,PETROL,70000.0,70000
764,2026-01-08T23:00:00,depot-gazipur,region-dhaka,OPEN,12000.0,OCTANE,45000.0,45000
764,2026-01-08T23:00:00,depot-patiya,region-chattogram,OPEN,11000.0,DIESEL,85000.0,85000
764,2026-01-08T23:00:00,depot-patiya,region-chattogram,OPEN,11000.0,PETROL,65000.0,65000
764,2026-01-08T23:00:00,depot-patiya,region-chattogram,OPEN,11000.0,OCTANE,40000.0,40000
765,2026-01-08T23:15:00,depot-gazipur,region-dhaka,OPEN,12000.0,DIESEL,90000.0,90000
765,2026-01-08T23:15:00,depot-gazipur,region-dhaka,OPEN,12000.0,PETROL,70000.0,70000
765,2026-01-08T23:15:00,depot-gazipur,region-dhaka,OPEN,12000.0,OCTANE,45000.0,45000
765,2026-01-08T23:15:00,depot-patiya,region-chattogram,OPEN,11000.0,DIESEL,85000.0,85000
765,2026-01-08T23:15:00,depot-patiya,region-chattogram,OPEN,11000.0,PETROL,65000.0,65000
765,2026-01-08T23:15:00,depot-patiya,region-chattogram,OPEN,11000.0,OCTANE,40000.0,40000
766,2026-01-08T23:30:00,depot-gazipur,region-dhaka,OPEN,12000.0,DIESEL,90000.0,90000
766,2026-01-08T23:30:00,depot-gazipur,region-dhaka,OPEN,12000.0,PETROL,70000.0,70000
766,2026-01-08T23:30:00,depot-gazipur,region-dhaka,OPEN,12000.0,OCTANE,45000.0,45000
766,2026-01-08T23:30:00,depot-patiya,region-chattogram,OPEN,11000.0,DIESEL,85000.0,85000
766,2026-01-08T23:30:00,depot-patiya,region-chattogram,OPEN,11000.0,PETROL,65000.0,65000
766,2026-01-08T23:30:00,depot-patiya,region-chattogram,OPEN,11000.0,OCTANE,40000.0,40000
767,2026-01-08T23:45:00,depot-gazipur,region-dhaka,OPEN,12000.0,DIESEL,90000.0,90000
767,2026-01-08T23:45:00,depot-gazipur,region-dhaka,OPEN,12000.0,PETROL,70000.0,70000
767,2026-01-08T23:45:00,depot-gazipur,region-dhaka,OPEN,12000.0,OCTANE,45000.0,45000
767,2026-01-08T23:45:00,depot-patiya,region-chattogram,OPEN,11000.0,DIESEL,85000.0,85000
767,2026-01-08T23:45:00,depot-patiya,region-chattogram,OPEN,11000.0,PETROL,65000.0,65000
767,2026-01-08T23:45:00,depot-patiya,region-chattogram,OPEN,11000.0,OCTANE,40000.0,40000
768,2026-01-09T00:00:00,depot-gazipur,region-dhaka,OPEN,12000.0,DIESEL,90000.0,90000
768,2026-01-09T00:00:00,depot-gazipur,region-dhaka,OPEN,12000.0,PETROL,70000.0,70000
768,2026-01-09T00:00:00,depot-gazipur,region-dhaka,OPEN,12000.0,OCTANE,45000.0,45000
768,2026-01-09T00:00:00,depot-patiya,region-chattogram,OPEN,11000.0,DIESEL,85000.0,85000
768,2026-01-09T00:00:00,depot-patiya,region-chattogram,OPEN,11000.0,PETROL,65000.0,65000
768,2026-01-09T00:00:00,depot-patiya,region-chattogram,OPEN,11000.0,OCTANE,40000.0,40000
769,2026-01-09T00:15:00,depot-gazipur,region-dhaka,OPEN,12000.0,DIESEL,90000.0,90000
769,2026-01-09T00:15:00,depot-gazipur,region-dhaka,OPEN,12000.0,PETROL,70000.0,70000
769,2026-01-09T00:15:00,depot-gazipur,region-dhaka,OPEN,12000.0,OCTANE,45000.0,45000
769,2026-01-09T00:15:00,depot-patiya,region-chattogram,OPEN,11000.0,DIESEL,85000.0,85000
769,2026-01-09T00:15:00,depot-patiya,region-chattogram,OPEN,11000.0,PETROL,65000.0,65000
769,2026-01-09T00:15:00,depot-patiya,region-chattogram,OPEN,11000.0,OCTANE,40000.0,40000
770,2026-01-09T00:30:00,depot-gazipur,region-dhaka,OPEN,12000.0,DIESEL,90000.0,90000
770,2026-01-09T00:30:00,depot-gazipur,region-dhaka,OPEN,12000.0,PETROL,70000.0,70000
770,2026-01-09T00:30:00,depot-gazipur,region-dhaka,OPEN,12000.0,OCTANE,45000.0,45000
770,2026-01-09T00:30:00,depot-patiya,region-chattogram,OPEN,11000.0,DIESEL,85000.0,85000
770,2026-01-09T00:30:00,depot-patiya,region-chattogram,OPEN,11000.0,PETROL,65000.0,65000
770,2026-01-09T00:30:00,depot-patiya,region-chattogram,OPEN,11000.0,OCTANE,40000.0,40000
771,2026-01-09T00:45:00,depot-gazipur,region-dhaka,OPEN,12000.0,DIESEL,90000.0,90000
771,2026-01-09T00:45:00,depot-gazipur,region-dhaka,OPEN,12000.0,PETROL,70000.0,70000
771,2026-01-09T00:45:00,depot-gazipur,region-dhaka,OPEN,12000.0,OCTANE,45000.0,45000
771,2026-01-09T00:45:00,depot-patiya,region-chattogram,OPEN,11000.0,DIESEL,85000.0,85000
771,2026-01-09T00:45:00,depot-patiya,region-chattogram,OPEN,11000.0,PETROL,65000.0,65000
771,2026-01-09T00:45:00,depot-patiya,region-chattogram,OPEN,11000.0,OCTANE,40000.0,40000
772,2026-01-09T01:00:00,depot-gazipur,region-dhaka,OPEN,12000.0,DIESEL,90000.0,90000
772,2026-01-09T01:00:00,depot-gazipur,region-dhaka,OPEN,12000.0,PETROL,70000.0,70000
772,2026-01-09T01:00:00,depot-gazipur,region-dhaka,OPEN,12000.0,OCTANE,45000.0,45000
772,2026-01-09T01:00:00,depot-patiya,region-chattogram,OPEN,11000.0,DIESEL,85000.0,85000
772,2026-01-09T01:00:00,depot-patiya,region-chattogram,OPEN,11000.0,PETROL,65000.0,65000
772,2026-01-09T01:00:00,depot-patiya,region-chattogram,OPEN,11000.0,OCTANE,40000.0,40000
773,2026-01-09T01:15:00,depot-gazipur,region-dhaka,OPEN,12000.0,DIESEL,90000.0,90000
773,2026-01-09T01:15:00,depot-gazipur,region-dhaka,OPEN,12000.0,PETROL,70000.0,70000
773,2026-01-09T01:15:00,depot-gazipur,region-dhaka,OPEN,12000.0,OCTANE,45000.0,45000
773,2026-01-09T01:15:00,depot-patiya,region-chattogram,OPEN,11000.0,DIESEL,85000.0,85000
773,2026-01-09T01:15:00,depot-patiya,region-chattogram,OPEN,11000.0,PETROL,65000.0,65000
773,2026-01-09T01:15:00,depot-patiya,region-chattogram,OPEN,11000.0,OCTANE,40000.0,40000
774,2026-01-09T01:30:00,depot-gazipur,region-dhaka,OPEN,12000.0,DIESEL,90000.0,90000
774,2026-01-09T01:30:00,depot-gazipur,region-dhaka,OPEN,12000.0,PETROL,70000.0,70000
774,2026-01-09T01:30:00,depot-gazipur,region-dhaka,OPEN,12000.0,OCTANE,45000.0,45000
774,2026-01-09T01:30:00,depot-patiya,region-chattogram,OPEN,11000.0,DIESEL,85000.0,85000
774,2026-01-09T01:30:00,depot-patiya,region-chattogram,OPEN,11000.0,PETROL,65000.0,65000
774,2026-01-09T01:30:00,depot-patiya,region-chattogram,OPEN,11000.0,OCTANE,40000.0,40000
775,2026-01-09T01:45:00,depot-gazipur,region-dhaka,OPEN,12000.0,DIESEL,90000.0,90000
775,2026-01-09T01:45:00,depot-gazipur,region-dhaka,OPEN,12000.0,PETROL,70000.0,70000
775,2026-01-09T01:45:00,depot-gazipur,region-dhaka,OPEN,12000.0,OCTANE,45000.0,45000
775,2026-01-09T01:45:00,depot-patiya,region-chattogram,OPEN,11000.0,DIESEL,85000.0,85000
775,2026-01-09T01:45:00,depot-patiya,region-chattogram,OPEN,11000.0,PETROL,65000.0,65000
775,2026-01-09T01:45:00,depot-patiya,region-chattogram,OPEN,11000.0,OCTANE,40000.0,40000
776,2026-01-09T02:00:00,depot-gazipur,region-dhaka,OPEN,12000.0,DIESEL,90000.0,90000
776,2026-01-09T02:00:00,depot-gazipur,region-dhaka,OPEN,12000.0,PETROL,70000.0,70000
776,2026-01-09T02:00:00,depot-gazipur,region-dhaka,OPEN,12000.0,OCTANE,45000.0,45000
776,2026-01-09T02:00:00,depot-patiya,region-chattogram,OPEN,11000.0,DIESEL,85000.0,85000
776,2026-01-09T02:00:00,depot-patiya,region-chattogram,OPEN,11000.0,PETROL,65000.0,65000
776,2026-01-09T02:00:00,depot-patiya,region-chattogram,OPEN,11000.0,OCTANE,40000.0,40000
777,2026-01-09T02:15:00,depot-gazipur,region-dhaka,OPEN,12000.0,DIESEL,90000.0,90000
777,2026-01-09T02:15:00,depot-gazipur,region-dhaka,OPEN,12000.0,PETROL,70000.0,70000
777,2026-01-09T02:15:00,depot-gazipur,region-dhaka,OPEN,12000.0,OCTANE,45000.0,45000
777,2026-01-09T02:15:00,depot-patiya,region-chattogram,OPEN,11000.0,DIESEL,85000.0,85000
777,2026-01-09T02:15:00,depot-patiya,region-chattogram,OPEN,11000.0,PETROL,65000.0,65000
777,2026-01-09T02:15:00,depot-patiya,region-chattogram,OPEN,11000.0,OCTANE,40000.0,40000
778,2026-01-09T02:30:00,depot-gazipur,region-dhaka,OPEN,12000.0,DIESEL,90000.0,90000
778,2026-01-09T02:30:00,depot-gazipur,region-dhaka,OPEN,12000.0,PETROL,70000.0,70000
778,2026-01-09T02:30:00,depot-gazipur,region-dhaka,OPEN,12000.0,OCTANE,45000.0,45000
778,2026-01-09T02:30:00,depot-patiya,region-chattogram,OPEN,11000.0,DIESEL,85000.0,85000
778,2026-01-09T02:30:00,depot-patiya,region-chattogram,OPEN,11000.0,PETROL,65000.0,65000
778,2026-01-09T02:30:00,depot-patiya,region-chattogram,OPEN,11000.0,OCTANE,40000.0,40000
779,2026-01-09T02:45:00,depot-gazipur,region-dhaka,OPEN,12000.0,DIESEL,90000.0,90000
779,2026-01-09T02:45:00,depot-gazipur,region-dhaka,OPEN,12000.0,PETROL,70000.0,70000
779,2026-01-09T02:45:00,depot-gazipur,region-dhaka,OPEN,12000.0,OCTANE,45000.0,45000
779,2026-01-09T02:45:00,depot-patiya,region-chattogram,OPEN,11000.0,DIESEL,85000.0,85000
779,2026-01-09T02:45:00,depot-patiya,region-chattogram,OPEN,11000.0,PETROL,65000.0,65000
779,2026-01-09T02:45:00,depot-patiya,region-chattogram,OPEN,11000.0,OCTANE,40000.0,40000
780,2026-01-09T03:00:00,depot-gazipur,region-dhaka,OPEN,12000.0,DIESEL,90000.0,90000
780,2026-01-09T03:00:00,depot-gazipur,region-dhaka,OPEN,12000.0,PETROL,70000.0,70000
780,2026-01-09T03:00:00,depot-gazipur,region-dhaka,OPEN,12000.0,OCTANE,45000.0,45000
780,2026-01-09T03:00:00,depot-patiya,region-chattogram,OPEN,11000.0,DIESEL,85000.0,85000
780,2026-01-09T03:00:00,depot-patiya,region-chattogram,OPEN,11000.0,PETROL,65000.0,65000
780,2026-01-09T03:00:00,depot-patiya,region-chattogram,OPEN,11000.0,OCTANE,40000.0,40000
781,2026-01-09T03:15:00,depot-gazipur,region-dhaka,OPEN,12000.0,DIESEL,90000.0,90000
781,2026-01-09T03:15:00,depot-gazipur,region-dhaka,OPEN,12000.0,PETROL,70000.0,70000
781,2026-01-09T03:15:00,depot-gazipur,region-dhaka,OPEN,12000.0,OCTANE,45000.0,45000
781,2026-01-09T03:15:00,depot-patiya,region-chattogram,OPEN,11000.0,DIESEL,85000.0,85000
781,2026-01-09T03:15:00,depot-patiya,region-chattogram,OPEN,11000.0,PETROL,65000.0,65000
781,2026-01-09T03:15:00,depot-patiya,region-chattogram,OPEN,11000.0,OCTANE,40000.0,40000
782,2026-01-09T03:30:00,depot-gazipur,region-dhaka,OPEN,12000.0,DIESEL,90000.0,90000
782,2026-01-09T03:30:00,depot-gazipur,region-dhaka,OPEN,12000.0,PETROL,70000.0,70000
782,2026-01-09T03:30:00,depot-gazipur,region-dhaka,OPEN,12000.0,OCTANE,45000.0,45000
782,2026-01-09T03:30:00,depot-patiya,region-chattogram,OPEN,11000.0,DIESEL,85000.0,85000
782,2026-01-09T03:30:00,depot-patiya,region-chattogram,OPEN,11000.0,PETROL,65000.0,65000
782,2026-01-09T03:30:00,depot-patiya,region-chattogram,OPEN,11000.0,OCTANE,40000.0,40000
783,2026-01-09T03:45:00,depot-gazipur,region-dhaka,OPEN,12000.0,DIESEL,90000.0,90000
783,2026-01-09T03:45:00,depot-gazipur,region-dhaka,OPEN,12000.0,PETROL,70000.0,70000
783,2026-01-09T03:45:00,depot-gazipur,region-dhaka,OPEN,12000.0,OCTANE,45000.0,45000
783,2026-01-09T03:45:00,depot-patiya,region-chattogram,OPEN,11000.0,DIESEL,85000.0,85000
783,2026-01-09T03:45:00,depot-patiya,region-chattogram,OPEN,11000.0,PETROL,65000.0,65000
783,2026-01-09T03:45:00,depot-patiya,region-chattogram,OPEN,11000.0,OCTANE,40000.0,40000
784,2026-01-09T04:00:00,depot-gazipur,region-dhaka,OPEN,12000.0,DIESEL,90000.0,90000
784,2026-01-09T04:00:00,depot-gazipur,region-dhaka,OPEN,12000.0,PETROL,70000.0,70000
784,2026-01-09T04:00:00,depot-gazipur,region-dhaka,OPEN,12000.0,OCTANE,45000.0,45000
784,2026-01-09T04:00:00,depot-patiya,region-chattogram,OPEN,11000.0,DIESEL,85000.0,85000
784,2026-01-09T04:00:00,depot-patiya,region-chattogram,OPEN,11000.0,PETROL,65000.0,65000
784,2026-01-09T04:00:00,depot-patiya,region-chattogram,OPEN,11000.0,OCTANE,40000.0,40000
785,2026-01-09T04:15:00,depot-gazipur,region-dhaka,OPEN,12000.0,DIESEL,90000.0,90000
785,2026-01-09T04:15:00,depot-gazipur,region-dhaka,OPEN,12000.0,PETROL,70000.0,70000
785,2026-01-09T04:15:00,depot-gazipur,region-dhaka,OPEN,12000.0,OCTANE,45000.0,45000
785,2026-01-09T04:15:00,depot-patiya,region-chattogram,OPEN,11000.0,DIESEL,85000.0,85000
785,2026-01-09T04:15:00,depot-patiya,region-chattogram,OPEN,11000.0,PETROL,65000.0,65000
785,2026-01-09T04:15:00,depot-patiya,region-chattogram,OPEN,11000.0,OCTANE,40000.0,40000
786,2026-01-09T04:30:00,depot-gazipur,region-dhaka,OPEN,12000.0,DIESEL,90000.0,90000
786,2026-01-09T04:30:00,depot-gazipur,region-dhaka,OPEN,12000.0,PETROL,70000.0,70000
786,2026-01-09T04:30:00,depot-gazipur,region-dhaka,OPEN,12000.0,OCTANE,45000.0,45000
786,2026-01-09T04:30:00,depot-patiya,region-chattogram,OPEN,11000.0,DIESEL,85000.0,85000
786,2026-01-09T04:30:00,depot-patiya,region-chattogram,OPEN,11000.0,PETROL,65000.0,65000
786,2026-01-09T04:30:00,depot-patiya,region-chattogram,OPEN,11000.0,OCTANE,40000.0,40000
787,2026-01-09T04:45:00,depot-gazipur,region-dhaka,OPEN,12000.0,DIESEL,90000.0,90000
787,2026-01-09T04:45:00,depot-gazipur,region-dhaka,OPEN,12000.0,PETROL,70000.0,70000
787,2026-01-09T04:45:00,depot-gazipur,region-dhaka,OPEN,12000.0,OCTANE,45000.0,45000
787,2026-01-09T04:45:00,depot-patiya,region-chattogram,OPEN,11000.0,DIESEL,85000.0,85000
787,2026-01-09T04:45:00,depot-patiya,region-chattogram,OPEN,11000.0,PETROL,65000.0,65000
787,2026-01-09T04:45:00,depot-patiya,region-chattogram,OPEN,11000.0,OCTANE,40000.0,40000
788,2026-01-09T05:00:00,depot-gazipur,region-dhaka,OPEN,12000.0,DIESEL,90000.0,90000
788,2026-01-09T05:00:00,depot-gazipur,region-dhaka,OPEN,12000.0,PETROL,70000.0,70000
788,2026-01-09T05:00:00,depot-gazipur,region-dhaka,OPEN,12000.0,OCTANE,45000.0,45000
788,2026-01-09T05:00:00,depot-patiya,region-chattogram,OPEN,11000.0,DIESEL,85000.0,85000
788,2026-01-09T05:00:00,depot-patiya,region-chattogram,OPEN,11000.0,PETROL,65000.0,65000
788,2026-01-09T05:00:00,depot-patiya,region-chattogram,OPEN,11000.0,OCTANE,40000.0,40000
789,2026-01-09T05:15:00,depot-gazipur,region-dhaka,OPEN,12000.0,DIESEL,90000.0,90000
789,2026-01-09T05:15:00,depot-gazipur,region-dhaka,OPEN,12000.0,PETROL,70000.0,70000
789,2026-01-09T05:15:00,depot-gazipur,region-dhaka,OPEN,12000.0,OCTANE,45000.0,45000
789,2026-01-09T05:15:00,depot-patiya,region-chattogram,OPEN,11000.0,DIESEL,85000.0,85000
789,2026-01-09T05:15:00,depot-patiya,region-chattogram,OPEN,11000.0,PETROL,65000.0,65000
789,2026-01-09T05:15:00,depot-patiya,region-chattogram,OPEN,11000.0,OCTANE,40000.0,40000
790,2026-01-09T05:30:00,depot-gazipur,region-dhaka,OPEN,12000.0,DIESEL,90000.0,90000
790,2026-01-09T05:30:00,depot-gazipur,region-dhaka,OPEN,12000.0,PETROL,70000.0,70000
790,2026-01-09T05:30:00,depot-gazipur,region-dhaka,OPEN,12000.0,OCTANE,45000.0,45000
790,2026-01-09T05:30:00,depot-patiya,region-chattogram,OPEN,11000.0,DIESEL,85000.0,85000
790,2026-01-09T05:30:00,depot-patiya,region-chattogram,OPEN,11000.0,PETROL,65000.0,65000
790,2026-01-09T05:30:00,depot-patiya,region-chattogram,OPEN,11000.0,OCTANE,40000.0,40000
791,2026-01-09T05:45:00,depot-gazipur,region-dhaka,OPEN,12000.0,DIESEL,90000.0,90000
791,2026-01-09T05:45:00,depot-gazipur,region-dhaka,OPEN,12000.0,PETROL,70000.0,70000
791,2026-01-09T05:45:00,depot-gazipur,region-dhaka,OPEN,12000.0,OCTANE,45000.0,45000
791,2026-01-09T05:45:00,depot-patiya,region-chattogram,OPEN,11000.0,DIESEL,85000.0,85000
791,2026-01-09T05:45:00,depot-patiya,region-chattogram,OPEN,11000.0,PETROL,65000.0,65000
791,2026-01-09T05:45:00,depot-patiya,region-chattogram,OPEN,11000.0,OCTANE,40000.0,40000
792,2026-01-09T06:00:00,depot-gazipur,region-dhaka,OPEN,12000.0,DIESEL,90000.0,90000
792,2026-01-09T06:00:00,depot-gazipur,region-dhaka,OPEN,12000.0,PETROL,70000.0,70000
792,2026-01-09T06:00:00,depot-gazipur,region-dhaka,OPEN,12000.0,OCTANE,45000.0,45000
792,2026-01-09T06:00:00,depot-patiya,region-chattogram,OPEN,11000.0,DIESEL,85000.0,85000
792,2026-01-09T06:00:00,depot-patiya,region-chattogram,OPEN,11000.0,PETROL,65000.0,65000
792,2026-01-09T06:00:00,depot-patiya,region-chattogram,OPEN,11000.0,OCTANE,40000.0,40000
793,2026-01-09T06:15:00,depot-gazipur,region-dhaka,OPEN,12000.0,DIESEL,90000.0,90000
793,2026-01-09T06:15:00,depot-gazipur,region-dhaka,OPEN,12000.0,PETROL,70000.0,70000
793,2026-01-09T06:15:00,depot-gazipur,region-dhaka,OPEN,12000.0,OCTANE,45000.0,45000
793,2026-01-09T06:15:00,depot-patiya,region-chattogram,OPEN,11000.0,DIESEL,85000.0,85000
793,2026-01-09T06:15:00,depot-patiya,region-chattogram,OPEN,11000.0,PETROL,65000.0,65000
793,2026-01-09T06:15:00,depot-patiya,region-chattogram,OPEN,11000.0,OCTANE,40000.0,40000
794,2026-01-09T06:30:00,depot-gazipur,region-dhaka,OPEN,12000.0,DIESEL,90000.0,90000
794,2026-01-09T06:30:00,depot-gazipur,region-dhaka,OPEN,12000.0,PETROL,70000.0,70000
794,2026-01-09T06:30:00,depot-gazipur,region-dhaka,OPEN,12000.0,OCTANE,45000.0,45000
794,2026-01-09T06:30:00,depot-patiya,region-chattogram,OPEN,11000.0,DIESEL,85000.0,85000
794,2026-01-09T06:30:00,depot-patiya,region-chattogram,OPEN,11000.0,PETROL,65000.0,65000
794,2026-01-09T06:30:00,depot-patiya,region-chattogram,OPEN,11000.0,OCTANE,40000.0,40000
795,2026-01-09T06:45:00,depot-gazipur,region-dhaka,OPEN,12000.0,DIESEL,90000.0,90000
795,2026-01-09T06:45:00,depot-gazipur,region-dhaka,OPEN,12000.0,PETROL,70000.0,70000
795,2026-01-09T06:45:00,depot-gazipur,region-dhaka,OPEN,12000.0,OCTANE,45000.0,45000
795,2026-01-09T06:45:00,depot-patiya,region-chattogram,OPEN,11000.0,DIESEL,85000.0,85000
795,2026-01-09T06:45:00,depot-patiya,region-chattogram,OPEN,11000.0,PETROL,65000.0,65000
795,2026-01-09T06:45:00,depot-patiya,region-chattogram,OPEN,11000.0,OCTANE,40000.0,40000
796,2026-01-09T07:00:00,depot-gazipur,region-dhaka,OPEN,12000.0,DIESEL,90000.0,90000
796,2026-01-09T07:00:00,depot-gazipur,region-dhaka,OPEN,12000.0,PETROL,70000.0,70000
796,2026-01-09T07:00:00,depot-gazipur,region-dhaka,OPEN,12000.0,OCTANE,45000.0,45000
796,2026-01-09T07:00:00,depot-patiya,region-chattogram,OPEN,11000.0,DIESEL,85000.0,85000
796,2026-01-09T07:00:00,depot-patiya,region-chattogram,OPEN,11000.0,PETROL,65000.0,65000
796,2026-01-09T07:00:00,depot-patiya,region-chattogram,OPEN,11000.0,OCTANE,40000.0,40000
797,2026-01-09T07:15:00,depot-gazipur,region-dhaka,OPEN,12000.0,DIESEL,90000.0,90000
797,2026-01-09T07:15:00,depot-gazipur,region-dhaka,OPEN,12000.0,PETROL,70000.0,70000
797,2026-01-09T07:15:00,depot-gazipur,region-dhaka,OPEN,12000.0,OCTANE,45000.0,45000
797,2026-01-09T07:15:00,depot-patiya,region-chattogram,OPEN,11000.0,DIESEL,85000.0,85000
797,2026-01-09T07:15:00,depot-patiya,region-chattogram,OPEN,11000.0,PETROL,65000.0,65000
797,2026-01-09T07:15:00,depot-patiya,region-chattogram,OPEN,11000.0,OCTANE,40000.0,40000
798,2026-01-09T07:30:00,depot-gazipur,region-dhaka,OPEN,12000.0,DIESEL,90000.0,90000
798,2026-01-09T07:30:00,depot-gazipur,region-dhaka,OPEN,12000.0,PETROL,70000.0,70000
798,2026-01-09T07:30:00,depot-gazipur,region-dhaka,OPEN,12000.0,OCTANE,45000.0,45000
798,2026-01-09T07:30:00,depot-patiya,region-chattogram,OPEN,11000.0,DIESEL,85000.0,85000
798,2026-01-09T07:30:00,depot-patiya,region-chattogram,OPEN,11000.0,PETROL,65000.0,65000
798,2026-01-09T07:30:00,depot-patiya,region-chattogram,OPEN,11000.0,OCTANE,40000.0,40000
799,2026-01-09T07:45:00,depot-gazipur,region-dhaka,OPEN,12000.0,DIESEL,90000.0,90000
799,2026-01-09T07:45:00,depot-gazipur,region-dhaka,OPEN,12000.0,PETROL,70000.0,70000
799,2026-01-09T07:45:00,depot-gazipur,region-dhaka,OPEN,12000.0,OCTANE,45000.0,45000
799,2026-01-09T07:45:00,depot-patiya,region-chattogram,OPEN,11000.0,DIESEL,85000.0,85000
799,2026-01-09T07:45:00,depot-patiya,region-chattogram,OPEN,11000.0,PETROL,65000.0,65000
799,2026-01-09T07:45:00,depot-patiya,region-chattogram,OPEN,11000.0,OCTANE,40000.0,40000
800,2026-01-09T08:00:00,depot-gazipur,region-dhaka,OPEN,12000.0,DIESEL,90000.0,90000
800,2026-01-09T08:00:00,depot-gazipur,region-dhaka,OPEN,12000.0,PETROL,70000.0,70000
800,2026-01-09T08:00:00,depot-gazipur,region-dhaka,OPEN,12000.0,OCTANE,45000.0,45000
800,2026-01-09T08:00:00,depot-patiya,region-chattogram,OPEN,11000.0,DIESEL,85000.0,85000
800,2026-01-09T08:00:00,depot-patiya,region-chattogram,OPEN,11000.0,PETROL,65000.0,65000
800,2026-01-09T08:00:00,depot-patiya,region-chattogram,OPEN,11000.0,OCTANE,40000.0,40000
801,2026-01-09T08:15:00,depot-gazipur,region-dhaka,OPEN,12000.0,DIESEL,90000.0,90000
801,2026-01-09T08:15:00,depot-gazipur,region-dhaka,OPEN,12000.0,PETROL,70000.0,70000
801,2026-01-09T08:15:00,depot-gazipur,region-dhaka,OPEN,12000.0,OCTANE,45000.0,45000
801,2026-01-09T08:15:00,depot-patiya,region-chattogram,OPEN,11000.0,DIESEL,85000.0,85000
801,2026-01-09T08:15:00,depot-patiya,region-chattogram,OPEN,11000.0,PETROL,65000.0,65000
801,2026-01-09T08:15:00,depot-patiya,region-chattogram,OPEN,11000.0,OCTANE,40000.0,40000
802,2026-01-09T08:30:00,depot-gazipur,region-dhaka,OPEN,12000.0,DIESEL,90000.0,90000
802,2026-01-09T08:30:00,depot-gazipur,region-dhaka,OPEN,12000.0,PETROL,70000.0,70000
802,2026-01-09T08:30:00,depot-gazipur,region-dhaka,OPEN,12000.0,OCTANE,45000.0,45000
802,2026-01-09T08:30:00,depot-patiya,region-chattogram,OPEN,11000.0,DIESEL,85000.0,85000
802,2026-01-09T08:30:00,depot-patiya,region-chattogram,OPEN,11000.0,PETROL,65000.0,65000
802,2026-01-09T08:30:00,depot-patiya,region-chattogram,OPEN,11000.0,OCTANE,40000.0,40000
803,2026-01-09T08:45:00,depot-gazipur,region-dhaka,OPEN,12000.0,DIESEL,90000.0,90000
803,2026-01-09T08:45:00,depot-gazipur,region-dhaka,OPEN,12000.0,PETROL,70000.0,70000
803,2026-01-09T08:45:00,depot-gazipur,region-dhaka,OPEN,12000.0,OCTANE,45000.0,45000
803,2026-01-09T08:45:00,depot-patiya,region-chattogram,OPEN,11000.0,DIESEL,85000.0,85000
803,2026-01-09T08:45:00,depot-patiya,region-chattogram,OPEN,11000.0,PETROL,65000.0,65000
803,2026-01-09T08:45:00,depot-patiya,region-chattogram,OPEN,11000.0,OCTANE,40000.0,40000
804,2026-01-09T09:00:00,depot-gazipur,region-dhaka,OPEN,12000.0,DIESEL,90000.0,90000
804,2026-01-09T09:00:00,depot-gazipur,region-dhaka,OPEN,12000.0,PETROL,70000.0,70000
804,2026-01-09T09:00:00,depot-gazipur,region-dhaka,OPEN,12000.0,OCTANE,45000.0,45000
804,2026-01-09T09:00:00,depot-patiya,region-chattogram,OPEN,11000.0,DIESEL,85000.0,85000
804,2026-01-09T09:00:00,depot-patiya,region-chattogram,OPEN,11000.0,PETROL,65000.0,65000
804,2026-01-09T09:00:00,depot-patiya,region-chattogram,OPEN,11000.0,OCTANE,40000.0,40000
805,2026-01-09T09:15:00,depot-gazipur,region-dhaka,OPEN,12000.0,DIESEL,90000.0,90000
805,2026-01-09T09:15:00,depot-gazipur,region-dhaka,OPEN,12000.0,PETROL,70000.0,70000
805,2026-01-09T09:15:00,depot-gazipur,region-dhaka,OPEN,12000.0,OCTANE,45000.0,45000
805,2026-01-09T09:15:00,depot-patiya,region-chattogram,OPEN,11000.0,DIESEL,85000.0,85000
805,2026-01-09T09:15:00,depot-patiya,region-chattogram,OPEN,11000.0,PETROL,65000.0,65000
805,2026-01-09T09:15:00,depot-patiya,region-chattogram,OPEN,11000.0,OCTANE,40000.0,40000
806,2026-01-09T09:30:00,depot-gazipur,region-dhaka,OPEN,12000.0,DIESEL,90000.0,90000
806,2026-01-09T09:30:00,depot-gazipur,region-dhaka,OPEN,12000.0,PETROL,70000.0,70000
806,2026-01-09T09:30:00,depot-gazipur,region-dhaka,OPEN,12000.0,OCTANE,45000.0,45000
806,2026-01-09T09:30:00,depot-patiya,region-chattogram,OPEN,11000.0,DIESEL,85000.0,85000
806,2026-01-09T09:30:00,depot-patiya,region-chattogram,OPEN,11000.0,PETROL,65000.0,65000
806,2026-01-09T09:30:00,depot-patiya,region-chattogram,OPEN,11000.0,OCTANE,40000.0,40000
807,2026-01-09T09:45:00,depot-gazipur,region-dhaka,OPEN,12000.0,DIESEL,90000.0,90000
807,2026-01-09T09:45:00,depot-gazipur,region-dhaka,OPEN,12000.0,PETROL,70000.0,70000
807,2026-01-09T09:45:00,depot-gazipur,region-dhaka,OPEN,12000.0,OCTANE,45000.0,45000
807,2026-01-09T09:45:00,depot-patiya,region-chattogram,OPEN,11000.0,DIESEL,85000.0,85000
807,2026-01-09T09:45:00,depot-patiya,region-chattogram,OPEN,11000.0,PETROL,65000.0,65000
807,2026-01-09T09:45:00,depot-patiya,region-chattogram,OPEN,11000.0,OCTANE,40000.0,40000
808,2026-01-09T10:00:00,depot-gazipur,region-dhaka,OPEN,12000.0,DIESEL,90000.0,90000
808,2026-01-09T10:00:00,depot-gazipur,region-dhaka,OPEN,12000.0,PETROL,70000.0,70000
808,2026-01-09T10:00:00,depot-gazipur,region-dhaka,OPEN,12000.0,OCTANE,45000.0,45000
808,2026-01-09T10:00:00,depot-patiya,region-chattogram,OPEN,11000.0,DIESEL,85000.0,85000
808,2026-01-09T10:00:00,depot-patiya,region-chattogram,OPEN,11000.0,PETROL,65000.0,65000
808,2026-01-09T10:00:00,depot-patiya,region-chattogram,OPEN,11000.0,OCTANE,40000.0,40000
809,2026-01-09T10:15:00,depot-gazipur,region-dhaka,OPEN,12000.0,DIESEL,90000.0,90000
809,2026-01-09T10:15:00,depot-gazipur,region-dhaka,OPEN,12000.0,PETROL,70000.0,70000
809,2026-01-09T10:15:00,depot-gazipur,region-dhaka,OPEN,12000.0,OCTANE,45000.0,45000
809,2026-01-09T10:15:00,depot-patiya,region-chattogram,OPEN,11000.0,DIESEL,85000.0,85000
809,2026-01-09T10:15:00,depot-patiya,region-chattogram,OPEN,11000.0,PETROL,65000.0,65000
809,2026-01-09T10:15:00,depot-patiya,region-chattogram,OPEN,11000.0,OCTANE,40000.0,40000
810,2026-01-09T10:30:00,depot-gazipur,region-dhaka,OPEN,12000.0,DIESEL,90000.0,90000
810,2026-01-09T10:30:00,depot-gazipur,region-dhaka,OPEN,12000.0,PETROL,70000.0,70000
810,2026-01-09T10:30:00,depot-gazipur,region-dhaka,OPEN,12000.0,OCTANE,45000.0,45000
810,2026-01-09T10:30:00,depot-patiya,region-chattogram,OPEN,11000.0,DIESEL,85000.0,85000
810,2026-01-09T10:30:00,depot-patiya,region-chattogram,OPEN,11000.0,PETROL,65000.0,65000
810,2026-01-09T10:30:00,depot-patiya,region-chattogram,OPEN,11000.0,OCTANE,40000.0,40000
811,2026-01-09T10:45:00,depot-gazipur,region-dhaka,OPEN,12000.0,DIESEL,90000.0,90000
811,2026-01-09T10:45:00,depot-gazipur,region-dhaka,OPEN,12000.0,PETROL,70000.0,70000
811,2026-01-09T10:45:00,depot-gazipur,region-dhaka,OPEN,12000.0,OCTANE,45000.0,45000
811,2026-01-09T10:45:00,depot-patiya,region-chattogram,OPEN,11000.0,DIESEL,85000.0,85000
811,2026-01-09T10:45:00,depot-patiya,region-chattogram,OPEN,11000.0,PETROL,65000.0,65000
811,2026-01-09T10:45:00,depot-patiya,region-chattogram,OPEN,11000.0,OCTANE,40000.0,40000
812,2026-01-09T11:00:00,depot-gazipur,region-dhaka,OPEN,12000.0,DIESEL,90000.0,90000
812,2026-01-09T11:00:00,depot-gazipur,region-dhaka,OPEN,12000.0,PETROL,70000.0,70000
812,2026-01-09T11:00:00,depot-gazipur,region-dhaka,OPEN,12000.0,OCTANE,45000.0,45000
812,2026-01-09T11:00:00,depot-patiya,region-chattogram,OPEN,11000.0,DIESEL,85000.0,85000
812,2026-01-09T11:00:00,depot-patiya,region-chattogram,OPEN,11000.0,PETROL,65000.0,65000
812,2026-01-09T11:00:00,depot-patiya,region-chattogram,OPEN,11000.0,OCTANE,40000.0,40000
813,2026-01-09T11:15:00,depot-gazipur,region-dhaka,OPEN,12000.0,DIESEL,90000.0,90000
813,2026-01-09T11:15:00,depot-gazipur,region-dhaka,OPEN,12000.0,PETROL,70000.0,70000
813,2026-01-09T11:15:00,depot-gazipur,region-dhaka,OPEN,12000.0,OCTANE,45000.0,45000
813,2026-01-09T11:15:00,depot-patiya,region-chattogram,OPEN,11000.0,DIESEL,85000.0,85000
813,2026-01-09T11:15:00,depot-patiya,region-chattogram,OPEN,11000.0,PETROL,65000.0,65000
813,2026-01-09T11:15:00,depot-patiya,region-chattogram,OPEN,11000.0,OCTANE,40000.0,40000
814,2026-01-09T11:30:00,depot-gazipur,region-dhaka,OPEN,12000.0,DIESEL,90000.0,90000
814,2026-01-09T11:30:00,depot-gazipur,region-dhaka,OPEN,12000.0,PETROL,70000.0,70000
814,2026-01-09T11:30:00,depot-gazipur,region-dhaka,OPEN,12000.0,OCTANE,45000.0,45000
814,2026-01-09T11:30:00,depot-patiya,region-chattogram,OPEN,11000.0,DIESEL,85000.0,85000
814,2026-01-09T11:30:00,depot-patiya,region-chattogram,OPEN,11000.0,PETROL,65000.0,65000
814,2026-01-09T11:30:00,depot-patiya,region-chattogram,OPEN,11000.0,OCTANE,40000.0,40000
815,2026-01-09T11:45:00,depot-gazipur,region-dhaka,OPEN,12000.0,DIESEL,90000.0,90000
815,2026-01-09T11:45:00,depot-gazipur,region-dhaka,OPEN,12000.0,PETROL,70000.0,70000
815,2026-01-09T11:45:00,depot-gazipur,region-dhaka,OPEN,12000.0,OCTANE,45000.0,45000
815,2026-01-09T11:45:00,depot-patiya,region-chattogram,OPEN,11000.0,DIESEL,85000.0,85000
815,2026-01-09T11:45:00,depot-patiya,region-chattogram,OPEN,11000.0,PETROL,65000.0,65000
815,2026-01-09T11:45:00,depot-patiya,region-chattogram,OPEN,11000.0,OCTANE,40000.0,40000
816,2026-01-09T12:00:00,depot-gazipur,region-dhaka,OPEN,12000.0,DIESEL,90000.0,90000
816,2026-01-09T12:00:00,depot-gazipur,region-dhaka,OPEN,12000.0,PETROL,70000.0,70000
816,2026-01-09T12:00:00,depot-gazipur,region-dhaka,OPEN,12000.0,OCTANE,45000.0,45000
816,2026-01-09T12:00:00,depot-patiya,region-chattogram,OPEN,11000.0,DIESEL,85000.0,85000
816,2026-01-09T12:00:00,depot-patiya,region-chattogram,OPEN,11000.0,PETROL,65000.0,65000
816,2026-01-09T12:00:00,depot-patiya,region-chattogram,OPEN,11000.0,OCTANE,40000.0,40000
817,2026-01-09T12:15:00,depot-gazipur,region-dhaka,OPEN,12000.0,DIESEL,90000.0,90000
817,2026-01-09T12:15:00,depot-gazipur,region-dhaka,OPEN,12000.0,PETROL,70000.0,70000
817,2026-01-09T12:15:00,depot-gazipur,region-dhaka,OPEN,12000.0,OCTANE,45000.0,45000
817,2026-01-09T12:15:00,depot-patiya,region-chattogram,OPEN,11000.0,DIESEL,85000.0,85000
817,2026-01-09T12:15:00,depot-patiya,region-chattogram,OPEN,11000.0,PETROL,65000.0,65000
817,2026-01-09T12:15:00,depot-patiya,region-chattogram,OPEN,11000.0,OCTANE,40000.0,40000
818,2026-01-09T12:30:00,depot-gazipur,region-dhaka,OPEN,12000.0,DIESEL,90000.0,90000
818,2026-01-09T12:30:00,depot-gazipur,region-dhaka,OPEN,12000.0,PETROL,70000.0,70000
818,2026-01-09T12:30:00,depot-gazipur,region-dhaka,OPEN,12000.0,OCTANE,45000.0,45000
818,2026-01-09T12:30:00,depot-patiya,region-chattogram,OPEN,11000.0,DIESEL,85000.0,85000
818,2026-01-09T12:30:00,depot-patiya,region-chattogram,OPEN,11000.0,PETROL,65000.0,65000
818,2026-01-09T12:30:00,depot-patiya,region-chattogram,OPEN,11000.0,OCTANE,40000.0,40000
819,2026-01-09T12:45:00,depot-gazipur,region-dhaka,OPEN,12000.0,DIESEL,90000.0,90000
819,2026-01-09T12:45:00,depot-gazipur,region-dhaka,OPEN,12000.0,PETROL,70000.0,70000
819,2026-01-09T12:45:00,depot-gazipur,region-dhaka,OPEN,12000.0,OCTANE,45000.0,45000
819,2026-01-09T12:45:00,depot-patiya,region-chattogram,OPEN,11000.0,DIESEL,85000.0,85000
819,2026-01-09T12:45:00,depot-patiya,region-chattogram,OPEN,11000.0,PETROL,65000.0,65000
819,2026-01-09T12:45:00,depot-patiya,region-chattogram,OPEN,11000.0,OCTANE,40000.0,40000
820,2026-01-09T13:00:00,depot-gazipur,region-dhaka,OPEN,12000.0,DIESEL,90000.0,90000
820,2026-01-09T13:00:00,depot-gazipur,region-dhaka,OPEN,12000.0,PETROL,70000.0,70000
820,2026-01-09T13:00:00,depot-gazipur,region-dhaka,OPEN,12000.0,OCTANE,45000.0,45000
820,2026-01-09T13:00:00,depot-patiya,region-chattogram,OPEN,11000.0,DIESEL,85000.0,85000
820,2026-01-09T13:00:00,depot-patiya,region-chattogram,OPEN,11000.0,PETROL,65000.0,65000
820,2026-01-09T13:00:00,depot-patiya,region-chattogram,OPEN,11000.0,OCTANE,40000.0,40000
821,2026-01-09T13:15:00,depot-gazipur,region-dhaka,OPEN,12000.0,DIESEL,90000.0,90000
821,2026-01-09T13:15:00,depot-gazipur,region-dhaka,OPEN,12000.0,PETROL,70000.0,70000
821,2026-01-09T13:15:00,depot-gazipur,region-dhaka,OPEN,12000.0,OCTANE,45000.0,45000
821,2026-01-09T13:15:00,depot-patiya,region-chattogram,OPEN,11000.0,DIESEL,85000.0,85000
821,2026-01-09T13:15:00,depot-patiya,region-chattogram,OPEN,11000.0,PETROL,65000.0,65000
821,2026-01-09T13:15:00,depot-patiya,region-chattogram,OPEN,11000.0,OCTANE,40000.0,40000
822,2026-01-09T13:30:00,depot-gazipur,region-dhaka,OPEN,12000.0,DIESEL,90000.0,90000
822,2026-01-09T13:30:00,depot-gazipur,region-dhaka,OPEN,12000.0,PETROL,70000.0,70000
822,2026-01-09T13:30:00,depot-gazipur,region-dhaka,OPEN,12000.0,OCTANE,45000.0,45000
822,2026-01-09T13:30:00,depot-patiya,region-chattogram,OPEN,11000.0,DIESEL,85000.0,85000
822,2026-01-09T13:30:00,depot-patiya,region-chattogram,OPEN,11000.0,PETROL,65000.0,65000
822,2026-01-09T13:30:00,depot-patiya,region-chattogram,OPEN,11000.0,OCTANE,40000.0,40000
823,2026-01-09T13:45:00,depot-gazipur,region-dhaka,OPEN,12000.0,DIESEL,90000.0,90000
823,2026-01-09T13:45:00,depot-gazipur,region-dhaka,OPEN,12000.0,PETROL,70000.0,70000
823,2026-01-09T13:45:00,depot-gazipur,region-dhaka,OPEN,12000.0,OCTANE,45000.0,45000
823,2026-01-09T13:45:00,depot-patiya,region-chattogram,OPEN,11000.0,DIESEL,85000.0,85000
823,2026-01-09T13:45:00,depot-patiya,region-chattogram,OPEN,11000.0,PETROL,65000.0,65000
823,2026-01-09T13:45:00,depot-patiya,region-chattogram,OPEN,11000.0,OCTANE,40000.0,40000
824,2026-01-09T14:00:00,depot-gazipur,region-dhaka,OPEN,12000.0,DIESEL,90000.0,90000
824,2026-01-09T14:00:00,depot-gazipur,region-dhaka,OPEN,12000.0,PETROL,70000.0,70000
824,2026-01-09T14:00:00,depot-gazipur,region-dhaka,OPEN,12000.0,OCTANE,45000.0,45000
824,2026-01-09T14:00:00,depot-patiya,region-chattogram,OPEN,11000.0,DIESEL,85000.0,85000
824,2026-01-09T14:00:00,depot-patiya,region-chattogram,OPEN,11000.0,PETROL,65000.0,65000
824,2026-01-09T14:00:00,depot-patiya,region-chattogram,OPEN,11000.0,OCTANE,40000.0,40000
825,2026-01-09T14:15:00,depot-gazipur,region-dhaka,OPEN,12000.0,DIESEL,90000.0,90000
825,2026-01-09T14:15:00,depot-gazipur,region-dhaka,OPEN,12000.0,PETROL,70000.0,70000
825,2026-01-09T14:15:00,depot-gazipur,region-dhaka,OPEN,12000.0,OCTANE,45000.0,45000
825,2026-01-09T14:15:00,depot-patiya,region-chattogram,OPEN,11000.0,DIESEL,85000.0,85000
825,2026-01-09T14:15:00,depot-patiya,region-chattogram,OPEN,11000.0,PETROL,65000.0,65000
825,2026-01-09T14:15:00,depot-patiya,region-chattogram,OPEN,11000.0,OCTANE,40000.0,40000
826,2026-01-09T14:30:00,depot-gazipur,region-dhaka,OPEN,12000.0,DIESEL,90000.0,90000
826,2026-01-09T14:30:00,depot-gazipur,region-dhaka,OPEN,12000.0,PETROL,70000.0,70000
826,2026-01-09T14:30:00,depot-gazipur,region-dhaka,OPEN,12000.0,OCTANE,45000.0,45000
826,2026-01-09T14:30:00,depot-patiya,region-chattogram,OPEN,11000.0,DIESEL,85000.0,85000
826,2026-01-09T14:30:00,depot-patiya,region-chattogram,OPEN,11000.0,PETROL,65000.0,65000
826,2026-01-09T14:30:00,depot-patiya,region-chattogram,OPEN,11000.0,OCTANE,40000.0,40000
827,2026-01-09T14:45:00,depot-gazipur,region-dhaka,OPEN,12000.0,DIESEL,90000.0,90000
827,2026-01-09T14:45:00,depot-gazipur,region-dhaka,OPEN,12000.0,PETROL,70000.0,70000
827,2026-01-09T14:45:00,depot-gazipur,region-dhaka,OPEN,12000.0,OCTANE,45000.0,45000
827,2026-01-09T14:45:00,depot-patiya,region-chattogram,OPEN,11000.0,DIESEL,85000.0,85000
827,2026-01-09T14:45:00,depot-patiya,region-chattogram,OPEN,11000.0,PETROL,65000.0,65000
827,2026-01-09T14:45:00,depot-patiya,region-chattogram,OPEN,11000.0,OCTANE,40000.0,40000
828,2026-01-09T15:00:00,depot-gazipur,region-dhaka,OPEN,12000.0,DIESEL,90000.0,90000
828,2026-01-09T15:00:00,depot-gazipur,region-dhaka,OPEN,12000.0,PETROL,70000.0,70000
828,2026-01-09T15:00:00,depot-gazipur,region-dhaka,OPEN,12000.0,OCTANE,45000.0,45000
828,2026-01-09T15:00:00,depot-patiya,region-chattogram,OPEN,11000.0,DIESEL,85000.0,85000
828,2026-01-09T15:00:00,depot-patiya,region-chattogram,OPEN,11000.0,PETROL,65000.0,65000
828,2026-01-09T15:00:00,depot-patiya,region-chattogram,OPEN,11000.0,OCTANE,40000.0,40000
829,2026-01-09T15:15:00,depot-gazipur,region-dhaka,OPEN,12000.0,DIESEL,90000.0,90000
829,2026-01-09T15:15:00,depot-gazipur,region-dhaka,OPEN,12000.0,PETROL,70000.0,70000
829,2026-01-09T15:15:00,depot-gazipur,region-dhaka,OPEN,12000.0,OCTANE,45000.0,45000
829,2026-01-09T15:15:00,depot-patiya,region-chattogram,OPEN,11000.0,DIESEL,85000.0,85000
829,2026-01-09T15:15:00,depot-patiya,region-chattogram,OPEN,11000.0,PETROL,65000.0,65000
829,2026-01-09T15:15:00,depot-patiya,region-chattogram,OPEN,11000.0,OCTANE,40000.0,40000
830,2026-01-09T15:30:00,depot-gazipur,region-dhaka,OPEN,12000.0,DIESEL,90000.0,90000
830,2026-01-09T15:30:00,depot-gazipur,region-dhaka,OPEN,12000.0,PETROL,70000.0,70000
830,2026-01-09T15:30:00,depot-gazipur,region-dhaka,OPEN,12000.0,OCTANE,45000.0,45000
830,2026-01-09T15:30:00,depot-patiya,region-chattogram,OPEN,11000.0,DIESEL,85000.0,85000
830,2026-01-09T15:30:00,depot-patiya,region-chattogram,OPEN,11000.0,PETROL,65000.0,65000
830,2026-01-09T15:30:00,depot-patiya,region-chattogram,OPEN,11000.0,OCTANE,40000.0,40000
831,2026-01-09T15:45:00,depot-gazipur,region-dhaka,OPEN,12000.0,DIESEL,90000.0,90000
831,2026-01-09T15:45:00,depot-gazipur,region-dhaka,OPEN,12000.0,PETROL,70000.0,70000
831,2026-01-09T15:45:00,depot-gazipur,region-dhaka,OPEN,12000.0,OCTANE,45000.0,45000
831,2026-01-09T15:45:00,depot-patiya,region-chattogram,OPEN,11000.0,DIESEL,85000.0,85000
831,2026-01-09T15:45:00,depot-patiya,region-chattogram,OPEN,11000.0,PETROL,65000.0,65000
831,2026-01-09T15:45:00,depot-patiya,region-chattogram,OPEN,11000.0,OCTANE,40000.0,40000
832,2026-01-09T16:00:00,depot-gazipur,region-dhaka,OPEN,12000.0,DIESEL,90000.0,90000
832,2026-01-09T16:00:00,depot-gazipur,region-dhaka,OPEN,12000.0,PETROL,70000.0,70000
832,2026-01-09T16:00:00,depot-gazipur,region-dhaka,OPEN,12000.0,OCTANE,45000.0,45000
832,2026-01-09T16:00:00,depot-patiya,region-chattogram,OPEN,11000.0,DIESEL,85000.0,85000
832,2026-01-09T16:00:00,depot-patiya,region-chattogram,OPEN,11000.0,PETROL,65000.0,65000
832,2026-01-09T16:00:00,depot-patiya,region-chattogram,OPEN,11000.0,OCTANE,40000.0,40000
833,2026-01-09T16:15:00,depot-gazipur,region-dhaka,OPEN,12000.0,DIESEL,90000.0,90000
833,2026-01-09T16:15:00,depot-gazipur,region-dhaka,OPEN,12000.0,PETROL,70000.0,70000
833,2026-01-09T16:15:00,depot-gazipur,region-dhaka,OPEN,12000.0,OCTANE,45000.0,45000
833,2026-01-09T16:15:00,depot-patiya,region-chattogram,OPEN,11000.0,DIESEL,85000.0,85000
833,2026-01-09T16:15:00,depot-patiya,region-chattogram,OPEN,11000.0,PETROL,65000.0,65000
833,2026-01-09T16:15:00,depot-patiya,region-chattogram,OPEN,11000.0,OCTANE,40000.0,40000
834,2026-01-09T16:30:00,depot-gazipur,region-dhaka,OPEN,12000.0,DIESEL,90000.0,90000
834,2026-01-09T16:30:00,depot-gazipur,region-dhaka,OPEN,12000.0,PETROL,70000.0,70000
834,2026-01-09T16:30:00,depot-gazipur,region-dhaka,OPEN,12000.0,OCTANE,45000.0,45000
834,2026-01-09T16:30:00,depot-patiya,region-chattogram,OPEN,11000.0,DIESEL,85000.0,85000
834,2026-01-09T16:30:00,depot-patiya,region-chattogram,OPEN,11000.0,PETROL,65000.0,65000
834,2026-01-09T16:30:00,depot-patiya,region-chattogram,OPEN,11000.0,OCTANE,40000.0,40000
835,2026-01-09T16:45:00,depot-gazipur,region-dhaka,OPEN,12000.0,DIESEL,90000.0,90000
835,2026-01-09T16:45:00,depot-gazipur,region-dhaka,OPEN,12000.0,PETROL,70000.0,70000
835,2026-01-09T16:45:00,depot-gazipur,region-dhaka,OPEN,12000.0,OCTANE,45000.0,45000
835,2026-01-09T16:45:00,depot-patiya,region-chattogram,OPEN,11000.0,DIESEL,85000.0,85000
835,2026-01-09T16:45:00,depot-patiya,region-chattogram,OPEN,11000.0,PETROL,65000.0,65000
835,2026-01-09T16:45:00,depot-patiya,region-chattogram,OPEN,11000.0,OCTANE,40000.0,40000
836,2026-01-09T17:00:00,depot-gazipur,region-dhaka,OPEN,12000.0,DIESEL,90000.0,90000
836,2026-01-09T17:00:00,depot-gazipur,region-dhaka,OPEN,12000.0,PETROL,70000.0,70000
836,2026-01-09T17:00:00,depot-gazipur,region-dhaka,OPEN,12000.0,OCTANE,45000.0,45000
836,2026-01-09T17:00:00,depot-patiya,region-chattogram,OPEN,11000.0,DIESEL,85000.0,85000
836,2026-01-09T17:00:00,depot-patiya,region-chattogram,OPEN,11000.0,PETROL,65000.0,65000
836,2026-01-09T17:00:00,depot-patiya,region-chattogram,OPEN,11000.0,OCTANE,40000.0,40000
837,2026-01-09T17:15:00,depot-gazipur,region-dhaka,OPEN,12000.0,DIESEL,90000.0,90000
837,2026-01-09T17:15:00,depot-gazipur,region-dhaka,OPEN,12000.0,PETROL,70000.0,70000
837,2026-01-09T17:15:00,depot-gazipur,region-dhaka,OPEN,12000.0,OCTANE,45000.0,45000
837,2026-01-09T17:15:00,depot-patiya,region-chattogram,OPEN,11000.0,DIESEL,85000.0,85000
837,2026-01-09T17:15:00,depot-patiya,region-chattogram,OPEN,11000.0,PETROL,65000.0,65000
837,2026-01-09T17:15:00,depot-patiya,region-chattogram,OPEN,11000.0,OCTANE,40000.0,40000
838,2026-01-09T17:30:00,depot-gazipur,region-dhaka,OPEN,12000.0,DIESEL,90000.0,90000
838,2026-01-09T17:30:00,depot-gazipur,region-dhaka,OPEN,12000.0,PETROL,70000.0,70000
838,2026-01-09T17:30:00,depot-gazipur,region-dhaka,OPEN,12000.0,OCTANE,45000.0,45000
838,2026-01-09T17:30:00,depot-patiya,region-chattogram,OPEN,11000.0,DIESEL,85000.0,85000
838,2026-01-09T17:30:00,depot-patiya,region-chattogram,OPEN,11000.0,PETROL,65000.0,65000
838,2026-01-09T17:30:00,depot-patiya,region-chattogram,OPEN,11000.0,OCTANE,40000.0,40000
839,2026-01-09T17:45:00,depot-gazipur,region-dhaka,OPEN,12000.0,DIESEL,90000.0,90000
839,2026-01-09T17:45:00,depot-gazipur,region-dhaka,OPEN,12000.0,PETROL,70000.0,70000
839,2026-01-09T17:45:00,depot-gazipur,region-dhaka,OPEN,12000.0,OCTANE,45000.0,45000
839,2026-01-09T17:45:00,depot-patiya,region-chattogram,OPEN,11000.0,DIESEL,85000.0,85000
839,2026-01-09T17:45:00,depot-patiya,region-chattogram,OPEN,11000.0,PETROL,65000.0,65000
839,2026-01-09T17:45:00,depot-patiya,region-chattogram,OPEN,11000.0,OCTANE,40000.0,40000
840,2026-01-09T18:00:00,depot-gazipur,region-dhaka,OPEN,12000.0,DIESEL,90000.0,90000
840,2026-01-09T18:00:00,depot-gazipur,region-dhaka,OPEN,12000.0,PETROL,70000.0,70000
840,2026-01-09T18:00:00,depot-gazipur,region-dhaka,OPEN,12000.0,OCTANE,45000.0,45000
840,2026-01-09T18:00:00,depot-patiya,region-chattogram,OPEN,11000.0,DIESEL,85000.0,85000
840,2026-01-09T18:00:00,depot-patiya,region-chattogram,OPEN,11000.0,PETROL,65000.0,65000
840,2026-01-09T18:00:00,depot-patiya,region-chattogram,OPEN,11000.0,OCTANE,40000.0,40000
841,2026-01-09T18:15:00,depot-gazipur,region-dhaka,OPEN,12000.0,DIESEL,90000.0,90000
841,2026-01-09T18:15:00,depot-gazipur,region-dhaka,OPEN,12000.0,PETROL,70000.0,70000
841,2026-01-09T18:15:00,depot-gazipur,region-dhaka,OPEN,12000.0,OCTANE,45000.0,45000
841,2026-01-09T18:15:00,depot-patiya,region-chattogram,OPEN,11000.0,DIESEL,85000.0,85000
841,2026-01-09T18:15:00,depot-patiya,region-chattogram,OPEN,11000.0,PETROL,65000.0,65000
841,2026-01-09T18:15:00,depot-patiya,region-chattogram,OPEN,11000.0,OCTANE,40000.0,40000
842,2026-01-09T18:30:00,depot-gazipur,region-dhaka,OPEN,12000.0,DIESEL,90000.0,90000
842,2026-01-09T18:30:00,depot-gazipur,region-dhaka,OPEN,12000.0,PETROL,70000.0,70000
842,2026-01-09T18:30:00,depot-gazipur,region-dhaka,OPEN,12000.0,OCTANE,45000.0,45000
842,2026-01-09T18:30:00,depot-patiya,region-chattogram,OPEN,11000.0,DIESEL,85000.0,85000
842,2026-01-09T18:30:00,depot-patiya,region-chattogram,OPEN,11000.0,PETROL,65000.0,65000
842,2026-01-09T18:30:00,depot-patiya,region-chattogram,OPEN,11000.0,OCTANE,40000.0,40000
843,2026-01-09T18:45:00,depot-gazipur,region-dhaka,OPEN,12000.0,DIESEL,90000.0,90000
843,2026-01-09T18:45:00,depot-gazipur,region-dhaka,OPEN,12000.0,PETROL,70000.0,70000
843,2026-01-09T18:45:00,depot-gazipur,region-dhaka,OPEN,12000.0,OCTANE,45000.0,45000
843,2026-01-09T18:45:00,depot-patiya,region-chattogram,OPEN,11000.0,DIESEL,85000.0,85000
843,2026-01-09T18:45:00,depot-patiya,region-chattogram,OPEN,11000.0,PETROL,65000.0,65000
843,2026-01-09T18:45:00,depot-patiya,region-chattogram,OPEN,11000.0,OCTANE,40000.0,40000
844,2026-01-09T19:00:00,depot-gazipur,region-dhaka,OPEN,12000.0,DIESEL,90000.0,90000
844,2026-01-09T19:00:00,depot-gazipur,region-dhaka,OPEN,12000.0,PETROL,70000.0,70000
844,2026-01-09T19:00:00,depot-gazipur,region-dhaka,OPEN,12000.0,OCTANE,45000.0,45000
844,2026-01-09T19:00:00,depot-patiya,region-chattogram,OPEN,11000.0,DIESEL,85000.0,85000
844,2026-01-09T19:00:00,depot-patiya,region-chattogram,OPEN,11000.0,PETROL,65000.0,65000
844,2026-01-09T19:00:00,depot-patiya,region-chattogram,OPEN,11000.0,OCTANE,40000.0,40000
845,2026-01-09T19:15:00,depot-gazipur,region-dhaka,OPEN,12000.0,DIESEL,90000.0,90000
845,2026-01-09T19:15:00,depot-gazipur,region-dhaka,OPEN,12000.0,PETROL,70000.0,70000
845,2026-01-09T19:15:00,depot-gazipur,region-dhaka,OPEN,12000.0,OCTANE,45000.0,45000
845,2026-01-09T19:15:00,depot-patiya,region-chattogram,OPEN,11000.0,DIESEL,85000.0,85000
845,2026-01-09T19:15:00,depot-patiya,region-chattogram,OPEN,11000.0,PETROL,65000.0,65000
845,2026-01-09T19:15:00,depot-patiya,region-chattogram,OPEN,11000.0,OCTANE,40000.0,40000
846,2026-01-09T19:30:00,depot-gazipur,region-dhaka,OPEN,12000.0,DIESEL,90000.0,90000
846,2026-01-09T19:30:00,depot-gazipur,region-dhaka,OPEN,12000.0,PETROL,70000.0,70000
846,2026-01-09T19:30:00,depot-gazipur,region-dhaka,OPEN,12000.0,OCTANE,45000.0,45000
846,2026-01-09T19:30:00,depot-patiya,region-chattogram,OPEN,11000.0,DIESEL,85000.0,85000
846,2026-01-09T19:30:00,depot-patiya,region-chattogram,OPEN,11000.0,PETROL,65000.0,65000
846,2026-01-09T19:30:00,depot-patiya,region-chattogram,OPEN,11000.0,OCTANE,40000.0,40000
847,2026-01-09T19:45:00,depot-gazipur,region-dhaka,OPEN,12000.0,DIESEL,90000.0,90000
847,2026-01-09T19:45:00,depot-gazipur,region-dhaka,OPEN,12000.0,PETROL,70000.0,70000
847,2026-01-09T19:45:00,depot-gazipur,region-dhaka,OPEN,12000.0,OCTANE,45000.0,45000
847,2026-01-09T19:45:00,depot-patiya,region-chattogram,OPEN,11000.0,DIESEL,85000.0,85000
847,2026-01-09T19:45:00,depot-patiya,region-chattogram,OPEN,11000.0,PETROL,65000.0,65000
847,2026-01-09T19:45:00,depot-patiya,region-chattogram,OPEN,11000.0,OCTANE,40000.0,40000
848,2026-01-09T20:00:00,depot-gazipur,region-dhaka,OPEN,12000.0,DIESEL,90000.0,90000
848,2026-01-09T20:00:00,depot-gazipur,region-dhaka,OPEN,12000.0,PETROL,70000.0,70000
848,2026-01-09T20:00:00,depot-gazipur,region-dhaka,OPEN,12000.0,OCTANE,45000.0,45000
848,2026-01-09T20:00:00,depot-patiya,region-chattogram,OPEN,11000.0,DIESEL,85000.0,85000
848,2026-01-09T20:00:00,depot-patiya,region-chattogram,OPEN,11000.0,PETROL,65000.0,65000
848,2026-01-09T20:00:00,depot-patiya,region-chattogram,OPEN,11000.0,OCTANE,40000.0,40000
849,2026-01-09T20:15:00,depot-gazipur,region-dhaka,OPEN,12000.0,DIESEL,90000.0,90000
849,2026-01-09T20:15:00,depot-gazipur,region-dhaka,OPEN,12000.0,PETROL,70000.0,70000
849,2026-01-09T20:15:00,depot-gazipur,region-dhaka,OPEN,12000.0,OCTANE,45000.0,45000
849,2026-01-09T20:15:00,depot-patiya,region-chattogram,OPEN,11000.0,DIESEL,85000.0,85000
849,2026-01-09T20:15:00,depot-patiya,region-chattogram,OPEN,11000.0,PETROL,65000.0,65000
849,2026-01-09T20:15:00,depot-patiya,region-chattogram,OPEN,11000.0,OCTANE,40000.0,40000
850,2026-01-09T20:30:00,depot-gazipur,region-dhaka,OPEN,12000.0,DIESEL,90000.0,90000
850,2026-01-09T20:30:00,depot-gazipur,region-dhaka,OPEN,12000.0,PETROL,70000.0,70000
850,2026-01-09T20:30:00,depot-gazipur,region-dhaka,OPEN,12000.0,OCTANE,45000.0,45000
850,2026-01-09T20:30:00,depot-patiya,region-chattogram,OPEN,11000.0,DIESEL,85000.0,85000
850,2026-01-09T20:30:00,depot-patiya,region-chattogram,OPEN,11000.0,PETROL,65000.0,65000
850,2026-01-09T20:30:00,depot-patiya,region-chattogram,OPEN,11000.0,OCTANE,40000.0,40000
851,2026-01-09T20:45:00,depot-gazipur,region-dhaka,OPEN,12000.0,DIESEL,90000.0,90000
851,2026-01-09T20:45:00,depot-gazipur,region-dhaka,OPEN,12000.0,PETROL,70000.0,70000
851,2026-01-09T20:45:00,depot-gazipur,region-dhaka,OPEN,12000.0,OCTANE,45000.0,45000
851,2026-01-09T20:45:00,depot-patiya,region-chattogram,OPEN,11000.0,DIESEL,85000.0,85000
851,2026-01-09T20:45:00,depot-patiya,region-chattogram,OPEN,11000.0,PETROL,65000.0,65000
851,2026-01-09T20:45:00,depot-patiya,region-chattogram,OPEN,11000.0,OCTANE,40000.0,40000
852,2026-01-09T21:00:00,depot-gazipur,region-dhaka,OPEN,12000.0,DIESEL,90000.0,90000
852,2026-01-09T21:00:00,depot-gazipur,region-dhaka,OPEN,12000.0,PETROL,70000.0,70000
852,2026-01-09T21:00:00,depot-gazipur,region-dhaka,OPEN,12000.0,OCTANE,45000.0,45000
852,2026-01-09T21:00:00,depot-patiya,region-chattogram,OPEN,11000.0,DIESEL,85000.0,85000
852,2026-01-09T21:00:00,depot-patiya,region-chattogram,OPEN,11000.0,PETROL,65000.0,65000
852,2026-01-09T21:00:00,depot-patiya,region-chattogram,OPEN,11000.0,OCTANE,40000.0,40000
853,2026-01-09T21:15:00,depot-gazipur,region-dhaka,OPEN,12000.0,DIESEL,90000.0,90000
853,2026-01-09T21:15:00,depot-gazipur,region-dhaka,OPEN,12000.0,PETROL,70000.0,70000
853,2026-01-09T21:15:00,depot-gazipur,region-dhaka,OPEN,12000.0,OCTANE,45000.0,45000
853,2026-01-09T21:15:00,depot-patiya,region-chattogram,OPEN,11000.0,DIESEL,85000.0,85000
853,2026-01-09T21:15:00,depot-patiya,region-chattogram,OPEN,11000.0,PETROL,65000.0,65000
853,2026-01-09T21:15:00,depot-patiya,region-chattogram,OPEN,11000.0,OCTANE,40000.0,40000
854,2026-01-09T21:30:00,depot-gazipur,region-dhaka,OPEN,12000.0,DIESEL,90000.0,90000
854,2026-01-09T21:30:00,depot-gazipur,region-dhaka,OPEN,12000.0,PETROL,70000.0,70000
854,2026-01-09T21:30:00,depot-gazipur,region-dhaka,OPEN,12000.0,OCTANE,45000.0,45000
854,2026-01-09T21:30:00,depot-patiya,region-chattogram,OPEN,11000.0,DIESEL,85000.0,85000
854,2026-01-09T21:30:00,depot-patiya,region-chattogram,OPEN,11000.0,PETROL,65000.0,65000
854,2026-01-09T21:30:00,depot-patiya,region-chattogram,OPEN,11000.0,OCTANE,40000.0,40000
855,2026-01-09T21:45:00,depot-gazipur,region-dhaka,OPEN,12000.0,DIESEL,90000.0,90000
855,2026-01-09T21:45:00,depot-gazipur,region-dhaka,OPEN,12000.0,PETROL,70000.0,70000
855,2026-01-09T21:45:00,depot-gazipur,region-dhaka,OPEN,12000.0,OCTANE,45000.0,45000
855,2026-01-09T21:45:00,depot-patiya,region-chattogram,OPEN,11000.0,DIESEL,85000.0,85000
855,2026-01-09T21:45:00,depot-patiya,region-chattogram,OPEN,11000.0,PETROL,65000.0,65000
855,2026-01-09T21:45:00,depot-patiya,region-chattogram,OPEN,11000.0,OCTANE,40000.0,40000
856,2026-01-09T22:00:00,depot-gazipur,region-dhaka,OPEN,12000.0,DIESEL,90000.0,90000
856,2026-01-09T22:00:00,depot-gazipur,region-dhaka,OPEN,12000.0,PETROL,70000.0,70000
856,2026-01-09T22:00:00,depot-gazipur,region-dhaka,OPEN,12000.0,OCTANE,45000.0,45000
856,2026-01-09T22:00:00,depot-patiya,region-chattogram,OPEN,11000.0,DIESEL,85000.0,85000
856,2026-01-09T22:00:00,depot-patiya,region-chattogram,OPEN,11000.0,PETROL,65000.0,65000
856,2026-01-09T22:00:00,depot-patiya,region-chattogram,OPEN,11000.0,OCTANE,40000.0,40000
857,2026-01-09T22:15:00,depot-gazipur,region-dhaka,OPEN,12000.0,DIESEL,90000.0,90000
857,2026-01-09T22:15:00,depot-gazipur,region-dhaka,OPEN,12000.0,PETROL,70000.0,70000
857,2026-01-09T22:15:00,depot-gazipur,region-dhaka,OPEN,12000.0,OCTANE,45000.0,45000
857,2026-01-09T22:15:00,depot-patiya,region-chattogram,OPEN,11000.0,DIESEL,85000.0,85000
857,2026-01-09T22:15:00,depot-patiya,region-chattogram,OPEN,11000.0,PETROL,65000.0,65000
857,2026-01-09T22:15:00,depot-patiya,region-chattogram,OPEN,11000.0,OCTANE,40000.0,40000
858,2026-01-09T22:30:00,depot-gazipur,region-dhaka,OPEN,12000.0,DIESEL,90000.0,90000
858,2026-01-09T22:30:00,depot-gazipur,region-dhaka,OPEN,12000.0,PETROL,70000.0,70000
858,2026-01-09T22:30:00,depot-gazipur,region-dhaka,OPEN,12000.0,OCTANE,45000.0,45000
858,2026-01-09T22:30:00,depot-patiya,region-chattogram,OPEN,11000.0,DIESEL,85000.0,85000
858,2026-01-09T22:30:00,depot-patiya,region-chattogram,OPEN,11000.0,PETROL,65000.0,65000
858,2026-01-09T22:30:00,depot-patiya,region-chattogram,OPEN,11000.0,OCTANE,40000.0,40000
859,2026-01-09T22:45:00,depot-gazipur,region-dhaka,OPEN,12000.0,DIESEL,90000.0,90000
859,2026-01-09T22:45:00,depot-gazipur,region-dhaka,OPEN,12000.0,PETROL,70000.0,70000
859,2026-01-09T22:45:00,depot-gazipur,region-dhaka,OPEN,12000.0,OCTANE,45000.0,45000
859,2026-01-09T22:45:00,depot-patiya,region-chattogram,OPEN,11000.0,DIESEL,85000.0,85000
859,2026-01-09T22:45:00,depot-patiya,region-chattogram,OPEN,11000.0,PETROL,65000.0,65000
859,2026-01-09T22:45:00,depot-patiya,region-chattogram,OPEN,11000.0,OCTANE,40000.0,40000
860,2026-01-09T23:00:00,depot-gazipur,region-dhaka,OPEN,12000.0,DIESEL,90000.0,90000
860,2026-01-09T23:00:00,depot-gazipur,region-dhaka,OPEN,12000.0,PETROL,70000.0,70000
860,2026-01-09T23:00:00,depot-gazipur,region-dhaka,OPEN,12000.0,OCTANE,45000.0,45000
860,2026-01-09T23:00:00,depot-patiya,region-chattogram,OPEN,11000.0,DIESEL,85000.0,85000
860,2026-01-09T23:00:00,depot-patiya,region-chattogram,OPEN,11000.0,PETROL,65000.0,65000
860,2026-01-09T23:00:00,depot-patiya,region-chattogram,OPEN,11000.0,OCTANE,40000.0,40000
861,2026-01-09T23:15:00,depot-gazipur,region-dhaka,OPEN,12000.0,DIESEL,90000.0,90000
861,2026-01-09T23:15:00,depot-gazipur,region-dhaka,OPEN,12000.0,PETROL,70000.0,70000
861,2026-01-09T23:15:00,depot-gazipur,region-dhaka,OPEN,12000.0,OCTANE,45000.0,45000
861,2026-01-09T23:15:00,depot-patiya,region-chattogram,OPEN,11000.0,DIESEL,85000.0,85000
861,2026-01-09T23:15:00,depot-patiya,region-chattogram,OPEN,11000.0,PETROL,65000.0,65000
861,2026-01-09T23:15:00,depot-patiya,region-chattogram,OPEN,11000.0,OCTANE,40000.0,40000
862,2026-01-09T23:30:00,depot-gazipur,region-dhaka,OPEN,12000.0,DIESEL,90000.0,90000
862,2026-01-09T23:30:00,depot-gazipur,region-dhaka,OPEN,12000.0,PETROL,70000.0,70000
862,2026-01-09T23:30:00,depot-gazipur,region-dhaka,OPEN,12000.0,OCTANE,45000.0,45000
862,2026-01-09T23:30:00,depot-patiya,region-chattogram,OPEN,11000.0,DIESEL,85000.0,85000
862,2026-01-09T23:30:00,depot-patiya,region-chattogram,OPEN,11000.0,PETROL,65000.0,65000
862,2026-01-09T23:30:00,depot-patiya,region-chattogram,OPEN,11000.0,OCTANE,40000.0,40000
863,2026-01-09T23:45:00,depot-gazipur,region-dhaka,OPEN,12000.0,DIESEL,90000.0,90000
863,2026-01-09T23:45:00,depot-gazipur,region-dhaka,OPEN,12000.0,PETROL,70000.0,70000
863,2026-01-09T23:45:00,depot-gazipur,region-dhaka,OPEN,12000.0,OCTANE,45000.0,45000
863,2026-01-09T23:45:00,depot-patiya,region-chattogram,OPEN,11000.0,DIESEL,85000.0,85000
863,2026-01-09T23:45:00,depot-patiya,region-chattogram,OPEN,11000.0,PETROL,65000.0,65000
863,2026-01-09T23:45:00,depot-patiya,region-chattogram,OPEN,11000.0,OCTANE,40000.0,40000
864,2026-01-10T00:00:00,depot-gazipur,region-dhaka,OPEN,12000.0,DIESEL,90000.0,90000
864,2026-01-10T00:00:00,depot-gazipur,region-dhaka,OPEN,12000.0,PETROL,70000.0,70000
864,2026-01-10T00:00:00,depot-gazipur,region-dhaka,OPEN,12000.0,OCTANE,45000.0,45000
864,2026-01-10T00:00:00,depot-patiya,region-chattogram,OPEN,11000.0,DIESEL,85000.0,85000
864,2026-01-10T00:00:00,depot-patiya,region-chattogram,OPEN,11000.0,PETROL,65000.0,65000
864,2026-01-10T00:00:00,depot-patiya,region-chattogram,OPEN,11000.0,OCTANE,40000.0,40000
865,2026-01-10T00:15:00,depot-gazipur,region-dhaka,OPEN,12000.0,DIESEL,90000.0,90000
865,2026-01-10T00:15:00,depot-gazipur,region-dhaka,OPEN,12000.0,PETROL,70000.0,70000
865,2026-01-10T00:15:00,depot-gazipur,region-dhaka,OPEN,12000.0,OCTANE,45000.0,45000
865,2026-01-10T00:15:00,depot-patiya,region-chattogram,OPEN,11000.0,DIESEL,85000.0,85000
865,2026-01-10T00:15:00,depot-patiya,region-chattogram,OPEN,11000.0,PETROL,65000.0,65000
865,2026-01-10T00:15:00,depot-patiya,region-chattogram,OPEN,11000.0,OCTANE,40000.0,40000
866,2026-01-10T00:30:00,depot-gazipur,region-dhaka,OPEN,12000.0,DIESEL,90000.0,90000
866,2026-01-10T00:30:00,depot-gazipur,region-dhaka,OPEN,12000.0,PETROL,70000.0,70000
866,2026-01-10T00:30:00,depot-gazipur,region-dhaka,OPEN,12000.0,OCTANE,45000.0,45000
866,2026-01-10T00:30:00,depot-patiya,region-chattogram,OPEN,11000.0,DIESEL,85000.0,85000
866,2026-01-10T00:30:00,depot-patiya,region-chattogram,OPEN,11000.0,PETROL,65000.0,65000
866,2026-01-10T00:30:00,depot-patiya,region-chattogram,OPEN,11000.0,OCTANE,40000.0,40000
867,2026-01-10T00:45:00,depot-gazipur,region-dhaka,OPEN,12000.0,DIESEL,90000.0,90000
867,2026-01-10T00:45:00,depot-gazipur,region-dhaka,OPEN,12000.0,PETROL,70000.0,70000
867,2026-01-10T00:45:00,depot-gazipur,region-dhaka,OPEN,12000.0,OCTANE,45000.0,45000
867,2026-01-10T00:45:00,depot-patiya,region-chattogram,OPEN,11000.0,DIESEL,85000.0,85000
867,2026-01-10T00:45:00,depot-patiya,region-chattogram,OPEN,11000.0,PETROL,65000.0,65000
867,2026-01-10T00:45:00,depot-patiya,region-chattogram,OPEN,11000.0,OCTANE,40000.0,40000
868,2026-01-10T01:00:00,depot-gazipur,region-dhaka,OPEN,12000.0,DIESEL,90000.0,90000
868,2026-01-10T01:00:00,depot-gazipur,region-dhaka,OPEN,12000.0,PETROL,70000.0,70000
868,2026-01-10T01:00:00,depot-gazipur,region-dhaka,OPEN,12000.0,OCTANE,45000.0,45000
868,2026-01-10T01:00:00,depot-patiya,region-chattogram,OPEN,11000.0,DIESEL,85000.0,85000
868,2026-01-10T01:00:00,depot-patiya,region-chattogram,OPEN,11000.0,PETROL,65000.0,65000
868,2026-01-10T01:00:00,depot-patiya,region-chattogram,OPEN,11000.0,OCTANE,40000.0,40000
869,2026-01-10T01:15:00,depot-gazipur,region-dhaka,OPEN,12000.0,DIESEL,90000.0,90000
869,2026-01-10T01:15:00,depot-gazipur,region-dhaka,OPEN,12000.0,PETROL,70000.0,70000
869,2026-01-10T01:15:00,depot-gazipur,region-dhaka,OPEN,12000.0,OCTANE,45000.0,45000
869,2026-01-10T01:15:00,depot-patiya,region-chattogram,OPEN,11000.0,DIESEL,85000.0,85000
869,2026-01-10T01:15:00,depot-patiya,region-chattogram,OPEN,11000.0,PETROL,65000.0,65000
869,2026-01-10T01:15:00,depot-patiya,region-chattogram,OPEN,11000.0,OCTANE,40000.0,40000
870,2026-01-10T01:30:00,depot-gazipur,region-dhaka,OPEN,12000.0,DIESEL,90000.0,90000
870,2026-01-10T01:30:00,depot-gazipur,region-dhaka,OPEN,12000.0,PETROL,70000.0,70000
870,2026-01-10T01:30:00,depot-gazipur,region-dhaka,OPEN,12000.0,OCTANE,45000.0,45000
870,2026-01-10T01:30:00,depot-patiya,region-chattogram,OPEN,11000.0,DIESEL,85000.0,85000
870,2026-01-10T01:30:00,depot-patiya,region-chattogram,OPEN,11000.0,PETROL,65000.0,65000
870,2026-01-10T01:30:00,depot-patiya,region-chattogram,OPEN,11000.0,OCTANE,40000.0,40000
871,2026-01-10T01:45:00,depot-gazipur,region-dhaka,OPEN,12000.0,DIESEL,90000.0,90000
871,2026-01-10T01:45:00,depot-gazipur,region-dhaka,OPEN,12000.0,PETROL,70000.0,70000
871,2026-01-10T01:45:00,depot-gazipur,region-dhaka,OPEN,12000.0,OCTANE,45000.0,45000
871,2026-01-10T01:45:00,depot-patiya,region-chattogram,OPEN,11000.0,DIESEL,85000.0,85000
871,2026-01-10T01:45:00,depot-patiya,region-chattogram,OPEN,11000.0,PETROL,65000.0,65000
871,2026-01-10T01:45:00,depot-patiya,region-chattogram,OPEN,11000.0,OCTANE,40000.0,40000
872,2026-01-10T02:00:00,depot-gazipur,region-dhaka,OPEN,12000.0,DIESEL,90000.0,90000
872,2026-01-10T02:00:00,depot-gazipur,region-dhaka,OPEN,12000.0,PETROL,70000.0,70000
872,2026-01-10T02:00:00,depot-gazipur,region-dhaka,OPEN,12000.0,OCTANE,45000.0,45000
872,2026-01-10T02:00:00,depot-patiya,region-chattogram,OPEN,11000.0,DIESEL,85000.0,85000
872,2026-01-10T02:00:00,depot-patiya,region-chattogram,OPEN,11000.0,PETROL,65000.0,65000
872,2026-01-10T02:00:00,depot-patiya,region-chattogram,OPEN,11000.0,OCTANE,40000.0,40000
873,2026-01-10T02:15:00,depot-gazipur,region-dhaka,OPEN,12000.0,DIESEL,90000.0,90000
873,2026-01-10T02:15:00,depot-gazipur,region-dhaka,OPEN,12000.0,PETROL,70000.0,70000
873,2026-01-10T02:15:00,depot-gazipur,region-dhaka,OPEN,12000.0,OCTANE,45000.0,45000
873,2026-01-10T02:15:00,depot-patiya,region-chattogram,OPEN,11000.0,DIESEL,85000.0,85000
873,2026-01-10T02:15:00,depot-patiya,region-chattogram,OPEN,11000.0,PETROL,65000.0,65000
873,2026-01-10T02:15:00,depot-patiya,region-chattogram,OPEN,11000.0,OCTANE,40000.0,40000
874,2026-01-10T02:30:00,depot-gazipur,region-dhaka,OPEN,12000.0,DIESEL,90000.0,90000
874,2026-01-10T02:30:00,depot-gazipur,region-dhaka,OPEN,12000.0,PETROL,70000.0,70000
874,2026-01-10T02:30:00,depot-gazipur,region-dhaka,OPEN,12000.0,OCTANE,45000.0,45000
874,2026-01-10T02:30:00,depot-patiya,region-chattogram,OPEN,11000.0,DIESEL,85000.0,85000
874,2026-01-10T02:30:00,depot-patiya,region-chattogram,OPEN,11000.0,PETROL,65000.0,65000
874,2026-01-10T02:30:00,depot-patiya,region-chattogram,OPEN,11000.0,OCTANE,40000.0,40000
875,2026-01-10T02:45:00,depot-gazipur,region-dhaka,OPEN,12000.0,DIESEL,90000.0,90000
875,2026-01-10T02:45:00,depot-gazipur,region-dhaka,OPEN,12000.0,PETROL,70000.0,70000
875,2026-01-10T02:45:00,depot-gazipur,region-dhaka,OPEN,12000.0,OCTANE,45000.0,45000
875,2026-01-10T02:45:00,depot-patiya,region-chattogram,OPEN,11000.0,DIESEL,85000.0,85000
875,2026-01-10T02:45:00,depot-patiya,region-chattogram,OPEN,11000.0,PETROL,65000.0,65000
875,2026-01-10T02:45:00,depot-patiya,region-chattogram,OPEN,11000.0,OCTANE,40000.0,40000
876,2026-01-10T03:00:00,depot-gazipur,region-dhaka,OPEN,12000.0,DIESEL,90000.0,90000
876,2026-01-10T03:00:00,depot-gazipur,region-dhaka,OPEN,12000.0,PETROL,70000.0,70000
876,2026-01-10T03:00:00,depot-gazipur,region-dhaka,OPEN,12000.0,OCTANE,45000.0,45000
876,2026-01-10T03:00:00,depot-patiya,region-chattogram,OPEN,11000.0,DIESEL,85000.0,85000
876,2026-01-10T03:00:00,depot-patiya,region-chattogram,OPEN,11000.0,PETROL,65000.0,65000
876,2026-01-10T03:00:00,depot-patiya,region-chattogram,OPEN,11000.0,OCTANE,40000.0,40000
877,2026-01-10T03:15:00,depot-gazipur,region-dhaka,OPEN,12000.0,DIESEL,90000.0,90000
877,2026-01-10T03:15:00,depot-gazipur,region-dhaka,OPEN,12000.0,PETROL,70000.0,70000
877,2026-01-10T03:15:00,depot-gazipur,region-dhaka,OPEN,12000.0,OCTANE,45000.0,45000
877,2026-01-10T03:15:00,depot-patiya,region-chattogram,OPEN,11000.0,DIESEL,85000.0,85000
877,2026-01-10T03:15:00,depot-patiya,region-chattogram,OPEN,11000.0,PETROL,65000.0,65000
877,2026-01-10T03:15:00,depot-patiya,region-chattogram,OPEN,11000.0,OCTANE,40000.0,40000
878,2026-01-10T03:30:00,depot-gazipur,region-dhaka,OPEN,12000.0,DIESEL,90000.0,90000
878,2026-01-10T03:30:00,depot-gazipur,region-dhaka,OPEN,12000.0,PETROL,70000.0,70000
878,2026-01-10T03:30:00,depot-gazipur,region-dhaka,OPEN,12000.0,OCTANE,45000.0,45000
878,2026-01-10T03:30:00,depot-patiya,region-chattogram,OPEN,11000.0,DIESEL,85000.0,85000
878,2026-01-10T03:30:00,depot-patiya,region-chattogram,OPEN,11000.0,PETROL,65000.0,65000
878,2026-01-10T03:30:00,depot-patiya,region-chattogram,OPEN,11000.0,OCTANE,40000.0,40000
879,2026-01-10T03:45:00,depot-gazipur,region-dhaka,OPEN,12000.0,DIESEL,90000.0,90000
879,2026-01-10T03:45:00,depot-gazipur,region-dhaka,OPEN,12000.0,PETROL,70000.0,70000
879,2026-01-10T03:45:00,depot-gazipur,region-dhaka,OPEN,12000.0,OCTANE,45000.0,45000
879,2026-01-10T03:45:00,depot-patiya,region-chattogram,OPEN,11000.0,DIESEL,85000.0,85000
879,2026-01-10T03:45:00,depot-patiya,region-chattogram,OPEN,11000.0,PETROL,65000.0,65000
879,2026-01-10T03:45:00,depot-patiya,region-chattogram,OPEN,11000.0,OCTANE,40000.0,40000
880,2026-01-10T04:00:00,depot-gazipur,region-dhaka,OPEN,12000.0,DIESEL,90000.0,90000
880,2026-01-10T04:00:00,depot-gazipur,region-dhaka,OPEN,12000.0,PETROL,70000.0,70000
880,2026-01-10T04:00:00,depot-gazipur,region-dhaka,OPEN,12000.0,OCTANE,45000.0,45000
880,2026-01-10T04:00:00,depot-patiya,region-chattogram,OPEN,11000.0,DIESEL,85000.0,85000
880,2026-01-10T04:00:00,depot-patiya,region-chattogram,OPEN,11000.0,PETROL,65000.0,65000
880,2026-01-10T04:00:00,depot-patiya,region-chattogram,OPEN,11000.0,OCTANE,40000.0,40000
881,2026-01-10T04:15:00,depot-gazipur,region-dhaka,OPEN,12000.0,DIESEL,90000.0,90000
881,2026-01-10T04:15:00,depot-gazipur,region-dhaka,OPEN,12000.0,PETROL,70000.0,70000
881,2026-01-10T04:15:00,depot-gazipur,region-dhaka,OPEN,12000.0,OCTANE,45000.0,45000
881,2026-01-10T04:15:00,depot-patiya,region-chattogram,OPEN,11000.0,DIESEL,85000.0,85000
881,2026-01-10T04:15:00,depot-patiya,region-chattogram,OPEN,11000.0,PETROL,65000.0,65000
881,2026-01-10T04:15:00,depot-patiya,region-chattogram,OPEN,11000.0,OCTANE,40000.0,40000
882,2026-01-10T04:30:00,depot-gazipur,region-dhaka,OPEN,12000.0,DIESEL,90000.0,90000
882,2026-01-10T04:30:00,depot-gazipur,region-dhaka,OPEN,12000.0,PETROL,70000.0,70000
882,2026-01-10T04:30:00,depot-gazipur,region-dhaka,OPEN,12000.0,OCTANE,45000.0,45000
882,2026-01-10T04:30:00,depot-patiya,region-chattogram,OPEN,11000.0,DIESEL,85000.0,85000
882,2026-01-10T04:30:00,depot-patiya,region-chattogram,OPEN,11000.0,PETROL,65000.0,65000
882,2026-01-10T04:30:00,depot-patiya,region-chattogram,OPEN,11000.0,OCTANE,40000.0,40000
883,2026-01-10T04:45:00,depot-gazipur,region-dhaka,OPEN,12000.0,DIESEL,90000.0,90000
883,2026-01-10T04:45:00,depot-gazipur,region-dhaka,OPEN,12000.0,PETROL,70000.0,70000
883,2026-01-10T04:45:00,depot-gazipur,region-dhaka,OPEN,12000.0,OCTANE,45000.0,45000
883,2026-01-10T04:45:00,depot-patiya,region-chattogram,OPEN,11000.0,DIESEL,85000.0,85000
883,2026-01-10T04:45:00,depot-patiya,region-chattogram,OPEN,11000.0,PETROL,65000.0,65000
883,2026-01-10T04:45:00,depot-patiya,region-chattogram,OPEN,11000.0,OCTANE,40000.0,40000
884,2026-01-10T05:00:00,depot-gazipur,region-dhaka,OPEN,12000.0,DIESEL,90000.0,90000
884,2026-01-10T05:00:00,depot-gazipur,region-dhaka,OPEN,12000.0,PETROL,70000.0,70000
884,2026-01-10T05:00:00,depot-gazipur,region-dhaka,OPEN,12000.0,OCTANE,45000.0,45000
884,2026-01-10T05:00:00,depot-patiya,region-chattogram,OPEN,11000.0,DIESEL,85000.0,85000
884,2026-01-10T05:00:00,depot-patiya,region-chattogram,OPEN,11000.0,PETROL,65000.0,65000
884,2026-01-10T05:00:00,depot-patiya,region-chattogram,OPEN,11000.0,OCTANE,40000.0,40000
885,2026-01-10T05:15:00,depot-gazipur,region-dhaka,OPEN,12000.0,DIESEL,90000.0,90000
885,2026-01-10T05:15:00,depot-gazipur,region-dhaka,OPEN,12000.0,PETROL,70000.0,70000
885,2026-01-10T05:15:00,depot-gazipur,region-dhaka,OPEN,12000.0,OCTANE,45000.0,45000
885,2026-01-10T05:15:00,depot-patiya,region-chattogram,OPEN,11000.0,DIESEL,85000.0,85000
885,2026-01-10T05:15:00,depot-patiya,region-chattogram,OPEN,11000.0,PETROL,65000.0,65000
885,2026-01-10T05:15:00,depot-patiya,region-chattogram,OPEN,11000.0,OCTANE,40000.0,40000
886,2026-01-10T05:30:00,depot-gazipur,region-dhaka,OPEN,12000.0,DIESEL,90000.0,90000
886,2026-01-10T05:30:00,depot-gazipur,region-dhaka,OPEN,12000.0,PETROL,70000.0,70000
886,2026-01-10T05:30:00,depot-gazipur,region-dhaka,OPEN,12000.0,OCTANE,45000.0,45000
886,2026-01-10T05:30:00,depot-patiya,region-chattogram,OPEN,11000.0,DIESEL,85000.0,85000
886,2026-01-10T05:30:00,depot-patiya,region-chattogram,OPEN,11000.0,PETROL,65000.0,65000
886,2026-01-10T05:30:00,depot-patiya,region-chattogram,OPEN,11000.0,OCTANE,40000.0,40000
887,2026-01-10T05:45:00,depot-gazipur,region-dhaka,OPEN,12000.0,DIESEL,90000.0,90000
887,2026-01-10T05:45:00,depot-gazipur,region-dhaka,OPEN,12000.0,PETROL,70000.0,70000
887,2026-01-10T05:45:00,depot-gazipur,region-dhaka,OPEN,12000.0,OCTANE,45000.0,45000
887,2026-01-10T05:45:00,depot-patiya,region-chattogram,OPEN,11000.0,DIESEL,85000.0,85000
887,2026-01-10T05:45:00,depot-patiya,region-chattogram,OPEN,11000.0,PETROL,65000.0,65000
887,2026-01-10T05:45:00,depot-patiya,region-chattogram,OPEN,11000.0,OCTANE,40000.0,40000
888,2026-01-10T06:00:00,depot-gazipur,region-dhaka,OPEN,12000.0,DIESEL,90000.0,90000
888,2026-01-10T06:00:00,depot-gazipur,region-dhaka,OPEN,12000.0,PETROL,70000.0,70000
888,2026-01-10T06:00:00,depot-gazipur,region-dhaka,OPEN,12000.0,OCTANE,45000.0,45000
888,2026-01-10T06:00:00,depot-patiya,region-chattogram,OPEN,11000.0,DIESEL,85000.0,85000
888,2026-01-10T06:00:00,depot-patiya,region-chattogram,OPEN,11000.0,PETROL,65000.0,65000
888,2026-01-10T06:00:00,depot-patiya,region-chattogram,OPEN,11000.0,OCTANE,40000.0,40000
889,2026-01-10T06:15:00,depot-gazipur,region-dhaka,OPEN,12000.0,DIESEL,90000.0,90000
889,2026-01-10T06:15:00,depot-gazipur,region-dhaka,OPEN,12000.0,PETROL,70000.0,70000
889,2026-01-10T06:15:00,depot-gazipur,region-dhaka,OPEN,12000.0,OCTANE,45000.0,45000
889,2026-01-10T06:15:00,depot-patiya,region-chattogram,OPEN,11000.0,DIESEL,85000.0,85000
889,2026-01-10T06:15:00,depot-patiya,region-chattogram,OPEN,11000.0,PETROL,65000.0,65000
889,2026-01-10T06:15:00,depot-patiya,region-chattogram,OPEN,11000.0,OCTANE,40000.0,40000
890,2026-01-10T06:30:00,depot-gazipur,region-dhaka,OPEN,12000.0,DIESEL,90000.0,90000
890,2026-01-10T06:30:00,depot-gazipur,region-dhaka,OPEN,12000.0,PETROL,70000.0,70000
890,2026-01-10T06:30:00,depot-gazipur,region-dhaka,OPEN,12000.0,OCTANE,45000.0,45000
890,2026-01-10T06:30:00,depot-patiya,region-chattogram,OPEN,11000.0,DIESEL,85000.0,85000
890,2026-01-10T06:30:00,depot-patiya,region-chattogram,OPEN,11000.0,PETROL,65000.0,65000
890,2026-01-10T06:30:00,depot-patiya,region-chattogram,OPEN,11000.0,OCTANE,40000.0,40000
891,2026-01-10T06:45:00,depot-gazipur,region-dhaka,OPEN,12000.0,DIESEL,90000.0,90000
891,2026-01-10T06:45:00,depot-gazipur,region-dhaka,OPEN,12000.0,PETROL,70000.0,70000
891,2026-01-10T06:45:00,depot-gazipur,region-dhaka,OPEN,12000.0,OCTANE,45000.0,45000
891,2026-01-10T06:45:00,depot-patiya,region-chattogram,OPEN,11000.0,DIESEL,85000.0,85000
891,2026-01-10T06:45:00,depot-patiya,region-chattogram,OPEN,11000.0,PETROL,65000.0,65000
891,2026-01-10T06:45:00,depot-patiya,region-chattogram,OPEN,11000.0,OCTANE,40000.0,40000
892,2026-01-10T07:00:00,depot-gazipur,region-dhaka,OPEN,12000.0,DIESEL,90000.0,90000
892,2026-01-10T07:00:00,depot-gazipur,region-dhaka,OPEN,12000.0,PETROL,70000.0,70000
892,2026-01-10T07:00:00,depot-gazipur,region-dhaka,OPEN,12000.0,OCTANE,45000.0,45000
892,2026-01-10T07:00:00,depot-patiya,region-chattogram,OPEN,11000.0,DIESEL,85000.0,85000
892,2026-01-10T07:00:00,depot-patiya,region-chattogram,OPEN,11000.0,PETROL,65000.0,65000
892,2026-01-10T07:00:00,depot-patiya,region-chattogram,OPEN,11000.0,OCTANE,40000.0,40000
893,2026-01-10T07:15:00,depot-gazipur,region-dhaka,OPEN,12000.0,DIESEL,90000.0,90000
893,2026-01-10T07:15:00,depot-gazipur,region-dhaka,OPEN,12000.0,PETROL,70000.0,70000
893,2026-01-10T07:15:00,depot-gazipur,region-dhaka,OPEN,12000.0,OCTANE,45000.0,45000
893,2026-01-10T07:15:00,depot-patiya,region-chattogram,OPEN,11000.0,DIESEL,85000.0,85000
893,2026-01-10T07:15:00,depot-patiya,region-chattogram,OPEN,11000.0,PETROL,65000.0,65000
893,2026-01-10T07:15:00,depot-patiya,region-chattogram,OPEN,11000.0,OCTANE,40000.0,40000
894,2026-01-10T07:30:00,depot-gazipur,region-dhaka,OPEN,12000.0,DIESEL,90000.0,90000
894,2026-01-10T07:30:00,depot-gazipur,region-dhaka,OPEN,12000.0,PETROL,70000.0,70000
894,2026-01-10T07:30:00,depot-gazipur,region-dhaka,OPEN,12000.0,OCTANE,45000.0,45000
894,2026-01-10T07:30:00,depot-patiya,region-chattogram,OPEN,11000.0,DIESEL,85000.0,85000
894,2026-01-10T07:30:00,depot-patiya,region-chattogram,OPEN,11000.0,PETROL,65000.0,65000
894,2026-01-10T07:30:00,depot-patiya,region-chattogram,OPEN,11000.0,OCTANE,40000.0,40000
895,2026-01-10T07:45:00,depot-gazipur,region-dhaka,OPEN,12000.0,DIESEL,90000.0,90000
895,2026-01-10T07:45:00,depot-gazipur,region-dhaka,OPEN,12000.0,PETROL,70000.0,70000
895,2026-01-10T07:45:00,depot-gazipur,region-dhaka,OPEN,12000.0,OCTANE,45000.0,45000
895,2026-01-10T07:45:00,depot-patiya,region-chattogram,OPEN,11000.0,DIESEL,85000.0,85000
895,2026-01-10T07:45:00,depot-patiya,region-chattogram,OPEN,11000.0,PETROL,65000.0,65000
895,2026-01-10T07:45:00,depot-patiya,region-chattogram,OPEN,11000.0,OCTANE,40000.0,40000
896,2026-01-10T08:00:00,depot-gazipur,region-dhaka,OPEN,12000.0,DIESEL,90000.0,90000
896,2026-01-10T08:00:00,depot-gazipur,region-dhaka,OPEN,12000.0,PETROL,70000.0,70000
896,2026-01-10T08:00:00,depot-gazipur,region-dhaka,OPEN,12000.0,OCTANE,45000.0,45000
896,2026-01-10T08:00:00,depot-patiya,region-chattogram,OPEN,11000.0,DIESEL,85000.0,85000
896,2026-01-10T08:00:00,depot-patiya,region-chattogram,OPEN,11000.0,PETROL,65000.0,65000
896,2026-01-10T08:00:00,depot-patiya,region-chattogram,OPEN,11000.0,OCTANE,40000.0,40000
897,2026-01-10T08:15:00,depot-gazipur,region-dhaka,OPEN,12000.0,DIESEL,90000.0,90000
897,2026-01-10T08:15:00,depot-gazipur,region-dhaka,OPEN,12000.0,PETROL,70000.0,70000
897,2026-01-10T08:15:00,depot-gazipur,region-dhaka,OPEN,12000.0,OCTANE,45000.0,45000
897,2026-01-10T08:15:00,depot-patiya,region-chattogram,OPEN,11000.0,DIESEL,85000.0,85000
897,2026-01-10T08:15:00,depot-patiya,region-chattogram,OPEN,11000.0,PETROL,65000.0,65000
897,2026-01-10T08:15:00,depot-patiya,region-chattogram,OPEN,11000.0,OCTANE,40000.0,40000
898,2026-01-10T08:30:00,depot-gazipur,region-dhaka,OPEN,12000.0,DIESEL,90000.0,90000
898,2026-01-10T08:30:00,depot-gazipur,region-dhaka,OPEN,12000.0,PETROL,70000.0,70000
898,2026-01-10T08:30:00,depot-gazipur,region-dhaka,OPEN,12000.0,OCTANE,45000.0,45000
898,2026-01-10T08:30:00,depot-patiya,region-chattogram,OPEN,11000.0,DIESEL,85000.0,85000
898,2026-01-10T08:30:00,depot-patiya,region-chattogram,OPEN,11000.0,PETROL,65000.0,65000
898,2026-01-10T08:30:00,depot-patiya,region-chattogram,OPEN,11000.0,OCTANE,40000.0,40000
899,2026-01-10T08:45:00,depot-gazipur,region-dhaka,OPEN,12000.0,DIESEL,90000.0,90000
899,2026-01-10T08:45:00,depot-gazipur,region-dhaka,OPEN,12000.0,PETROL,70000.0,70000
899,2026-01-10T08:45:00,depot-gazipur,region-dhaka,OPEN,12000.0,OCTANE,45000.0,45000
899,2026-01-10T08:45:00,depot-patiya,region-chattogram,OPEN,11000.0,DIESEL,85000.0,85000
899,2026-01-10T08:45:00,depot-patiya,region-chattogram,OPEN,11000.0,PETROL,65000.0,65000
899,2026-01-10T08:45:00,depot-patiya,region-chattogram,OPEN,11000.0,OCTANE,40000.0,40000
900,2026-01-10T09:00:00,depot-gazipur,region-dhaka,OPEN,12000.0,DIESEL,90000.0,90000
900,2026-01-10T09:00:00,depot-gazipur,region-dhaka,OPEN,12000.0,PETROL,70000.0,70000
900,2026-01-10T09:00:00,depot-gazipur,region-dhaka,OPEN,12000.0,OCTANE,45000.0,45000
900,2026-01-10T09:00:00,depot-patiya,region-chattogram,OPEN,11000.0,DIESEL,85000.0,85000
900,2026-01-10T09:00:00,depot-patiya,region-chattogram,OPEN,11000.0,PETROL,65000.0,65000
900,2026-01-10T09:00:00,depot-patiya,region-chattogram,OPEN,11000.0,OCTANE,40000.0,40000
901,2026-01-10T09:15:00,depot-gazipur,region-dhaka,OPEN,12000.0,DIESEL,90000.0,90000
901,2026-01-10T09:15:00,depot-gazipur,region-dhaka,OPEN,12000.0,PETROL,70000.0,70000
901,2026-01-10T09:15:00,depot-gazipur,region-dhaka,OPEN,12000.0,OCTANE,45000.0,45000
901,2026-01-10T09:15:00,depot-patiya,region-chattogram,OPEN,11000.0,DIESEL,85000.0,85000
901,2026-01-10T09:15:00,depot-patiya,region-chattogram,OPEN,11000.0,PETROL,65000.0,65000
901,2026-01-10T09:15:00,depot-patiya,region-chattogram,OPEN,11000.0,OCTANE,40000.0,40000
902,2026-01-10T09:30:00,depot-gazipur,region-dhaka,OPEN,12000.0,DIESEL,90000.0,90000
902,2026-01-10T09:30:00,depot-gazipur,region-dhaka,OPEN,12000.0,PETROL,70000.0,70000
902,2026-01-10T09:30:00,depot-gazipur,region-dhaka,OPEN,12000.0,OCTANE,45000.0,45000
902,2026-01-10T09:30:00,depot-patiya,region-chattogram,OPEN,11000.0,DIESEL,85000.0,85000
902,2026-01-10T09:30:00,depot-patiya,region-chattogram,OPEN,11000.0,PETROL,65000.0,65000
902,2026-01-10T09:30:00,depot-patiya,region-chattogram,OPEN,11000.0,OCTANE,40000.0,40000
903,2026-01-10T09:45:00,depot-gazipur,region-dhaka,OPEN,12000.0,DIESEL,90000.0,90000
903,2026-01-10T09:45:00,depot-gazipur,region-dhaka,OPEN,12000.0,PETROL,70000.0,70000
903,2026-01-10T09:45:00,depot-gazipur,region-dhaka,OPEN,12000.0,OCTANE,45000.0,45000
903,2026-01-10T09:45:00,depot-patiya,region-chattogram,OPEN,11000.0,DIESEL,85000.0,85000
903,2026-01-10T09:45:00,depot-patiya,region-chattogram,OPEN,11000.0,PETROL,65000.0,65000
903,2026-01-10T09:45:00,depot-patiya,region-chattogram,OPEN,11000.0,OCTANE,40000.0,40000
904,2026-01-10T10:00:00,depot-gazipur,region-dhaka,OPEN,12000.0,DIESEL,90000.0,90000
904,2026-01-10T10:00:00,depot-gazipur,region-dhaka,OPEN,12000.0,PETROL,70000.0,70000
904,2026-01-10T10:00:00,depot-gazipur,region-dhaka,OPEN,12000.0,OCTANE,45000.0,45000
904,2026-01-10T10:00:00,depot-patiya,region-chattogram,OPEN,11000.0,DIESEL,85000.0,85000
904,2026-01-10T10:00:00,depot-patiya,region-chattogram,OPEN,11000.0,PETROL,65000.0,65000
904,2026-01-10T10:00:00,depot-patiya,region-chattogram,OPEN,11000.0,OCTANE,40000.0,40000
905,2026-01-10T10:15:00,depot-gazipur,region-dhaka,OPEN,12000.0,DIESEL,90000.0,90000
905,2026-01-10T10:15:00,depot-gazipur,region-dhaka,OPEN,12000.0,PETROL,70000.0,70000
905,2026-01-10T10:15:00,depot-gazipur,region-dhaka,OPEN,12000.0,OCTANE,45000.0,45000
905,2026-01-10T10:15:00,depot-patiya,region-chattogram,OPEN,11000.0,DIESEL,85000.0,85000
905,2026-01-10T10:15:00,depot-patiya,region-chattogram,OPEN,11000.0,PETROL,65000.0,65000
905,2026-01-10T10:15:00,depot-patiya,region-chattogram,OPEN,11000.0,OCTANE,40000.0,40000
906,2026-01-10T10:30:00,depot-gazipur,region-dhaka,OPEN,12000.0,DIESEL,90000.0,90000
906,2026-01-10T10:30:00,depot-gazipur,region-dhaka,OPEN,12000.0,PETROL,70000.0,70000
906,2026-01-10T10:30:00,depot-gazipur,region-dhaka,OPEN,12000.0,OCTANE,45000.0,45000
906,2026-01-10T10:30:00,depot-patiya,region-chattogram,OPEN,11000.0,DIESEL,85000.0,85000
906,2026-01-10T10:30:00,depot-patiya,region-chattogram,OPEN,11000.0,PETROL,65000.0,65000
906,2026-01-10T10:30:00,depot-patiya,region-chattogram,OPEN,11000.0,OCTANE,40000.0,40000
907,2026-01-10T10:45:00,depot-gazipur,region-dhaka,OPEN,12000.0,DIESEL,90000.0,90000
907,2026-01-10T10:45:00,depot-gazipur,region-dhaka,OPEN,12000.0,PETROL,70000.0,70000
907,2026-01-10T10:45:00,depot-gazipur,region-dhaka,OPEN,12000.0,OCTANE,45000.0,45000
907,2026-01-10T10:45:00,depot-patiya,region-chattogram,OPEN,11000.0,DIESEL,85000.0,85000
907,2026-01-10T10:45:00,depot-patiya,region-chattogram,OPEN,11000.0,PETROL,65000.0,65000
907,2026-01-10T10:45:00,depot-patiya,region-chattogram,OPEN,11000.0,OCTANE,40000.0,40000
908,2026-01-10T11:00:00,depot-gazipur,region-dhaka,OPEN,12000.0,DIESEL,90000.0,90000
908,2026-01-10T11:00:00,depot-gazipur,region-dhaka,OPEN,12000.0,PETROL,70000.0,70000
908,2026-01-10T11:00:00,depot-gazipur,region-dhaka,OPEN,12000.0,OCTANE,45000.0,45000
908,2026-01-10T11:00:00,depot-patiya,region-chattogram,OPEN,11000.0,DIESEL,85000.0,85000
908,2026-01-10T11:00:00,depot-patiya,region-chattogram,OPEN,11000.0,PETROL,65000.0,65000
908,2026-01-10T11:00:00,depot-patiya,region-chattogram,OPEN,11000.0,OCTANE,40000.0,40000
909,2026-01-10T11:15:00,depot-gazipur,region-dhaka,OPEN,12000.0,DIESEL,90000.0,90000
909,2026-01-10T11:15:00,depot-gazipur,region-dhaka,OPEN,12000.0,PETROL,70000.0,70000
909,2026-01-10T11:15:00,depot-gazipur,region-dhaka,OPEN,12000.0,OCTANE,45000.0,45000
909,2026-01-10T11:15:00,depot-patiya,region-chattogram,OPEN,11000.0,DIESEL,85000.0,85000
909,2026-01-10T11:15:00,depot-patiya,region-chattogram,OPEN,11000.0,PETROL,65000.0,65000
909,2026-01-10T11:15:00,depot-patiya,region-chattogram,OPEN,11000.0,OCTANE,40000.0,40000
910,2026-01-10T11:30:00,depot-gazipur,region-dhaka,OPEN,12000.0,DIESEL,90000.0,90000
910,2026-01-10T11:30:00,depot-gazipur,region-dhaka,OPEN,12000.0,PETROL,70000.0,70000
910,2026-01-10T11:30:00,depot-gazipur,region-dhaka,OPEN,12000.0,OCTANE,45000.0,45000
910,2026-01-10T11:30:00,depot-patiya,region-chattogram,OPEN,11000.0,DIESEL,85000.0,85000
910,2026-01-10T11:30:00,depot-patiya,region-chattogram,OPEN,11000.0,PETROL,65000.0,65000
910,2026-01-10T11:30:00,depot-patiya,region-chattogram,OPEN,11000.0,OCTANE,40000.0,40000
911,2026-01-10T11:45:00,depot-gazipur,region-dhaka,OPEN,12000.0,DIESEL,90000.0,90000
911,2026-01-10T11:45:00,depot-gazipur,region-dhaka,OPEN,12000.0,PETROL,70000.0,70000
911,2026-01-10T11:45:00,depot-gazipur,region-dhaka,OPEN,12000.0,OCTANE,45000.0,45000
911,2026-01-10T11:45:00,depot-patiya,region-chattogram,OPEN,11000.0,DIESEL,85000.0,85000
911,2026-01-10T11:45:00,depot-patiya,region-chattogram,OPEN,11000.0,PETROL,65000.0,65000
911,2026-01-10T11:45:00,depot-patiya,region-chattogram,OPEN,11000.0,OCTANE,40000.0,40000
912,2026-01-10T12:00:00,depot-gazipur,region-dhaka,OPEN,12000.0,DIESEL,90000.0,90000
912,2026-01-10T12:00:00,depot-gazipur,region-dhaka,OPEN,12000.0,PETROL,70000.0,70000
912,2026-01-10T12:00:00,depot-gazipur,region-dhaka,OPEN,12000.0,OCTANE,45000.0,45000
912,2026-01-10T12:00:00,depot-patiya,region-chattogram,OPEN,11000.0,DIESEL,85000.0,85000
912,2026-01-10T12:00:00,depot-patiya,region-chattogram,OPEN,11000.0,PETROL,65000.0,65000
912,2026-01-10T12:00:00,depot-patiya,region-chattogram,OPEN,11000.0,OCTANE,40000.0,40000
913,2026-01-10T12:15:00,depot-gazipur,region-dhaka,OPEN,12000.0,DIESEL,90000.0,90000
913,2026-01-10T12:15:00,depot-gazipur,region-dhaka,OPEN,12000.0,PETROL,70000.0,70000
913,2026-01-10T12:15:00,depot-gazipur,region-dhaka,OPEN,12000.0,OCTANE,45000.0,45000
913,2026-01-10T12:15:00,depot-patiya,region-chattogram,OPEN,11000.0,DIESEL,85000.0,85000
913,2026-01-10T12:15:00,depot-patiya,region-chattogram,OPEN,11000.0,PETROL,65000.0,65000
913,2026-01-10T12:15:00,depot-patiya,region-chattogram,OPEN,11000.0,OCTANE,40000.0,40000
914,2026-01-10T12:30:00,depot-gazipur,region-dhaka,OPEN,12000.0,DIESEL,90000.0,90000
914,2026-01-10T12:30:00,depot-gazipur,region-dhaka,OPEN,12000.0,PETROL,70000.0,70000
914,2026-01-10T12:30:00,depot-gazipur,region-dhaka,OPEN,12000.0,OCTANE,45000.0,45000
914,2026-01-10T12:30:00,depot-patiya,region-chattogram,OPEN,11000.0,DIESEL,85000.0,85000
914,2026-01-10T12:30:00,depot-patiya,region-chattogram,OPEN,11000.0,PETROL,65000.0,65000
914,2026-01-10T12:30:00,depot-patiya,region-chattogram,OPEN,11000.0,OCTANE,40000.0,40000
915,2026-01-10T12:45:00,depot-gazipur,region-dhaka,OPEN,12000.0,DIESEL,90000.0,90000
915,2026-01-10T12:45:00,depot-gazipur,region-dhaka,OPEN,12000.0,PETROL,70000.0,70000
915,2026-01-10T12:45:00,depot-gazipur,region-dhaka,OPEN,12000.0,OCTANE,45000.0,45000
915,2026-01-10T12:45:00,depot-patiya,region-chattogram,OPEN,11000.0,DIESEL,85000.0,85000
915,2026-01-10T12:45:00,depot-patiya,region-chattogram,OPEN,11000.0,PETROL,65000.0,65000
915,2026-01-10T12:45:00,depot-patiya,region-chattogram,OPEN,11000.0,OCTANE,40000.0,40000
916,2026-01-10T13:00:00,depot-gazipur,region-dhaka,OPEN,12000.0,DIESEL,90000.0,90000
916,2026-01-10T13:00:00,depot-gazipur,region-dhaka,OPEN,12000.0,PETROL,70000.0,70000
916,2026-01-10T13:00:00,depot-gazipur,region-dhaka,OPEN,12000.0,OCTANE,45000.0,45000
916,2026-01-10T13:00:00,depot-patiya,region-chattogram,OPEN,11000.0,DIESEL,85000.0,85000
916,2026-01-10T13:00:00,depot-patiya,region-chattogram,OPEN,11000.0,PETROL,65000.0,65000
916,2026-01-10T13:00:00,depot-patiya,region-chattogram,OPEN,11000.0,OCTANE,40000.0,40000
917,2026-01-10T13:15:00,depot-gazipur,region-dhaka,OPEN,12000.0,DIESEL,90000.0,90000
917,2026-01-10T13:15:00,depot-gazipur,region-dhaka,OPEN,12000.0,PETROL,70000.0,70000
917,2026-01-10T13:15:00,depot-gazipur,region-dhaka,OPEN,12000.0,OCTANE,45000.0,45000
917,2026-01-10T13:15:00,depot-patiya,region-chattogram,OPEN,11000.0,DIESEL,85000.0,85000
917,2026-01-10T13:15:00,depot-patiya,region-chattogram,OPEN,11000.0,PETROL,65000.0,65000
917,2026-01-10T13:15:00,depot-patiya,region-chattogram,OPEN,11000.0,OCTANE,40000.0,40000
918,2026-01-10T13:30:00,depot-gazipur,region-dhaka,OPEN,12000.0,DIESEL,90000.0,90000
918,2026-01-10T13:30:00,depot-gazipur,region-dhaka,OPEN,12000.0,PETROL,70000.0,70000
918,2026-01-10T13:30:00,depot-gazipur,region-dhaka,OPEN,12000.0,OCTANE,45000.0,45000
918,2026-01-10T13:30:00,depot-patiya,region-chattogram,OPEN,11000.0,DIESEL,85000.0,85000
918,2026-01-10T13:30:00,depot-patiya,region-chattogram,OPEN,11000.0,PETROL,65000.0,65000
918,2026-01-10T13:30:00,depot-patiya,region-chattogram,OPEN,11000.0,OCTANE,40000.0,40000
919,2026-01-10T13:45:00,depot-gazipur,region-dhaka,OPEN,12000.0,DIESEL,90000.0,90000
919,2026-01-10T13:45:00,depot-gazipur,region-dhaka,OPEN,12000.0,PETROL,70000.0,70000
919,2026-01-10T13:45:00,depot-gazipur,region-dhaka,OPEN,12000.0,OCTANE,45000.0,45000
919,2026-01-10T13:45:00,depot-patiya,region-chattogram,OPEN,11000.0,DIESEL,85000.0,85000
919,2026-01-10T13:45:00,depot-patiya,region-chattogram,OPEN,11000.0,PETROL,65000.0,65000
919,2026-01-10T13:45:00,depot-patiya,region-chattogram,OPEN,11000.0,OCTANE,40000.0,40000
920,2026-01-10T14:00:00,depot-gazipur,region-dhaka,OPEN,12000.0,DIESEL,90000.0,90000
920,2026-01-10T14:00:00,depot-gazipur,region-dhaka,OPEN,12000.0,PETROL,70000.0,70000
920,2026-01-10T14:00:00,depot-gazipur,region-dhaka,OPEN,12000.0,OCTANE,45000.0,45000
920,2026-01-10T14:00:00,depot-patiya,region-chattogram,OPEN,11000.0,DIESEL,85000.0,85000
920,2026-01-10T14:00:00,depot-patiya,region-chattogram,OPEN,11000.0,PETROL,65000.0,65000
920,2026-01-10T14:00:00,depot-patiya,region-chattogram,OPEN,11000.0,OCTANE,40000.0,40000
921,2026-01-10T14:15:00,depot-gazipur,region-dhaka,OPEN,12000.0,DIESEL,90000.0,90000
921,2026-01-10T14:15:00,depot-gazipur,region-dhaka,OPEN,12000.0,PETROL,70000.0,70000
921,2026-01-10T14:15:00,depot-gazipur,region-dhaka,OPEN,12000.0,OCTANE,45000.0,45000
921,2026-01-10T14:15:00,depot-patiya,region-chattogram,OPEN,11000.0,DIESEL,85000.0,85000
921,2026-01-10T14:15:00,depot-patiya,region-chattogram,OPEN,11000.0,PETROL,65000.0,65000
921,2026-01-10T14:15:00,depot-patiya,region-chattogram,OPEN,11000.0,OCTANE,40000.0,40000
922,2026-01-10T14:30:00,depot-gazipur,region-dhaka,OPEN,12000.0,DIESEL,90000.0,90000
922,2026-01-10T14:30:00,depot-gazipur,region-dhaka,OPEN,12000.0,PETROL,70000.0,70000
922,2026-01-10T14:30:00,depot-gazipur,region-dhaka,OPEN,12000.0,OCTANE,45000.0,45000
922,2026-01-10T14:30:00,depot-patiya,region-chattogram,OPEN,11000.0,DIESEL,85000.0,85000
922,2026-01-10T14:30:00,depot-patiya,region-chattogram,OPEN,11000.0,PETROL,65000.0,65000
922,2026-01-10T14:30:00,depot-patiya,region-chattogram,OPEN,11000.0,OCTANE,40000.0,40000
923,2026-01-10T14:45:00,depot-gazipur,region-dhaka,OPEN,12000.0,DIESEL,90000.0,90000
923,2026-01-10T14:45:00,depot-gazipur,region-dhaka,OPEN,12000.0,PETROL,70000.0,70000
923,2026-01-10T14:45:00,depot-gazipur,region-dhaka,OPEN,12000.0,OCTANE,45000.0,45000
923,2026-01-10T14:45:00,depot-patiya,region-chattogram,OPEN,11000.0,DIESEL,85000.0,85000
923,2026-01-10T14:45:00,depot-patiya,region-chattogram,OPEN,11000.0,PETROL,65000.0,65000
923,2026-01-10T14:45:00,depot-patiya,region-chattogram,OPEN,11000.0,OCTANE,40000.0,40000
924,2026-01-10T15:00:00,depot-gazipur,region-dhaka,OPEN,12000.0,DIESEL,90000.0,90000
924,2026-01-10T15:00:00,depot-gazipur,region-dhaka,OPEN,12000.0,PETROL,70000.0,70000
924,2026-01-10T15:00:00,depot-gazipur,region-dhaka,OPEN,12000.0,OCTANE,45000.0,45000
924,2026-01-10T15:00:00,depot-patiya,region-chattogram,OPEN,11000.0,DIESEL,85000.0,85000
924,2026-01-10T15:00:00,depot-patiya,region-chattogram,OPEN,11000.0,PETROL,65000.0,65000
924,2026-01-10T15:00:00,depot-patiya,region-chattogram,OPEN,11000.0,OCTANE,40000.0,40000
925,2026-01-10T15:15:00,depot-gazipur,region-dhaka,OPEN,12000.0,DIESEL,90000.0,90000
925,2026-01-10T15:15:00,depot-gazipur,region-dhaka,OPEN,12000.0,PETROL,70000.0,70000
925,2026-01-10T15:15:00,depot-gazipur,region-dhaka,OPEN,12000.0,OCTANE,45000.0,45000
925,2026-01-10T15:15:00,depot-patiya,region-chattogram,OPEN,11000.0,DIESEL,85000.0,85000
925,2026-01-10T15:15:00,depot-patiya,region-chattogram,OPEN,11000.0,PETROL,65000.0,65000
925,2026-01-10T15:15:00,depot-patiya,region-chattogram,OPEN,11000.0,OCTANE,40000.0,40000
926,2026-01-10T15:30:00,depot-gazipur,region-dhaka,OPEN,12000.0,DIESEL,90000.0,90000
926,2026-01-10T15:30:00,depot-gazipur,region-dhaka,OPEN,12000.0,PETROL,70000.0,70000
926,2026-01-10T15:30:00,depot-gazipur,region-dhaka,OPEN,12000.0,OCTANE,45000.0,45000
926,2026-01-10T15:30:00,depot-patiya,region-chattogram,OPEN,11000.0,DIESEL,85000.0,85000
926,2026-01-10T15:30:00,depot-patiya,region-chattogram,OPEN,11000.0,PETROL,65000.0,65000
926,2026-01-10T15:30:00,depot-patiya,region-chattogram,OPEN,11000.0,OCTANE,40000.0,40000
927,2026-01-10T15:45:00,depot-gazipur,region-dhaka,OPEN,12000.0,DIESEL,90000.0,90000
927,2026-01-10T15:45:00,depot-gazipur,region-dhaka,OPEN,12000.0,PETROL,70000.0,70000
927,2026-01-10T15:45:00,depot-gazipur,region-dhaka,OPEN,12000.0,OCTANE,45000.0,45000
927,2026-01-10T15:45:00,depot-patiya,region-chattogram,OPEN,11000.0,DIESEL,85000.0,85000
927,2026-01-10T15:45:00,depot-patiya,region-chattogram,OPEN,11000.0,PETROL,65000.0,65000
927,2026-01-10T15:45:00,depot-patiya,region-chattogram,OPEN,11000.0,OCTANE,40000.0,40000
928,2026-01-10T16:00:00,depot-gazipur,region-dhaka,OPEN,12000.0,DIESEL,90000.0,90000
928,2026-01-10T16:00:00,depot-gazipur,region-dhaka,OPEN,12000.0,PETROL,70000.0,70000
928,2026-01-10T16:00:00,depot-gazipur,region-dhaka,OPEN,12000.0,OCTANE,45000.0,45000
928,2026-01-10T16:00:00,depot-patiya,region-chattogram,OPEN,11000.0,DIESEL,85000.0,85000
928,2026-01-10T16:00:00,depot-patiya,region-chattogram,OPEN,11000.0,PETROL,65000.0,65000
928,2026-01-10T16:00:00,depot-patiya,region-chattogram,OPEN,11000.0,OCTANE,40000.0,40000
929,2026-01-10T16:15:00,depot-gazipur,region-dhaka,OPEN,12000.0,DIESEL,90000.0,90000
929,2026-01-10T16:15:00,depot-gazipur,region-dhaka,OPEN,12000.0,PETROL,70000.0,70000
929,2026-01-10T16:15:00,depot-gazipur,region-dhaka,OPEN,12000.0,OCTANE,45000.0,45000
929,2026-01-10T16:15:00,depot-patiya,region-chattogram,OPEN,11000.0,DIESEL,85000.0,85000
929,2026-01-10T16:15:00,depot-patiya,region-chattogram,OPEN,11000.0,PETROL,65000.0,65000
929,2026-01-10T16:15:00,depot-patiya,region-chattogram,OPEN,11000.0,OCTANE,40000.0,40000
930,2026-01-10T16:30:00,depot-gazipur,region-dhaka,OPEN,12000.0,DIESEL,90000.0,90000
930,2026-01-10T16:30:00,depot-gazipur,region-dhaka,OPEN,12000.0,PETROL,70000.0,70000
930,2026-01-10T16:30:00,depot-gazipur,region-dhaka,OPEN,12000.0,OCTANE,45000.0,45000
930,2026-01-10T16:30:00,depot-patiya,region-chattogram,OPEN,11000.0,DIESEL,85000.0,85000
930,2026-01-10T16:30:00,depot-patiya,region-chattogram,OPEN,11000.0,PETROL,65000.0,65000
930,2026-01-10T16:30:00,depot-patiya,region-chattogram,OPEN,11000.0,OCTANE,40000.0,40000
931,2026-01-10T16:45:00,depot-gazipur,region-dhaka,OPEN,12000.0,DIESEL,90000.0,90000
931,2026-01-10T16:45:00,depot-gazipur,region-dhaka,OPEN,12000.0,PETROL,70000.0,70000
931,2026-01-10T16:45:00,depot-gazipur,region-dhaka,OPEN,12000.0,OCTANE,45000.0,45000
931,2026-01-10T16:45:00,depot-patiya,region-chattogram,OPEN,11000.0,DIESEL,85000.0,85000
931,2026-01-10T16:45:00,depot-patiya,region-chattogram,OPEN,11000.0,PETROL,65000.0,65000
931,2026-01-10T16:45:00,depot-patiya,region-chattogram,OPEN,11000.0,OCTANE,40000.0,40000
932,2026-01-10T17:00:00,depot-gazipur,region-dhaka,OPEN,12000.0,DIESEL,90000.0,90000
932,2026-01-10T17:00:00,depot-gazipur,region-dhaka,OPEN,12000.0,PETROL,70000.0,70000
932,2026-01-10T17:00:00,depot-gazipur,region-dhaka,OPEN,12000.0,OCTANE,45000.0,45000
932,2026-01-10T17:00:00,depot-patiya,region-chattogram,OPEN,11000.0,DIESEL,85000.0,85000
932,2026-01-10T17:00:00,depot-patiya,region-chattogram,OPEN,11000.0,PETROL,65000.0,65000
932,2026-01-10T17:00:00,depot-patiya,region-chattogram,OPEN,11000.0,OCTANE,40000.0,40000
933,2026-01-10T17:15:00,depot-gazipur,region-dhaka,OPEN,12000.0,DIESEL,90000.0,90000
933,2026-01-10T17:15:00,depot-gazipur,region-dhaka,OPEN,12000.0,PETROL,70000.0,70000
933,2026-01-10T17:15:00,depot-gazipur,region-dhaka,OPEN,12000.0,OCTANE,45000.0,45000
933,2026-01-10T17:15:00,depot-patiya,region-chattogram,OPEN,11000.0,DIESEL,85000.0,85000
933,2026-01-10T17:15:00,depot-patiya,region-chattogram,OPEN,11000.0,PETROL,65000.0,65000
933,2026-01-10T17:15:00,depot-patiya,region-chattogram,OPEN,11000.0,OCTANE,40000.0,40000
934,2026-01-10T17:30:00,depot-gazipur,region-dhaka,OPEN,12000.0,DIESEL,90000.0,90000
934,2026-01-10T17:30:00,depot-gazipur,region-dhaka,OPEN,12000.0,PETROL,70000.0,70000
934,2026-01-10T17:30:00,depot-gazipur,region-dhaka,OPEN,12000.0,OCTANE,45000.0,45000
934,2026-01-10T17:30:00,depot-patiya,region-chattogram,OPEN,11000.0,DIESEL,85000.0,85000
934,2026-01-10T17:30:00,depot-patiya,region-chattogram,OPEN,11000.0,PETROL,65000.0,65000
934,2026-01-10T17:30:00,depot-patiya,region-chattogram,OPEN,11000.0,OCTANE,40000.0,40000
935,2026-01-10T17:45:00,depot-gazipur,region-dhaka,OPEN,12000.0,DIESEL,90000.0,90000
935,2026-01-10T17:45:00,depot-gazipur,region-dhaka,OPEN,12000.0,PETROL,70000.0,70000
935,2026-01-10T17:45:00,depot-gazipur,region-dhaka,OPEN,12000.0,OCTANE,45000.0,45000
935,2026-01-10T17:45:00,depot-patiya,region-chattogram,OPEN,11000.0,DIESEL,85000.0,85000
935,2026-01-10T17:45:00,depot-patiya,region-chattogram,OPEN,11000.0,PETROL,65000.0,65000
935,2026-01-10T17:45:00,depot-patiya,region-chattogram,OPEN,11000.0,OCTANE,40000.0,40000
936,2026-01-10T18:00:00,depot-gazipur,region-dhaka,OPEN,12000.0,DIESEL,90000.0,90000
936,2026-01-10T18:00:00,depot-gazipur,region-dhaka,OPEN,12000.0,PETROL,70000.0,70000
936,2026-01-10T18:00:00,depot-gazipur,region-dhaka,OPEN,12000.0,OCTANE,45000.0,45000
936,2026-01-10T18:00:00,depot-patiya,region-chattogram,OPEN,11000.0,DIESEL,85000.0,85000
936,2026-01-10T18:00:00,depot-patiya,region-chattogram,OPEN,11000.0,PETROL,65000.0,65000
936,2026-01-10T18:00:00,depot-patiya,region-chattogram,OPEN,11000.0,OCTANE,40000.0,40000
937,2026-01-10T18:15:00,depot-gazipur,region-dhaka,OPEN,12000.0,DIESEL,90000.0,90000
937,2026-01-10T18:15:00,depot-gazipur,region-dhaka,OPEN,12000.0,PETROL,70000.0,70000
937,2026-01-10T18:15:00,depot-gazipur,region-dhaka,OPEN,12000.0,OCTANE,45000.0,45000
937,2026-01-10T18:15:00,depot-patiya,region-chattogram,OPEN,11000.0,DIESEL,85000.0,85000
937,2026-01-10T18:15:00,depot-patiya,region-chattogram,OPEN,11000.0,PETROL,65000.0,65000
937,2026-01-10T18:15:00,depot-patiya,region-chattogram,OPEN,11000.0,OCTANE,40000.0,40000
938,2026-01-10T18:30:00,depot-gazipur,region-dhaka,OPEN,12000.0,DIESEL,90000.0,90000
938,2026-01-10T18:30:00,depot-gazipur,region-dhaka,OPEN,12000.0,PETROL,70000.0,70000
938,2026-01-10T18:30:00,depot-gazipur,region-dhaka,OPEN,12000.0,OCTANE,45000.0,45000
938,2026-01-10T18:30:00,depot-patiya,region-chattogram,OPEN,11000.0,DIESEL,85000.0,85000
938,2026-01-10T18:30:00,depot-patiya,region-chattogram,OPEN,11000.0,PETROL,65000.0,65000
938,2026-01-10T18:30:00,depot-patiya,region-chattogram,OPEN,11000.0,OCTANE,40000.0,40000
939,2026-01-10T18:45:00,depot-gazipur,region-dhaka,OPEN,12000.0,DIESEL,90000.0,90000
939,2026-01-10T18:45:00,depot-gazipur,region-dhaka,OPEN,12000.0,PETROL,70000.0,70000
939,2026-01-10T18:45:00,depot-gazipur,region-dhaka,OPEN,12000.0,OCTANE,45000.0,45000
939,2026-01-10T18:45:00,depot-patiya,region-chattogram,OPEN,11000.0,DIESEL,85000.0,85000
939,2026-01-10T18:45:00,depot-patiya,region-chattogram,OPEN,11000.0,PETROL,65000.0,65000
939,2026-01-10T18:45:00,depot-patiya,region-chattogram,OPEN,11000.0,OCTANE,40000.0,40000
940,2026-01-10T19:00:00,depot-gazipur,region-dhaka,OPEN,12000.0,DIESEL,90000.0,90000
940,2026-01-10T19:00:00,depot-gazipur,region-dhaka,OPEN,12000.0,PETROL,70000.0,70000
940,2026-01-10T19:00:00,depot-gazipur,region-dhaka,OPEN,12000.0,OCTANE,45000.0,45000
940,2026-01-10T19:00:00,depot-patiya,region-chattogram,OPEN,11000.0,DIESEL,85000.0,85000
940,2026-01-10T19:00:00,depot-patiya,region-chattogram,OPEN,11000.0,PETROL,65000.0,65000
940,2026-01-10T19:00:00,depot-patiya,region-chattogram,OPEN,11000.0,OCTANE,40000.0,40000
941,2026-01-10T19:15:00,depot-gazipur,region-dhaka,OPEN,12000.0,DIESEL,90000.0,90000
941,2026-01-10T19:15:00,depot-gazipur,region-dhaka,OPEN,12000.0,PETROL,70000.0,70000
941,2026-01-10T19:15:00,depot-gazipur,region-dhaka,OPEN,12000.0,OCTANE,45000.0,45000
941,2026-01-10T19:15:00,depot-patiya,region-chattogram,OPEN,11000.0,DIESEL,85000.0,85000
941,2026-01-10T19:15:00,depot-patiya,region-chattogram,OPEN,11000.0,PETROL,65000.0,65000
941,2026-01-10T19:15:00,depot-patiya,region-chattogram,OPEN,11000.0,OCTANE,40000.0,40000
942,2026-01-10T19:30:00,depot-gazipur,region-dhaka,OPEN,12000.0,DIESEL,90000.0,90000
942,2026-01-10T19:30:00,depot-gazipur,region-dhaka,OPEN,12000.0,PETROL,70000.0,70000
942,2026-01-10T19:30:00,depot-gazipur,region-dhaka,OPEN,12000.0,OCTANE,45000.0,45000
942,2026-01-10T19:30:00,depot-patiya,region-chattogram,OPEN,11000.0,DIESEL,85000.0,85000
942,2026-01-10T19:30:00,depot-patiya,region-chattogram,OPEN,11000.0,PETROL,65000.0,65000
942,2026-01-10T19:30:00,depot-patiya,region-chattogram,OPEN,11000.0,OCTANE,40000.0,40000
943,2026-01-10T19:45:00,depot-gazipur,region-dhaka,OPEN,12000.0,DIESEL,90000.0,90000
943,2026-01-10T19:45:00,depot-gazipur,region-dhaka,OPEN,12000.0,PETROL,70000.0,70000
943,2026-01-10T19:45:00,depot-gazipur,region-dhaka,OPEN,12000.0,OCTANE,45000.0,45000
943,2026-01-10T19:45:00,depot-patiya,region-chattogram,OPEN,11000.0,DIESEL,85000.0,85000
943,2026-01-10T19:45:00,depot-patiya,region-chattogram,OPEN,11000.0,PETROL,65000.0,65000
943,2026-01-10T19:45:00,depot-patiya,region-chattogram,OPEN,11000.0,OCTANE,40000.0,40000
944,2026-01-10T20:00:00,depot-gazipur,region-dhaka,OPEN,12000.0,DIESEL,90000.0,90000
944,2026-01-10T20:00:00,depot-gazipur,region-dhaka,OPEN,12000.0,PETROL,70000.0,70000
944,2026-01-10T20:00:00,depot-gazipur,region-dhaka,OPEN,12000.0,OCTANE,45000.0,45000
944,2026-01-10T20:00:00,depot-patiya,region-chattogram,OPEN,11000.0,DIESEL,85000.0,85000
944,2026-01-10T20:00:00,depot-patiya,region-chattogram,OPEN,11000.0,PETROL,65000.0,65000
944,2026-01-10T20:00:00,depot-patiya,region-chattogram,OPEN,11000.0,OCTANE,40000.0,40000
945,2026-01-10T20:15:00,depot-gazipur,region-dhaka,OPEN,12000.0,DIESEL,90000.0,90000
945,2026-01-10T20:15:00,depot-gazipur,region-dhaka,OPEN,12000.0,PETROL,70000.0,70000
945,2026-01-10T20:15:00,depot-gazipur,region-dhaka,OPEN,12000.0,OCTANE,45000.0,45000
945,2026-01-10T20:15:00,depot-patiya,region-chattogram,OPEN,11000.0,DIESEL,85000.0,85000
945,2026-01-10T20:15:00,depot-patiya,region-chattogram,OPEN,11000.0,PETROL,65000.0,65000
945,2026-01-10T20:15:00,depot-patiya,region-chattogram,OPEN,11000.0,OCTANE,40000.0,40000
946,2026-01-10T20:30:00,depot-gazipur,region-dhaka,OPEN,12000.0,DIESEL,90000.0,90000
946,2026-01-10T20:30:00,depot-gazipur,region-dhaka,OPEN,12000.0,PETROL,70000.0,70000
946,2026-01-10T20:30:00,depot-gazipur,region-dhaka,OPEN,12000.0,OCTANE,45000.0,45000
946,2026-01-10T20:30:00,depot-patiya,region-chattogram,OPEN,11000.0,DIESEL,85000.0,85000
946,2026-01-10T20:30:00,depot-patiya,region-chattogram,OPEN,11000.0,PETROL,65000.0,65000
946,2026-01-10T20:30:00,depot-patiya,region-chattogram,OPEN,11000.0,OCTANE,40000.0,40000
947,2026-01-10T20:45:00,depot-gazipur,region-dhaka,OPEN,12000.0,DIESEL,90000.0,90000
947,2026-01-10T20:45:00,depot-gazipur,region-dhaka,OPEN,12000.0,PETROL,70000.0,70000
947,2026-01-10T20:45:00,depot-gazipur,region-dhaka,OPEN,12000.0,OCTANE,45000.0,45000
947,2026-01-10T20:45:00,depot-patiya,region-chattogram,OPEN,11000.0,DIESEL,85000.0,85000
947,2026-01-10T20:45:00,depot-patiya,region-chattogram,OPEN,11000.0,PETROL,65000.0,65000
947,2026-01-10T20:45:00,depot-patiya,region-chattogram,OPEN,11000.0,OCTANE,40000.0,40000
948,2026-01-10T21:00:00,depot-gazipur,region-dhaka,OPEN,12000.0,DIESEL,90000.0,90000
948,2026-01-10T21:00:00,depot-gazipur,region-dhaka,OPEN,12000.0,PETROL,70000.0,70000
948,2026-01-10T21:00:00,depot-gazipur,region-dhaka,OPEN,12000.0,OCTANE,45000.0,45000
948,2026-01-10T21:00:00,depot-patiya,region-chattogram,OPEN,11000.0,DIESEL,85000.0,85000
948,2026-01-10T21:00:00,depot-patiya,region-chattogram,OPEN,11000.0,PETROL,65000.0,65000
948,2026-01-10T21:00:00,depot-patiya,region-chattogram,OPEN,11000.0,OCTANE,40000.0,40000
949,2026-01-10T21:15:00,depot-gazipur,region-dhaka,OPEN,12000.0,DIESEL,90000.0,90000
949,2026-01-10T21:15:00,depot-gazipur,region-dhaka,OPEN,12000.0,PETROL,70000.0,70000
949,2026-01-10T21:15:00,depot-gazipur,region-dhaka,OPEN,12000.0,OCTANE,45000.0,45000
949,2026-01-10T21:15:00,depot-patiya,region-chattogram,OPEN,11000.0,DIESEL,85000.0,85000
949,2026-01-10T21:15:00,depot-patiya,region-chattogram,OPEN,11000.0,PETROL,65000.0,65000
949,2026-01-10T21:15:00,depot-patiya,region-chattogram,OPEN,11000.0,OCTANE,40000.0,40000
950,2026-01-10T21:30:00,depot-gazipur,region-dhaka,OPEN,12000.0,DIESEL,90000.0,90000
950,2026-01-10T21:30:00,depot-gazipur,region-dhaka,OPEN,12000.0,PETROL,70000.0,70000
950,2026-01-10T21:30:00,depot-gazipur,region-dhaka,OPEN,12000.0,OCTANE,45000.0,45000
950,2026-01-10T21:30:00,depot-patiya,region-chattogram,OPEN,11000.0,DIESEL,85000.0,85000
950,2026-01-10T21:30:00,depot-patiya,region-chattogram,OPEN,11000.0,PETROL,65000.0,65000
950,2026-01-10T21:30:00,depot-patiya,region-chattogram,OPEN,11000.0,OCTANE,40000.0,40000
951,2026-01-10T21:45:00,depot-gazipur,region-dhaka,OPEN,12000.0,DIESEL,90000.0,90000
951,2026-01-10T21:45:00,depot-gazipur,region-dhaka,OPEN,12000.0,PETROL,70000.0,70000
951,2026-01-10T21:45:00,depot-gazipur,region-dhaka,OPEN,12000.0,OCTANE,45000.0,45000
951,2026-01-10T21:45:00,depot-patiya,region-chattogram,OPEN,11000.0,DIESEL,85000.0,85000
951,2026-01-10T21:45:00,depot-patiya,region-chattogram,OPEN,11000.0,PETROL,65000.0,65000
951,2026-01-10T21:45:00,depot-patiya,region-chattogram,OPEN,11000.0,OCTANE,40000.0,40000
952,2026-01-10T22:00:00,depot-gazipur,region-dhaka,OPEN,12000.0,DIESEL,90000.0,90000
952,2026-01-10T22:00:00,depot-gazipur,region-dhaka,OPEN,12000.0,PETROL,70000.0,70000
952,2026-01-10T22:00:00,depot-gazipur,region-dhaka,OPEN,12000.0,OCTANE,45000.0,45000
952,2026-01-10T22:00:00,depot-patiya,region-chattogram,OPEN,11000.0,DIESEL,85000.0,85000
952,2026-01-10T22:00:00,depot-patiya,region-chattogram,OPEN,11000.0,PETROL,65000.0,65000
952,2026-01-10T22:00:00,depot-patiya,region-chattogram,OPEN,11000.0,OCTANE,40000.0,40000
953,2026-01-10T22:15:00,depot-gazipur,region-dhaka,OPEN,12000.0,DIESEL,90000.0,90000
953,2026-01-10T22:15:00,depot-gazipur,region-dhaka,OPEN,12000.0,PETROL,70000.0,70000
953,2026-01-10T22:15:00,depot-gazipur,region-dhaka,OPEN,12000.0,OCTANE,45000.0,45000
953,2026-01-10T22:15:00,depot-patiya,region-chattogram,OPEN,11000.0,DIESEL,85000.0,85000
953,2026-01-10T22:15:00,depot-patiya,region-chattogram,OPEN,11000.0,PETROL,65000.0,65000
953,2026-01-10T22:15:00,depot-patiya,region-chattogram,OPEN,11000.0,OCTANE,40000.0,40000
954,2026-01-10T22:30:00,depot-gazipur,region-dhaka,OPEN,12000.0,DIESEL,90000.0,90000
954,2026-01-10T22:30:00,depot-gazipur,region-dhaka,OPEN,12000.0,PETROL,70000.0,70000
954,2026-01-10T22:30:00,depot-gazipur,region-dhaka,OPEN,12000.0,OCTANE,45000.0,45000
954,2026-01-10T22:30:00,depot-patiya,region-chattogram,OPEN,11000.0,DIESEL,85000.0,85000
954,2026-01-10T22:30:00,depot-patiya,region-chattogram,OPEN,11000.0,PETROL,65000.0,65000
954,2026-01-10T22:30:00,depot-patiya,region-chattogram,OPEN,11000.0,OCTANE,40000.0,40000
955,2026-01-10T22:45:00,depot-gazipur,region-dhaka,OPEN,12000.0,DIESEL,90000.0,90000
955,2026-01-10T22:45:00,depot-gazipur,region-dhaka,OPEN,12000.0,PETROL,70000.0,70000
955,2026-01-10T22:45:00,depot-gazipur,region-dhaka,OPEN,12000.0,OCTANE,45000.0,45000
955,2026-01-10T22:45:00,depot-patiya,region-chattogram,OPEN,11000.0,DIESEL,85000.0,85000
955,2026-01-10T22:45:00,depot-patiya,region-chattogram,OPEN,11000.0,PETROL,65000.0,65000
955,2026-01-10T22:45:00,depot-patiya,region-chattogram,OPEN,11000.0,OCTANE,40000.0,40000
956,2026-01-10T23:00:00,depot-gazipur,region-dhaka,OPEN,12000.0,DIESEL,90000.0,90000
956,2026-01-10T23:00:00,depot-gazipur,region-dhaka,OPEN,12000.0,PETROL,70000.0,70000
956,2026-01-10T23:00:00,depot-gazipur,region-dhaka,OPEN,12000.0,OCTANE,45000.0,45000
956,2026-01-10T23:00:00,depot-patiya,region-chattogram,OPEN,11000.0,DIESEL,85000.0,85000
956,2026-01-10T23:00:00,depot-patiya,region-chattogram,OPEN,11000.0,PETROL,65000.0,65000
956,2026-01-10T23:00:00,depot-patiya,region-chattogram,OPEN,11000.0,OCTANE,40000.0,40000
957,2026-01-10T23:15:00,depot-gazipur,region-dhaka,OPEN,12000.0,DIESEL,90000.0,90000
957,2026-01-10T23:15:00,depot-gazipur,region-dhaka,OPEN,12000.0,PETROL,70000.0,70000
957,2026-01-10T23:15:00,depot-gazipur,region-dhaka,OPEN,12000.0,OCTANE,45000.0,45000
957,2026-01-10T23:15:00,depot-patiya,region-chattogram,OPEN,11000.0,DIESEL,85000.0,85000
957,2026-01-10T23:15:00,depot-patiya,region-chattogram,OPEN,11000.0,PETROL,65000.0,65000
957,2026-01-10T23:15:00,depot-patiya,region-chattogram,OPEN,11000.0,OCTANE,40000.0,40000
958,2026-01-10T23:30:00,depot-gazipur,region-dhaka,OPEN,12000.0,DIESEL,90000.0,90000
958,2026-01-10T23:30:00,depot-gazipur,region-dhaka,OPEN,12000.0,PETROL,70000.0,70000
958,2026-01-10T23:30:00,depot-gazipur,region-dhaka,OPEN,12000.0,OCTANE,45000.0,45000
958,2026-01-10T23:30:00,depot-patiya,region-chattogram,OPEN,11000.0,DIESEL,85000.0,85000
958,2026-01-10T23:30:00,depot-patiya,region-chattogram,OPEN,11000.0,PETROL,65000.0,65000
958,2026-01-10T23:30:00,depot-patiya,region-chattogram,OPEN,11000.0,OCTANE,40000.0,40000
959,2026-01-10T23:45:00,depot-gazipur,region-dhaka,OPEN,12000.0,DIESEL,90000.0,90000
959,2026-01-10T23:45:00,depot-gazipur,region-dhaka,OPEN,12000.0,PETROL,70000.0,70000
959,2026-01-10T23:45:00,depot-gazipur,region-dhaka,OPEN,12000.0,OCTANE,45000.0,45000
959,2026-01-10T23:45:00,depot-patiya,region-chattogram,OPEN,11000.0,DIESEL,85000.0,85000
959,2026-01-10T23:45:00,depot-patiya,region-chattogram,OPEN,11000.0,PETROL,65000.0,65000
959,2026-01-10T23:45:00,depot-patiya,region-chattogram,OPEN,11000.0,OCTANE,40000.0,40000
960,2026-01-11T00:00:00,depot-gazipur,region-dhaka,OPEN,12000.0,DIESEL,90000.0,90000
960,2026-01-11T00:00:00,depot-gazipur,region-dhaka,OPEN,12000.0,PETROL,70000.0,70000
960,2026-01-11T00:00:00,depot-gazipur,region-dhaka,OPEN,12000.0,OCTANE,45000.0,45000
960,2026-01-11T00:00:00,depot-patiya,region-chattogram,OPEN,11000.0,DIESEL,85000.0,85000
960,2026-01-11T00:00:00,depot-patiya,region-chattogram,OPEN,11000.0,PETROL,65000.0,65000
960,2026-01-11T00:00:00,depot-patiya,region-chattogram,OPEN,11000.0,OCTANE,40000.0,40000
