tick,sim_time,id,source_depot_id,destination_station_id,transit_ticks,max_shipment,status
0,2026-01-01T00:00:00,route-gazipur-mirpur,depot-gazipur,station-mirpur,2,7000.0,AVAILABLE
0,2026-01-01T00:00:00,route-gazipur-tongi,depot-gazipur,station-tongi,2,6500.0,AVAILABLE
0,2026-01-01T00:00:00,route-patiya-karnaphuli,depot-patiya,station-karnaphuli,2,7000.0,AVAILABLE
0,2026-01-01T00:00:00,route-patiya-coxsbazar,depot-patiya,station-coxsbazar,3,6000.0,AVAILABLE
0,2026-01-01T00:00:00,route-gazipur-karnaphuli,depot-gazipur,station-karnaphuli,4,5000.0,AVAILABLE
0,2026-01-01T00:00:00,route-patiya-mirpur,depot-patiya,station-mirpur,4,5000.0,AVAILABLE
1,2026-01-01T00:15:00,route-gazipur-mirpur,depot-gazipur,station-mirpur,2,7000.0,AVAILABLE
1,2026-01-01T00:15:00,route-gazipur-tongi,depot-gazipur,station-tongi,2,6500.0,AVAILABLE
1,2026-01-01T00:15:00,route-patiya-karnaphuli,depot-patiya,station-karnaphuli,2,7000.0,AVAILABLE
1,2026-01-01T00:15:00,route-patiya-coxsbazar,depot-patiya,station-coxsbazar,3,6000.0,AVAILABLE
1,2026-01-01T00:15:00,route-gazipur-karnaphuli,depot-gazipur,station-karnaphuli,4,5000.0,AVAILABLE
1,2026-01-01T00:15:00,route-patiya-mirpur,depot-patiya,station-mirpur,4,5000.0,AVAILABLE
2,2026-01-01T00:30:00,route-gazipur-mirpur,depot-gazipur,station-mirpur,2,7000.0,AVAILABLE
2,2026-01-01T00:30:00,route-gazipur-tongi,depot-gazipur,station-tongi,2,6500.0,AVAILABLE
2,2026-01-01T00:30:00,route-patiya-karnaphuli,depot-patiya,station-karnaphuli,2,7000.0,AVAILABLE
2,2026-01-01T00:30:00,route-patiya-coxsbazar,depot-patiya,station-coxsbazar,3,6000.0,AVAILABLE
2,2026-01-01T00:30:00,route-gazipur-karnaphuli,depot-gazipur,station-karnaphuli,4,5000.0,AVAILABLE
2,2026-01-01T00:30:00,route-patiya-mirpur,depot-patiya,station-mirpur,4,5000.0,AVAILABLE
3,2026-01-01T00:45:00,route-gazipur-mirpur,depot-gazipur,station-mirpur,2,7000.0,AVAILABLE
3,2026-01-01T00:45:00,route-gazipur-tongi,depot-gazipur,station-tongi,2,6500.0,AVAILABLE
3,2026-01-01T00:45:00,route-patiya-karnaphuli,depot-patiya,station-karnaphuli,2,7000.0,AVAILABLE
3,2026-01-01T00:45:00,route-patiya-coxsbazar,depot-patiya,station-coxsbazar,3,6000.0,AVAILABLE
3,2026-01-01T00:45:00,route-gazipur-karnaphuli,depot-gazipur,station-karnaphuli,4,5000.0,AVAILABLE
3,2026-01-01T00:45:00,route-patiya-mirpur,depot-patiya,station-mirpur,4,5000.0,AVAILABLE
4,2026-01-01T01:00:00,route-gazipur-mirpur,depot-gazipur,station-mirpur,2,7000.0,AVAILABLE
4,2026-01-01T01:00:00,route-gazipur-tongi,depot-gazipur,station-tongi,2,6500.0,AVAILABLE
4,2026-01-01T01:00:00,route-patiya-karnaphuli,depot-patiya,station-karnaphuli,2,7000.0,AVAILABLE
4,2026-01-01T01:00:00,route-patiya-coxsbazar,depot-patiya,station-coxsbazar,3,6000.0,AVAILABLE
4,2026-01-01T01:00:00,route-gazipur-karnaphuli,depot-gazipur,station-karnaphuli,4,5000.0,AVAILABLE
4,2026-01-01T01:00:00,route-patiya-mirpur,depot-patiya,station-mirpur,4,5000.0,AVAILABLE
5,2026-01-01T01:15:00,route-gazipur-mirpur,depot-gazipur,station-mirpur,2,7000.0,AVAILABLE
5,2026-01-01T01:15:00,route-gazipur-tongi,depot-gazipur,station-tongi,2,6500.0,AVAILABLE
5,2026-01-01T01:15:00,route-patiya-karnaphuli,depot-patiya,station-karnaphuli,2,7000.0,AVAILABLE
5,2026-01-01T01:15:00,route-patiya-coxsbazar,depot-patiya,station-coxsbazar,3,6000.0,AVAILABLE
5,2026-01-01T01:15:00,route-gazipur-karnaphuli,depot-gazipur,station-karnaphuli,4,5000.0,AVAILABLE
5,2026-01-01T01:15:00,route-patiya-mirpur,depot-patiya,station-mirpur,4,5000.0,AVAILABLE
6,2026-01-01T01:30:00,route-gazipur-mirpur,depot-gazipur,station-mirpur,2,7000.0,AVAILABLE
6,2026-01-01T01:30:00,route-gazipur-tongi,depot-gazipur,station-tongi,2,6500.0,AVAILABLE
6,2026-01-01T01:30:00,route-patiya-karnaphuli,depot-patiya,station-karnaphuli,2,7000.0,AVAILABLE
6,2026-01-01T01:30:00,route-patiya-coxsbazar,depot-patiya,station-coxsbazar,3,6000.0,AVAILABLE
6,2026-01-01T01:30:00,route-gazipur-karnaphuli,depot-gazipur,station-karnaphuli,4,5000.0,AVAILABLE
6,2026-01-01T01:30:00,route-patiya-mirpur,depot-patiya,station-mirpur,4,5000.0,AVAILABLE
7,2026-01-01T01:45:00,route-gazipur-mirpur,depot-gazipur,station-mirpur,2,7000.0,AVAILABLE
7,2026-01-01T01:45:00,route-gazipur-tongi,depot-gazipur,station-tongi,2,6500.0,AVAILABLE
7,2026-01-01T01:45:00,route-patiya-karnaphuli,depot-patiya,station-karnaphuli,2,7000.0,AVAILABLE
7,2026-01-01T01:45:00,route-patiya-coxsbazar,depot-patiya,station-coxsbazar,3,6000.0,AVAILABLE
7,2026-01-01T01:45:00,route-gazipur-karnaphuli,depot-gazipur,station-karnaphuli,4,5000.0,AVAILABLE
7,2026-01-01T01:45:00,route-patiya-mirpur,depot-patiya,station-mirpur,4,5000.0,AVAILABLE
8,2026-01-01T02:00:00,route-gazipur-mirpur,depot-gazipur,station-mirpur,2,7000.0,AVAILABLE
8,2026-01-01T02:00:00,route-gazipur-tongi,depot-gazipur,station-tongi,2,6500.0,AVAILABLE
8,2026-01-01T02:00:00,route-patiya-karnaphuli,depot-patiya,station-karnaphuli,2,7000.0,AVAILABLE
8,2026-01-01T02:00:00,route-patiya-coxsbazar,depot-patiya,station-coxsbazar,3,6000.0,AVAILABLE
8,2026-01-01T02:00:00,route-gazipur-karnaphuli,depot-gazipur,station-karnaphuli,4,5000.0,AVAILABLE
8,2026-01-01T02:00:00,route-patiya-mirpur,depot-patiya,station-mirpur,4,5000.0,AVAILABLE
9,2026-01-01T02:15:00,route-gazipur-mirpur,depot-gazipur,station-mirpur,2,7000.0,AVAILABLE
9,2026-01-01T02:15:00,route-gazipur-tongi,depot-gazipur,station-tongi,2,6500.0,AVAILABLE
9,2026-01-01T02:15:00,route-patiya-karnaphuli,depot-patiya,station-karnaphuli,2,7000.0,AVAILABLE
9,2026-01-01T02:15:00,route-patiya-coxsbazar,depot-patiya,station-coxsbazar,3,6000.0,AVAILABLE
9,2026-01-01T02:15:00,route-gazipur-karnaphuli,depot-gazipur,station-karnaphuli,4,5000.0,AVAILABLE
9,2026-01-01T02:15:00,route-patiya-mirpur,depot-patiya,station-mirpur,4,5000.0,AVAILABLE
10,2026-01-01T02:30:00,route-gazipur-mirpur,depot-gazipur,station-mirpur,2,7000.0,AVAILABLE
10,2026-01-01T02:30:00,route-gazipur-tongi,depot-gazipur,station-tongi,2,6500.0,AVAILABLE
10,2026-01-01T02:30:00,route-patiya-karnaphuli,depot-patiya,station-karnaphuli,2,7000.0,AVAILABLE
10,2026-01-01T02:30:00,route-patiya-coxsbazar,depot-patiya,station-coxsbazar,3,6000.0,AVAILABLE
10,2026-01-01T02:30:00,route-gazipur-karnaphuli,depot-gazipur,station-karnaphuli,4,5000.0,AVAILABLE
10,2026-01-01T02:30:00,route-patiya-mirpur,depot-patiya,station-mirpur,4,5000.0,AVAILABLE
11,2026-01-01T02:45:00,route-gazipur-mirpur,depot-gazipur,station-mirpur,2,7000.0,AVAILABLE
11,2026-01-01T02:45:00,route-gazipur-tongi,depot-gazipur,station-tongi,2,6500.0,AVAILABLE
11,2026-01-01T02:45:00,route-patiya-karnaphuli,depot-patiya,station-karnaphuli,2,7000.0,AVAILABLE
11,2026-01-01T02:45:00,route-patiya-coxsbazar,depot-patiya,station-coxsbazar,3,6000.0,AVAILABLE
11,2026-01-01T02:45:00,route-gazipur-karnaphuli,depot-gazipur,station-karnaphuli,4,5000.0,AVAILABLE
11,2026-01-01T02:45:00,route-patiya-mirpur,depot-patiya,station-mirpur,4,5000.0,AVAILABLE
12,2026-01-01T03:00:00,route-gazipur-mirpur,depot-gazipur,station-mirpur,2,7000.0,AVAILABLE
12,2026-01-01T03:00:00,route-gazipur-tongi,depot-gazipur,station-tongi,2,6500.0,AVAILABLE
12,2026-01-01T03:00:00,route-patiya-karnaphuli,depot-patiya,station-karnaphuli,2,7000.0,AVAILABLE
12,2026-01-01T03:00:00,route-patiya-coxsbazar,depot-patiya,station-coxsbazar,3,6000.0,AVAILABLE
12,2026-01-01T03:00:00,route-gazipur-karnaphuli,depot-gazipur,station-karnaphuli,4,5000.0,AVAILABLE
12,2026-01-01T03:00:00,route-patiya-mirpur,depot-patiya,station-mirpur,4,5000.0,AVAILABLE
13,2026-01-01T03:15:00,route-gazipur-mirpur,depot-gazipur,station-mirpur,2,7000.0,AVAILABLE
13,2026-01-01T03:15:00,route-gazipur-tongi,depot-gazipur,station-tongi,2,6500.0,AVAILABLE
13,2026-01-01T03:15:00,route-patiya-karnaphuli,depot-patiya,station-karnaphuli,2,7000.0,AVAILABLE
13,2026-01-01T03:15:00,route-patiya-coxsbazar,depot-patiya,station-coxsbazar,3,6000.0,AVAILABLE
13,2026-01-01T03:15:00,route-gazipur-karnaphuli,depot-gazipur,station-karnaphuli,4,5000.0,AVAILABLE
13,2026-01-01T03:15:00,route-patiya-mirpur,depot-patiya,station-mirpur,4,5000.0,AVAILABLE
14,2026-01-01T03:30:00,route-gazipur-mirpur,depot-gazipur,station-mirpur,2,7000.0,AVAILABLE
14,2026-01-01T03:30:00,route-gazipur-tongi,depot-gazipur,station-tongi,2,6500.0,AVAILABLE
14,2026-01-01T03:30:00,route-patiya-karnaphuli,depot-patiya,station-karnaphuli,2,7000.0,AVAILABLE
14,2026-01-01T03:30:00,route-patiya-coxsbazar,depot-patiya,station-coxsbazar,3,6000.0,AVAILABLE
14,2026-01-01T03:30:00,route-gazipur-karnaphuli,depot-gazipur,station-karnaphuli,4,5000.0,AVAILABLE
14,2026-01-01T03:30:00,route-patiya-mirpur,depot-patiya,station-mirpur,4,5000.0,AVAILABLE
15,2026-01-01T03:45:00,route-gazipur-mirpur,depot-gazipur,station-mirpur,2,7000.0,AVAILABLE
15,2026-01-01T03:45:00,route-gazipur-tongi,depot-gazipur,station-tongi,2,6500.0,AVAILABLE
15,2026-01-01T03:45:00,route-patiya-karnaphuli,depot-patiya,station-karnaphuli,2,7000.0,AVAILABLE
15,2026-01-01T03:45:00,route-patiya-coxsbazar,depot-patiya,station-coxsbazar,3,6000.0,AVAILABLE
15,2026-01-01T03:45:00,route-gazipur-karnaphuli,depot-gazipur,station-karnaphuli,4,5000.0,AVAILABLE
15,2026-01-01T03:45:00,route-patiya-mirpur,depot-patiya,station-mirpur,4,5000.0,AVAILABLE
16,2026-01-01T04:00:00,route-gazipur-mirpur,depot-gazipur,station-mirpur,2,7000.0,AVAILABLE
16,2026-01-01T04:00:00,route-gazipur-tongi,depot-gazipur,station-tongi,2,6500.0,AVAILABLE
16,2026-01-01T04:00:00,route-patiya-karnaphuli,depot-patiya,station-karnaphuli,2,7000.0,AVAILABLE
16,2026-01-01T04:00:00,route-patiya-coxsbazar,depot-patiya,station-coxsbazar,3,6000.0,AVAILABLE
16,2026-01-01T04:00:00,route-gazipur-karnaphuli,depot-gazipur,station-karnaphuli,4,5000.0,AVAILABLE
16,2026-01-01T04:00:00,route-patiya-mirpur,depot-patiya,station-mirpur,4,5000.0,AVAILABLE
17,2026-01-01T04:15:00,route-gazipur-mirpur,depot-gazipur,station-mirpur,2,7000.0,AVAILABLE
17,2026-01-01T04:15:00,route-gazipur-tongi,depot-gazipur,station-tongi,2,6500.0,AVAILABLE
17,2026-01-01T04:15:00,route-patiya-karnaphuli,depot-patiya,station-karnaphuli,2,7000.0,AVAILABLE
17,2026-01-01T04:15:00,route-patiya-coxsbazar,depot-patiya,station-coxsbazar,3,6000.0,AVAILABLE
17,2026-01-01T04:15:00,route-gazipur-karnaphuli,depot-gazipur,station-karnaphuli,4,5000.0,AVAILABLE
17,2026-01-01T04:15:00,route-patiya-mirpur,depot-patiya,station-mirpur,4,5000.0,AVAILABLE
18,2026-01-01T04:30:00,route-gazipur-mirpur,depot-gazipur,station-mirpur,2,7000.0,AVAILABLE
18,2026-01-01T04:30:00,route-gazipur-tongi,depot-gazipur,station-tongi,2,6500.0,AVAILABLE
18,2026-01-01T04:30:00,route-patiya-karnaphuli,depot-patiya,station-karnaphuli,2,7000.0,AVAILABLE
18,2026-01-01T04:30:00,route-patiya-coxsbazar,depot-patiya,station-coxsbazar,3,6000.0,AVAILABLE
18,2026-01-01T04:30:00,route-gazipur-karnaphuli,depot-gazipur,station-karnaphuli,4,5000.0,AVAILABLE
18,2026-01-01T04:30:00,route-patiya-mirpur,depot-patiya,station-mirpur,4,5000.0,AVAILABLE
19,2026-01-01T04:45:00,route-gazipur-mirpur,depot-gazipur,station-mirpur,2,7000.0,AVAILABLE
19,2026-01-01T04:45:00,route-gazipur-tongi,depot-gazipur,station-tongi,2,6500.0,AVAILABLE
19,2026-01-01T04:45:00,route-patiya-karnaphuli,depot-patiya,station-karnaphuli,2,7000.0,AVAILABLE
19,2026-01-01T04:45:00,route-patiya-coxsbazar,depot-patiya,station-coxsbazar,3,6000.0,AVAILABLE
19,2026-01-01T04:45:00,route-gazipur-karnaphuli,depot-gazipur,station-karnaphuli,4,5000.0,AVAILABLE
19,2026-01-01T04:45:00,route-patiya-mirpur,depot-patiya,station-mirpur,4,5000.0,AVAILABLE
20,2026-01-01T05:00:00,route-gazipur-mirpur,depot-gazipur,station-mirpur,2,7000.0,AVAILABLE
20,2026-01-01T05:00:00,route-gazipur-tongi,depot-gazipur,station-tongi,2,6500.0,AVAILABLE
20,2026-01-01T05:00:00,route-patiya-karnaphuli,depot-patiya,station-karnaphuli,2,7000.0,AVAILABLE
20,2026-01-01T05:00:00,route-patiya-coxsbazar,depot-patiya,station-coxsbazar,3,6000.0,AVAILABLE
20,2026-01-01T05:00:00,route-gazipur-karnaphuli,depot-gazipur,station-karnaphuli,4,5000.0,AVAILABLE
20,2026-01-01T05:00:00,route-patiya-mirpur,depot-patiya,station-mirpur,4,5000.0,AVAILABLE
21,2026-01-01T05:15:00,route-gazipur-mirpur,depot-gazipur,station-mirpur,2,7000.0,AVAILABLE
21,2026-01-01T05:15:00,route-gazipur-tongi,depot-gazipur,station-tongi,2,6500.0,AVAILABLE
21,2026-01-01T05:15:00,route-patiya-karnaphuli,depot-patiya,station-karnaphuli,2,7000.0,AVAILABLE
21,2026-01-01T05:15:00,route-patiya-coxsbazar,depot-patiya,station-coxsbazar,3,6000.0,AVAILABLE
21,2026-01-01T05:15:00,route-gazipur-karnaphuli,depot-gazipur,station-karnaphuli,4,5000.0,AVAILABLE
21,2026-01-01T05:15:00,route-patiya-mirpur,depot-patiya,station-mirpur,4,5000.0,AVAILABLE
22,2026-01-01T05:30:00,route-gazipur-mirpur,depot-gazipur,station-mirpur,2,7000.0,AVAILABLE
22,2026-01-01T05:30:00,route-gazipur-tongi,depot-gazipur,station-tongi,2,6500.0,AVAILABLE
22,2026-01-01T05:30:00,route-patiya-karnaphuli,depot-patiya,station-karnaphuli,2,7000.0,AVAILABLE
22,2026-01-01T05:30:00,route-patiya-coxsbazar,depot-patiya,station-coxsbazar,3,6000.0,AVAILABLE
22,2026-01-01T05:30:00,route-gazipur-karnaphuli,depot-gazipur,station-karnaphuli,4,5000.0,AVAILABLE
22,2026-01-01T05:30:00,route-patiya-mirpur,depot-patiya,station-mirpur,4,5000.0,AVAILABLE
23,2026-01-01T05:45:00,route-gazipur-mirpur,depot-gazipur,station-mirpur,2,7000.0,AVAILABLE
23,2026-01-01T05:45:00,route-gazipur-tongi,depot-gazipur,station-tongi,2,6500.0,AVAILABLE
23,2026-01-01T05:45:00,route-patiya-karnaphuli,depot-patiya,station-karnaphuli,2,7000.0,AVAILABLE
23,2026-01-01T05:45:00,route-patiya-coxsbazar,depot-patiya,station-coxsbazar,3,6000.0,AVAILABLE
23,2026-01-01T05:45:00,route-gazipur-karnaphuli,depot-gazipur,station-karnaphuli,4,5000.0,AVAILABLE
23,2026-01-01T05:45:00,route-patiya-mirpur,depot-patiya,station-mirpur,4,5000.0,AVAILABLE
24,2026-01-01T06:00:00,route-gazipur-mirpur,depot-gazipur,station-mirpur,2,7000.0,AVAILABLE
24,2026-01-01T06:00:00,route-gazipur-tongi,depot-gazipur,station-tongi,2,6500.0,AVAILABLE
24,2026-01-01T06:00:00,route-patiya-karnaphuli,depot-patiya,station-karnaphuli,2,7000.0,AVAILABLE
24,2026-01-01T06:00:00,route-patiya-coxsbazar,depot-patiya,station-coxsbazar,3,6000.0,AVAILABLE
24,2026-01-01T06:00:00,route-gazipur-karnaphuli,depot-gazipur,station-karnaphuli,4,5000.0,AVAILABLE
24,2026-01-01T06:00:00,route-patiya-mirpur,depot-patiya,station-mirpur,4,5000.0,AVAILABLE
25,2026-01-01T06:15:00,route-gazipur-mirpur,depot-gazipur,station-mirpur,2,7000.0,AVAILABLE
25,2026-01-01T06:15:00,route-gazipur-tongi,depot-gazipur,station-tongi,2,6500.0,AVAILABLE
25,2026-01-01T06:15:00,route-patiya-karnaphuli,depot-patiya,station-karnaphuli,2,7000.0,AVAILABLE
25,2026-01-01T06:15:00,route-patiya-coxsbazar,depot-patiya,station-coxsbazar,3,6000.0,AVAILABLE
25,2026-01-01T06:15:00,route-gazipur-karnaphuli,depot-gazipur,station-karnaphuli,4,5000.0,AVAILABLE
25,2026-01-01T06:15:00,route-patiya-mirpur,depot-patiya,station-mirpur,4,5000.0,AVAILABLE
26,2026-01-01T06:30:00,route-gazipur-mirpur,depot-gazipur,station-mirpur,2,7000.0,AVAILABLE
26,2026-01-01T06:30:00,route-gazipur-tongi,depot-gazipur,station-tongi,2,6500.0,AVAILABLE
26,2026-01-01T06:30:00,route-patiya-karnaphuli,depot-patiya,station-karnaphuli,2,7000.0,AVAILABLE
26,2026-01-01T06:30:00,route-patiya-coxsbazar,depot-patiya,station-coxsbazar,3,6000.0,AVAILABLE
26,2026-01-01T06:30:00,route-gazipur-karnaphuli,depot-gazipur,station-karnaphuli,4,5000.0,AVAILABLE
26,2026-01-01T06:30:00,route-patiya-mirpur,depot-patiya,station-mirpur,4,5000.0,AVAILABLE
27,2026-01-01T06:45:00,route-gazipur-mirpur,depot-gazipur,station-mirpur,2,7000.0,AVAILABLE
27,2026-01-01T06:45:00,route-gazipur-tongi,depot-gazipur,station-tongi,2,6500.0,AVAILABLE
27,2026-01-01T06:45:00,route-patiya-karnaphuli,depot-patiya,station-karnaphuli,2,7000.0,AVAILABLE
27,2026-01-01T06:45:00,route-patiya-coxsbazar,depot-patiya,station-coxsbazar,3,6000.0,AVAILABLE
27,2026-01-01T06:45:00,route-gazipur-karnaphuli,depot-gazipur,station-karnaphuli,4,5000.0,AVAILABLE
27,2026-01-01T06:45:00,route-patiya-mirpur,depot-patiya,station-mirpur,4,5000.0,AVAILABLE
28,2026-01-01T07:00:00,route-gazipur-mirpur,depot-gazipur,station-mirpur,2,7000.0,AVAILABLE
28,2026-01-01T07:00:00,route-gazipur-tongi,depot-gazipur,station-tongi,2,6500.0,AVAILABLE
28,2026-01-01T07:00:00,route-patiya-karnaphuli,depot-patiya,station-karnaphuli,2,7000.0,AVAILABLE
28,2026-01-01T07:00:00,route-patiya-coxsbazar,depot-patiya,station-coxsbazar,3,6000.0,AVAILABLE
28,2026-01-01T07:00:00,route-gazipur-karnaphuli,depot-gazipur,station-karnaphuli,4,5000.0,AVAILABLE
28,2026-01-01T07:00:00,route-patiya-mirpur,depot-patiya,station-mirpur,4,5000.0,AVAILABLE
29,2026-01-01T07:15:00,route-gazipur-mirpur,depot-gazipur,station-mirpur,2,7000.0,AVAILABLE
29,2026-01-01T07:15:00,route-gazipur-tongi,depot-gazipur,station-tongi,2,6500.0,AVAILABLE
29,2026-01-01T07:15:00,route-patiya-karnaphuli,depot-patiya,station-karnaphuli,2,7000.0,AVAILABLE
29,2026-01-01T07:15:00,route-patiya-coxsbazar,depot-patiya,station-coxsbazar,3,6000.0,AVAILABLE
29,2026-01-01T07:15:00,route-gazipur-karnaphuli,depot-gazipur,station-karnaphuli,4,5000.0,AVAILABLE
29,2026-01-01T07:15:00,route-patiya-mirpur,depot-patiya,station-mirpur,4,5000.0,AVAILABLE
30,2026-01-01T07:30:00,route-gazipur-mirpur,depot-gazipur,station-mirpur,2,7000.0,AVAILABLE
30,2026-01-01T07:30:00,route-gazipur-tongi,depot-gazipur,station-tongi,2,6500.0,AVAILABLE
30,2026-01-01T07:30:00,route-patiya-karnaphuli,depot-patiya,station-karnaphuli,2,7000.0,AVAILABLE
30,2026-01-01T07:30:00,route-patiya-coxsbazar,depot-patiya,station-coxsbazar,3,6000.0,AVAILABLE
30,2026-01-01T07:30:00,route-gazipur-karnaphuli,depot-gazipur,station-karnaphuli,4,5000.0,AVAILABLE
30,2026-01-01T07:30:00,route-patiya-mirpur,depot-patiya,station-mirpur,4,5000.0,AVAILABLE
31,2026-01-01T07:45:00,route-gazipur-mirpur,depot-gazipur,station-mirpur,2,7000.0,AVAILABLE
31,2026-01-01T07:45:00,route-gazipur-tongi,depot-gazipur,station-tongi,2,6500.0,AVAILABLE
31,2026-01-01T07:45:00,route-patiya-karnaphuli,depot-patiya,station-karnaphuli,2,7000.0,AVAILABLE
31,2026-01-01T07:45:00,route-patiya-coxsbazar,depot-patiya,station-coxsbazar,3,6000.0,AVAILABLE
31,2026-01-01T07:45:00,route-gazipur-karnaphuli,depot-gazipur,station-karnaphuli,4,5000.0,AVAILABLE
31,2026-01-01T07:45:00,route-patiya-mirpur,depot-patiya,station-mirpur,4,5000.0,AVAILABLE
32,2026-01-01T08:00:00,route-gazipur-mirpur,depot-gazipur,station-mirpur,2,7000.0,AVAILABLE
32,2026-01-01T08:00:00,route-gazipur-tongi,depot-gazipur,station-tongi,2,6500.0,AVAILABLE
32,2026-01-01T08:00:00,route-patiya-karnaphuli,depot-patiya,station-karnaphuli,2,7000.0,AVAILABLE
32,2026-01-01T08:00:00,route-patiya-coxsbazar,depot-patiya,station-coxsbazar,3,6000.0,AVAILABLE
32,2026-01-01T08:00:00,route-gazipur-karnaphuli,depot-gazipur,station-karnaphuli,4,5000.0,AVAILABLE
32,2026-01-01T08:00:00,route-patiya-mirpur,depot-patiya,station-mirpur,4,5000.0,AVAILABLE
33,2026-01-01T08:15:00,route-gazipur-mirpur,depot-gazipur,station-mirpur,2,7000.0,AVAILABLE
33,2026-01-01T08:15:00,route-gazipur-tongi,depot-gazipur,station-tongi,2,6500.0,AVAILABLE
33,2026-01-01T08:15:00,route-patiya-karnaphuli,depot-patiya,station-karnaphuli,2,7000.0,AVAILABLE
33,2026-01-01T08:15:00,route-patiya-coxsbazar,depot-patiya,station-coxsbazar,3,6000.0,AVAILABLE
33,2026-01-01T08:15:00,route-gazipur-karnaphuli,depot-gazipur,station-karnaphuli,4,5000.0,AVAILABLE
33,2026-01-01T08:15:00,route-patiya-mirpur,depot-patiya,station-mirpur,4,5000.0,AVAILABLE
34,2026-01-01T08:30:00,route-gazipur-mirpur,depot-gazipur,station-mirpur,2,7000.0,AVAILABLE
34,2026-01-01T08:30:00,route-gazipur-tongi,depot-gazipur,station-tongi,2,6500.0,AVAILABLE
34,2026-01-01T08:30:00,route-patiya-karnaphuli,depot-patiya,station-karnaphuli,2,7000.0,AVAILABLE
34,2026-01-01T08:30:00,route-patiya-coxsbazar,depot-patiya,station-coxsbazar,3,6000.0,AVAILABLE
34,2026-01-01T08:30:00,route-gazipur-karnaphuli,depot-gazipur,station-karnaphuli,4,5000.0,AVAILABLE
34,2026-01-01T08:30:00,route-patiya-mirpur,depot-patiya,station-mirpur,4,5000.0,AVAILABLE
35,2026-01-01T08:45:00,route-gazipur-mirpur,depot-gazipur,station-mirpur,2,7000.0,AVAILABLE
35,2026-01-01T08:45:00,route-gazipur-tongi,depot-gazipur,station-tongi,2,6500.0,AVAILABLE
35,2026-01-01T08:45:00,route-patiya-karnaphuli,depot-patiya,station-karnaphuli,2,7000.0,AVAILABLE
35,2026-01-01T08:45:00,route-patiya-coxsbazar,depot-patiya,station-coxsbazar,3,6000.0,AVAILABLE
35,2026-01-01T08:45:00,route-gazipur-karnaphuli,depot-gazipur,station-karnaphuli,4,5000.0,AVAILABLE
35,2026-01-01T08:45:00,route-patiya-mirpur,depot-patiya,station-mirpur,4,5000.0,AVAILABLE
36,2026-01-01T09:00:00,route-gazipur-mirpur,depot-gazipur,station-mirpur,2,7000.0,AVAILABLE
36,2026-01-01T09:00:00,route-gazipur-tongi,depot-gazipur,station-tongi,2,6500.0,AVAILABLE
36,2026-01-01T09:00:00,route-patiya-karnaphuli,depot-patiya,station-karnaphuli,2,7000.0,AVAILABLE
36,2026-01-01T09:00:00,route-patiya-coxsbazar,depot-patiya,station-coxsbazar,3,6000.0,AVAILABLE
36,2026-01-01T09:00:00,route-gazipur-karnaphuli,depot-gazipur,station-karnaphuli,4,5000.0,AVAILABLE
36,2026-01-01T09:00:00,route-patiya-mirpur,depot-patiya,station-mirpur,4,5000.0,AVAILABLE
37,2026-01-01T09:15:00,route-gazipur-mirpur,depot-gazipur,station-mirpur,2,7000.0,AVAILABLE
37,2026-01-01T09:15:00,route-gazipur-tongi,depot-gazipur,station-tongi,2,6500.0,AVAILABLE
37,2026-01-01T09:15:00,route-patiya-karnaphuli,depot-patiya,station-karnaphuli,2,7000.0,AVAILABLE
37,2026-01-01T09:15:00,route-patiya-coxsbazar,depot-patiya,station-coxsbazar,3,6000.0,AVAILABLE
37,2026-01-01T09:15:00,route-gazipur-karnaphuli,depot-gazipur,station-karnaphuli,4,5000.0,AVAILABLE
37,2026-01-01T09:15:00,route-patiya-mirpur,depot-patiya,station-mirpur,4,5000.0,AVAILABLE
38,2026-01-01T09:30:00,route-gazipur-mirpur,depot-gazipur,station-mirpur,2,7000.0,AVAILABLE
38,2026-01-01T09:30:00,route-gazipur-tongi,depot-gazipur,station-tongi,2,6500.0,AVAILABLE
38,2026-01-01T09:30:00,route-patiya-karnaphuli,depot-patiya,station-karnaphuli,2,7000.0,AVAILABLE
38,2026-01-01T09:30:00,route-patiya-coxsbazar,depot-patiya,station-coxsbazar,3,6000.0,AVAILABLE
38,2026-01-01T09:30:00,route-gazipur-karnaphuli,depot-gazipur,station-karnaphuli,4,5000.0,AVAILABLE
38,2026-01-01T09:30:00,route-patiya-mirpur,depot-patiya,station-mirpur,4,5000.0,AVAILABLE
39,2026-01-01T09:45:00,route-gazipur-mirpur,depot-gazipur,station-mirpur,2,7000.0,AVAILABLE
39,2026-01-01T09:45:00,route-gazipur-tongi,depot-gazipur,station-tongi,2,6500.0,AVAILABLE
39,2026-01-01T09:45:00,route-patiya-karnaphuli,depot-patiya,station-karnaphuli,2,7000.0,AVAILABLE
39,2026-01-01T09:45:00,route-patiya-coxsbazar,depot-patiya,station-coxsbazar,3,6000.0,AVAILABLE
39,2026-01-01T09:45:00,route-gazipur-karnaphuli,depot-gazipur,station-karnaphuli,4,5000.0,AVAILABLE
39,2026-01-01T09:45:00,route-patiya-mirpur,depot-patiya,station-mirpur,4,5000.0,AVAILABLE
40,2026-01-01T10:00:00,route-gazipur-mirpur,depot-gazipur,station-mirpur,2,7000.0,AVAILABLE
40,2026-01-01T10:00:00,route-gazipur-tongi,depot-gazipur,station-tongi,2,6500.0,AVAILABLE
40,2026-01-01T10:00:00,route-patiya-karnaphuli,depot-patiya,station-karnaphuli,2,7000.0,AVAILABLE
40,2026-01-01T10:00:00,route-patiya-coxsbazar,depot-patiya,station-coxsbazar,3,6000.0,AVAILABLE
40,2026-01-01T10:00:00,route-gazipur-karnaphuli,depot-gazipur,station-karnaphuli,4,5000.0,AVAILABLE
40,2026-01-01T10:00:00,route-patiya-mirpur,depot-patiya,station-mirpur,4,5000.0,AVAILABLE
41,2026-01-01T10:15:00,route-gazipur-mirpur,depot-gazipur,station-mirpur,2,7000.0,AVAILABLE
41,2026-01-01T10:15:00,route-gazipur-tongi,depot-gazipur,station-tongi,2,6500.0,AVAILABLE
41,2026-01-01T10:15:00,route-patiya-karnaphuli,depot-patiya,station-karnaphuli,2,7000.0,AVAILABLE
41,2026-01-01T10:15:00,route-patiya-coxsbazar,depot-patiya,station-coxsbazar,3,6000.0,AVAILABLE
41,2026-01-01T10:15:00,route-gazipur-karnaphuli,depot-gazipur,station-karnaphuli,4,5000.0,AVAILABLE
41,2026-01-01T10:15:00,route-patiya-mirpur,depot-patiya,station-mirpur,4,5000.0,AVAILABLE
42,2026-01-01T10:30:00,route-gazipur-mirpur,depot-gazipur,station-mirpur,2,7000.0,AVAILABLE
42,2026-01-01T10:30:00,route-gazipur-tongi,depot-gazipur,station-tongi,2,6500.0,AVAILABLE
42,2026-01-01T10:30:00,route-patiya-karnaphuli,depot-patiya,station-karnaphuli,2,7000.0,AVAILABLE
42,2026-01-01T10:30:00,route-patiya-coxsbazar,depot-patiya,station-coxsbazar,3,6000.0,AVAILABLE
42,2026-01-01T10:30:00,route-gazipur-karnaphuli,depot-gazipur,station-karnaphuli,4,5000.0,AVAILABLE
42,2026-01-01T10:30:00,route-patiya-mirpur,depot-patiya,station-mirpur,4,5000.0,AVAILABLE
43,2026-01-01T10:45:00,route-gazipur-mirpur,depot-gazipur,station-mirpur,2,7000.0,AVAILABLE
43,2026-01-01T10:45:00,route-gazipur-tongi,depot-gazipur,station-tongi,2,6500.0,AVAILABLE
43,2026-01-01T10:45:00,route-patiya-karnaphuli,depot-patiya,station-karnaphuli,2,7000.0,AVAILABLE
43,2026-01-01T10:45:00,route-patiya-coxsbazar,depot-patiya,station-coxsbazar,3,6000.0,AVAILABLE
43,2026-01-01T10:45:00,route-gazipur-karnaphuli,depot-gazipur,station-karnaphuli,4,5000.0,AVAILABLE
43,2026-01-01T10:45:00,route-patiya-mirpur,depot-patiya,station-mirpur,4,5000.0,AVAILABLE
44,2026-01-01T11:00:00,route-gazipur-mirpur,depot-gazipur,station-mirpur,2,7000.0,AVAILABLE
44,2026-01-01T11:00:00,route-gazipur-tongi,depot-gazipur,station-tongi,2,6500.0,AVAILABLE
44,2026-01-01T11:00:00,route-patiya-karnaphuli,depot-patiya,station-karnaphuli,2,7000.0,AVAILABLE
44,2026-01-01T11:00:00,route-patiya-coxsbazar,depot-patiya,station-coxsbazar,3,6000.0,AVAILABLE
44,2026-01-01T11:00:00,route-gazipur-karnaphuli,depot-gazipur,station-karnaphuli,4,5000.0,AVAILABLE
44,2026-01-01T11:00:00,route-patiya-mirpur,depot-patiya,station-mirpur,4,5000.0,AVAILABLE
45,2026-01-01T11:15:00,route-gazipur-mirpur,depot-gazipur,station-mirpur,2,7000.0,AVAILABLE
45,2026-01-01T11:15:00,route-gazipur-tongi,depot-gazipur,station-tongi,2,6500.0,AVAILABLE
45,2026-01-01T11:15:00,route-patiya-karnaphuli,depot-patiya,station-karnaphuli,2,7000.0,AVAILABLE
45,2026-01-01T11:15:00,route-patiya-coxsbazar,depot-patiya,station-coxsbazar,3,6000.0,AVAILABLE
45,2026-01-01T11:15:00,route-gazipur-karnaphuli,depot-gazipur,station-karnaphuli,4,5000.0,AVAILABLE
45,2026-01-01T11:15:00,route-patiya-mirpur,depot-patiya,station-mirpur,4,5000.0,AVAILABLE
46,2026-01-01T11:30:00,route-gazipur-mirpur,depot-gazipur,station-mirpur,2,7000.0,AVAILABLE
46,2026-01-01T11:30:00,route-gazipur-tongi,depot-gazipur,station-tongi,2,6500.0,AVAILABLE
46,2026-01-01T11:30:00,route-patiya-karnaphuli,depot-patiya,station-karnaphuli,2,7000.0,AVAILABLE
46,2026-01-01T11:30:00,route-patiya-coxsbazar,depot-patiya,station-coxsbazar,3,6000.0,AVAILABLE
46,2026-01-01T11:30:00,route-gazipur-karnaphuli,depot-gazipur,station-karnaphuli,4,5000.0,AVAILABLE
46,2026-01-01T11:30:00,route-patiya-mirpur,depot-patiya,station-mirpur,4,5000.0,AVAILABLE
47,2026-01-01T11:45:00,route-gazipur-mirpur,depot-gazipur,station-mirpur,2,7000.0,AVAILABLE
47,2026-01-01T11:45:00,route-gazipur-tongi,depot-gazipur,station-tongi,2,6500.0,AVAILABLE
47,2026-01-01T11:45:00,route-patiya-karnaphuli,depot-patiya,station-karnaphuli,2,7000.0,AVAILABLE
47,2026-01-01T11:45:00,route-patiya-coxsbazar,depot-patiya,station-coxsbazar,3,6000.0,AVAILABLE
47,2026-01-01T11:45:00,route-gazipur-karnaphuli,depot-gazipur,station-karnaphuli,4,5000.0,AVAILABLE
47,2026-01-01T11:45:00,route-patiya-mirpur,depot-patiya,station-mirpur,4,5000.0,AVAILABLE
48,2026-01-01T12:00:00,route-gazipur-mirpur,depot-gazipur,station-mirpur,2,7000.0,AVAILABLE
48,2026-01-01T12:00:00,route-gazipur-tongi,depot-gazipur,station-tongi,2,6500.0,AVAILABLE
48,2026-01-01T12:00:00,route-patiya-karnaphuli,depot-patiya,station-karnaphuli,2,7000.0,AVAILABLE
48,2026-01-01T12:00:00,route-patiya-coxsbazar,depot-patiya,station-coxsbazar,3,6000.0,AVAILABLE
48,2026-01-01T12:00:00,route-gazipur-karnaphuli,depot-gazipur,station-karnaphuli,4,5000.0,AVAILABLE
48,2026-01-01T12:00:00,route-patiya-mirpur,depot-patiya,station-mirpur,4,5000.0,AVAILABLE
49,2026-01-01T12:15:00,route-gazipur-mirpur,depot-gazipur,station-mirpur,2,7000.0,AVAILABLE
49,2026-01-01T12:15:00,route-gazipur-tongi,depot-gazipur,station-tongi,2,6500.0,AVAILABLE
49,2026-01-01T12:15:00,route-patiya-karnaphuli,depot-patiya,station-karnaphuli,2,7000.0,AVAILABLE
49,2026-01-01T12:15:00,route-patiya-coxsbazar,depot-patiya,station-coxsbazar,3,6000.0,AVAILABLE
49,2026-01-01T12:15:00,route-gazipur-karnaphuli,depot-gazipur,station-karnaphuli,4,5000.0,AVAILABLE
49,2026-01-01T12:15:00,route-patiya-mirpur,depot-patiya,station-mirpur,4,5000.0,AVAILABLE
50,2026-01-01T12:30:00,route-gazipur-mirpur,depot-gazipur,station-mirpur,2,7000.0,AVAILABLE
50,2026-01-01T12:30:00,route-gazipur-tongi,depot-gazipur,station-tongi,2,6500.0,AVAILABLE
50,2026-01-01T12:30:00,route-patiya-karnaphuli,depot-patiya,station-karnaphuli,2,7000.0,AVAILABLE
50,2026-01-01T12:30:00,route-patiya-coxsbazar,depot-patiya,station-coxsbazar,3,6000.0,AVAILABLE
50,2026-01-01T12:30:00,route-gazipur-karnaphuli,depot-gazipur,station-karnaphuli,4,5000.0,AVAILABLE
50,2026-01-01T12:30:00,route-patiya-mirpur,depot-patiya,station-mirpur,4,5000.0,AVAILABLE
51,2026-01-01T12:45:00,route-gazipur-mirpur,depot-gazipur,station-mirpur,2,7000.0,AVAILABLE
51,2026-01-01T12:45:00,route-gazipur-tongi,depot-gazipur,station-tongi,2,6500.0,AVAILABLE
51,2026-01-01T12:45:00,route-patiya-karnaphuli,depot-patiya,station-karnaphuli,2,7000.0,AVAILABLE
51,2026-01-01T12:45:00,route-patiya-coxsbazar,depot-patiya,station-coxsbazar,3,6000.0,AVAILABLE
51,2026-01-01T12:45:00,route-gazipur-karnaphuli,depot-gazipur,station-karnaphuli,4,5000.0,AVAILABLE
51,2026-01-01T12:45:00,route-patiya-mirpur,depot-patiya,station-mirpur,4,5000.0,AVAILABLE
52,2026-01-01T13:00:00,route-gazipur-mirpur,depot-gazipur,station-mirpur,2,7000.0,AVAILABLE
52,2026-01-01T13:00:00,route-gazipur-tongi,depot-gazipur,station-tongi,2,6500.0,AVAILABLE
52,2026-01-01T13:00:00,route-patiya-karnaphuli,depot-patiya,station-karnaphuli,2,7000.0,AVAILABLE
52,2026-01-01T13:00:00,route-patiya-coxsbazar,depot-patiya,station-coxsbazar,3,6000.0,AVAILABLE
52,2026-01-01T13:00:00,route-gazipur-karnaphuli,depot-gazipur,station-karnaphuli,4,5000.0,AVAILABLE
52,2026-01-01T13:00:00,route-patiya-mirpur,depot-patiya,station-mirpur,4,5000.0,AVAILABLE
53,2026-01-01T13:15:00,route-gazipur-mirpur,depot-gazipur,station-mirpur,2,7000.0,AVAILABLE
53,2026-01-01T13:15:00,route-gazipur-tongi,depot-gazipur,station-tongi,2,6500.0,AVAILABLE
53,2026-01-01T13:15:00,route-patiya-karnaphuli,depot-patiya,station-karnaphuli,2,7000.0,AVAILABLE
53,2026-01-01T13:15:00,route-patiya-coxsbazar,depot-patiya,station-coxsbazar,3,6000.0,AVAILABLE
53,2026-01-01T13:15:00,route-gazipur-karnaphuli,depot-gazipur,station-karnaphuli,4,5000.0,AVAILABLE
53,2026-01-01T13:15:00,route-patiya-mirpur,depot-patiya,station-mirpur,4,5000.0,AVAILABLE
54,2026-01-01T13:30:00,route-gazipur-mirpur,depot-gazipur,station-mirpur,2,7000.0,AVAILABLE
54,2026-01-01T13:30:00,route-gazipur-tongi,depot-gazipur,station-tongi,2,6500.0,AVAILABLE
54,2026-01-01T13:30:00,route-patiya-karnaphuli,depot-patiya,station-karnaphuli,2,7000.0,AVAILABLE
54,2026-01-01T13:30:00,route-patiya-coxsbazar,depot-patiya,station-coxsbazar,3,6000.0,AVAILABLE
54,2026-01-01T13:30:00,route-gazipur-karnaphuli,depot-gazipur,station-karnaphuli,4,5000.0,AVAILABLE
54,2026-01-01T13:30:00,route-patiya-mirpur,depot-patiya,station-mirpur,4,5000.0,AVAILABLE
55,2026-01-01T13:45:00,route-gazipur-mirpur,depot-gazipur,station-mirpur,2,7000.0,AVAILABLE
55,2026-01-01T13:45:00,route-gazipur-tongi,depot-gazipur,station-tongi,2,6500.0,AVAILABLE
55,2026-01-01T13:45:00,route-patiya-karnaphuli,depot-patiya,station-karnaphuli,2,7000.0,AVAILABLE
55,2026-01-01T13:45:00,route-patiya-coxsbazar,depot-patiya,station-coxsbazar,3,6000.0,AVAILABLE
55,2026-01-01T13:45:00,route-gazipur-karnaphuli,depot-gazipur,station-karnaphuli,4,5000.0,AVAILABLE
55,2026-01-01T13:45:00,route-patiya-mirpur,depot-patiya,station-mirpur,4,5000.0,AVAILABLE
56,2026-01-01T14:00:00,route-gazipur-mirpur,depot-gazipur,station-mirpur,2,7000.0,AVAILABLE
56,2026-01-01T14:00:00,route-gazipur-tongi,depot-gazipur,station-tongi,2,6500.0,AVAILABLE
56,2026-01-01T14:00:00,route-patiya-karnaphuli,depot-patiya,station-karnaphuli,2,7000.0,AVAILABLE
56,2026-01-01T14:00:00,route-patiya-coxsbazar,depot-patiya,station-coxsbazar,3,6000.0,AVAILABLE
56,2026-01-01T14:00:00,route-gazipur-karnaphuli,depot-gazipur,station-karnaphuli,4,5000.0,AVAILABLE
56,2026-01-01T14:00:00,route-patiya-mirpur,depot-patiya,station-mirpur,4,5000.0,AVAILABLE
57,2026-01-01T14:15:00,route-gazipur-mirpur,depot-gazipur,station-mirpur,2,7000.0,AVAILABLE
57,2026-01-01T14:15:00,route-gazipur-tongi,depot-gazipur,station-tongi,2,6500.0,AVAILABLE
57,2026-01-01T14:15:00,route-patiya-karnaphuli,depot-patiya,station-karnaphuli,2,7000.0,AVAILABLE
57,2026-01-01T14:15:00,route-patiya-coxsbazar,depot-patiya,station-coxsbazar,3,6000.0,AVAILABLE
57,2026-01-01T14:15:00,route-gazipur-karnaphuli,depot-gazipur,station-karnaphuli,4,5000.0,AVAILABLE
57,2026-01-01T14:15:00,route-patiya-mirpur,depot-patiya,station-mirpur,4,5000.0,AVAILABLE
58,2026-01-01T14:30:00,route-gazipur-mirpur,depot-gazipur,station-mirpur,2,7000.0,AVAILABLE
58,2026-01-01T14:30:00,route-gazipur-tongi,depot-gazipur,station-tongi,2,6500.0,AVAILABLE
58,2026-01-01T14:30:00,route-patiya-karnaphuli,depot-patiya,station-karnaphuli,2,7000.0,AVAILABLE
58,2026-01-01T14:30:00,route-patiya-coxsbazar,depot-patiya,station-coxsbazar,3,6000.0,AVAILABLE
58,2026-01-01T14:30:00,route-gazipur-karnaphuli,depot-gazipur,station-karnaphuli,4,5000.0,AVAILABLE
58,2026-01-01T14:30:00,route-patiya-mirpur,depot-patiya,station-mirpur,4,5000.0,AVAILABLE
59,2026-01-01T14:45:00,route-gazipur-mirpur,depot-gazipur,station-mirpur,2,7000.0,AVAILABLE
59,2026-01-01T14:45:00,route-gazipur-tongi,depot-gazipur,station-tongi,2,6500.0,AVAILABLE
59,2026-01-01T14:45:00,route-patiya-karnaphuli,depot-patiya,station-karnaphuli,2,7000.0,AVAILABLE
59,2026-01-01T14:45:00,route-patiya-coxsbazar,depot-patiya,station-coxsbazar,3,6000.0,AVAILABLE
59,2026-01-01T14:45:00,route-gazipur-karnaphuli,depot-gazipur,station-karnaphuli,4,5000.0,AVAILABLE
59,2026-01-01T14:45:00,route-patiya-mirpur,depot-patiya,station-mirpur,4,5000.0,AVAILABLE
60,2026-01-01T15:00:00,route-gazipur-mirpur,depot-gazipur,station-mirpur,2,7000.0,AVAILABLE
60,2026-01-01T15:00:00,route-gazipur-tongi,depot-gazipur,station-tongi,2,6500.0,AVAILABLE
60,2026-01-01T15:00:00,route-patiya-karnaphuli,depot-patiya,station-karnaphuli,2,7000.0,AVAILABLE
60,2026-01-01T15:00:00,route-patiya-coxsbazar,depot-patiya,station-coxsbazar,3,6000.0,AVAILABLE
60,2026-01-01T15:00:00,route-gazipur-karnaphuli,depot-gazipur,station-karnaphuli,4,5000.0,AVAILABLE
60,2026-01-01T15:00:00,route-patiya-mirpur,depot-patiya,station-mirpur,4,5000.0,AVAILABLE
61,2026-01-01T15:15:00,route-gazipur-mirpur,depot-gazipur,station-mirpur,2,7000.0,AVAILABLE
61,2026-01-01T15:15:00,route-gazipur-tongi,depot-gazipur,station-tongi,2,6500.0,AVAILABLE
61,2026-01-01T15:15:00,route-patiya-karnaphuli,depot-patiya,station-karnaphuli,2,7000.0,AVAILABLE
61,2026-01-01T15:15:00,route-patiya-coxsbazar,depot-patiya,station-coxsbazar,3,6000.0,AVAILABLE
61,2026-01-01T15:15:00,route-gazipur-karnaphuli,depot-gazipur,station-karnaphuli,4,5000.0,AVAILABLE
61,2026-01-01T15:15:00,route-patiya-mirpur,depot-patiya,station-mirpur,4,5000.0,AVAILABLE
62,2026-01-01T15:30:00,route-gazipur-mirpur,depot-gazipur,station-mirpur,2,7000.0,AVAILABLE
62,2026-01-01T15:30:00,route-gazipur-tongi,depot-gazipur,station-tongi,2,6500.0,AVAILABLE
62,2026-01-01T15:30:00,route-patiya-karnaphuli,depot-patiya,station-karnaphuli,2,7000.0,AVAILABLE
62,2026-01-01T15:30:00,route-patiya-coxsbazar,depot-patiya,station-coxsbazar,3,6000.0,AVAILABLE
62,2026-01-01T15:30:00,route-gazipur-karnaphuli,depot-gazipur,station-karnaphuli,4,5000.0,AVAILABLE
62,2026-01-01T15:30:00,route-patiya-mirpur,depot-patiya,station-mirpur,4,5000.0,AVAILABLE
63,2026-01-01T15:45:00,route-gazipur-mirpur,depot-gazipur,station-mirpur,2,7000.0,AVAILABLE
63,2026-01-01T15:45:00,route-gazipur-tongi,depot-gazipur,station-tongi,2,6500.0,AVAILABLE
63,2026-01-01T15:45:00,route-patiya-karnaphuli,depot-patiya,station-karnaphuli,2,7000.0,AVAILABLE
63,2026-01-01T15:45:00,route-patiya-coxsbazar,depot-patiya,station-coxsbazar,3,6000.0,AVAILABLE
63,2026-01-01T15:45:00,route-gazipur-karnaphuli,depot-gazipur,station-karnaphuli,4,5000.0,AVAILABLE
63,2026-01-01T15:45:00,route-patiya-mirpur,depot-patiya,station-mirpur,4,5000.0,AVAILABLE
64,2026-01-01T16:00:00,route-gazipur-mirpur,depot-gazipur,station-mirpur,2,7000.0,AVAILABLE
64,2026-01-01T16:00:00,route-gazipur-tongi,depot-gazipur,station-tongi,2,6500.0,AVAILABLE
64,2026-01-01T16:00:00,route-patiya-karnaphuli,depot-patiya,station-karnaphuli,2,7000.0,AVAILABLE
64,2026-01-01T16:00:00,route-patiya-coxsbazar,depot-patiya,station-coxsbazar,3,6000.0,AVAILABLE
64,2026-01-01T16:00:00,route-gazipur-karnaphuli,depot-gazipur,station-karnaphuli,4,5000.0,AVAILABLE
64,2026-01-01T16:00:00,route-patiya-mirpur,depot-patiya,station-mirpur,4,5000.0,AVAILABLE
65,2026-01-01T16:15:00,route-gazipur-mirpur,depot-gazipur,station-mirpur,2,7000.0,AVAILABLE
65,2026-01-01T16:15:00,route-gazipur-tongi,depot-gazipur,station-tongi,2,6500.0,AVAILABLE
65,2026-01-01T16:15:00,route-patiya-karnaphuli,depot-patiya,station-karnaphuli,2,7000.0,AVAILABLE
65,2026-01-01T16:15:00,route-patiya-coxsbazar,depot-patiya,station-coxsbazar,3,6000.0,AVAILABLE
65,2026-01-01T16:15:00,route-gazipur-karnaphuli,depot-gazipur,station-karnaphuli,4,5000.0,AVAILABLE
65,2026-01-01T16:15:00,route-patiya-mirpur,depot-patiya,station-mirpur,4,5000.0,AVAILABLE
66,2026-01-01T16:30:00,route-gazipur-mirpur,depot-gazipur,station-mirpur,2,7000.0,AVAILABLE
66,2026-01-01T16:30:00,route-gazipur-tongi,depot-gazipur,station-tongi,2,6500.0,AVAILABLE
66,2026-01-01T16:30:00,route-patiya-karnaphuli,depot-patiya,station-karnaphuli,2,7000.0,AVAILABLE
66,2026-01-01T16:30:00,route-patiya-coxsbazar,depot-patiya,station-coxsbazar,3,6000.0,AVAILABLE
66,2026-01-01T16:30:00,route-gazipur-karnaphuli,depot-gazipur,station-karnaphuli,4,5000.0,AVAILABLE
66,2026-01-01T16:30:00,route-patiya-mirpur,depot-patiya,station-mirpur,4,5000.0,AVAILABLE
67,2026-01-01T16:45:00,route-gazipur-mirpur,depot-gazipur,station-mirpur,2,7000.0,AVAILABLE
67,2026-01-01T16:45:00,route-gazipur-tongi,depot-gazipur,station-tongi,2,6500.0,AVAILABLE
67,2026-01-01T16:45:00,route-patiya-karnaphuli,depot-patiya,station-karnaphuli,2,7000.0,AVAILABLE
67,2026-01-01T16:45:00,route-patiya-coxsbazar,depot-patiya,station-coxsbazar,3,6000.0,AVAILABLE
67,2026-01-01T16:45:00,route-gazipur-karnaphuli,depot-gazipur,station-karnaphuli,4,5000.0,AVAILABLE
67,2026-01-01T16:45:00,route-patiya-mirpur,depot-patiya,station-mirpur,4,5000.0,AVAILABLE
68,2026-01-01T17:00:00,route-gazipur-mirpur,depot-gazipur,station-mirpur,2,7000.0,AVAILABLE
68,2026-01-01T17:00:00,route-gazipur-tongi,depot-gazipur,station-tongi,2,6500.0,AVAILABLE
68,2026-01-01T17:00:00,route-patiya-karnaphuli,depot-patiya,station-karnaphuli,2,7000.0,AVAILABLE
68,2026-01-01T17:00:00,route-patiya-coxsbazar,depot-patiya,station-coxsbazar,3,6000.0,AVAILABLE
68,2026-01-01T17:00:00,route-gazipur-karnaphuli,depot-gazipur,station-karnaphuli,4,5000.0,AVAILABLE
68,2026-01-01T17:00:00,route-patiya-mirpur,depot-patiya,station-mirpur,4,5000.0,AVAILABLE
69,2026-01-01T17:15:00,route-gazipur-mirpur,depot-gazipur,station-mirpur,2,7000.0,AVAILABLE
69,2026-01-01T17:15:00,route-gazipur-tongi,depot-gazipur,station-tongi,2,6500.0,AVAILABLE
69,2026-01-01T17:15:00,route-patiya-karnaphuli,depot-patiya,station-karnaphuli,2,7000.0,AVAILABLE
69,2026-01-01T17:15:00,route-patiya-coxsbazar,depot-patiya,station-coxsbazar,3,6000.0,AVAILABLE
69,2026-01-01T17:15:00,route-gazipur-karnaphuli,depot-gazipur,station-karnaphuli,4,5000.0,AVAILABLE
69,2026-01-01T17:15:00,route-patiya-mirpur,depot-patiya,station-mirpur,4,5000.0,AVAILABLE
70,2026-01-01T17:30:00,route-gazipur-mirpur,depot-gazipur,station-mirpur,2,7000.0,AVAILABLE
70,2026-01-01T17:30:00,route-gazipur-tongi,depot-gazipur,station-tongi,2,6500.0,AVAILABLE
70,2026-01-01T17:30:00,route-patiya-karnaphuli,depot-patiya,station-karnaphuli,2,7000.0,AVAILABLE
70,2026-01-01T17:30:00,route-patiya-coxsbazar,depot-patiya,station-coxsbazar,3,6000.0,AVAILABLE
70,2026-01-01T17:30:00,route-gazipur-karnaphuli,depot-gazipur,station-karnaphuli,4,5000.0,AVAILABLE
70,2026-01-01T17:30:00,route-patiya-mirpur,depot-patiya,station-mirpur,4,5000.0,AVAILABLE
71,2026-01-01T17:45:00,route-gazipur-mirpur,depot-gazipur,station-mirpur,2,7000.0,AVAILABLE
71,2026-01-01T17:45:00,route-gazipur-tongi,depot-gazipur,station-tongi,2,6500.0,AVAILABLE
71,2026-01-01T17:45:00,route-patiya-karnaphuli,depot-patiya,station-karnaphuli,2,7000.0,AVAILABLE
71,2026-01-01T17:45:00,route-patiya-coxsbazar,depot-patiya,station-coxsbazar,3,6000.0,AVAILABLE
71,2026-01-01T17:45:00,route-gazipur-karnaphuli,depot-gazipur,station-karnaphuli,4,5000.0,AVAILABLE
71,2026-01-01T17:45:00,route-patiya-mirpur,depot-patiya,station-mirpur,4,5000.0,AVAILABLE
72,2026-01-01T18:00:00,route-gazipur-mirpur,depot-gazipur,station-mirpur,2,7000.0,AVAILABLE
72,2026-01-01T18:00:00,route-gazipur-tongi,depot-gazipur,station-tongi,2,6500.0,AVAILABLE
72,2026-01-01T18:00:00,route-patiya-karnaphuli,depot-patiya,station-karnaphuli,2,7000.0,AVAILABLE
72,2026-01-01T18:00:00,route-patiya-coxsbazar,depot-patiya,station-coxsbazar,3,6000.0,AVAILABLE
72,2026-01-01T18:00:00,route-gazipur-karnaphuli,depot-gazipur,station-karnaphuli,4,5000.0,AVAILABLE
72,2026-01-01T18:00:00,route-patiya-mirpur,depot-patiya,station-mirpur,4,5000.0,AVAILABLE
73,2026-01-01T18:15:00,route-gazipur-mirpur,depot-gazipur,station-mirpur,2,7000.0,AVAILABLE
73,2026-01-01T18:15:00,route-gazipur-tongi,depot-gazipur,station-tongi,2,6500.0,AVAILABLE
73,2026-01-01T18:15:00,route-patiya-karnaphuli,depot-patiya,station-karnaphuli,2,7000.0,AVAILABLE
73,2026-01-01T18:15:00,route-patiya-coxsbazar,depot-patiya,station-coxsbazar,3,6000.0,AVAILABLE
73,2026-01-01T18:15:00,route-gazipur-karnaphuli,depot-gazipur,station-karnaphuli,4,5000.0,AVAILABLE
73,2026-01-01T18:15:00,route-patiya-mirpur,depot-patiya,station-mirpur,4,5000.0,AVAILABLE
74,2026-01-01T18:30:00,route-gazipur-mirpur,depot-gazipur,station-mirpur,2,7000.0,AVAILABLE
74,2026-01-01T18:30:00,route-gazipur-tongi,depot-gazipur,station-tongi,2,6500.0,AVAILABLE
74,2026-01-01T18:30:00,route-patiya-karnaphuli,depot-patiya,station-karnaphuli,2,7000.0,AVAILABLE
74,2026-01-01T18:30:00,route-patiya-coxsbazar,depot-patiya,station-coxsbazar,3,6000.0,AVAILABLE
74,2026-01-01T18:30:00,route-gazipur-karnaphuli,depot-gazipur,station-karnaphuli,4,5000.0,AVAILABLE
74,2026-01-01T18:30:00,route-patiya-mirpur,depot-patiya,station-mirpur,4,5000.0,AVAILABLE
75,2026-01-01T18:45:00,route-gazipur-mirpur,depot-gazipur,station-mirpur,2,7000.0,AVAILABLE
75,2026-01-01T18:45:00,route-gazipur-tongi,depot-gazipur,station-tongi,2,6500.0,AVAILABLE
75,2026-01-01T18:45:00,route-patiya-karnaphuli,depot-patiya,station-karnaphuli,2,7000.0,AVAILABLE
75,2026-01-01T18:45:00,route-patiya-coxsbazar,depot-patiya,station-coxsbazar,3,6000.0,AVAILABLE
75,2026-01-01T18:45:00,route-gazipur-karnaphuli,depot-gazipur,station-karnaphuli,4,5000.0,AVAILABLE
75,2026-01-01T18:45:00,route-patiya-mirpur,depot-patiya,station-mirpur,4,5000.0,AVAILABLE
76,2026-01-01T19:00:00,route-gazipur-mirpur,depot-gazipur,station-mirpur,2,7000.0,AVAILABLE
76,2026-01-01T19:00:00,route-gazipur-tongi,depot-gazipur,station-tongi,2,6500.0,AVAILABLE
76,2026-01-01T19:00:00,route-patiya-karnaphuli,depot-patiya,station-karnaphuli,2,7000.0,AVAILABLE
76,2026-01-01T19:00:00,route-patiya-coxsbazar,depot-patiya,station-coxsbazar,3,6000.0,AVAILABLE
76,2026-01-01T19:00:00,route-gazipur-karnaphuli,depot-gazipur,station-karnaphuli,4,5000.0,AVAILABLE
76,2026-01-01T19:00:00,route-patiya-mirpur,depot-patiya,station-mirpur,4,5000.0,AVAILABLE
77,2026-01-01T19:15:00,route-gazipur-mirpur,depot-gazipur,station-mirpur,2,7000.0,AVAILABLE
77,2026-01-01T19:15:00,route-gazipur-tongi,depot-gazipur,station-tongi,2,6500.0,AVAILABLE
77,2026-01-01T19:15:00,route-patiya-karnaphuli,depot-patiya,station-karnaphuli,2,7000.0,AVAILABLE
77,2026-01-01T19:15:00,route-patiya-coxsbazar,depot-patiya,station-coxsbazar,3,6000.0,AVAILABLE
77,2026-01-01T19:15:00,route-gazipur-karnaphuli,depot-gazipur,station-karnaphuli,4,5000.0,AVAILABLE
77,2026-01-01T19:15:00,route-patiya-mirpur,depot-patiya,station-mirpur,4,5000.0,AVAILABLE
78,2026-01-01T19:30:00,route-gazipur-mirpur,depot-gazipur,station-mirpur,2,7000.0,AVAILABLE
78,2026-01-01T19:30:00,route-gazipur-tongi,depot-gazipur,station-tongi,2,6500.0,AVAILABLE
78,2026-01-01T19:30:00,route-patiya-karnaphuli,depot-patiya,station-karnaphuli,2,7000.0,AVAILABLE
78,2026-01-01T19:30:00,route-patiya-coxsbazar,depot-patiya,station-coxsbazar,3,6000.0,AVAILABLE
78,2026-01-01T19:30:00,route-gazipur-karnaphuli,depot-gazipur,station-karnaphuli,4,5000.0,AVAILABLE
78,2026-01-01T19:30:00,route-patiya-mirpur,depot-patiya,station-mirpur,4,5000.0,AVAILABLE
79,2026-01-01T19:45:00,route-gazipur-mirpur,depot-gazipur,station-mirpur,2,7000.0,AVAILABLE
79,2026-01-01T19:45:00,route-gazipur-tongi,depot-gazipur,station-tongi,2,6500.0,AVAILABLE
79,2026-01-01T19:45:00,route-patiya-karnaphuli,depot-patiya,station-karnaphuli,2,7000.0,AVAILABLE
79,2026-01-01T19:45:00,route-patiya-coxsbazar,depot-patiya,station-coxsbazar,3,6000.0,AVAILABLE
79,2026-01-01T19:45:00,route-gazipur-karnaphuli,depot-gazipur,station-karnaphuli,4,5000.0,AVAILABLE
79,2026-01-01T19:45:00,route-patiya-mirpur,depot-patiya,station-mirpur,4,5000.0,AVAILABLE
80,2026-01-01T20:00:00,route-gazipur-mirpur,depot-gazipur,station-mirpur,2,7000.0,AVAILABLE
80,2026-01-01T20:00:00,route-gazipur-tongi,depot-gazipur,station-tongi,2,6500.0,AVAILABLE
80,2026-01-01T20:00:00,route-patiya-karnaphuli,depot-patiya,station-karnaphuli,2,7000.0,AVAILABLE
80,2026-01-01T20:00:00,route-patiya-coxsbazar,depot-patiya,station-coxsbazar,3,6000.0,AVAILABLE
80,2026-01-01T20:00:00,route-gazipur-karnaphuli,depot-gazipur,station-karnaphuli,4,5000.0,AVAILABLE
80,2026-01-01T20:00:00,route-patiya-mirpur,depot-patiya,station-mirpur,4,5000.0,AVAILABLE
81,2026-01-01T20:15:00,route-gazipur-mirpur,depot-gazipur,station-mirpur,2,7000.0,AVAILABLE
81,2026-01-01T20:15:00,route-gazipur-tongi,depot-gazipur,station-tongi,2,6500.0,AVAILABLE
81,2026-01-01T20:15:00,route-patiya-karnaphuli,depot-patiya,station-karnaphuli,2,7000.0,AVAILABLE
81,2026-01-01T20:15:00,route-patiya-coxsbazar,depot-patiya,station-coxsbazar,3,6000.0,AVAILABLE
81,2026-01-01T20:15:00,route-gazipur-karnaphuli,depot-gazipur,station-karnaphuli,4,5000.0,AVAILABLE
81,2026-01-01T20:15:00,route-patiya-mirpur,depot-patiya,station-mirpur,4,5000.0,AVAILABLE
82,2026-01-01T20:30:00,route-gazipur-mirpur,depot-gazipur,station-mirpur,2,7000.0,AVAILABLE
82,2026-01-01T20:30:00,route-gazipur-tongi,depot-gazipur,station-tongi,2,6500.0,AVAILABLE
82,2026-01-01T20:30:00,route-patiya-karnaphuli,depot-patiya,station-karnaphuli,2,7000.0,AVAILABLE
82,2026-01-01T20:30:00,route-patiya-coxsbazar,depot-patiya,station-coxsbazar,3,6000.0,AVAILABLE
82,2026-01-01T20:30:00,route-gazipur-karnaphuli,depot-gazipur,station-karnaphuli,4,5000.0,AVAILABLE
82,2026-01-01T20:30:00,route-patiya-mirpur,depot-patiya,station-mirpur,4,5000.0,AVAILABLE
83,2026-01-01T20:45:00,route-gazipur-mirpur,depot-gazipur,station-mirpur,2,7000.0,AVAILABLE
83,2026-01-01T20:45:00,route-gazipur-tongi,depot-gazipur,station-tongi,2,6500.0,AVAILABLE
83,2026-01-01T20:45:00,route-patiya-karnaphuli,depot-patiya,station-karnaphuli,2,7000.0,AVAILABLE
83,2026-01-01T20:45:00,route-patiya-coxsbazar,depot-patiya,station-coxsbazar,3,6000.0,AVAILABLE
83,2026-01-01T20:45:00,route-gazipur-karnaphuli,depot-gazipur,station-karnaphuli,4,5000.0,AVAILABLE
83,2026-01-01T20:45:00,route-patiya-mirpur,depot-patiya,station-mirpur,4,5000.0,AVAILABLE
84,2026-01-01T21:00:00,route-gazipur-mirpur,depot-gazipur,station-mirpur,2,7000.0,AVAILABLE
84,2026-01-01T21:00:00,route-gazipur-tongi,depot-gazipur,station-tongi,2,6500.0,AVAILABLE
84,2026-01-01T21:00:00,route-patiya-karnaphuli,depot-patiya,station-karnaphuli,2,7000.0,AVAILABLE
84,2026-01-01T21:00:00,route-patiya-coxsbazar,depot-patiya,station-coxsbazar,3,6000.0,AVAILABLE
84,2026-01-01T21:00:00,route-gazipur-karnaphuli,depot-gazipur,station-karnaphuli,4,5000.0,AVAILABLE
84,2026-01-01T21:00:00,route-patiya-mirpur,depot-patiya,station-mirpur,4,5000.0,AVAILABLE
85,2026-01-01T21:15:00,route-gazipur-mirpur,depot-gazipur,station-mirpur,2,7000.0,AVAILABLE
85,2026-01-01T21:15:00,route-gazipur-tongi,depot-gazipur,station-tongi,2,6500.0,AVAILABLE
85,2026-01-01T21:15:00,route-patiya-karnaphuli,depot-patiya,station-karnaphuli,2,7000.0,AVAILABLE
85,2026-01-01T21:15:00,route-patiya-coxsbazar,depot-patiya,station-coxsbazar,3,6000.0,AVAILABLE
85,2026-01-01T21:15:00,route-gazipur-karnaphuli,depot-gazipur,station-karnaphuli,4,5000.0,AVAILABLE
85,2026-01-01T21:15:00,route-patiya-mirpur,depot-patiya,station-mirpur,4,5000.0,AVAILABLE
86,2026-01-01T21:30:00,route-gazipur-mirpur,depot-gazipur,station-mirpur,2,7000.0,AVAILABLE
86,2026-01-01T21:30:00,route-gazipur-tongi,depot-gazipur,station-tongi,2,6500.0,AVAILABLE
86,2026-01-01T21:30:00,route-patiya-karnaphuli,depot-patiya,station-karnaphuli,2,7000.0,AVAILABLE
86,2026-01-01T21:30:00,route-patiya-coxsbazar,depot-patiya,station-coxsbazar,3,6000.0,AVAILABLE
86,2026-01-01T21:30:00,route-gazipur-karnaphuli,depot-gazipur,station-karnaphuli,4,5000.0,AVAILABLE
86,2026-01-01T21:30:00,route-patiya-mirpur,depot-patiya,station-mirpur,4,5000.0,AVAILABLE
87,2026-01-01T21:45:00,route-gazipur-mirpur,depot-gazipur,station-mirpur,2,7000.0,AVAILABLE
87,2026-01-01T21:45:00,route-gazipur-tongi,depot-gazipur,station-tongi,2,6500.0,AVAILABLE
87,2026-01-01T21:45:00,route-patiya-karnaphuli,depot-patiya,station-karnaphuli,2,7000.0,AVAILABLE
87,2026-01-01T21:45:00,route-patiya-coxsbazar,depot-patiya,station-coxsbazar,3,6000.0,AVAILABLE
87,2026-01-01T21:45:00,route-gazipur-karnaphuli,depot-gazipur,station-karnaphuli,4,5000.0,AVAILABLE
87,2026-01-01T21:45:00,route-patiya-mirpur,depot-patiya,station-mirpur,4,5000.0,AVAILABLE
88,2026-01-01T22:00:00,route-gazipur-mirpur,depot-gazipur,station-mirpur,2,7000.0,AVAILABLE
88,2026-01-01T22:00:00,route-gazipur-tongi,depot-gazipur,station-tongi,2,6500.0,AVAILABLE
88,2026-01-01T22:00:00,route-patiya-karnaphuli,depot-patiya,station-karnaphuli,2,7000.0,AVAILABLE
88,2026-01-01T22:00:00,route-patiya-coxsbazar,depot-patiya,station-coxsbazar,3,6000.0,AVAILABLE
88,2026-01-01T22:00:00,route-gazipur-karnaphuli,depot-gazipur,station-karnaphuli,4,5000.0,AVAILABLE
88,2026-01-01T22:00:00,route-patiya-mirpur,depot-patiya,station-mirpur,4,5000.0,AVAILABLE
89,2026-01-01T22:15:00,route-gazipur-mirpur,depot-gazipur,station-mirpur,2,7000.0,AVAILABLE
89,2026-01-01T22:15:00,route-gazipur-tongi,depot-gazipur,station-tongi,2,6500.0,AVAILABLE
89,2026-01-01T22:15:00,route-patiya-karnaphuli,depot-patiya,station-karnaphuli,2,7000.0,AVAILABLE
89,2026-01-01T22:15:00,route-patiya-coxsbazar,depot-patiya,station-coxsbazar,3,6000.0,AVAILABLE
89,2026-01-01T22:15:00,route-gazipur-karnaphuli,depot-gazipur,station-karnaphuli,4,5000.0,AVAILABLE
89,2026-01-01T22:15:00,route-patiya-mirpur,depot-patiya,station-mirpur,4,5000.0,AVAILABLE
90,2026-01-01T22:30:00,route-gazipur-mirpur,depot-gazipur,station-mirpur,2,7000.0,AVAILABLE
90,2026-01-01T22:30:00,route-gazipur-tongi,depot-gazipur,station-tongi,2,6500.0,AVAILABLE
90,2026-01-01T22:30:00,route-patiya-karnaphuli,depot-patiya,station-karnaphuli,2,7000.0,AVAILABLE
90,2026-01-01T22:30:00,route-patiya-coxsbazar,depot-patiya,station-coxsbazar,3,6000.0,AVAILABLE
90,2026-01-01T22:30:00,route-gazipur-karnaphuli,depot-gazipur,station-karnaphuli,4,5000.0,AVAILABLE
90,2026-01-01T22:30:00,route-patiya-mirpur,depot-patiya,station-mirpur,4,5000.0,AVAILABLE
91,2026-01-01T22:45:00,route-gazipur-mirpur,depot-gazipur,station-mirpur,2,7000.0,AVAILABLE
91,2026-01-01T22:45:00,route-gazipur-tongi,depot-gazipur,station-tongi,2,6500.0,AVAILABLE
91,2026-01-01T22:45:00,route-patiya-karnaphuli,depot-patiya,station-karnaphuli,2,7000.0,AVAILABLE
91,2026-01-01T22:45:00,route-patiya-coxsbazar,depot-patiya,station-coxsbazar,3,6000.0,AVAILABLE
91,2026-01-01T22:45:00,route-gazipur-karnaphuli,depot-gazipur,station-karnaphuli,4,5000.0,AVAILABLE
91,2026-01-01T22:45:00,route-patiya-mirpur,depot-patiya,station-mirpur,4,5000.0,AVAILABLE
92,2026-01-01T23:00:00,route-gazipur-mirpur,depot-gazipur,station-mirpur,2,7000.0,AVAILABLE
92,2026-01-01T23:00:00,route-gazipur-tongi,depot-gazipur,station-tongi,2,6500.0,AVAILABLE
92,2026-01-01T23:00:00,route-patiya-karnaphuli,depot-patiya,station-karnaphuli,2,7000.0,AVAILABLE
92,2026-01-01T23:00:00,route-patiya-coxsbazar,depot-patiya,station-coxsbazar,3,6000.0,AVAILABLE
92,2026-01-01T23:00:00,route-gazipur-karnaphuli,depot-gazipur,station-karnaphuli,4,5000.0,AVAILABLE
92,2026-01-01T23:00:00,route-patiya-mirpur,depot-patiya,station-mirpur,4,5000.0,AVAILABLE
93,2026-01-01T23:15:00,route-gazipur-mirpur,depot-gazipur,station-mirpur,2,7000.0,AVAILABLE
93,2026-01-01T23:15:00,route-gazipur-tongi,depot-gazipur,station-tongi,2,6500.0,AVAILABLE
93,2026-01-01T23:15:00,route-patiya-karnaphuli,depot-patiya,station-karnaphuli,2,7000.0,AVAILABLE
93,2026-01-01T23:15:00,route-patiya-coxsbazar,depot-patiya,station-coxsbazar,3,6000.0,AVAILABLE
93,2026-01-01T23:15:00,route-gazipur-karnaphuli,depot-gazipur,station-karnaphuli,4,5000.0,AVAILABLE
93,2026-01-01T23:15:00,route-patiya-mirpur,depot-patiya,station-mirpur,4,5000.0,AVAILABLE
94,2026-01-01T23:30:00,route-gazipur-mirpur,depot-gazipur,station-mirpur,2,7000.0,AVAILABLE
94,2026-01-01T23:30:00,route-gazipur-tongi,depot-gazipur,station-tongi,2,6500.0,AVAILABLE
94,2026-01-01T23:30:00,route-patiya-karnaphuli,depot-patiya,station-karnaphuli,2,7000.0,AVAILABLE
94,2026-01-01T23:30:00,route-patiya-coxsbazar,depot-patiya,station-coxsbazar,3,6000.0,AVAILABLE
94,2026-01-01T23:30:00,route-gazipur-karnaphuli,depot-gazipur,station-karnaphuli,4,5000.0,AVAILABLE
94,2026-01-01T23:30:00,route-patiya-mirpur,depot-patiya,station-mirpur,4,5000.0,AVAILABLE
95,2026-01-01T23:45:00,route-gazipur-mirpur,depot-gazipur,station-mirpur,2,7000.0,AVAILABLE
95,2026-01-01T23:45:00,route-gazipur-tongi,depot-gazipur,station-tongi,2,6500.0,AVAILABLE
95,2026-01-01T23:45:00,route-patiya-karnaphuli,depot-patiya,station-karnaphuli,2,7000.0,AVAILABLE
95,2026-01-01T23:45:00,route-patiya-coxsbazar,depot-patiya,station-coxsbazar,3,6000.0,AVAILABLE
95,2026-01-01T23:45:00,route-gazipur-karnaphuli,depot-gazipur,station-karnaphuli,4,5000.0,AVAILABLE
95,2026-01-01T23:45:00,route-patiya-mirpur,depot-patiya,station-mirpur,4,5000.0,AVAILABLE
96,2026-01-02T00:00:00,route-gazipur-mirpur,depot-gazipur,station-mirpur,2,7000.0,AVAILABLE
96,2026-01-02T00:00:00,route-gazipur-tongi,depot-gazipur,station-tongi,2,6500.0,AVAILABLE
96,2026-01-02T00:00:00,route-patiya-karnaphuli,depot-patiya,station-karnaphuli,2,7000.0,AVAILABLE
96,2026-01-02T00:00:00,route-patiya-coxsbazar,depot-patiya,station-coxsbazar,3,6000.0,AVAILABLE
96,2026-01-02T00:00:00,route-gazipur-karnaphuli,depot-gazipur,station-karnaphuli,4,5000.0,AVAILABLE
96,2026-01-02T00:00:00,route-patiya-mirpur,depot-patiya,station-mirpur,4,5000.0,AVAILABLE
97,2026-01-02T00:15:00,route-gazipur-mirpur,depot-gazipur,station-mirpur,2,7000.0,AVAILABLE
97,2026-01-02T00:15:00,route-gazipur-tongi,depot-gazipur,station-tongi,2,6500.0,AVAILABLE
97,2026-01-02T00:15:00,route-patiya-karnaphuli,depot-patiya,station-karnaphuli,2,7000.0,AVAILABLE
97,2026-01-02T00:15:00,route-patiya-coxsbazar,depot-patiya,station-coxsbazar,3,6000.0,AVAILABLE
97,2026-01-02T00:15:00,route-gazipur-karnaphuli,depot-gazipur,station-karnaphuli,4,5000.0,AVAILABLE
97,2026-01-02T00:15:00,route-patiya-mirpur,depot-patiya,station-mirpur,4,5000.0,AVAILABLE
98,2026-01-02T00:30:00,route-gazipur-mirpur,depot-gazipur,station-mirpur,2,7000.0,AVAILABLE
98,2026-01-02T00:30:00,route-gazipur-tongi,depot-gazipur,station-tongi,2,6500.0,AVAILABLE
98,2026-01-02T00:30:00,route-patiya-karnaphuli,depot-patiya,station-karnaphuli,2,7000.0,AVAILABLE
98,2026-01-02T00:30:00,route-patiya-coxsbazar,depot-patiya,station-coxsbazar,3,6000.0,AVAILABLE
98,2026-01-02T00:30:00,route-gazipur-karnaphuli,depot-gazipur,station-karnaphuli,4,5000.0,AVAILABLE
98,2026-01-02T00:30:00,route-patiya-mirpur,depot-patiya,station-mirpur,4,5000.0,AVAILABLE
99,2026-01-02T00:45:00,route-gazipur-mirpur,depot-gazipur,station-mirpur,2,7000.0,AVAILABLE
99,2026-01-02T00:45:00,route-gazipur-tongi,depot-gazipur,station-tongi,2,6500.0,AVAILABLE
99,2026-01-02T00:45:00,route-patiya-karnaphuli,depot-patiya,station-karnaphuli,2,7000.0,AVAILABLE
99,2026-01-02T00:45:00,route-patiya-coxsbazar,depot-patiya,station-coxsbazar,3,6000.0,AVAILABLE
99,2026-01-02T00:45:00,route-gazipur-karnaphuli,depot-gazipur,station-karnaphuli,4,5000.0,AVAILABLE
99,2026-01-02T00:45:00,route-patiya-mirpur,depot-patiya,station-mirpur,4,5000.0,AVAILABLE
100,2026-01-02T01:00:00,route-gazipur-mirpur,depot-gazipur,station-mirpur,2,7000.0,AVAILABLE
100,2026-01-02T01:00:00,route-gazipur-tongi,depot-gazipur,station-tongi,2,6500.0,AVAILABLE
100,2026-01-02T01:00:00,route-patiya-karnaphuli,depot-patiya,station-karnaphuli,2,7000.0,AVAILABLE
100,2026-01-02T01:00:00,route-patiya-coxsbazar,depot-patiya,station-coxsbazar,3,6000.0,AVAILABLE
100,2026-01-02T01:00:00,route-gazipur-karnaphuli,depot-gazipur,station-karnaphuli,4,5000.0,AVAILABLE
100,2026-01-02T01:00:00,route-patiya-mirpur,depot-patiya,station-mirpur,4,5000.0,AVAILABLE
101,2026-01-02T01:15:00,route-gazipur-mirpur,depot-gazipur,station-mirpur,2,7000.0,AVAILABLE
101,2026-01-02T01:15:00,route-gazipur-tongi,depot-gazipur,station-tongi,2,6500.0,AVAILABLE
101,2026-01-02T01:15:00,route-patiya-karnaphuli,depot-patiya,station-karnaphuli,2,7000.0,AVAILABLE
101,2026-01-02T01:15:00,route-patiya-coxsbazar,depot-patiya,station-coxsbazar,3,6000.0,AVAILABLE
101,2026-01-02T01:15:00,route-gazipur-karnaphuli,depot-gazipur,station-karnaphuli,4,5000.0,AVAILABLE
101,2026-01-02T01:15:00,route-patiya-mirpur,depot-patiya,station-mirpur,4,5000.0,AVAILABLE
102,2026-01-02T01:30:00,route-gazipur-mirpur,depot-gazipur,station-mirpur,2,7000.0,AVAILABLE
102,2026-01-02T01:30:00,route-gazipur-tongi,depot-gazipur,station-tongi,2,6500.0,AVAILABLE
102,2026-01-02T01:30:00,route-patiya-karnaphuli,depot-patiya,station-karnaphuli,2,7000.0,AVAILABLE
102,2026-01-02T01:30:00,route-patiya-coxsbazar,depot-patiya,station-coxsbazar,3,6000.0,AVAILABLE
102,2026-01-02T01:30:00,route-gazipur-karnaphuli,depot-gazipur,station-karnaphuli,4,5000.0,AVAILABLE
102,2026-01-02T01:30:00,route-patiya-mirpur,depot-patiya,station-mirpur,4,5000.0,AVAILABLE
103,2026-01-02T01:45:00,route-gazipur-mirpur,depot-gazipur,station-mirpur,2,7000.0,AVAILABLE
103,2026-01-02T01:45:00,route-gazipur-tongi,depot-gazipur,station-tongi,2,6500.0,AVAILABLE
103,2026-01-02T01:45:00,route-patiya-karnaphuli,depot-patiya,station-karnaphuli,2,7000.0,AVAILABLE
103,2026-01-02T01:45:00,route-patiya-coxsbazar,depot-patiya,station-coxsbazar,3,6000.0,AVAILABLE
103,2026-01-02T01:45:00,route-gazipur-karnaphuli,depot-gazipur,station-karnaphuli,4,5000.0,AVAILABLE
103,2026-01-02T01:45:00,route-patiya-mirpur,depot-patiya,station-mirpur,4,5000.0,AVAILABLE
104,2026-01-02T02:00:00,route-gazipur-mirpur,depot-gazipur,station-mirpur,2,7000.0,AVAILABLE
104,2026-01-02T02:00:00,route-gazipur-tongi,depot-gazipur,station-tongi,2,6500.0,AVAILABLE
104,2026-01-02T02:00:00,route-patiya-karnaphuli,depot-patiya,station-karnaphuli,2,7000.0,AVAILABLE
104,2026-01-02T02:00:00,route-patiya-coxsbazar,depot-patiya,station-coxsbazar,3,6000.0,AVAILABLE
104,2026-01-02T02:00:00,route-gazipur-karnaphuli,depot-gazipur,station-karnaphuli,4,5000.0,AVAILABLE
104,2026-01-02T02:00:00,route-patiya-mirpur,depot-patiya,station-mirpur,4,5000.0,AVAILABLE
105,2026-01-02T02:15:00,route-gazipur-mirpur,depot-gazipur,station-mirpur,2,7000.0,AVAILABLE
105,2026-01-02T02:15:00,route-gazipur-tongi,depot-gazipur,station-tongi,2,6500.0,AVAILABLE
105,2026-01-02T02:15:00,route-patiya-karnaphuli,depot-patiya,station-karnaphuli,2,7000.0,AVAILABLE
105,2026-01-02T02:15:00,route-patiya-coxsbazar,depot-patiya,station-coxsbazar,3,6000.0,AVAILABLE
105,2026-01-02T02:15:00,route-gazipur-karnaphuli,depot-gazipur,station-karnaphuli,4,5000.0,AVAILABLE
105,2026-01-02T02:15:00,route-patiya-mirpur,depot-patiya,station-mirpur,4,5000.0,AVAILABLE
106,2026-01-02T02:30:00,route-gazipur-mirpur,depot-gazipur,station-mirpur,2,7000.0,AVAILABLE
106,2026-01-02T02:30:00,route-gazipur-tongi,depot-gazipur,station-tongi,2,6500.0,AVAILABLE
106,2026-01-02T02:30:00,route-patiya-karnaphuli,depot-patiya,station-karnaphuli,2,7000.0,AVAILABLE
106,2026-01-02T02:30:00,route-patiya-coxsbazar,depot-patiya,station-coxsbazar,3,6000.0,AVAILABLE
106,2026-01-02T02:30:00,route-gazipur-karnaphuli,depot-gazipur,station-karnaphuli,4,5000.0,AVAILABLE
106,2026-01-02T02:30:00,route-patiya-mirpur,depot-patiya,station-mirpur,4,5000.0,AVAILABLE
107,2026-01-02T02:45:00,route-gazipur-mirpur,depot-gazipur,station-mirpur,2,7000.0,AVAILABLE
107,2026-01-02T02:45:00,route-gazipur-tongi,depot-gazipur,station-tongi,2,6500.0,AVAILABLE
107,2026-01-02T02:45:00,route-patiya-karnaphuli,depot-patiya,station-karnaphuli,2,7000.0,AVAILABLE
107,2026-01-02T02:45:00,route-patiya-coxsbazar,depot-patiya,station-coxsbazar,3,6000.0,AVAILABLE
107,2026-01-02T02:45:00,route-gazipur-karnaphuli,depot-gazipur,station-karnaphuli,4,5000.0,AVAILABLE
107,2026-01-02T02:45:00,route-patiya-mirpur,depot-patiya,station-mirpur,4,5000.0,AVAILABLE
108,2026-01-02T03:00:00,route-gazipur-mirpur,depot-gazipur,station-mirpur,2,7000.0,AVAILABLE
108,2026-01-02T03:00:00,route-gazipur-tongi,depot-gazipur,station-tongi,2,6500.0,AVAILABLE
108,2026-01-02T03:00:00,route-patiya-karnaphuli,depot-patiya,station-karnaphuli,2,7000.0,AVAILABLE
108,2026-01-02T03:00:00,route-patiya-coxsbazar,depot-patiya,station-coxsbazar,3,6000.0,AVAILABLE
108,2026-01-02T03:00:00,route-gazipur-karnaphuli,depot-gazipur,station-karnaphuli,4,5000.0,AVAILABLE
108,2026-01-02T03:00:00,route-patiya-mirpur,depot-patiya,station-mirpur,4,5000.0,AVAILABLE
109,2026-01-02T03:15:00,route-gazipur-mirpur,depot-gazipur,station-mirpur,2,7000.0,AVAILABLE
109,2026-01-02T03:15:00,route-gazipur-tongi,depot-gazipur,station-tongi,2,6500.0,AVAILABLE
109,2026-01-02T03:15:00,route-patiya-karnaphuli,depot-patiya,station-karnaphuli,2,7000.0,AVAILABLE
109,2026-01-02T03:15:00,route-patiya-coxsbazar,depot-patiya,station-coxsbazar,3,6000.0,AVAILABLE
109,2026-01-02T03:15:00,route-gazipur-karnaphuli,depot-gazipur,station-karnaphuli,4,5000.0,AVAILABLE
109,2026-01-02T03:15:00,route-patiya-mirpur,depot-patiya,station-mirpur,4,5000.0,AVAILABLE
110,2026-01-02T03:30:00,route-gazipur-mirpur,depot-gazipur,station-mirpur,2,7000.0,AVAILABLE
110,2026-01-02T03:30:00,route-gazipur-tongi,depot-gazipur,station-tongi,2,6500.0,AVAILABLE
110,2026-01-02T03:30:00,route-patiya-karnaphuli,depot-patiya,station-karnaphuli,2,7000.0,AVAILABLE
110,2026-01-02T03:30:00,route-patiya-coxsbazar,depot-patiya,station-coxsbazar,3,6000.0,AVAILABLE
110,2026-01-02T03:30:00,route-gazipur-karnaphuli,depot-gazipur,station-karnaphuli,4,5000.0,AVAILABLE
110,2026-01-02T03:30:00,route-patiya-mirpur,depot-patiya,station-mirpur,4,5000.0,AVAILABLE
111,2026-01-02T03:45:00,route-gazipur-mirpur,depot-gazipur,station-mirpur,2,7000.0,AVAILABLE
111,2026-01-02T03:45:00,route-gazipur-tongi,depot-gazipur,station-tongi,2,6500.0,AVAILABLE
111,2026-01-02T03:45:00,route-patiya-karnaphuli,depot-patiya,station-karnaphuli,2,7000.0,AVAILABLE
111,2026-01-02T03:45:00,route-patiya-coxsbazar,depot-patiya,station-coxsbazar,3,6000.0,AVAILABLE
111,2026-01-02T03:45:00,route-gazipur-karnaphuli,depot-gazipur,station-karnaphuli,4,5000.0,AVAILABLE
111,2026-01-02T03:45:00,route-patiya-mirpur,depot-patiya,station-mirpur,4,5000.0,AVAILABLE
112,2026-01-02T04:00:00,route-gazipur-mirpur,depot-gazipur,station-mirpur,2,7000.0,AVAILABLE
112,2026-01-02T04:00:00,route-gazipur-tongi,depot-gazipur,station-tongi,2,6500.0,AVAILABLE
112,2026-01-02T04:00:00,route-patiya-karnaphuli,depot-patiya,station-karnaphuli,2,7000.0,AVAILABLE
112,2026-01-02T04:00:00,route-patiya-coxsbazar,depot-patiya,station-coxsbazar,3,6000.0,AVAILABLE
112,2026-01-02T04:00:00,route-gazipur-karnaphuli,depot-gazipur,station-karnaphuli,4,5000.0,AVAILABLE
112,2026-01-02T04:00:00,route-patiya-mirpur,depot-patiya,station-mirpur,4,5000.0,AVAILABLE
113,2026-01-02T04:15:00,route-gazipur-mirpur,depot-gazipur,station-mirpur,2,7000.0,AVAILABLE
113,2026-01-02T04:15:00,route-gazipur-tongi,depot-gazipur,station-tongi,2,6500.0,AVAILABLE
113,2026-01-02T04:15:00,route-patiya-karnaphuli,depot-patiya,station-karnaphuli,2,7000.0,AVAILABLE
113,2026-01-02T04:15:00,route-patiya-coxsbazar,depot-patiya,station-coxsbazar,3,6000.0,AVAILABLE
113,2026-01-02T04:15:00,route-gazipur-karnaphuli,depot-gazipur,station-karnaphuli,4,5000.0,AVAILABLE
113,2026-01-02T04:15:00,route-patiya-mirpur,depot-patiya,station-mirpur,4,5000.0,AVAILABLE
114,2026-01-02T04:30:00,route-gazipur-mirpur,depot-gazipur,station-mirpur,2,7000.0,AVAILABLE
114,2026-01-02T04:30:00,route-gazipur-tongi,depot-gazipur,station-tongi,2,6500.0,AVAILABLE
114,2026-01-02T04:30:00,route-patiya-karnaphuli,depot-patiya,station-karnaphuli,2,7000.0,AVAILABLE
114,2026-01-02T04:30:00,route-patiya-coxsbazar,depot-patiya,station-coxsbazar,3,6000.0,AVAILABLE
114,2026-01-02T04:30:00,route-gazipur-karnaphuli,depot-gazipur,station-karnaphuli,4,5000.0,AVAILABLE
114,2026-01-02T04:30:00,route-patiya-mirpur,depot-patiya,station-mirpur,4,5000.0,AVAILABLE
115,2026-01-02T04:45:00,route-gazipur-mirpur,depot-gazipur,station-mirpur,2,7000.0,AVAILABLE
115,2026-01-02T04:45:00,route-gazipur-tongi,depot-gazipur,station-tongi,2,6500.0,AVAILABLE
115,2026-01-02T04:45:00,route-patiya-karnaphuli,depot-patiya,station-karnaphuli,2,7000.0,AVAILABLE
115,2026-01-02T04:45:00,route-patiya-coxsbazar,depot-patiya,station-coxsbazar,3,6000.0,AVAILABLE
115,2026-01-02T04:45:00,route-gazipur-karnaphuli,depot-gazipur,station-karnaphuli,4,5000.0,AVAILABLE
115,2026-01-02T04:45:00,route-patiya-mirpur,depot-patiya,station-mirpur,4,5000.0,AVAILABLE
116,2026-01-02T05:00:00,route-gazipur-mirpur,depot-gazipur,station-mirpur,2,7000.0,AVAILABLE
116,2026-01-02T05:00:00,route-gazipur-tongi,depot-gazipur,station-tongi,2,6500.0,AVAILABLE
116,2026-01-02T05:00:00,route-patiya-karnaphuli,depot-patiya,station-karnaphuli,2,7000.0,AVAILABLE
116,2026-01-02T05:00:00,route-patiya-coxsbazar,depot-patiya,station-coxsbazar,3,6000.0,AVAILABLE
116,2026-01-02T05:00:00,route-gazipur-karnaphuli,depot-gazipur,station-karnaphuli,4,5000.0,AVAILABLE
116,2026-01-02T05:00:00,route-patiya-mirpur,depot-patiya,station-mirpur,4,5000.0,AVAILABLE
117,2026-01-02T05:15:00,route-gazipur-mirpur,depot-gazipur,station-mirpur,2,7000.0,AVAILABLE
117,2026-01-02T05:15:00,route-gazipur-tongi,depot-gazipur,station-tongi,2,6500.0,AVAILABLE
117,2026-01-02T05:15:00,route-patiya-karnaphuli,depot-patiya,station-karnaphuli,2,7000.0,AVAILABLE
117,2026-01-02T05:15:00,route-patiya-coxsbazar,depot-patiya,station-coxsbazar,3,6000.0,AVAILABLE
117,2026-01-02T05:15:00,route-gazipur-karnaphuli,depot-gazipur,station-karnaphuli,4,5000.0,AVAILABLE
117,2026-01-02T05:15:00,route-patiya-mirpur,depot-patiya,station-mirpur,4,5000.0,AVAILABLE
118,2026-01-02T05:30:00,route-gazipur-mirpur,depot-gazipur,station-mirpur,2,7000.0,AVAILABLE
118,2026-01-02T05:30:00,route-gazipur-tongi,depot-gazipur,station-tongi,2,6500.0,AVAILABLE
118,2026-01-02T05:30:00,route-patiya-karnaphuli,depot-patiya,station-karnaphuli,2,7000.0,AVAILABLE
118,2026-01-02T05:30:00,route-patiya-coxsbazar,depot-patiya,station-coxsbazar,3,6000.0,AVAILABLE
118,2026-01-02T05:30:00,route-gazipur-karnaphuli,depot-gazipur,station-karnaphuli,4,5000.0,AVAILABLE
118,2026-01-02T05:30:00,route-patiya-mirpur,depot-patiya,station-mirpur,4,5000.0,AVAILABLE
119,2026-01-02T05:45:00,route-gazipur-mirpur,depot-gazipur,station-mirpur,2,7000.0,AVAILABLE
119,2026-01-02T05:45:00,route-gazipur-tongi,depot-gazipur,station-tongi,2,6500.0,AVAILABLE
119,2026-01-02T05:45:00,route-patiya-karnaphuli,depot-patiya,station-karnaphuli,2,7000.0,AVAILABLE
119,2026-01-02T05:45:00,route-patiya-coxsbazar,depot-patiya,station-coxsbazar,3,6000.0,AVAILABLE
119,2026-01-02T05:45:00,route-gazipur-karnaphuli,depot-gazipur,station-karnaphuli,4,5000.0,AVAILABLE
119,2026-01-02T05:45:00,route-patiya-mirpur,depot-patiya,station-mirpur,4,5000.0,AVAILABLE
120,2026-01-02T06:00:00,route-gazipur-mirpur,depot-gazipur,station-mirpur,2,7000.0,AVAILABLE
120,2026-01-02T06:00:00,route-gazipur-tongi,depot-gazipur,station-tongi,2,6500.0,AVAILABLE
120,2026-01-02T06:00:00,route-patiya-karnaphuli,depot-patiya,station-karnaphuli,2,7000.0,AVAILABLE
120,2026-01-02T06:00:00,route-patiya-coxsbazar,depot-patiya,station-coxsbazar,3,6000.0,AVAILABLE
120,2026-01-02T06:00:00,route-gazipur-karnaphuli,depot-gazipur,station-karnaphuli,4,5000.0,AVAILABLE
120,2026-01-02T06:00:00,route-patiya-mirpur,depot-patiya,station-mirpur,4,5000.0,AVAILABLE
121,2026-01-02T06:15:00,route-gazipur-mirpur,depot-gazipur,station-mirpur,2,7000.0,AVAILABLE
121,2026-01-02T06:15:00,route-gazipur-tongi,depot-gazipur,station-tongi,2,6500.0,AVAILABLE
121,2026-01-02T06:15:00,route-patiya-karnaphuli,depot-patiya,station-karnaphuli,2,7000.0,AVAILABLE
121,2026-01-02T06:15:00,route-patiya-coxsbazar,depot-patiya,station-coxsbazar,3,6000.0,AVAILABLE
121,2026-01-02T06:15:00,route-gazipur-karnaphuli,depot-gazipur,station-karnaphuli,4,5000.0,AVAILABLE
121,2026-01-02T06:15:00,route-patiya-mirpur,depot-patiya,station-mirpur,4,5000.0,AVAILABLE
122,2026-01-02T06:30:00,route-gazipur-mirpur,depot-gazipur,station-mirpur,2,7000.0,AVAILABLE
122,2026-01-02T06:30:00,route-gazipur-tongi,depot-gazipur,station-tongi,2,6500.0,AVAILABLE
122,2026-01-02T06:30:00,route-patiya-karnaphuli,depot-patiya,station-karnaphuli,2,7000.0,AVAILABLE
122,2026-01-02T06:30:00,route-patiya-coxsbazar,depot-patiya,station-coxsbazar,3,6000.0,AVAILABLE
122,2026-01-02T06:30:00,route-gazipur-karnaphuli,depot-gazipur,station-karnaphuli,4,5000.0,AVAILABLE
122,2026-01-02T06:30:00,route-patiya-mirpur,depot-patiya,station-mirpur,4,5000.0,AVAILABLE
123,2026-01-02T06:45:00,route-gazipur-mirpur,depot-gazipur,station-mirpur,2,7000.0,AVAILABLE
123,2026-01-02T06:45:00,route-gazipur-tongi,depot-gazipur,station-tongi,2,6500.0,AVAILABLE
123,2026-01-02T06:45:00,route-patiya-karnaphuli,depot-patiya,station-karnaphuli,2,7000.0,AVAILABLE
123,2026-01-02T06:45:00,route-patiya-coxsbazar,depot-patiya,station-coxsbazar,3,6000.0,AVAILABLE
123,2026-01-02T06:45:00,route-gazipur-karnaphuli,depot-gazipur,station-karnaphuli,4,5000.0,AVAILABLE
123,2026-01-02T06:45:00,route-patiya-mirpur,depot-patiya,station-mirpur,4,5000.0,AVAILABLE
124,2026-01-02T07:00:00,route-gazipur-mirpur,depot-gazipur,station-mirpur,2,7000.0,AVAILABLE
124,2026-01-02T07:00:00,route-gazipur-tongi,depot-gazipur,station-tongi,2,6500.0,AVAILABLE
124,2026-01-02T07:00:00,route-patiya-karnaphuli,depot-patiya,station-karnaphuli,2,7000.0,AVAILABLE
124,2026-01-02T07:00:00,route-patiya-coxsbazar,depot-patiya,station-coxsbazar,3,6000.0,AVAILABLE
124,2026-01-02T07:00:00,route-gazipur-karnaphuli,depot-gazipur,station-karnaphuli,4,5000.0,AVAILABLE
124,2026-01-02T07:00:00,route-patiya-mirpur,depot-patiya,station-mirpur,4,5000.0,AVAILABLE
125,2026-01-02T07:15:00,route-gazipur-mirpur,depot-gazipur,station-mirpur,2,7000.0,AVAILABLE
125,2026-01-02T07:15:00,route-gazipur-tongi,depot-gazipur,station-tongi,2,6500.0,AVAILABLE
125,2026-01-02T07:15:00,route-patiya-karnaphuli,depot-patiya,station-karnaphuli,2,7000.0,AVAILABLE
125,2026-01-02T07:15:00,route-patiya-coxsbazar,depot-patiya,station-coxsbazar,3,6000.0,AVAILABLE
125,2026-01-02T07:15:00,route-gazipur-karnaphuli,depot-gazipur,station-karnaphuli,4,5000.0,AVAILABLE
125,2026-01-02T07:15:00,route-patiya-mirpur,depot-patiya,station-mirpur,4,5000.0,AVAILABLE
126,2026-01-02T07:30:00,route-gazipur-mirpur,depot-gazipur,station-mirpur,2,7000.0,AVAILABLE
126,2026-01-02T07:30:00,route-gazipur-tongi,depot-gazipur,station-tongi,2,6500.0,AVAILABLE
126,2026-01-02T07:30:00,route-patiya-karnaphuli,depot-patiya,station-karnaphuli,2,7000.0,AVAILABLE
126,2026-01-02T07:30:00,route-patiya-coxsbazar,depot-patiya,station-coxsbazar,3,6000.0,AVAILABLE
126,2026-01-02T07:30:00,route-gazipur-karnaphuli,depot-gazipur,station-karnaphuli,4,5000.0,AVAILABLE
126,2026-01-02T07:30:00,route-patiya-mirpur,depot-patiya,station-mirpur,4,5000.0,AVAILABLE
127,2026-01-02T07:45:00,route-gazipur-mirpur,depot-gazipur,station-mirpur,2,7000.0,AVAILABLE
127,2026-01-02T07:45:00,route-gazipur-tongi,depot-gazipur,station-tongi,2,6500.0,AVAILABLE
127,2026-01-02T07:45:00,route-patiya-karnaphuli,depot-patiya,station-karnaphuli,2,7000.0,AVAILABLE
127,2026-01-02T07:45:00,route-patiya-coxsbazar,depot-patiya,station-coxsbazar,3,6000.0,AVAILABLE
127,2026-01-02T07:45:00,route-gazipur-karnaphuli,depot-gazipur,station-karnaphuli,4,5000.0,AVAILABLE
127,2026-01-02T07:45:00,route-patiya-mirpur,depot-patiya,station-mirpur,4,5000.0,AVAILABLE
128,2026-01-02T08:00:00,route-gazipur-mirpur,depot-gazipur,station-mirpur,2,7000.0,AVAILABLE
128,2026-01-02T08:00:00,route-gazipur-tongi,depot-gazipur,station-tongi,2,6500.0,AVAILABLE
128,2026-01-02T08:00:00,route-patiya-karnaphuli,depot-patiya,station-karnaphuli,2,7000.0,AVAILABLE
128,2026-01-02T08:00:00,route-patiya-coxsbazar,depot-patiya,station-coxsbazar,3,6000.0,AVAILABLE
128,2026-01-02T08:00:00,route-gazipur-karnaphuli,depot-gazipur,station-karnaphuli,4,5000.0,AVAILABLE
128,2026-01-02T08:00:00,route-patiya-mirpur,depot-patiya,station-mirpur,4,5000.0,AVAILABLE
129,2026-01-02T08:15:00,route-gazipur-mirpur,depot-gazipur,station-mirpur,2,7000.0,AVAILABLE
129,2026-01-02T08:15:00,route-gazipur-tongi,depot-gazipur,station-tongi,2,6500.0,AVAILABLE
129,2026-01-02T08:15:00,route-patiya-karnaphuli,depot-patiya,station-karnaphuli,2,7000.0,AVAILABLE
129,2026-01-02T08:15:00,route-patiya-coxsbazar,depot-patiya,station-coxsbazar,3,6000.0,AVAILABLE
129,2026-01-02T08:15:00,route-gazipur-karnaphuli,depot-gazipur,station-karnaphuli,4,5000.0,AVAILABLE
129,2026-01-02T08:15:00,route-patiya-mirpur,depot-patiya,station-mirpur,4,5000.0,AVAILABLE
130,2026-01-02T08:30:00,route-gazipur-mirpur,depot-gazipur,station-mirpur,2,7000.0,AVAILABLE
130,2026-01-02T08:30:00,route-gazipur-tongi,depot-gazipur,station-tongi,2,6500.0,AVAILABLE
130,2026-01-02T08:30:00,route-patiya-karnaphuli,depot-patiya,station-karnaphuli,2,7000.0,AVAILABLE
130,2026-01-02T08:30:00,route-patiya-coxsbazar,depot-patiya,station-coxsbazar,3,6000.0,AVAILABLE
130,2026-01-02T08:30:00,route-gazipur-karnaphuli,depot-gazipur,station-karnaphuli,4,5000.0,AVAILABLE
130,2026-01-02T08:30:00,route-patiya-mirpur,depot-patiya,station-mirpur,4,5000.0,AVAILABLE
131,2026-01-02T08:45:00,route-gazipur-mirpur,depot-gazipur,station-mirpur,2,7000.0,AVAILABLE
131,2026-01-02T08:45:00,route-gazipur-tongi,depot-gazipur,station-tongi,2,6500.0,AVAILABLE
131,2026-01-02T08:45:00,route-patiya-karnaphuli,depot-patiya,station-karnaphuli,2,7000.0,AVAILABLE
131,2026-01-02T08:45:00,route-patiya-coxsbazar,depot-patiya,station-coxsbazar,3,6000.0,AVAILABLE
131,2026-01-02T08:45:00,route-gazipur-karnaphuli,depot-gazipur,station-karnaphuli,4,5000.0,AVAILABLE
131,2026-01-02T08:45:00,route-patiya-mirpur,depot-patiya,station-mirpur,4,5000.0,AVAILABLE
132,2026-01-02T09:00:00,route-gazipur-mirpur,depot-gazipur,station-mirpur,2,7000.0,AVAILABLE
132,2026-01-02T09:00:00,route-gazipur-tongi,depot-gazipur,station-tongi,2,6500.0,AVAILABLE
132,2026-01-02T09:00:00,route-patiya-karnaphuli,depot-patiya,station-karnaphuli,2,7000.0,AVAILABLE
132,2026-01-02T09:00:00,route-patiya-coxsbazar,depot-patiya,station-coxsbazar,3,6000.0,AVAILABLE
132,2026-01-02T09:00:00,route-gazipur-karnaphuli,depot-gazipur,station-karnaphuli,4,5000.0,AVAILABLE
132,2026-01-02T09:00:00,route-patiya-mirpur,depot-patiya,station-mirpur,4,5000.0,AVAILABLE
133,2026-01-02T09:15:00,route-gazipur-mirpur,depot-gazipur,station-mirpur,2,7000.0,AVAILABLE
133,2026-01-02T09:15:00,route-gazipur-tongi,depot-gazipur,station-tongi,2,6500.0,AVAILABLE
133,2026-01-02T09:15:00,route-patiya-karnaphuli,depot-patiya,station-karnaphuli,2,7000.0,AVAILABLE
133,2026-01-02T09:15:00,route-patiya-coxsbazar,depot-patiya,station-coxsbazar,3,6000.0,AVAILABLE
133,2026-01-02T09:15:00,route-gazipur-karnaphuli,depot-gazipur,station-karnaphuli,4,5000.0,AVAILABLE
133,2026-01-02T09:15:00,route-patiya-mirpur,depot-patiya,station-mirpur,4,5000.0,AVAILABLE
134,2026-01-02T09:30:00,route-gazipur-mirpur,depot-gazipur,station-mirpur,2,7000.0,AVAILABLE
134,2026-01-02T09:30:00,route-gazipur-tongi,depot-gazipur,station-tongi,2,6500.0,AVAILABLE
134,2026-01-02T09:30:00,route-patiya-karnaphuli,depot-patiya,station-karnaphuli,2,7000.0,AVAILABLE
134,2026-01-02T09:30:00,route-patiya-coxsbazar,depot-patiya,station-coxsbazar,3,6000.0,AVAILABLE
134,2026-01-02T09:30:00,route-gazipur-karnaphuli,depot-gazipur,station-karnaphuli,4,5000.0,AVAILABLE
134,2026-01-02T09:30:00,route-patiya-mirpur,depot-patiya,station-mirpur,4,5000.0,AVAILABLE
135,2026-01-02T09:45:00,route-gazipur-mirpur,depot-gazipur,station-mirpur,2,7000.0,AVAILABLE
135,2026-01-02T09:45:00,route-gazipur-tongi,depot-gazipur,station-tongi,2,6500.0,AVAILABLE
135,2026-01-02T09:45:00,route-patiya-karnaphuli,depot-patiya,station-karnaphuli,2,7000.0,AVAILABLE
135,2026-01-02T09:45:00,route-patiya-coxsbazar,depot-patiya,station-coxsbazar,3,6000.0,AVAILABLE
135,2026-01-02T09:45:00,route-gazipur-karnaphuli,depot-gazipur,station-karnaphuli,4,5000.0,AVAILABLE
135,2026-01-02T09:45:00,route-patiya-mirpur,depot-patiya,station-mirpur,4,5000.0,AVAILABLE
136,2026-01-02T10:00:00,route-gazipur-mirpur,depot-gazipur,station-mirpur,2,7000.0,AVAILABLE
136,2026-01-02T10:00:00,route-gazipur-tongi,depot-gazipur,station-tongi,2,6500.0,AVAILABLE
136,2026-01-02T10:00:00,route-patiya-karnaphuli,depot-patiya,station-karnaphuli,2,7000.0,AVAILABLE
136,2026-01-02T10:00:00,route-patiya-coxsbazar,depot-patiya,station-coxsbazar,3,6000.0,AVAILABLE
136,2026-01-02T10:00:00,route-gazipur-karnaphuli,depot-gazipur,station-karnaphuli,4,5000.0,AVAILABLE
136,2026-01-02T10:00:00,route-patiya-mirpur,depot-patiya,station-mirpur,4,5000.0,AVAILABLE
137,2026-01-02T10:15:00,route-gazipur-mirpur,depot-gazipur,station-mirpur,2,7000.0,AVAILABLE
137,2026-01-02T10:15:00,route-gazipur-tongi,depot-gazipur,station-tongi,2,6500.0,AVAILABLE
137,2026-01-02T10:15:00,route-patiya-karnaphuli,depot-patiya,station-karnaphuli,2,7000.0,AVAILABLE
137,2026-01-02T10:15:00,route-patiya-coxsbazar,depot-patiya,station-coxsbazar,3,6000.0,AVAILABLE
137,2026-01-02T10:15:00,route-gazipur-karnaphuli,depot-gazipur,station-karnaphuli,4,5000.0,AVAILABLE
137,2026-01-02T10:15:00,route-patiya-mirpur,depot-patiya,station-mirpur,4,5000.0,AVAILABLE
138,2026-01-02T10:30:00,route-gazipur-mirpur,depot-gazipur,station-mirpur,2,7000.0,AVAILABLE
138,2026-01-02T10:30:00,route-gazipur-tongi,depot-gazipur,station-tongi,2,6500.0,AVAILABLE
138,2026-01-02T10:30:00,route-patiya-karnaphuli,depot-patiya,station-karnaphuli,2,7000.0,AVAILABLE
138,2026-01-02T10:30:00,route-patiya-coxsbazar,depot-patiya,station-coxsbazar,3,6000.0,AVAILABLE
138,2026-01-02T10:30:00,route-gazipur-karnaphuli,depot-gazipur,station-karnaphuli,4,5000.0,AVAILABLE
138,2026-01-02T10:30:00,route-patiya-mirpur,depot-patiya,station-mirpur,4,5000.0,AVAILABLE
139,2026-01-02T10:45:00,route-gazipur-mirpur,depot-gazipur,station-mirpur,2,7000.0,AVAILABLE
139,2026-01-02T10:45:00,route-gazipur-tongi,depot-gazipur,station-tongi,2,6500.0,AVAILABLE
139,2026-01-02T10:45:00,route-patiya-karnaphuli,depot-patiya,station-karnaphuli,2,7000.0,AVAILABLE
139,2026-01-02T10:45:00,route-patiya-coxsbazar,depot-patiya,station-coxsbazar,3,6000.0,AVAILABLE
139,2026-01-02T10:45:00,route-gazipur-karnaphuli,depot-gazipur,station-karnaphuli,4,5000.0,AVAILABLE
139,2026-01-02T10:45:00,route-patiya-mirpur,depot-patiya,station-mirpur,4,5000.0,AVAILABLE
140,2026-01-02T11:00:00,route-gazipur-mirpur,depot-gazipur,station-mirpur,2,7000.0,AVAILABLE
140,2026-01-02T11:00:00,route-gazipur-tongi,depot-gazipur,station-tongi,2,6500.0,AVAILABLE
140,2026-01-02T11:00:00,route-patiya-karnaphuli,depot-patiya,station-karnaphuli,2,7000.0,AVAILABLE
140,2026-01-02T11:00:00,route-patiya-coxsbazar,depot-patiya,station-coxsbazar,3,6000.0,AVAILABLE
140,2026-01-02T11:00:00,route-gazipur-karnaphuli,depot-gazipur,station-karnaphuli,4,5000.0,AVAILABLE
140,2026-01-02T11:00:00,route-patiya-mirpur,depot-patiya,station-mirpur,4,5000.0,AVAILABLE
141,2026-01-02T11:15:00,route-gazipur-mirpur,depot-gazipur,station-mirpur,2,7000.0,AVAILABLE
141,2026-01-02T11:15:00,route-gazipur-tongi,depot-gazipur,station-tongi,2,6500.0,AVAILABLE
141,2026-01-02T11:15:00,route-patiya-karnaphuli,depot-patiya,station-karnaphuli,2,7000.0,AVAILABLE
141,2026-01-02T11:15:00,route-patiya-coxsbazar,depot-patiya,station-coxsbazar,3,6000.0,AVAILABLE
141,2026-01-02T11:15:00,route-gazipur-karnaphuli,depot-gazipur,station-karnaphuli,4,5000.0,AVAILABLE
141,2026-01-02T11:15:00,route-patiya-mirpur,depot-patiya,station-mirpur,4,5000.0,AVAILABLE
142,2026-01-02T11:30:00,route-gazipur-mirpur,depot-gazipur,station-mirpur,2,7000.0,AVAILABLE
142,2026-01-02T11:30:00,route-gazipur-tongi,depot-gazipur,station-tongi,2,6500.0,AVAILABLE
142,2026-01-02T11:30:00,route-patiya-karnaphuli,depot-patiya,station-karnaphuli,2,7000.0,AVAILABLE
142,2026-01-02T11:30:00,route-patiya-coxsbazar,depot-patiya,station-coxsbazar,3,6000.0,AVAILABLE
142,2026-01-02T11:30:00,route-gazipur-karnaphuli,depot-gazipur,station-karnaphuli,4,5000.0,AVAILABLE
142,2026-01-02T11:30:00,route-patiya-mirpur,depot-patiya,station-mirpur,4,5000.0,AVAILABLE
143,2026-01-02T11:45:00,route-gazipur-mirpur,depot-gazipur,station-mirpur,2,7000.0,AVAILABLE
143,2026-01-02T11:45:00,route-gazipur-tongi,depot-gazipur,station-tongi,2,6500.0,AVAILABLE
143,2026-01-02T11:45:00,route-patiya-karnaphuli,depot-patiya,station-karnaphuli,2,7000.0,AVAILABLE
143,2026-01-02T11:45:00,route-patiya-coxsbazar,depot-patiya,station-coxsbazar,3,6000.0,AVAILABLE
143,2026-01-02T11:45:00,route-gazipur-karnaphuli,depot-gazipur,station-karnaphuli,4,5000.0,AVAILABLE
143,2026-01-02T11:45:00,route-patiya-mirpur,depot-patiya,station-mirpur,4,5000.0,AVAILABLE
144,2026-01-02T12:00:00,route-gazipur-mirpur,depot-gazipur,station-mirpur,2,7000.0,AVAILABLE
144,2026-01-02T12:00:00,route-gazipur-tongi,depot-gazipur,station-tongi,2,6500.0,AVAILABLE
144,2026-01-02T12:00:00,route-patiya-karnaphuli,depot-patiya,station-karnaphuli,2,7000.0,AVAILABLE
144,2026-01-02T12:00:00,route-patiya-coxsbazar,depot-patiya,station-coxsbazar,3,6000.0,AVAILABLE
144,2026-01-02T12:00:00,route-gazipur-karnaphuli,depot-gazipur,station-karnaphuli,4,5000.0,AVAILABLE
144,2026-01-02T12:00:00,route-patiya-mirpur,depot-patiya,station-mirpur,4,5000.0,AVAILABLE
145,2026-01-02T12:15:00,route-gazipur-mirpur,depot-gazipur,station-mirpur,2,7000.0,AVAILABLE
145,2026-01-02T12:15:00,route-gazipur-tongi,depot-gazipur,station-tongi,2,6500.0,AVAILABLE
145,2026-01-02T12:15:00,route-patiya-karnaphuli,depot-patiya,station-karnaphuli,2,7000.0,AVAILABLE
145,2026-01-02T12:15:00,route-patiya-coxsbazar,depot-patiya,station-coxsbazar,3,6000.0,AVAILABLE
145,2026-01-02T12:15:00,route-gazipur-karnaphuli,depot-gazipur,station-karnaphuli,4,5000.0,AVAILABLE
145,2026-01-02T12:15:00,route-patiya-mirpur,depot-patiya,station-mirpur,4,5000.0,AVAILABLE
146,2026-01-02T12:30:00,route-gazipur-mirpur,depot-gazipur,station-mirpur,2,7000.0,AVAILABLE
146,2026-01-02T12:30:00,route-gazipur-tongi,depot-gazipur,station-tongi,2,6500.0,AVAILABLE
146,2026-01-02T12:30:00,route-patiya-karnaphuli,depot-patiya,station-karnaphuli,2,7000.0,AVAILABLE
146,2026-01-02T12:30:00,route-patiya-coxsbazar,depot-patiya,station-coxsbazar,3,6000.0,AVAILABLE
146,2026-01-02T12:30:00,route-gazipur-karnaphuli,depot-gazipur,station-karnaphuli,4,5000.0,AVAILABLE
146,2026-01-02T12:30:00,route-patiya-mirpur,depot-patiya,station-mirpur,4,5000.0,AVAILABLE
147,2026-01-02T12:45:00,route-gazipur-mirpur,depot-gazipur,station-mirpur,2,7000.0,AVAILABLE
147,2026-01-02T12:45:00,route-gazipur-tongi,depot-gazipur,station-tongi,2,6500.0,AVAILABLE
147,2026-01-02T12:45:00,route-patiya-karnaphuli,depot-patiya,station-karnaphuli,2,7000.0,AVAILABLE
147,2026-01-02T12:45:00,route-patiya-coxsbazar,depot-patiya,station-coxsbazar,3,6000.0,AVAILABLE
147,2026-01-02T12:45:00,route-gazipur-karnaphuli,depot-gazipur,station-karnaphuli,4,5000.0,AVAILABLE
147,2026-01-02T12:45:00,route-patiya-mirpur,depot-patiya,station-mirpur,4,5000.0,AVAILABLE
148,2026-01-02T13:00:00,route-gazipur-mirpur,depot-gazipur,station-mirpur,2,7000.0,AVAILABLE
148,2026-01-02T13:00:00,route-gazipur-tongi,depot-gazipur,station-tongi,2,6500.0,AVAILABLE
148,2026-01-02T13:00:00,route-patiya-karnaphuli,depot-patiya,station-karnaphuli,2,7000.0,AVAILABLE
148,2026-01-02T13:00:00,route-patiya-coxsbazar,depot-patiya,station-coxsbazar,3,6000.0,AVAILABLE
148,2026-01-02T13:00:00,route-gazipur-karnaphuli,depot-gazipur,station-karnaphuli,4,5000.0,AVAILABLE
148,2026-01-02T13:00:00,route-patiya-mirpur,depot-patiya,station-mirpur,4,5000.0,AVAILABLE
149,2026-01-02T13:15:00,route-gazipur-mirpur,depot-gazipur,station-mirpur,2,7000.0,AVAILABLE
149,2026-01-02T13:15:00,route-gazipur-tongi,depot-gazipur,station-tongi,2,6500.0,AVAILABLE
149,2026-01-02T13:15:00,route-patiya-karnaphuli,depot-patiya,station-karnaphuli,2,7000.0,AVAILABLE
149,2026-01-02T13:15:00,route-patiya-coxsbazar,depot-patiya,station-coxsbazar,3,6000.0,AVAILABLE
149,2026-01-02T13:15:00,route-gazipur-karnaphuli,depot-gazipur,station-karnaphuli,4,5000.0,AVAILABLE
149,2026-01-02T13:15:00,route-patiya-mirpur,depot-patiya,station-mirpur,4,5000.0,AVAILABLE
150,2026-01-02T13:30:00,route-gazipur-mirpur,depot-gazipur,station-mirpur,2,7000.0,AVAILABLE
150,2026-01-02T13:30:00,route-gazipur-tongi,depot-gazipur,station-tongi,2,6500.0,AVAILABLE
150,2026-01-02T13:30:00,route-patiya-karnaphuli,depot-patiya,station-karnaphuli,2,7000.0,AVAILABLE
150,2026-01-02T13:30:00,route-patiya-coxsbazar,depot-patiya,station-coxsbazar,3,6000.0,AVAILABLE
150,2026-01-02T13:30:00,route-gazipur-karnaphuli,depot-gazipur,station-karnaphuli,4,5000.0,AVAILABLE
150,2026-01-02T13:30:00,route-patiya-mirpur,depot-patiya,station-mirpur,4,5000.0,AVAILABLE
151,2026-01-02T13:45:00,route-gazipur-mirpur,depot-gazipur,station-mirpur,2,7000.0,AVAILABLE
151,2026-01-02T13:45:00,route-gazipur-tongi,depot-gazipur,station-tongi,2,6500.0,AVAILABLE
151,2026-01-02T13:45:00,route-patiya-karnaphuli,depot-patiya,station-karnaphuli,2,7000.0,AVAILABLE
151,2026-01-02T13:45:00,route-patiya-coxsbazar,depot-patiya,station-coxsbazar,3,6000.0,AVAILABLE
151,2026-01-02T13:45:00,route-gazipur-karnaphuli,depot-gazipur,station-karnaphuli,4,5000.0,AVAILABLE
151,2026-01-02T13:45:00,route-patiya-mirpur,depot-patiya,station-mirpur,4,5000.0,AVAILABLE
152,2026-01-02T14:00:00,route-gazipur-mirpur,depot-gazipur,station-mirpur,2,7000.0,AVAILABLE
152,2026-01-02T14:00:00,route-gazipur-tongi,depot-gazipur,station-tongi,2,6500.0,AVAILABLE
152,2026-01-02T14:00:00,route-patiya-karnaphuli,depot-patiya,station-karnaphuli,2,7000.0,AVAILABLE
152,2026-01-02T14:00:00,route-patiya-coxsbazar,depot-patiya,station-coxsbazar,3,6000.0,AVAILABLE
152,2026-01-02T14:00:00,route-gazipur-karnaphuli,depot-gazipur,station-karnaphuli,4,5000.0,AVAILABLE
152,2026-01-02T14:00:00,route-patiya-mirpur,depot-patiya,station-mirpur,4,5000.0,AVAILABLE
153,2026-01-02T14:15:00,route-gazipur-mirpur,depot-gazipur,station-mirpur,2,7000.0,AVAILABLE
153,2026-01-02T14:15:00,route-gazipur-tongi,depot-gazipur,station-tongi,2,6500.0,AVAILABLE
153,2026-01-02T14:15:00,route-patiya-karnaphuli,depot-patiya,station-karnaphuli,2,7000.0,AVAILABLE
153,2026-01-02T14:15:00,route-patiya-coxsbazar,depot-patiya,station-coxsbazar,3,6000.0,AVAILABLE
153,2026-01-02T14:15:00,route-gazipur-karnaphuli,depot-gazipur,station-karnaphuli,4,5000.0,AVAILABLE
153,2026-01-02T14:15:00,route-patiya-mirpur,depot-patiya,station-mirpur,4,5000.0,AVAILABLE
154,2026-01-02T14:30:00,route-gazipur-mirpur,depot-gazipur,station-mirpur,2,7000.0,AVAILABLE
154,2026-01-02T14:30:00,route-gazipur-tongi,depot-gazipur,station-tongi,2,6500.0,AVAILABLE
154,2026-01-02T14:30:00,route-patiya-karnaphuli,depot-patiya,station-karnaphuli,2,7000.0,AVAILABLE
154,2026-01-02T14:30:00,route-patiya-coxsbazar,depot-patiya,station-coxsbazar,3,6000.0,AVAILABLE
154,2026-01-02T14:30:00,route-gazipur-karnaphuli,depot-gazipur,station-karnaphuli,4,5000.0,AVAILABLE
154,2026-01-02T14:30:00,route-patiya-mirpur,depot-patiya,station-mirpur,4,5000.0,AVAILABLE
155,2026-01-02T14:45:00,route-gazipur-mirpur,depot-gazipur,station-mirpur,2,7000.0,AVAILABLE
155,2026-01-02T14:45:00,route-gazipur-tongi,depot-gazipur,station-tongi,2,6500.0,AVAILABLE
155,2026-01-02T14:45:00,route-patiya-karnaphuli,depot-patiya,station-karnaphuli,2,7000.0,AVAILABLE
155,2026-01-02T14:45:00,route-patiya-coxsbazar,depot-patiya,station-coxsbazar,3,6000.0,AVAILABLE
155,2026-01-02T14:45:00,route-gazipur-karnaphuli,depot-gazipur,station-karnaphuli,4,5000.0,AVAILABLE
155,2026-01-02T14:45:00,route-patiya-mirpur,depot-patiya,station-mirpur,4,5000.0,AVAILABLE
156,2026-01-02T15:00:00,route-gazipur-mirpur,depot-gazipur,station-mirpur,2,7000.0,AVAILABLE
156,2026-01-02T15:00:00,route-gazipur-tongi,depot-gazipur,station-tongi,2,6500.0,AVAILABLE
156,2026-01-02T15:00:00,route-patiya-karnaphuli,depot-patiya,station-karnaphuli,2,7000.0,AVAILABLE
156,2026-01-02T15:00:00,route-patiya-coxsbazar,depot-patiya,station-coxsbazar,3,6000.0,AVAILABLE
156,2026-01-02T15:00:00,route-gazipur-karnaphuli,depot-gazipur,station-karnaphuli,4,5000.0,AVAILABLE
156,2026-01-02T15:00:00,route-patiya-mirpur,depot-patiya,station-mirpur,4,5000.0,AVAILABLE
157,2026-01-02T15:15:00,route-gazipur-mirpur,depot-gazipur,station-mirpur,2,7000.0,AVAILABLE
157,2026-01-02T15:15:00,route-gazipur-tongi,depot-gazipur,station-tongi,2,6500.0,AVAILABLE
157,2026-01-02T15:15:00,route-patiya-karnaphuli,depot-patiya,station-karnaphuli,2,7000.0,AVAILABLE
157,2026-01-02T15:15:00,route-patiya-coxsbazar,depot-patiya,station-coxsbazar,3,6000.0,AVAILABLE
157,2026-01-02T15:15:00,route-gazipur-karnaphuli,depot-gazipur,station-karnaphuli,4,5000.0,AVAILABLE
157,2026-01-02T15:15:00,route-patiya-mirpur,depot-patiya,station-mirpur,4,5000.0,AVAILABLE
158,2026-01-02T15:30:00,route-gazipur-mirpur,depot-gazipur,station-mirpur,2,7000.0,AVAILABLE
158,2026-01-02T15:30:00,route-gazipur-tongi,depot-gazipur,station-tongi,2,6500.0,AVAILABLE
158,2026-01-02T15:30:00,route-patiya-karnaphuli,depot-patiya,station-karnaphuli,2,7000.0,AVAILABLE
158,2026-01-02T15:30:00,route-patiya-coxsbazar,depot-patiya,station-coxsbazar,3,6000.0,AVAILABLE
158,2026-01-02T15:30:00,route-gazipur-karnaphuli,depot-gazipur,station-karnaphuli,4,5000.0,AVAILABLE
158,2026-01-02T15:30:00,route-patiya-mirpur,depot-patiya,station-mirpur,4,5000.0,AVAILABLE
159,2026-01-02T15:45:00,route-gazipur-mirpur,depot-gazipur,station-mirpur,2,7000.0,AVAILABLE
159,2026-01-02T15:45:00,route-gazipur-tongi,depot-gazipur,station-tongi,2,6500.0,AVAILABLE
159,2026-01-02T15:45:00,route-patiya-karnaphuli,depot-patiya,station-karnaphuli,2,7000.0,AVAILABLE
159,2026-01-02T15:45:00,route-patiya-coxsbazar,depot-patiya,station-coxsbazar,3,6000.0,AVAILABLE
159,2026-01-02T15:45:00,route-gazipur-karnaphuli,depot-gazipur,station-karnaphuli,4,5000.0,AVAILABLE
159,2026-01-02T15:45:00,route-patiya-mirpur,depot-patiya,station-mirpur,4,5000.0,AVAILABLE
160,2026-01-02T16:00:00,route-gazipur-mirpur,depot-gazipur,station-mirpur,2,7000.0,AVAILABLE
160,2026-01-02T16:00:00,route-gazipur-tongi,depot-gazipur,station-tongi,2,6500.0,AVAILABLE
160,2026-01-02T16:00:00,route-patiya-karnaphuli,depot-patiya,station-karnaphuli,2,7000.0,AVAILABLE
160,2026-01-02T16:00:00,route-patiya-coxsbazar,depot-patiya,station-coxsbazar,3,6000.0,AVAILABLE
160,2026-01-02T16:00:00,route-gazipur-karnaphuli,depot-gazipur,station-karnaphuli,4,5000.0,AVAILABLE
160,2026-01-02T16:00:00,route-patiya-mirpur,depot-patiya,station-mirpur,4,5000.0,AVAILABLE
161,2026-01-02T16:15:00,route-gazipur-mirpur,depot-gazipur,station-mirpur,2,7000.0,AVAILABLE
161,2026-01-02T16:15:00,route-gazipur-tongi,depot-gazipur,station-tongi,2,6500.0,AVAILABLE
161,2026-01-02T16:15:00,route-patiya-karnaphuli,depot-patiya,station-karnaphuli,2,7000.0,AVAILABLE
161,2026-01-02T16:15:00,route-patiya-coxsbazar,depot-patiya,station-coxsbazar,3,6000.0,AVAILABLE
161,2026-01-02T16:15:00,route-gazipur-karnaphuli,depot-gazipur,station-karnaphuli,4,5000.0,AVAILABLE
161,2026-01-02T16:15:00,route-patiya-mirpur,depot-patiya,station-mirpur,4,5000.0,AVAILABLE
162,2026-01-02T16:30:00,route-gazipur-mirpur,depot-gazipur,station-mirpur,2,7000.0,AVAILABLE
162,2026-01-02T16:30:00,route-gazipur-tongi,depot-gazipur,station-tongi,2,6500.0,AVAILABLE
162,2026-01-02T16:30:00,route-patiya-karnaphuli,depot-patiya,station-karnaphuli,2,7000.0,AVAILABLE
162,2026-01-02T16:30:00,route-patiya-coxsbazar,depot-patiya,station-coxsbazar,3,6000.0,AVAILABLE
162,2026-01-02T16:30:00,route-gazipur-karnaphuli,depot-gazipur,station-karnaphuli,4,5000.0,AVAILABLE
162,2026-01-02T16:30:00,route-patiya-mirpur,depot-patiya,station-mirpur,4,5000.0,AVAILABLE
163,2026-01-02T16:45:00,route-gazipur-mirpur,depot-gazipur,station-mirpur,2,7000.0,AVAILABLE
163,2026-01-02T16:45:00,route-gazipur-tongi,depot-gazipur,station-tongi,2,6500.0,AVAILABLE
163,2026-01-02T16:45:00,route-patiya-karnaphuli,depot-patiya,station-karnaphuli,2,7000.0,AVAILABLE
163,2026-01-02T16:45:00,route-patiya-coxsbazar,depot-patiya,station-coxsbazar,3,6000.0,AVAILABLE
163,2026-01-02T16:45:00,route-gazipur-karnaphuli,depot-gazipur,station-karnaphuli,4,5000.0,AVAILABLE
163,2026-01-02T16:45:00,route-patiya-mirpur,depot-patiya,station-mirpur,4,5000.0,AVAILABLE
164,2026-01-02T17:00:00,route-gazipur-mirpur,depot-gazipur,station-mirpur,2,7000.0,AVAILABLE
164,2026-01-02T17:00:00,route-gazipur-tongi,depot-gazipur,station-tongi,2,6500.0,AVAILABLE
164,2026-01-02T17:00:00,route-patiya-karnaphuli,depot-patiya,station-karnaphuli,2,7000.0,AVAILABLE
164,2026-01-02T17:00:00,route-patiya-coxsbazar,depot-patiya,station-coxsbazar,3,6000.0,AVAILABLE
164,2026-01-02T17:00:00,route-gazipur-karnaphuli,depot-gazipur,station-karnaphuli,4,5000.0,AVAILABLE
164,2026-01-02T17:00:00,route-patiya-mirpur,depot-patiya,station-mirpur,4,5000.0,AVAILABLE
165,2026-01-02T17:15:00,route-gazipur-mirpur,depot-gazipur,station-mirpur,2,7000.0,AVAILABLE
165,2026-01-02T17:15:00,route-gazipur-tongi,depot-gazipur,station-tongi,2,6500.0,AVAILABLE
165,2026-01-02T17:15:00,route-patiya-karnaphuli,depot-patiya,station-karnaphuli,2,7000.0,AVAILABLE
165,2026-01-02T17:15:00,route-patiya-coxsbazar,depot-patiya,station-coxsbazar,3,6000.0,AVAILABLE
165,2026-01-02T17:15:00,route-gazipur-karnaphuli,depot-gazipur,station-karnaphuli,4,5000.0,AVAILABLE
165,2026-01-02T17:15:00,route-patiya-mirpur,depot-patiya,station-mirpur,4,5000.0,AVAILABLE
166,2026-01-02T17:30:00,route-gazipur-mirpur,depot-gazipur,station-mirpur,2,7000.0,AVAILABLE
166,2026-01-02T17:30:00,route-gazipur-tongi,depot-gazipur,station-tongi,2,6500.0,AVAILABLE
166,2026-01-02T17:30:00,route-patiya-karnaphuli,depot-patiya,station-karnaphuli,2,7000.0,AVAILABLE
166,2026-01-02T17:30:00,route-patiya-coxsbazar,depot-patiya,station-coxsbazar,3,6000.0,AVAILABLE
166,2026-01-02T17:30:00,route-gazipur-karnaphuli,depot-gazipur,station-karnaphuli,4,5000.0,AVAILABLE
166,2026-01-02T17:30:00,route-patiya-mirpur,depot-patiya,station-mirpur,4,5000.0,AVAILABLE
167,2026-01-02T17:45:00,route-gazipur-mirpur,depot-gazipur,station-mirpur,2,7000.0,AVAILABLE
167,2026-01-02T17:45:00,route-gazipur-tongi,depot-gazipur,station-tongi,2,6500.0,AVAILABLE
167,2026-01-02T17:45:00,route-patiya-karnaphuli,depot-patiya,station-karnaphuli,2,7000.0,AVAILABLE
167,2026-01-02T17:45:00,route-patiya-coxsbazar,depot-patiya,station-coxsbazar,3,6000.0,AVAILABLE
167,2026-01-02T17:45:00,route-gazipur-karnaphuli,depot-gazipur,station-karnaphuli,4,5000.0,AVAILABLE
167,2026-01-02T17:45:00,route-patiya-mirpur,depot-patiya,station-mirpur,4,5000.0,AVAILABLE
168,2026-01-02T18:00:00,route-gazipur-mirpur,depot-gazipur,station-mirpur,2,7000.0,AVAILABLE
168,2026-01-02T18:00:00,route-gazipur-tongi,depot-gazipur,station-tongi,2,6500.0,AVAILABLE
168,2026-01-02T18:00:00,route-patiya-karnaphuli,depot-patiya,station-karnaphuli,2,7000.0,AVAILABLE
168,2026-01-02T18:00:00,route-patiya-coxsbazar,depot-patiya,station-coxsbazar,3,6000.0,AVAILABLE
168,2026-01-02T18:00:00,route-gazipur-karnaphuli,depot-gazipur,station-karnaphuli,4,5000.0,AVAILABLE
168,2026-01-02T18:00:00,route-patiya-mirpur,depot-patiya,station-mirpur,4,5000.0,AVAILABLE
169,2026-01-02T18:15:00,route-gazipur-mirpur,depot-gazipur,station-mirpur,2,7000.0,AVAILABLE
169,2026-01-02T18:15:00,route-gazipur-tongi,depot-gazipur,station-tongi,2,6500.0,AVAILABLE
169,2026-01-02T18:15:00,route-patiya-karnaphuli,depot-patiya,station-karnaphuli,2,7000.0,AVAILABLE
169,2026-01-02T18:15:00,route-patiya-coxsbazar,depot-patiya,station-coxsbazar,3,6000.0,AVAILABLE
169,2026-01-02T18:15:00,route-gazipur-karnaphuli,depot-gazipur,station-karnaphuli,4,5000.0,AVAILABLE
169,2026-01-02T18:15:00,route-patiya-mirpur,depot-patiya,station-mirpur,4,5000.0,AVAILABLE
170,2026-01-02T18:30:00,route-gazipur-mirpur,depot-gazipur,station-mirpur,2,7000.0,AVAILABLE
170,2026-01-02T18:30:00,route-gazipur-tongi,depot-gazipur,station-tongi,2,6500.0,AVAILABLE
170,2026-01-02T18:30:00,route-patiya-karnaphuli,depot-patiya,station-karnaphuli,2,7000.0,AVAILABLE
170,2026-01-02T18:30:00,route-patiya-coxsbazar,depot-patiya,station-coxsbazar,3,6000.0,AVAILABLE
170,2026-01-02T18:30:00,route-gazipur-karnaphuli,depot-gazipur,station-karnaphuli,4,5000.0,AVAILABLE
170,2026-01-02T18:30:00,route-patiya-mirpur,depot-patiya,station-mirpur,4,5000.0,AVAILABLE
171,2026-01-02T18:45:00,route-gazipur-mirpur,depot-gazipur,station-mirpur,2,7000.0,AVAILABLE
171,2026-01-02T18:45:00,route-gazipur-tongi,depot-gazipur,station-tongi,2,6500.0,AVAILABLE
171,2026-01-02T18:45:00,route-patiya-karnaphuli,depot-patiya,station-karnaphuli,2,7000.0,AVAILABLE
171,2026-01-02T18:45:00,route-patiya-coxsbazar,depot-patiya,station-coxsbazar,3,6000.0,AVAILABLE
171,2026-01-02T18:45:00,route-gazipur-karnaphuli,depot-gazipur,station-karnaphuli,4,5000.0,AVAILABLE
171,2026-01-02T18:45:00,route-patiya-mirpur,depot-patiya,station-mirpur,4,5000.0,AVAILABLE
172,2026-01-02T19:00:00,route-gazipur-mirpur,depot-gazipur,station-mirpur,2,7000.0,AVAILABLE
172,2026-01-02T19:00:00,route-gazipur-tongi,depot-gazipur,station-tongi,2,6500.0,AVAILABLE
172,2026-01-02T19:00:00,route-patiya-karnaphuli,depot-patiya,station-karnaphuli,2,7000.0,AVAILABLE
172,2026-01-02T19:00:00,route-patiya-coxsbazar,depot-patiya,station-coxsbazar,3,6000.0,AVAILABLE
172,2026-01-02T19:00:00,route-gazipur-karnaphuli,depot-gazipur,station-karnaphuli,4,5000.0,AVAILABLE
172,2026-01-02T19:00:00,route-patiya-mirpur,depot-patiya,station-mirpur,4,5000.0,AVAILABLE
173,2026-01-02T19:15:00,route-gazipur-mirpur,depot-gazipur,station-mirpur,2,7000.0,AVAILABLE
173,2026-01-02T19:15:00,route-gazipur-tongi,depot-gazipur,station-tongi,2,6500.0,AVAILABLE
173,2026-01-02T19:15:00,route-patiya-karnaphuli,depot-patiya,station-karnaphuli,2,7000.0,AVAILABLE
173,2026-01-02T19:15:00,route-patiya-coxsbazar,depot-patiya,station-coxsbazar,3,6000.0,AVAILABLE
173,2026-01-02T19:15:00,route-gazipur-karnaphuli,depot-gazipur,station-karnaphuli,4,5000.0,AVAILABLE
173,2026-01-02T19:15:00,route-patiya-mirpur,depot-patiya,station-mirpur,4,5000.0,AVAILABLE
174,2026-01-02T19:30:00,route-gazipur-mirpur,depot-gazipur,station-mirpur,2,7000.0,AVAILABLE
174,2026-01-02T19:30:00,route-gazipur-tongi,depot-gazipur,station-tongi,2,6500.0,AVAILABLE
174,2026-01-02T19:30:00,route-patiya-karnaphuli,depot-patiya,station-karnaphuli,2,7000.0,AVAILABLE
174,2026-01-02T19:30:00,route-patiya-coxsbazar,depot-patiya,station-coxsbazar,3,6000.0,AVAILABLE
174,2026-01-02T19:30:00,route-gazipur-karnaphuli,depot-gazipur,station-karnaphuli,4,5000.0,AVAILABLE
174,2026-01-02T19:30:00,route-patiya-mirpur,depot-patiya,station-mirpur,4,5000.0,AVAILABLE
175,2026-01-02T19:45:00,route-gazipur-mirpur,depot-gazipur,station-mirpur,2,7000.0,AVAILABLE
175,2026-01-02T19:45:00,route-gazipur-tongi,depot-gazipur,station-tongi,2,6500.0,AVAILABLE
175,2026-01-02T19:45:00,route-patiya-karnaphuli,depot-patiya,station-karnaphuli,2,7000.0,AVAILABLE
175,2026-01-02T19:45:00,route-patiya-coxsbazar,depot-patiya,station-coxsbazar,3,6000.0,AVAILABLE
175,2026-01-02T19:45:00,route-gazipur-karnaphuli,depot-gazipur,station-karnaphuli,4,5000.0,AVAILABLE
175,2026-01-02T19:45:00,route-patiya-mirpur,depot-patiya,station-mirpur,4,5000.0,AVAILABLE
176,2026-01-02T20:00:00,route-gazipur-mirpur,depot-gazipur,station-mirpur,2,7000.0,AVAILABLE
176,2026-01-02T20:00:00,route-gazipur-tongi,depot-gazipur,station-tongi,2,6500.0,AVAILABLE
176,2026-01-02T20:00:00,route-patiya-karnaphuli,depot-patiya,station-karnaphuli,2,7000.0,AVAILABLE
176,2026-01-02T20:00:00,route-patiya-coxsbazar,depot-patiya,station-coxsbazar,3,6000.0,AVAILABLE
176,2026-01-02T20:00:00,route-gazipur-karnaphuli,depot-gazipur,station-karnaphuli,4,5000.0,AVAILABLE
176,2026-01-02T20:00:00,route-patiya-mirpur,depot-patiya,station-mirpur,4,5000.0,AVAILABLE
177,2026-01-02T20:15:00,route-gazipur-mirpur,depot-gazipur,station-mirpur,2,7000.0,AVAILABLE
177,2026-01-02T20:15:00,route-gazipur-tongi,depot-gazipur,station-tongi,2,6500.0,AVAILABLE
177,2026-01-02T20:15:00,route-patiya-karnaphuli,depot-patiya,station-karnaphuli,2,7000.0,AVAILABLE
177,2026-01-02T20:15:00,route-patiya-coxsbazar,depot-patiya,station-coxsbazar,3,6000.0,AVAILABLE
177,2026-01-02T20:15:00,route-gazipur-karnaphuli,depot-gazipur,station-karnaphuli,4,5000.0,AVAILABLE
177,2026-01-02T20:15:00,route-patiya-mirpur,depot-patiya,station-mirpur,4,5000.0,AVAILABLE
178,2026-01-02T20:30:00,route-gazipur-mirpur,depot-gazipur,station-mirpur,2,7000.0,AVAILABLE
178,2026-01-02T20:30:00,route-gazipur-tongi,depot-gazipur,station-tongi,2,6500.0,AVAILABLE
178,2026-01-02T20:30:00,route-patiya-karnaphuli,depot-patiya,station-karnaphuli,2,7000.0,AVAILABLE
178,2026-01-02T20:30:00,route-patiya-coxsbazar,depot-patiya,station-coxsbazar,3,6000.0,AVAILABLE
178,2026-01-02T20:30:00,route-gazipur-karnaphuli,depot-gazipur,station-karnaphuli,4,5000.0,AVAILABLE
178,2026-01-02T20:30:00,route-patiya-mirpur,depot-patiya,station-mirpur,4,5000.0,AVAILABLE
179,2026-01-02T20:45:00,route-gazipur-mirpur,depot-gazipur,station-mirpur,2,7000.0,AVAILABLE
179,2026-01-02T20:45:00,route-gazipur-tongi,depot-gazipur,station-tongi,2,6500.0,AVAILABLE
179,2026-01-02T20:45:00,route-patiya-karnaphuli,depot-patiya,station-karnaphuli,2,7000.0,AVAILABLE
179,2026-01-02T20:45:00,route-patiya-coxsbazar,depot-patiya,station-coxsbazar,3,6000.0,AVAILABLE
179,2026-01-02T20:45:00,route-gazipur-karnaphuli,depot-gazipur,station-karnaphuli,4,5000.0,AVAILABLE
179,2026-01-02T20:45:00,route-patiya-mirpur,depot-patiya,station-mirpur,4,5000.0,AVAILABLE
180,2026-01-02T21:00:00,route-gazipur-mirpur,depot-gazipur,station-mirpur,2,7000.0,AVAILABLE
180,2026-01-02T21:00:00,route-gazipur-tongi,depot-gazipur,station-tongi,2,6500.0,AVAILABLE
180,2026-01-02T21:00:00,route-patiya-karnaphuli,depot-patiya,station-karnaphuli,2,7000.0,AVAILABLE
180,2026-01-02T21:00:00,route-patiya-coxsbazar,depot-patiya,station-coxsbazar,3,6000.0,AVAILABLE
180,2026-01-02T21:00:00,route-gazipur-karnaphuli,depot-gazipur,station-karnaphuli,4,5000.0,AVAILABLE
180,2026-01-02T21:00:00,route-patiya-mirpur,depot-patiya,station-mirpur,4,5000.0,AVAILABLE
181,2026-01-02T21:15:00,route-gazipur-mirpur,depot-gazipur,station-mirpur,2,7000.0,AVAILABLE
181,2026-01-02T21:15:00,route-gazipur-tongi,depot-gazipur,station-tongi,2,6500.0,AVAILABLE
181,2026-01-02T21:15:00,route-patiya-karnaphuli,depot-patiya,station-karnaphuli,2,7000.0,AVAILABLE
181,2026-01-02T21:15:00,route-patiya-coxsbazar,depot-patiya,station-coxsbazar,3,6000.0,AVAILABLE
181,2026-01-02T21:15:00,route-gazipur-karnaphuli,depot-gazipur,station-karnaphuli,4,5000.0,AVAILABLE
181,2026-01-02T21:15:00,route-patiya-mirpur,depot-patiya,station-mirpur,4,5000.0,AVAILABLE
182,2026-01-02T21:30:00,route-gazipur-mirpur,depot-gazipur,station-mirpur,2,7000.0,AVAILABLE
182,2026-01-02T21:30:00,route-gazipur-tongi,depot-gazipur,station-tongi,2,6500.0,AVAILABLE
182,2026-01-02T21:30:00,route-patiya-karnaphuli,depot-patiya,station-karnaphuli,2,7000.0,AVAILABLE
182,2026-01-02T21:30:00,route-patiya-coxsbazar,depot-patiya,station-coxsbazar,3,6000.0,AVAILABLE
182,2026-01-02T21:30:00,route-gazipur-karnaphuli,depot-gazipur,station-karnaphuli,4,5000.0,AVAILABLE
182,2026-01-02T21:30:00,route-patiya-mirpur,depot-patiya,station-mirpur,4,5000.0,AVAILABLE
183,2026-01-02T21:45:00,route-gazipur-mirpur,depot-gazipur,station-mirpur,2,7000.0,AVAILABLE
183,2026-01-02T21:45:00,route-gazipur-tongi,depot-gazipur,station-tongi,2,6500.0,AVAILABLE
183,2026-01-02T21:45:00,route-patiya-karnaphuli,depot-patiya,station-karnaphuli,2,7000.0,AVAILABLE
183,2026-01-02T21:45:00,route-patiya-coxsbazar,depot-patiya,station-coxsbazar,3,6000.0,AVAILABLE
183,2026-01-02T21:45:00,route-gazipur-karnaphuli,depot-gazipur,station-karnaphuli,4,5000.0,AVAILABLE
183,2026-01-02T21:45:00,route-patiya-mirpur,depot-patiya,station-mirpur,4,5000.0,AVAILABLE
184,2026-01-02T22:00:00,route-gazipur-mirpur,depot-gazipur,station-mirpur,2,7000.0,AVAILABLE
184,2026-01-02T22:00:00,route-gazipur-tongi,depot-gazipur,station-tongi,2,6500.0,AVAILABLE
184,2026-01-02T22:00:00,route-patiya-karnaphuli,depot-patiya,station-karnaphuli,2,7000.0,AVAILABLE
184,2026-01-02T22:00:00,route-patiya-coxsbazar,depot-patiya,station-coxsbazar,3,6000.0,AVAILABLE
184,2026-01-02T22:00:00,route-gazipur-karnaphuli,depot-gazipur,station-karnaphuli,4,5000.0,AVAILABLE
184,2026-01-02T22:00:00,route-patiya-mirpur,depot-patiya,station-mirpur,4,5000.0,AVAILABLE
185,2026-01-02T22:15:00,route-gazipur-mirpur,depot-gazipur,station-mirpur,2,7000.0,AVAILABLE
185,2026-01-02T22:15:00,route-gazipur-tongi,depot-gazipur,station-tongi,2,6500.0,AVAILABLE
185,2026-01-02T22:15:00,route-patiya-karnaphuli,depot-patiya,station-karnaphuli,2,7000.0,AVAILABLE
185,2026-01-02T22:15:00,route-patiya-coxsbazar,depot-patiya,station-coxsbazar,3,6000.0,AVAILABLE
185,2026-01-02T22:15:00,route-gazipur-karnaphuli,depot-gazipur,station-karnaphuli,4,5000.0,AVAILABLE
185,2026-01-02T22:15:00,route-patiya-mirpur,depot-patiya,station-mirpur,4,5000.0,AVAILABLE
186,2026-01-02T22:30:00,route-gazipur-mirpur,depot-gazipur,station-mirpur,2,7000.0,AVAILABLE
186,2026-01-02T22:30:00,route-gazipur-tongi,depot-gazipur,station-tongi,2,6500.0,AVAILABLE
186,2026-01-02T22:30:00,route-patiya-karnaphuli,depot-patiya,station-karnaphuli,2,7000.0,AVAILABLE
186,2026-01-02T22:30:00,route-patiya-coxsbazar,depot-patiya,station-coxsbazar,3,6000.0,AVAILABLE
186,2026-01-02T22:30:00,route-gazipur-karnaphuli,depot-gazipur,station-karnaphuli,4,5000.0,AVAILABLE
186,2026-01-02T22:30:00,route-patiya-mirpur,depot-patiya,station-mirpur,4,5000.0,AVAILABLE
187,2026-01-02T22:45:00,route-gazipur-mirpur,depot-gazipur,station-mirpur,2,7000.0,AVAILABLE
187,2026-01-02T22:45:00,route-gazipur-tongi,depot-gazipur,station-tongi,2,6500.0,AVAILABLE
187,2026-01-02T22:45:00,route-patiya-karnaphuli,depot-patiya,station-karnaphuli,2,7000.0,AVAILABLE
187,2026-01-02T22:45:00,route-patiya-coxsbazar,depot-patiya,station-coxsbazar,3,6000.0,AVAILABLE
187,2026-01-02T22:45:00,route-gazipur-karnaphuli,depot-gazipur,station-karnaphuli,4,5000.0,AVAILABLE
187,2026-01-02T22:45:00,route-patiya-mirpur,depot-patiya,station-mirpur,4,5000.0,AVAILABLE
188,2026-01-02T23:00:00,route-gazipur-mirpur,depot-gazipur,station-mirpur,2,7000.0,AVAILABLE
188,2026-01-02T23:00:00,route-gazipur-tongi,depot-gazipur,station-tongi,2,6500.0,AVAILABLE
188,2026-01-02T23:00:00,route-patiya-karnaphuli,depot-patiya,station-karnaphuli,2,7000.0,AVAILABLE
188,2026-01-02T23:00:00,route-patiya-coxsbazar,depot-patiya,station-coxsbazar,3,6000.0,AVAILABLE
188,2026-01-02T23:00:00,route-gazipur-karnaphuli,depot-gazipur,station-karnaphuli,4,5000.0,AVAILABLE
188,2026-01-02T23:00:00,route-patiya-mirpur,depot-patiya,station-mirpur,4,5000.0,AVAILABLE
189,2026-01-02T23:15:00,route-gazipur-mirpur,depot-gazipur,station-mirpur,2,7000.0,AVAILABLE
189,2026-01-02T23:15:00,route-gazipur-tongi,depot-gazipur,station-tongi,2,6500.0,AVAILABLE
189,2026-01-02T23:15:00,route-patiya-karnaphuli,depot-patiya,station-karnaphuli,2,7000.0,AVAILABLE
189,2026-01-02T23:15:00,route-patiya-coxsbazar,depot-patiya,station-coxsbazar,3,6000.0,AVAILABLE
189,2026-01-02T23:15:00,route-gazipur-karnaphuli,depot-gazipur,station-karnaphuli,4,5000.0,AVAILABLE
189,2026-01-02T23:15:00,route-patiya-mirpur,depot-patiya,station-mirpur,4,5000.0,AVAILABLE
190,2026-01-02T23:30:00,route-gazipur-mirpur,depot-gazipur,station-mirpur,2,7000.0,AVAILABLE
190,2026-01-02T23:30:00,route-gazipur-tongi,depot-gazipur,station-tongi,2,6500.0,AVAILABLE
190,2026-01-02T23:30:00,route-patiya-karnaphuli,depot-patiya,station-karnaphuli,2,7000.0,AVAILABLE
190,2026-01-02T23:30:00,route-patiya-coxsbazar,depot-patiya,station-coxsbazar,3,6000.0,AVAILABLE
190,2026-01-02T23:30:00,route-gazipur-karnaphuli,depot-gazipur,station-karnaphuli,4,5000.0,AVAILABLE
190,2026-01-02T23:30:00,route-patiya-mirpur,depot-patiya,station-mirpur,4,5000.0,AVAILABLE
191,2026-01-02T23:45:00,route-gazipur-mirpur,depot-gazipur,station-mirpur,2,7000.0,AVAILABLE
191,2026-01-02T23:45:00,route-gazipur-tongi,depot-gazipur,station-tongi,2,6500.0,AVAILABLE
191,2026-01-02T23:45:00,route-patiya-karnaphuli,depot-patiya,station-karnaphuli,2,7000.0,AVAILABLE
191,2026-01-02T23:45:00,route-patiya-coxsbazar,depot-patiya,station-coxsbazar,3,6000.0,AVAILABLE
191,2026-01-02T23:45:00,route-gazipur-karnaphuli,depot-gazipur,station-karnaphuli,4,5000.0,AVAILABLE
191,2026-01-02T23:45:00,route-patiya-mirpur,depot-patiya,station-mirpur,4,5000.0,AVAILABLE
192,2026-01-03T00:00:00,route-gazipur-mirpur,depot-gazipur,station-mirpur,2,7000.0,AVAILABLE
192,2026-01-03T00:00:00,route-gazipur-tongi,depot-gazipur,station-tongi,2,6500.0,AVAILABLE
192,2026-01-03T00:00:00,route-patiya-karnaphuli,depot-patiya,station-karnaphuli,2,7000.0,AVAILABLE
192,2026-01-03T00:00:00,route-patiya-coxsbazar,depot-patiya,station-coxsbazar,3,6000.0,AVAILABLE
192,2026-01-03T00:00:00,route-gazipur-karnaphuli,depot-gazipur,station-karnaphuli,4,5000.0,AVAILABLE
192,2026-01-03T00:00:00,route-patiya-mirpur,depot-patiya,station-mirpur,4,5000.0,AVAILABLE
193,2026-01-03T00:15:00,route-gazipur-mirpur,depot-gazipur,station-mirpur,2,7000.0,AVAILABLE
193,2026-01-03T00:15:00,route-gazipur-tongi,depot-gazipur,station-tongi,2,6500.0,AVAILABLE
193,2026-01-03T00:15:00,route-patiya-karnaphuli,depot-patiya,station-karnaphuli,2,7000.0,AVAILABLE
193,2026-01-03T00:15:00,route-patiya-coxsbazar,depot-patiya,station-coxsbazar,3,6000.0,AVAILABLE
193,2026-01-03T00:15:00,route-gazipur-karnaphuli,depot-gazipur,station-karnaphuli,4,5000.0,AVAILABLE
193,2026-01-03T00:15:00,route-patiya-mirpur,depot-patiya,station-mirpur,4,5000.0,AVAILABLE
194,2026-01-03T00:30:00,route-gazipur-mirpur,depot-gazipur,station-mirpur,2,7000.0,AVAILABLE
194,2026-01-03T00:30:00,route-gazipur-tongi,depot-gazipur,station-tongi,2,6500.0,AVAILABLE
194,2026-01-03T00:30:00,route-patiya-karnaphuli,depot-patiya,station-karnaphuli,2,7000.0,AVAILABLE
194,2026-01-03T00:30:00,route-patiya-coxsbazar,depot-patiya,station-coxsbazar,3,6000.0,AVAILABLE
194,2026-01-03T00:30:00,route-gazipur-karnaphuli,depot-gazipur,station-karnaphuli,4,5000.0,AVAILABLE
194,2026-01-03T00:30:00,route-patiya-mirpur,depot-patiya,station-mirpur,4,5000.0,AVAILABLE
195,2026-01-03T00:45:00,route-gazipur-mirpur,depot-gazipur,station-mirpur,2,7000.0,AVAILABLE
195,2026-01-03T00:45:00,route-gazipur-tongi,depot-gazipur,station-tongi,2,6500.0,AVAILABLE
195,2026-01-03T00:45:00,route-patiya-karnaphuli,depot-patiya,station-karnaphuli,2,7000.0,AVAILABLE
195,2026-01-03T00:45:00,route-patiya-coxsbazar,depot-patiya,station-coxsbazar,3,6000.0,AVAILABLE
195,2026-01-03T00:45:00,route-gazipur-karnaphuli,depot-gazipur,station-karnaphuli,4,5000.0,AVAILABLE
195,2026-01-03T00:45:00,route-patiya-mirpur,depot-patiya,station-mirpur,4,5000.0,AVAILABLE
196,2026-01-03T01:00:00,route-gazipur-mirpur,depot-gazipur,station-mirpur,2,7000.0,AVAILABLE
196,2026-01-03T01:00:00,route-gazipur-tongi,depot-gazipur,station-tongi,2,6500.0,AVAILABLE
196,2026-01-03T01:00:00,route-patiya-karnaphuli,depot-patiya,station-karnaphuli,2,7000.0,AVAILABLE
196,2026-01-03T01:00:00,route-patiya-coxsbazar,depot-patiya,station-coxsbazar,3,6000.0,AVAILABLE
196,2026-01-03T01:00:00,route-gazipur-karnaphuli,depot-gazipur,station-karnaphuli,4,5000.0,AVAILABLE
196,2026-01-03T01:00:00,route-patiya-mirpur,depot-patiya,station-mirpur,4,5000.0,AVAILABLE
197,2026-01-03T01:15:00,route-gazipur-mirpur,depot-gazipur,station-mirpur,2,7000.0,AVAILABLE
197,2026-01-03T01:15:00,route-gazipur-tongi,depot-gazipur,station-tongi,2,6500.0,AVAILABLE
197,2026-01-03T01:15:00,route-patiya-karnaphuli,depot-patiya,station-karnaphuli,2,7000.0,AVAILABLE
197,2026-01-03T01:15:00,route-patiya-coxsbazar,depot-patiya,station-coxsbazar,3,6000.0,AVAILABLE
197,2026-01-03T01:15:00,route-gazipur-karnaphuli,depot-gazipur,station-karnaphuli,4,5000.0,AVAILABLE
197,2026-01-03T01:15:00,route-patiya-mirpur,depot-patiya,station-mirpur,4,5000.0,AVAILABLE
198,2026-01-03T01:30:00,route-gazipur-mirpur,depot-gazipur,station-mirpur,2,7000.0,AVAILABLE
198,2026-01-03T01:30:00,route-gazipur-tongi,depot-gazipur,station-tongi,2,6500.0,AVAILABLE
198,2026-01-03T01:30:00,route-patiya-karnaphuli,depot-patiya,station-karnaphuli,2,7000.0,AVAILABLE
198,2026-01-03T01:30:00,route-patiya-coxsbazar,depot-patiya,station-coxsbazar,3,6000.0,AVAILABLE
198,2026-01-03T01:30:00,route-gazipur-karnaphuli,depot-gazipur,station-karnaphuli,4,5000.0,AVAILABLE
198,2026-01-03T01:30:00,route-patiya-mirpur,depot-patiya,station-mirpur,4,5000.0,AVAILABLE
199,2026-01-03T01:45:00,route-gazipur-mirpur,depot-gazipur,station-mirpur,2,7000.0,AVAILABLE
199,2026-01-03T01:45:00,route-gazipur-tongi,depot-gazipur,station-tongi,2,6500.0,AVAILABLE
199,2026-01-03T01:45:00,route-patiya-karnaphuli,depot-patiya,station-karnaphuli,2,7000.0,AVAILABLE
199,2026-01-03T01:45:00,route-patiya-coxsbazar,depot-patiya,station-coxsbazar,3,6000.0,AVAILABLE
199,2026-01-03T01:45:00,route-gazipur-karnaphuli,depot-gazipur,station-karnaphuli,4,5000.0,AVAILABLE
199,2026-01-03T01:45:00,route-patiya-mirpur,depot-patiya,station-mirpur,4,5000.0,AVAILABLE
200,2026-01-03T02:00:00,route-gazipur-mirpur,depot-gazipur,station-mirpur,2,7000.0,AVAILABLE
200,2026-01-03T02:00:00,route-gazipur-tongi,depot-gazipur,station-tongi,2,6500.0,AVAILABLE
200,2026-01-03T02:00:00,route-patiya-karnaphuli,depot-patiya,station-karnaphuli,2,7000.0,AVAILABLE
200,2026-01-03T02:00:00,route-patiya-coxsbazar,depot-patiya,station-coxsbazar,3,6000.0,AVAILABLE
200,2026-01-03T02:00:00,route-gazipur-karnaphuli,depot-gazipur,station-karnaphuli,4,5000.0,AVAILABLE
200,2026-01-03T02:00:00,route-patiya-mirpur,depot-patiya,station-mirpur,4,5000.0,AVAILABLE
201,2026-01-03T02:15:00,route-gazipur-mirpur,depot-gazipur,station-mirpur,2,7000.0,AVAILABLE
201,2026-01-03T02:15:00,route-gazipur-tongi,depot-gazipur,station-tongi,2,6500.0,AVAILABLE
201,2026-01-03T02:15:00,route-patiya-karnaphuli,depot-patiya,station-karnaphuli,2,7000.0,AVAILABLE
201,2026-01-03T02:15:00,route-patiya-coxsbazar,depot-patiya,station-coxsbazar,3,6000.0,AVAILABLE
201,2026-01-03T02:15:00,route-gazipur-karnaphuli,depot-gazipur,station-karnaphuli,4,5000.0,AVAILABLE
201,2026-01-03T02:15:00,route-patiya-mirpur,depot-patiya,station-mirpur,4,5000.0,AVAILABLE
202,2026-01-03T02:30:00,route-gazipur-mirpur,depot-gazipur,station-mirpur,2,7000.0,AVAILABLE
202,2026-01-03T02:30:00,route-gazipur-tongi,depot-gazipur,station-tongi,2,6500.0,AVAILABLE
202,2026-01-03T02:30:00,route-patiya-karnaphuli,depot-patiya,station-karnaphuli,2,7000.0,AVAILABLE
202,2026-01-03T02:30:00,route-patiya-coxsbazar,depot-patiya,station-coxsbazar,3,6000.0,AVAILABLE
202,2026-01-03T02:30:00,route-gazipur-karnaphuli,depot-gazipur,station-karnaphuli,4,5000.0,AVAILABLE
202,2026-01-03T02:30:00,route-patiya-mirpur,depot-patiya,station-mirpur,4,5000.0,AVAILABLE
203,2026-01-03T02:45:00,route-gazipur-mirpur,depot-gazipur,station-mirpur,2,7000.0,AVAILABLE
203,2026-01-03T02:45:00,route-gazipur-tongi,depot-gazipur,station-tongi,2,6500.0,AVAILABLE
203,2026-01-03T02:45:00,route-patiya-karnaphuli,depot-patiya,station-karnaphuli,2,7000.0,AVAILABLE
203,2026-01-03T02:45:00,route-patiya-coxsbazar,depot-patiya,station-coxsbazar,3,6000.0,AVAILABLE
203,2026-01-03T02:45:00,route-gazipur-karnaphuli,depot-gazipur,station-karnaphuli,4,5000.0,AVAILABLE
203,2026-01-03T02:45:00,route-patiya-mirpur,depot-patiya,station-mirpur,4,5000.0,AVAILABLE
204,2026-01-03T03:00:00,route-gazipur-mirpur,depot-gazipur,station-mirpur,2,7000.0,AVAILABLE
204,2026-01-03T03:00:00,route-gazipur-tongi,depot-gazipur,station-tongi,2,6500.0,AVAILABLE
204,2026-01-03T03:00:00,route-patiya-karnaphuli,depot-patiya,station-karnaphuli,2,7000.0,AVAILABLE
204,2026-01-03T03:00:00,route-patiya-coxsbazar,depot-patiya,station-coxsbazar,3,6000.0,AVAILABLE
204,2026-01-03T03:00:00,route-gazipur-karnaphuli,depot-gazipur,station-karnaphuli,4,5000.0,AVAILABLE
204,2026-01-03T03:00:00,route-patiya-mirpur,depot-patiya,station-mirpur,4,5000.0,AVAILABLE
205,2026-01-03T03:15:00,route-gazipur-mirpur,depot-gazipur,station-mirpur,2,7000.0,AVAILABLE
205,2026-01-03T03:15:00,route-gazipur-tongi,depot-gazipur,station-tongi,2,6500.0,AVAILABLE
205,2026-01-03T03:15:00,route-patiya-karnaphuli,depot-patiya,station-karnaphuli,2,7000.0,AVAILABLE
205,2026-01-03T03:15:00,route-patiya-coxsbazar,depot-patiya,station-coxsbazar,3,6000.0,AVAILABLE
205,2026-01-03T03:15:00,route-gazipur-karnaphuli,depot-gazipur,station-karnaphuli,4,5000.0,AVAILABLE
205,2026-01-03T03:15:00,route-patiya-mirpur,depot-patiya,station-mirpur,4,5000.0,AVAILABLE
206,2026-01-03T03:30:00,route-gazipur-mirpur,depot-gazipur,station-mirpur,2,7000.0,AVAILABLE
206,2026-01-03T03:30:00,route-gazipur-tongi,depot-gazipur,station-tongi,2,6500.0,AVAILABLE
206,2026-01-03T03:30:00,route-patiya-karnaphuli,depot-patiya,station-karnaphuli,2,7000.0,AVAILABLE
206,2026-01-03T03:30:00,route-patiya-coxsbazar,depot-patiya,station-coxsbazar,3,6000.0,AVAILABLE
206,2026-01-03T03:30:00,route-gazipur-karnaphuli,depot-gazipur,station-karnaphuli,4,5000.0,AVAILABLE
206,2026-01-03T03:30:00,route-patiya-mirpur,depot-patiya,station-mirpur,4,5000.0,AVAILABLE
207,2026-01-03T03:45:00,route-gazipur-mirpur,depot-gazipur,station-mirpur,2,7000.0,AVAILABLE
207,2026-01-03T03:45:00,route-gazipur-tongi,depot-gazipur,station-tongi,2,6500.0,AVAILABLE
207,2026-01-03T03:45:00,route-patiya-karnaphuli,depot-patiya,station-karnaphuli,2,7000.0,AVAILABLE
207,2026-01-03T03:45:00,route-patiya-coxsbazar,depot-patiya,station-coxsbazar,3,6000.0,AVAILABLE
207,2026-01-03T03:45:00,route-gazipur-karnaphuli,depot-gazipur,station-karnaphuli,4,5000.0,AVAILABLE
207,2026-01-03T03:45:00,route-patiya-mirpur,depot-patiya,station-mirpur,4,5000.0,AVAILABLE
208,2026-01-03T04:00:00,route-gazipur-mirpur,depot-gazipur,station-mirpur,2,7000.0,AVAILABLE
208,2026-01-03T04:00:00,route-gazipur-tongi,depot-gazipur,station-tongi,2,6500.0,AVAILABLE
208,2026-01-03T04:00:00,route-patiya-karnaphuli,depot-patiya,station-karnaphuli,2,7000.0,AVAILABLE
208,2026-01-03T04:00:00,route-patiya-coxsbazar,depot-patiya,station-coxsbazar,3,6000.0,AVAILABLE
208,2026-01-03T04:00:00,route-gazipur-karnaphuli,depot-gazipur,station-karnaphuli,4,5000.0,AVAILABLE
208,2026-01-03T04:00:00,route-patiya-mirpur,depot-patiya,station-mirpur,4,5000.0,AVAILABLE
209,2026-01-03T04:15:00,route-gazipur-mirpur,depot-gazipur,station-mirpur,2,7000.0,AVAILABLE
209,2026-01-03T04:15:00,route-gazipur-tongi,depot-gazipur,station-tongi,2,6500.0,AVAILABLE
209,2026-01-03T04:15:00,route-patiya-karnaphuli,depot-patiya,station-karnaphuli,2,7000.0,AVAILABLE
209,2026-01-03T04:15:00,route-patiya-coxsbazar,depot-patiya,station-coxsbazar,3,6000.0,AVAILABLE
209,2026-01-03T04:15:00,route-gazipur-karnaphuli,depot-gazipur,station-karnaphuli,4,5000.0,AVAILABLE
209,2026-01-03T04:15:00,route-patiya-mirpur,depot-patiya,station-mirpur,4,5000.0,AVAILABLE
210,2026-01-03T04:30:00,route-gazipur-mirpur,depot-gazipur,station-mirpur,2,7000.0,AVAILABLE
210,2026-01-03T04:30:00,route-gazipur-tongi,depot-gazipur,station-tongi,2,6500.0,AVAILABLE
210,2026-01-03T04:30:00,route-patiya-karnaphuli,depot-patiya,station-karnaphuli,2,7000.0,AVAILABLE
210,2026-01-03T04:30:00,route-patiya-coxsbazar,depot-patiya,station-coxsbazar,3,6000.0,AVAILABLE
210,2026-01-03T04:30:00,route-gazipur-karnaphuli,depot-gazipur,station-karnaphuli,4,5000.0,AVAILABLE
210,2026-01-03T04:30:00,route-patiya-mirpur,depot-patiya,station-mirpur,4,5000.0,AVAILABLE
211,2026-01-03T04:45:00,route-gazipur-mirpur,depot-gazipur,station-mirpur,2,7000.0,AVAILABLE
211,2026-01-03T04:45:00,route-gazipur-tongi,depot-gazipur,station-tongi,2,6500.0,AVAILABLE
211,2026-01-03T04:45:00,route-patiya-karnaphuli,depot-patiya,station-karnaphuli,2,7000.0,AVAILABLE
211,2026-01-03T04:45:00,route-patiya-coxsbazar,depot-patiya,station-coxsbazar,3,6000.0,AVAILABLE
211,2026-01-03T04:45:00,route-gazipur-karnaphuli,depot-gazipur,station-karnaphuli,4,5000.0,AVAILABLE
211,2026-01-03T04:45:00,route-patiya-mirpur,depot-patiya,station-mirpur,4,5000.0,AVAILABLE
212,2026-01-03T05:00:00,route-gazipur-mirpur,depot-gazipur,station-mirpur,2,7000.0,AVAILABLE
212,2026-01-03T05:00:00,route-gazipur-tongi,depot-gazipur,station-tongi,2,6500.0,AVAILABLE
212,2026-01-03T05:00:00,route-patiya-karnaphuli,depot-patiya,station-karnaphuli,2,7000.0,AVAILABLE
212,2026-01-03T05:00:00,route-patiya-coxsbazar,depot-patiya,station-coxsbazar,3,6000.0,AVAILABLE
212,2026-01-03T05:00:00,route-gazipur-karnaphuli,depot-gazipur,station-karnaphuli,4,5000.0,AVAILABLE
212,2026-01-03T05:00:00,route-patiya-mirpur,depot-patiya,station-mirpur,4,5000.0,AVAILABLE
213,2026-01-03T05:15:00,route-gazipur-mirpur,depot-gazipur,station-mirpur,2,7000.0,AVAILABLE
213,2026-01-03T05:15:00,route-gazipur-tongi,depot-gazipur,station-tongi,2,6500.0,AVAILABLE
213,2026-01-03T05:15:00,route-patiya-karnaphuli,depot-patiya,station-karnaphuli,2,7000.0,AVAILABLE
213,2026-01-03T05:15:00,route-patiya-coxsbazar,depot-patiya,station-coxsbazar,3,6000.0,AVAILABLE
213,2026-01-03T05:15:00,route-gazipur-karnaphuli,depot-gazipur,station-karnaphuli,4,5000.0,AVAILABLE
213,2026-01-03T05:15:00,route-patiya-mirpur,depot-patiya,station-mirpur,4,5000.0,AVAILABLE
214,2026-01-03T05:30:00,route-gazipur-mirpur,depot-gazipur,station-mirpur,2,7000.0,AVAILABLE
214,2026-01-03T05:30:00,route-gazipur-tongi,depot-gazipur,station-tongi,2,6500.0,AVAILABLE
214,2026-01-03T05:30:00,route-patiya-karnaphuli,depot-patiya,station-karnaphuli,2,7000.0,AVAILABLE
214,2026-01-03T05:30:00,route-patiya-coxsbazar,depot-patiya,station-coxsbazar,3,6000.0,AVAILABLE
214,2026-01-03T05:30:00,route-gazipur-karnaphuli,depot-gazipur,station-karnaphuli,4,5000.0,AVAILABLE
214,2026-01-03T05:30:00,route-patiya-mirpur,depot-patiya,station-mirpur,4,5000.0,AVAILABLE
215,2026-01-03T05:45:00,route-gazipur-mirpur,depot-gazipur,station-mirpur,2,7000.0,AVAILABLE
215,2026-01-03T05:45:00,route-gazipur-tongi,depot-gazipur,station-tongi,2,6500.0,AVAILABLE
215,2026-01-03T05:45:00,route-patiya-karnaphuli,depot-patiya,station-karnaphuli,2,7000.0,AVAILABLE
215,2026-01-03T05:45:00,route-patiya-coxsbazar,depot-patiya,station-coxsbazar,3,6000.0,AVAILABLE
215,2026-01-03T05:45:00,route-gazipur-karnaphuli,depot-gazipur,station-karnaphuli,4,5000.0,AVAILABLE
215,2026-01-03T05:45:00,route-patiya-mirpur,depot-patiya,station-mirpur,4,5000.0,AVAILABLE
216,2026-01-03T06:00:00,route-gazipur-mirpur,depot-gazipur,station-mirpur,2,7000.0,AVAILABLE
216,2026-01-03T06:00:00,route-gazipur-tongi,depot-gazipur,station-tongi,2,6500.0,AVAILABLE
216,2026-01-03T06:00:00,route-patiya-karnaphuli,depot-patiya,station-karnaphuli,2,7000.0,AVAILABLE
216,2026-01-03T06:00:00,route-patiya-coxsbazar,depot-patiya,station-coxsbazar,3,6000.0,AVAILABLE
216,2026-01-03T06:00:00,route-gazipur-karnaphuli,depot-gazipur,station-karnaphuli,4,5000.0,AVAILABLE
216,2026-01-03T06:00:00,route-patiya-mirpur,depot-patiya,station-mirpur,4,5000.0,AVAILABLE
217,2026-01-03T06:15:00,route-gazipur-mirpur,depot-gazipur,station-mirpur,2,7000.0,AVAILABLE
217,2026-01-03T06:15:00,route-gazipur-tongi,depot-gazipur,station-tongi,2,6500.0,AVAILABLE
217,2026-01-03T06:15:00,route-patiya-karnaphuli,depot-patiya,station-karnaphuli,2,7000.0,AVAILABLE
217,2026-01-03T06:15:00,route-patiya-coxsbazar,depot-patiya,station-coxsbazar,3,6000.0,AVAILABLE
217,2026-01-03T06:15:00,route-gazipur-karnaphuli,depot-gazipur,station-karnaphuli,4,5000.0,AVAILABLE
217,2026-01-03T06:15:00,route-patiya-mirpur,depot-patiya,station-mirpur,4,5000.0,AVAILABLE
218,2026-01-03T06:30:00,route-gazipur-mirpur,depot-gazipur,station-mirpur,2,7000.0,AVAILABLE
218,2026-01-03T06:30:00,route-gazipur-tongi,depot-gazipur,station-tongi,2,6500.0,AVAILABLE
218,2026-01-03T06:30:00,route-patiya-karnaphuli,depot-patiya,station-karnaphuli,2,7000.0,AVAILABLE
218,2026-01-03T06:30:00,route-patiya-coxsbazar,depot-patiya,station-coxsbazar,3,6000.0,AVAILABLE
218,2026-01-03T06:30:00,route-gazipur-karnaphuli,depot-gazipur,station-karnaphuli,4,5000.0,AVAILABLE
218,2026-01-03T06:30:00,route-patiya-mirpur,depot-patiya,station-mirpur,4,5000.0,AVAILABLE
219,2026-01-03T06:45:00,route-gazipur-mirpur,depot-gazipur,station-mirpur,2,7000.0,AVAILABLE
219,2026-01-03T06:45:00,route-gazipur-tongi,depot-gazipur,station-tongi,2,6500.0,AVAILABLE
219,2026-01-03T06:45:00,route-patiya-karnaphuli,depot-patiya,station-karnaphuli,2,7000.0,AVAILABLE
219,2026-01-03T06:45:00,route-patiya-coxsbazar,depot-patiya,station-coxsbazar,3,6000.0,AVAILABLE
219,2026-01-03T06:45:00,route-gazipur-karnaphuli,depot-gazipur,station-karnaphuli,4,5000.0,AVAILABLE
219,2026-01-03T06:45:00,route-patiya-mirpur,depot-patiya,station-mirpur,4,5000.0,AVAILABLE
220,2026-01-03T07:00:00,route-gazipur-mirpur,depot-gazipur,station-mirpur,2,7000.0,AVAILABLE
220,2026-01-03T07:00:00,route-gazipur-tongi,depot-gazipur,station-tongi,2,6500.0,AVAILABLE
220,2026-01-03T07:00:00,route-patiya-karnaphuli,depot-patiya,station-karnaphuli,2,7000.0,AVAILABLE
220,2026-01-03T07:00:00,route-patiya-coxsbazar,depot-patiya,station-coxsbazar,3,6000.0,AVAILABLE
220,2026-01-03T07:00:00,route-gazipur-karnaphuli,depot-gazipur,station-karnaphuli,4,5000.0,AVAILABLE
220,2026-01-03T07:00:00,route-patiya-mirpur,depot-patiya,station-mirpur,4,5000.0,AVAILABLE
221,2026-01-03T07:15:00,route-gazipur-mirpur,depot-gazipur,station-mirpur,2,7000.0,AVAILABLE
221,2026-01-03T07:15:00,route-gazipur-tongi,depot-gazipur,station-tongi,2,6500.0,AVAILABLE
221,2026-01-03T07:15:00,route-patiya-karnaphuli,depot-patiya,station-karnaphuli,2,7000.0,AVAILABLE
221,2026-01-03T07:15:00,route-patiya-coxsbazar,depot-patiya,station-coxsbazar,3,6000.0,AVAILABLE
221,2026-01-03T07:15:00,route-gazipur-karnaphuli,depot-gazipur,station-karnaphuli,4,5000.0,AVAILABLE
221,2026-01-03T07:15:00,route-patiya-mirpur,depot-patiya,station-mirpur,4,5000.0,AVAILABLE
222,2026-01-03T07:30:00,route-gazipur-mirpur,depot-gazipur,station-mirpur,2,7000.0,AVAILABLE
222,2026-01-03T07:30:00,route-gazipur-tongi,depot-gazipur,station-tongi,2,6500.0,AVAILABLE
222,2026-01-03T07:30:00,route-patiya-karnaphuli,depot-patiya,station-karnaphuli,2,7000.0,AVAILABLE
222,2026-01-03T07:30:00,route-patiya-coxsbazar,depot-patiya,station-coxsbazar,3,6000.0,AVAILABLE
222,2026-01-03T07:30:00,route-gazipur-karnaphuli,depot-gazipur,station-karnaphuli,4,5000.0,AVAILABLE
222,2026-01-03T07:30:00,route-patiya-mirpur,depot-patiya,station-mirpur,4,5000.0,AVAILABLE
223,2026-01-03T07:45:00,route-gazipur-mirpur,depot-gazipur,station-mirpur,2,7000.0,AVAILABLE
223,2026-01-03T07:45:00,route-gazipur-tongi,depot-gazipur,station-tongi,2,6500.0,AVAILABLE
223,2026-01-03T07:45:00,route-patiya-karnaphuli,depot-patiya,station-karnaphuli,2,7000.0,AVAILABLE
223,2026-01-03T07:45:00,route-patiya-coxsbazar,depot-patiya,station-coxsbazar,3,6000.0,AVAILABLE
223,2026-01-03T07:45:00,route-gazipur-karnaphuli,depot-gazipur,station-karnaphuli,4,5000.0,AVAILABLE
223,2026-01-03T07:45:00,route-patiya-mirpur,depot-patiya,station-mirpur,4,5000.0,AVAILABLE
224,2026-01-03T08:00:00,route-gazipur-mirpur,depot-gazipur,station-mirpur,2,7000.0,AVAILABLE
224,2026-01-03T08:00:00,route-gazipur-tongi,depot-gazipur,station-tongi,2,6500.0,AVAILABLE
224,2026-01-03T08:00:00,route-patiya-karnaphuli,depot-patiya,station-karnaphuli,2,7000.0,AVAILABLE
224,2026-01-03T08:00:00,route-patiya-coxsbazar,depot-patiya,station-coxsbazar,3,6000.0,AVAILABLE
224,2026-01-03T08:00:00,route-gazipur-karnaphuli,depot-gazipur,station-karnaphuli,4,5000.0,AVAILABLE
224,2026-01-03T08:00:00,route-patiya-mirpur,depot-patiya,station-mirpur,4,5000.0,AVAILABLE
225,2026-01-03T08:15:00,route-gazipur-mirpur,depot-gazipur,station-mirpur,2,7000.0,AVAILABLE
225,2026-01-03T08:15:00,route-gazipur-tongi,depot-gazipur,station-tongi,2,6500.0,AVAILABLE
225,2026-01-03T08:15:00,route-patiya-karnaphuli,depot-patiya,station-karnaphuli,2,7000.0,AVAILABLE
225,2026-01-03T08:15:00,route-patiya-coxsbazar,depot-patiya,station-coxsbazar,3,6000.0,AVAILABLE
225,2026-01-03T08:15:00,route-gazipur-karnaphuli,depot-gazipur,station-karnaphuli,4,5000.0,AVAILABLE
225,2026-01-03T08:15:00,route-patiya-mirpur,depot-patiya,station-mirpur,4,5000.0,AVAILABLE
226,2026-01-03T08:30:00,route-gazipur-mirpur,depot-gazipur,station-mirpur,2,7000.0,AVAILABLE
226,2026-01-03T08:30:00,route-gazipur-tongi,depot-gazipur,station-tongi,2,6500.0,AVAILABLE
226,2026-01-03T08:30:00,route-patiya-karnaphuli,depot-patiya,station-karnaphuli,2,7000.0,AVAILABLE
226,2026-01-03T08:30:00,route-patiya-coxsbazar,depot-patiya,station-coxsbazar,3,6000.0,AVAILABLE
226,2026-01-03T08:30:00,route-gazipur-karnaphuli,depot-gazipur,station-karnaphuli,4,5000.0,AVAILABLE
226,2026-01-03T08:30:00,route-patiya-mirpur,depot-patiya,station-mirpur,4,5000.0,AVAILABLE
227,2026-01-03T08:45:00,route-gazipur-mirpur,depot-gazipur,station-mirpur,2,7000.0,AVAILABLE
227,2026-01-03T08:45:00,route-gazipur-tongi,depot-gazipur,station-tongi,2,6500.0,AVAILABLE
227,2026-01-03T08:45:00,route-patiya-karnaphuli,depot-patiya,station-karnaphuli,2,7000.0,AVAILABLE
227,2026-01-03T08:45:00,route-patiya-coxsbazar,depot-patiya,station-coxsbazar,3,6000.0,AVAILABLE
227,2026-01-03T08:45:00,route-gazipur-karnaphuli,depot-gazipur,station-karnaphuli,4,5000.0,AVAILABLE
227,2026-01-03T08:45:00,route-patiya-mirpur,depot-patiya,station-mirpur,4,5000.0,AVAILABLE
228,2026-01-03T09:00:00,route-gazipur-mirpur,depot-gazipur,station-mirpur,2,7000.0,AVAILABLE
228,2026-01-03T09:00:00,route-gazipur-tongi,depot-gazipur,station-tongi,2,6500.0,AVAILABLE
228,2026-01-03T09:00:00,route-patiya-karnaphuli,depot-patiya,station-karnaphuli,2,7000.0,AVAILABLE
228,2026-01-03T09:00:00,route-patiya-coxsbazar,depot-patiya,station-coxsbazar,3,6000.0,AVAILABLE
228,2026-01-03T09:00:00,route-gazipur-karnaphuli,depot-gazipur,station-karnaphuli,4,5000.0,AVAILABLE
228,2026-01-03T09:00:00,route-patiya-mirpur,depot-patiya,station-mirpur,4,5000.0,AVAILABLE
229,2026-01-03T09:15:00,route-gazipur-mirpur,depot-gazipur,station-mirpur,2,7000.0,AVAILABLE
229,2026-01-03T09:15:00,route-gazipur-tongi,depot-gazipur,station-tongi,2,6500.0,AVAILABLE
229,2026-01-03T09:15:00,route-patiya-karnaphuli,depot-patiya,station-karnaphuli,2,7000.0,AVAILABLE
229,2026-01-03T09:15:00,route-patiya-coxsbazar,depot-patiya,station-coxsbazar,3,6000.0,AVAILABLE
229,2026-01-03T09:15:00,route-gazipur-karnaphuli,depot-gazipur,station-karnaphuli,4,5000.0,AVAILABLE
229,2026-01-03T09:15:00,route-patiya-mirpur,depot-patiya,station-mirpur,4,5000.0,AVAILABLE
230,2026-01-03T09:30:00,route-gazipur-mirpur,depot-gazipur,station-mirpur,2,7000.0,AVAILABLE
230,2026-01-03T09:30:00,route-gazipur-tongi,depot-gazipur,station-tongi,2,6500.0,AVAILABLE
230,2026-01-03T09:30:00,route-patiya-karnaphuli,depot-patiya,station-karnaphuli,2,7000.0,AVAILABLE
230,2026-01-03T09:30:00,route-patiya-coxsbazar,depot-patiya,station-coxsbazar,3,6000.0,AVAILABLE
230,2026-01-03T09:30:00,route-gazipur-karnaphuli,depot-gazipur,station-karnaphuli,4,5000.0,AVAILABLE
230,2026-01-03T09:30:00,route-patiya-mirpur,depot-patiya,station-mirpur,4,5000.0,AVAILABLE
231,2026-01-03T09:45:00,route-gazipur-mirpur,depot-gazipur,station-mirpur,2,7000.0,AVAILABLE
231,2026-01-03T09:45:00,route-gazipur-tongi,depot-gazipur,station-tongi,2,6500.0,AVAILABLE
231,2026-01-03T09:45:00,route-patiya-karnaphuli,depot-patiya,station-karnaphuli,2,7000.0,AVAILABLE
231,2026-01-03T09:45:00,route-patiya-coxsbazar,depot-patiya,station-coxsbazar,3,6000.0,AVAILABLE
231,2026-01-03T09:45:00,route-gazipur-karnaphuli,depot-gazipur,station-karnaphuli,4,5000.0,AVAILABLE
231,2026-01-03T09:45:00,route-patiya-mirpur,depot-patiya,station-mirpur,4,5000.0,AVAILABLE
232,2026-01-03T10:00:00,route-gazipur-mirpur,depot-gazipur,station-mirpur,2,7000.0,AVAILABLE
232,2026-01-03T10:00:00,route-gazipur-tongi,depot-gazipur,station-tongi,2,6500.0,AVAILABLE
232,2026-01-03T10:00:00,route-patiya-karnaphuli,depot-patiya,station-karnaphuli,2,7000.0,AVAILABLE
232,2026-01-03T10:00:00,route-patiya-coxsbazar,depot-patiya,station-coxsbazar,3,6000.0,AVAILABLE
232,2026-01-03T10:00:00,route-gazipur-karnaphuli,depot-gazipur,station-karnaphuli,4,5000.0,AVAILABLE
232,2026-01-03T10:00:00,route-patiya-mirpur,depot-patiya,station-mirpur,4,5000.0,AVAILABLE
233,2026-01-03T10:15:00,route-gazipur-mirpur,depot-gazipur,station-mirpur,2,7000.0,AVAILABLE
233,2026-01-03T10:15:00,route-gazipur-tongi,depot-gazipur,station-tongi,2,6500.0,AVAILABLE
233,2026-01-03T10:15:00,route-patiya-karnaphuli,depot-patiya,station-karnaphuli,2,7000.0,AVAILABLE
233,2026-01-03T10:15:00,route-patiya-coxsbazar,depot-patiya,station-coxsbazar,3,6000.0,AVAILABLE
233,2026-01-03T10:15:00,route-gazipur-karnaphuli,depot-gazipur,station-karnaphuli,4,5000.0,AVAILABLE
233,2026-01-03T10:15:00,route-patiya-mirpur,depot-patiya,station-mirpur,4,5000.0,AVAILABLE
234,2026-01-03T10:30:00,route-gazipur-mirpur,depot-gazipur,station-mirpur,2,7000.0,AVAILABLE
234,2026-01-03T10:30:00,route-gazipur-tongi,depot-gazipur,station-tongi,2,6500.0,AVAILABLE
234,2026-01-03T10:30:00,route-patiya-karnaphuli,depot-patiya,station-karnaphuli,2,7000.0,AVAILABLE
234,2026-01-03T10:30:00,route-patiya-coxsbazar,depot-patiya,station-coxsbazar,3,6000.0,AVAILABLE
234,2026-01-03T10:30:00,route-gazipur-karnaphuli,depot-gazipur,station-karnaphuli,4,5000.0,AVAILABLE
234,2026-01-03T10:30:00,route-patiya-mirpur,depot-patiya,station-mirpur,4,5000.0,AVAILABLE
235,2026-01-03T10:45:00,route-gazipur-mirpur,depot-gazipur,station-mirpur,2,7000.0,AVAILABLE
235,2026-01-03T10:45:00,route-gazipur-tongi,depot-gazipur,station-tongi,2,6500.0,AVAILABLE
235,2026-01-03T10:45:00,route-patiya-karnaphuli,depot-patiya,station-karnaphuli,2,7000.0,AVAILABLE
235,2026-01-03T10:45:00,route-patiya-coxsbazar,depot-patiya,station-coxsbazar,3,6000.0,AVAILABLE
235,2026-01-03T10:45:00,route-gazipur-karnaphuli,depot-gazipur,station-karnaphuli,4,5000.0,AVAILABLE
235,2026-01-03T10:45:00,route-patiya-mirpur,depot-patiya,station-mirpur,4,5000.0,AVAILABLE
236,2026-01-03T11:00:00,route-gazipur-mirpur,depot-gazipur,station-mirpur,2,7000.0,AVAILABLE
236,2026-01-03T11:00:00,route-gazipur-tongi,depot-gazipur,station-tongi,2,6500.0,AVAILABLE
236,2026-01-03T11:00:00,route-patiya-karnaphuli,depot-patiya,station-karnaphuli,2,7000.0,AVAILABLE
236,2026-01-03T11:00:00,route-patiya-coxsbazar,depot-patiya,station-coxsbazar,3,6000.0,AVAILABLE
236,2026-01-03T11:00:00,route-gazipur-karnaphuli,depot-gazipur,station-karnaphuli,4,5000.0,AVAILABLE
236,2026-01-03T11:00:00,route-patiya-mirpur,depot-patiya,station-mirpur,4,5000.0,AVAILABLE
237,2026-01-03T11:15:00,route-gazipur-mirpur,depot-gazipur,station-mirpur,2,7000.0,AVAILABLE
237,2026-01-03T11:15:00,route-gazipur-tongi,depot-gazipur,station-tongi,2,6500.0,AVAILABLE
237,2026-01-03T11:15:00,route-patiya-karnaphuli,depot-patiya,station-karnaphuli,2,7000.0,AVAILABLE
237,2026-01-03T11:15:00,route-patiya-coxsbazar,depot-patiya,station-coxsbazar,3,6000.0,AVAILABLE
237,2026-01-03T11:15:00,route-gazipur-karnaphuli,depot-gazipur,station-karnaphuli,4,5000.0,AVAILABLE
237,2026-01-03T11:15:00,route-patiya-mirpur,depot-patiya,station-mirpur,4,5000.0,AVAILABLE
238,2026-01-03T11:30:00,route-gazipur-mirpur,depot-gazipur,station-mirpur,2,7000.0,AVAILABLE
238,2026-01-03T11:30:00,route-gazipur-tongi,depot-gazipur,station-tongi,2,6500.0,AVAILABLE
238,2026-01-03T11:30:00,route-patiya-karnaphuli,depot-patiya,station-karnaphuli,2,7000.0,AVAILABLE
238,2026-01-03T11:30:00,route-patiya-coxsbazar,depot-patiya,station-coxsbazar,3,6000.0,AVAILABLE
238,2026-01-03T11:30:00,route-gazipur-karnaphuli,depot-gazipur,station-karnaphuli,4,5000.0,AVAILABLE
238,2026-01-03T11:30:00,route-patiya-mirpur,depot-patiya,station-mirpur,4,5000.0,AVAILABLE
239,2026-01-03T11:45:00,route-gazipur-mirpur,depot-gazipur,station-mirpur,2,7000.0,AVAILABLE
239,2026-01-03T11:45:00,route-gazipur-tongi,depot-gazipur,station-tongi,2,6500.0,AVAILABLE
239,2026-01-03T11:45:00,route-patiya-karnaphuli,depot-patiya,station-karnaphuli,2,7000.0,AVAILABLE
239,2026-01-03T11:45:00,route-patiya-coxsbazar,depot-patiya,station-coxsbazar,3,6000.0,AVAILABLE
239,2026-01-03T11:45:00,route-gazipur-karnaphuli,depot-gazipur,station-karnaphuli,4,5000.0,AVAILABLE
239,2026-01-03T11:45:00,route-patiya-mirpur,depot-patiya,station-mirpur,4,5000.0,AVAILABLE
240,2026-01-03T12:00:00,route-gazipur-mirpur,depot-gazipur,station-mirpur,2,7000.0,AVAILABLE
240,2026-01-03T12:00:00,route-gazipur-tongi,depot-gazipur,station-tongi,2,6500.0,AVAILABLE
240,2026-01-03T12:00:00,route-patiya-karnaphuli,depot-patiya,station-karnaphuli,2,7000.0,AVAILABLE
240,2026-01-03T12:00:00,route-patiya-coxsbazar,depot-patiya,station-coxsbazar,3,6000.0,AVAILABLE
240,2026-01-03T12:00:00,route-gazipur-karnaphuli,depot-gazipur,station-karnaphuli,4,5000.0,AVAILABLE
240,2026-01-03T12:00:00,route-patiya-mirpur,depot-patiya,station-mirpur,4,5000.0,AVAILABLE
241,2026-01-03T12:15:00,route-gazipur-mirpur,depot-gazipur,station-mirpur,2,7000.0,AVAILABLE
241,2026-01-03T12:15:00,route-gazipur-tongi,depot-gazipur,station-tongi,2,6500.0,AVAILABLE
241,2026-01-03T12:15:00,route-patiya-karnaphuli,depot-patiya,station-karnaphuli,2,7000.0,AVAILABLE
241,2026-01-03T12:15:00,route-patiya-coxsbazar,depot-patiya,station-coxsbazar,3,6000.0,AVAILABLE
241,2026-01-03T12:15:00,route-gazipur-karnaphuli,depot-gazipur,station-karnaphuli,4,5000.0,AVAILABLE
241,2026-01-03T12:15:00,route-patiya-mirpur,depot-patiya,station-mirpur,4,5000.0,AVAILABLE
242,2026-01-03T12:30:00,route-gazipur-mirpur,depot-gazipur,station-mirpur,2,7000.0,AVAILABLE
242,2026-01-03T12:30:00,route-gazipur-tongi,depot-gazipur,station-tongi,2,6500.0,AVAILABLE
242,2026-01-03T12:30:00,route-patiya-karnaphuli,depot-patiya,station-karnaphuli,2,7000.0,AVAILABLE
242,2026-01-03T12:30:00,route-patiya-coxsbazar,depot-patiya,station-coxsbazar,3,6000.0,AVAILABLE
242,2026-01-03T12:30:00,route-gazipur-karnaphuli,depot-gazipur,station-karnaphuli,4,5000.0,AVAILABLE
242,2026-01-03T12:30:00,route-patiya-mirpur,depot-patiya,station-mirpur,4,5000.0,AVAILABLE
243,2026-01-03T12:45:00,route-gazipur-mirpur,depot-gazipur,station-mirpur,2,7000.0,AVAILABLE
243,2026-01-03T12:45:00,route-gazipur-tongi,depot-gazipur,station-tongi,2,6500.0,AVAILABLE
243,2026-01-03T12:45:00,route-patiya-karnaphuli,depot-patiya,station-karnaphuli,2,7000.0,AVAILABLE
243,2026-01-03T12:45:00,route-patiya-coxsbazar,depot-patiya,station-coxsbazar,3,6000.0,AVAILABLE
243,2026-01-03T12:45:00,route-gazipur-karnaphuli,depot-gazipur,station-karnaphuli,4,5000.0,AVAILABLE
243,2026-01-03T12:45:00,route-patiya-mirpur,depot-patiya,station-mirpur,4,5000.0,AVAILABLE
244,2026-01-03T13:00:00,route-gazipur-mirpur,depot-gazipur,station-mirpur,2,7000.0,AVAILABLE
244,2026-01-03T13:00:00,route-gazipur-tongi,depot-gazipur,station-tongi,2,6500.0,AVAILABLE
244,2026-01-03T13:00:00,route-patiya-karnaphuli,depot-patiya,station-karnaphuli,2,7000.0,AVAILABLE
244,2026-01-03T13:00:00,route-patiya-coxsbazar,depot-patiya,station-coxsbazar,3,6000.0,AVAILABLE
244,2026-01-03T13:00:00,route-gazipur-karnaphuli,depot-gazipur,station-karnaphuli,4,5000.0,AVAILABLE
244,2026-01-03T13:00:00,route-patiya-mirpur,depot-patiya,station-mirpur,4,5000.0,AVAILABLE
245,2026-01-03T13:15:00,route-gazipur-mirpur,depot-gazipur,station-mirpur,2,7000.0,AVAILABLE
245,2026-01-03T13:15:00,route-gazipur-tongi,depot-gazipur,station-tongi,2,6500.0,AVAILABLE
245,2026-01-03T13:15:00,route-patiya-karnaphuli,depot-patiya,station-karnaphuli,2,7000.0,AVAILABLE
245,2026-01-03T13:15:00,route-patiya-coxsbazar,depot-patiya,station-coxsbazar,3,6000.0,AVAILABLE
245,2026-01-03T13:15:00,route-gazipur-karnaphuli,depot-gazipur,station-karnaphuli,4,5000.0,AVAILABLE
245,2026-01-03T13:15:00,route-patiya-mirpur,depot-patiya,station-mirpur,4,5000.0,AVAILABLE
246,2026-01-03T13:30:00,route-gazipur-mirpur,depot-gazipur,station-mirpur,2,7000.0,AVAILABLE
246,2026-01-03T13:30:00,route-gazipur-tongi,depot-gazipur,station-tongi,2,6500.0,AVAILABLE
246,2026-01-03T13:30:00,route-patiya-karnaphuli,depot-patiya,station-karnaphuli,2,7000.0,AVAILABLE
246,2026-01-03T13:30:00,route-patiya-coxsbazar,depot-patiya,station-coxsbazar,3,6000.0,AVAILABLE
246,2026-01-03T13:30:00,route-gazipur-karnaphuli,depot-gazipur,station-karnaphuli,4,5000.0,AVAILABLE
246,2026-01-03T13:30:00,route-patiya-mirpur,depot-patiya,station-mirpur,4,5000.0,AVAILABLE
247,2026-01-03T13:45:00,route-gazipur-mirpur,depot-gazipur,station-mirpur,2,7000.0,AVAILABLE
247,2026-01-03T13:45:00,route-gazipur-tongi,depot-gazipur,station-tongi,2,6500.0,AVAILABLE
247,2026-01-03T13:45:00,route-patiya-karnaphuli,depot-patiya,station-karnaphuli,2,7000.0,AVAILABLE
247,2026-01-03T13:45:00,route-patiya-coxsbazar,depot-patiya,station-coxsbazar,3,6000.0,AVAILABLE
247,2026-01-03T13:45:00,route-gazipur-karnaphuli,depot-gazipur,station-karnaphuli,4,5000.0,AVAILABLE
247,2026-01-03T13:45:00,route-patiya-mirpur,depot-patiya,station-mirpur,4,5000.0,AVAILABLE
248,2026-01-03T14:00:00,route-gazipur-mirpur,depot-gazipur,station-mirpur,2,7000.0,AVAILABLE
248,2026-01-03T14:00:00,route-gazipur-tongi,depot-gazipur,station-tongi,2,6500.0,AVAILABLE
248,2026-01-03T14:00:00,route-patiya-karnaphuli,depot-patiya,station-karnaphuli,2,7000.0,AVAILABLE
248,2026-01-03T14:00:00,route-patiya-coxsbazar,depot-patiya,station-coxsbazar,3,6000.0,AVAILABLE
248,2026-01-03T14:00:00,route-gazipur-karnaphuli,depot-gazipur,station-karnaphuli,4,5000.0,AVAILABLE
248,2026-01-03T14:00:00,route-patiya-mirpur,depot-patiya,station-mirpur,4,5000.0,AVAILABLE
249,2026-01-03T14:15:00,route-gazipur-mirpur,depot-gazipur,station-mirpur,2,7000.0,AVAILABLE
249,2026-01-03T14:15:00,route-gazipur-tongi,depot-gazipur,station-tongi,2,6500.0,AVAILABLE
249,2026-01-03T14:15:00,route-patiya-karnaphuli,depot-patiya,station-karnaphuli,2,7000.0,AVAILABLE
249,2026-01-03T14:15:00,route-patiya-coxsbazar,depot-patiya,station-coxsbazar,3,6000.0,AVAILABLE
249,2026-01-03T14:15:00,route-gazipur-karnaphuli,depot-gazipur,station-karnaphuli,4,5000.0,AVAILABLE
249,2026-01-03T14:15:00,route-patiya-mirpur,depot-patiya,station-mirpur,4,5000.0,AVAILABLE
250,2026-01-03T14:30:00,route-gazipur-mirpur,depot-gazipur,station-mirpur,2,7000.0,AVAILABLE
250,2026-01-03T14:30:00,route-gazipur-tongi,depot-gazipur,station-tongi,2,6500.0,AVAILABLE
250,2026-01-03T14:30:00,route-patiya-karnaphuli,depot-patiya,station-karnaphuli,2,7000.0,AVAILABLE
250,2026-01-03T14:30:00,route-patiya-coxsbazar,depot-patiya,station-coxsbazar,3,6000.0,AVAILABLE
250,2026-01-03T14:30:00,route-gazipur-karnaphuli,depot-gazipur,station-karnaphuli,4,5000.0,AVAILABLE
250,2026-01-03T14:30:00,route-patiya-mirpur,depot-patiya,station-mirpur,4,5000.0,AVAILABLE
251,2026-01-03T14:45:00,route-gazipur-mirpur,depot-gazipur,station-mirpur,2,7000.0,AVAILABLE
251,2026-01-03T14:45:00,route-gazipur-tongi,depot-gazipur,station-tongi,2,6500.0,AVAILABLE
251,2026-01-03T14:45:00,route-patiya-karnaphuli,depot-patiya,station-karnaphuli,2,7000.0,AVAILABLE
251,2026-01-03T14:45:00,route-patiya-coxsbazar,depot-patiya,station-coxsbazar,3,6000.0,AVAILABLE
251,2026-01-03T14:45:00,route-gazipur-karnaphuli,depot-gazipur,station-karnaphuli,4,5000.0,AVAILABLE
251,2026-01-03T14:45:00,route-patiya-mirpur,depot-patiya,station-mirpur,4,5000.0,AVAILABLE
252,2026-01-03T15:00:00,route-gazipur-mirpur,depot-gazipur,station-mirpur,2,7000.0,AVAILABLE
252,2026-01-03T15:00:00,route-gazipur-tongi,depot-gazipur,station-tongi,2,6500.0,AVAILABLE
252,2026-01-03T15:00:00,route-patiya-karnaphuli,depot-patiya,station-karnaphuli,2,7000.0,AVAILABLE
252,2026-01-03T15:00:00,route-patiya-coxsbazar,depot-patiya,station-coxsbazar,3,6000.0,AVAILABLE
252,2026-01-03T15:00:00,route-gazipur-karnaphuli,depot-gazipur,station-karnaphuli,4,5000.0,AVAILABLE
252,2026-01-03T15:00:00,route-patiya-mirpur,depot-patiya,station-mirpur,4,5000.0,AVAILABLE
253,2026-01-03T15:15:00,route-gazipur-mirpur,depot-gazipur,station-mirpur,2,7000.0,AVAILABLE
253,2026-01-03T15:15:00,route-gazipur-tongi,depot-gazipur,station-tongi,2,6500.0,AVAILABLE
253,2026-01-03T15:15:00,route-patiya-karnaphuli,depot-patiya,station-karnaphuli,2,7000.0,AVAILABLE
253,2026-01-03T15:15:00,route-patiya-coxsbazar,depot-patiya,station-coxsbazar,3,6000.0,AVAILABLE
253,2026-01-03T15:15:00,route-gazipur-karnaphuli,depot-gazipur,station-karnaphuli,4,5000.0,AVAILABLE
253,2026-01-03T15:15:00,route-patiya-mirpur,depot-patiya,station-mirpur,4,5000.0,AVAILABLE
254,2026-01-03T15:30:00,route-gazipur-mirpur,depot-gazipur,station-mirpur,2,7000.0,AVAILABLE
254,2026-01-03T15:30:00,route-gazipur-tongi,depot-gazipur,station-tongi,2,6500.0,AVAILABLE
254,2026-01-03T15:30:00,route-patiya-karnaphuli,depot-patiya,station-karnaphuli,2,7000.0,AVAILABLE
254,2026-01-03T15:30:00,route-patiya-coxsbazar,depot-patiya,station-coxsbazar,3,6000.0,AVAILABLE
254,2026-01-03T15:30:00,route-gazipur-karnaphuli,depot-gazipur,station-karnaphuli,4,5000.0,AVAILABLE
254,2026-01-03T15:30:00,route-patiya-mirpur,depot-patiya,station-mirpur,4,5000.0,AVAILABLE
255,2026-01-03T15:45:00,route-gazipur-mirpur,depot-gazipur,station-mirpur,2,7000.0,AVAILABLE
255,2026-01-03T15:45:00,route-gazipur-tongi,depot-gazipur,station-tongi,2,6500.0,AVAILABLE
255,2026-01-03T15:45:00,route-patiya-karnaphuli,depot-patiya,station-karnaphuli,2,7000.0,AVAILABLE
255,2026-01-03T15:45:00,route-patiya-coxsbazar,depot-patiya,station-coxsbazar,3,6000.0,AVAILABLE
255,2026-01-03T15:45:00,route-gazipur-karnaphuli,depot-gazipur,station-karnaphuli,4,5000.0,AVAILABLE
255,2026-01-03T15:45:00,route-patiya-mirpur,depot-patiya,station-mirpur,4,5000.0,AVAILABLE
256,2026-01-03T16:00:00,route-gazipur-mirpur,depot-gazipur,station-mirpur,2,7000.0,AVAILABLE
256,2026-01-03T16:00:00,route-gazipur-tongi,depot-gazipur,station-tongi,2,6500.0,AVAILABLE
256,2026-01-03T16:00:00,route-patiya-karnaphuli,depot-patiya,station-karnaphuli,2,7000.0,AVAILABLE
256,2026-01-03T16:00:00,route-patiya-coxsbazar,depot-patiya,station-coxsbazar,3,6000.0,AVAILABLE
256,2026-01-03T16:00:00,route-gazipur-karnaphuli,depot-gazipur,station-karnaphuli,4,5000.0,AVAILABLE
256,2026-01-03T16:00:00,route-patiya-mirpur,depot-patiya,station-mirpur,4,5000.0,AVAILABLE
257,2026-01-03T16:15:00,route-gazipur-mirpur,depot-gazipur,station-mirpur,2,7000.0,AVAILABLE
257,2026-01-03T16:15:00,route-gazipur-tongi,depot-gazipur,station-tongi,2,6500.0,AVAILABLE
257,2026-01-03T16:15:00,route-patiya-karnaphuli,depot-patiya,station-karnaphuli,2,7000.0,AVAILABLE
257,2026-01-03T16:15:00,route-patiya-coxsbazar,depot-patiya,station-coxsbazar,3,6000.0,AVAILABLE
257,2026-01-03T16:15:00,route-gazipur-karnaphuli,depot-gazipur,station-karnaphuli,4,5000.0,AVAILABLE
257,2026-01-03T16:15:00,route-patiya-mirpur,depot-patiya,station-mirpur,4,5000.0,AVAILABLE
258,2026-01-03T16:30:00,route-gazipur-mirpur,depot-gazipur,station-mirpur,2,7000.0,AVAILABLE
258,2026-01-03T16:30:00,route-gazipur-tongi,depot-gazipur,station-tongi,2,6500.0,AVAILABLE
258,2026-01-03T16:30:00,route-patiya-karnaphuli,depot-patiya,station-karnaphuli,2,7000.0,AVAILABLE
258,2026-01-03T16:30:00,route-patiya-coxsbazar,depot-patiya,station-coxsbazar,3,6000.0,AVAILABLE
258,2026-01-03T16:30:00,route-gazipur-karnaphuli,depot-gazipur,station-karnaphuli,4,5000.0,AVAILABLE
258,2026-01-03T16:30:00,route-patiya-mirpur,depot-patiya,station-mirpur,4,5000.0,AVAILABLE
259,2026-01-03T16:45:00,route-gazipur-mirpur,depot-gazipur,station-mirpur,2,7000.0,AVAILABLE
259,2026-01-03T16:45:00,route-gazipur-tongi,depot-gazipur,station-tongi,2,6500.0,AVAILABLE
259,2026-01-03T16:45:00,route-patiya-karnaphuli,depot-patiya,station-karnaphuli,2,7000.0,AVAILABLE
259,2026-01-03T16:45:00,route-patiya-coxsbazar,depot-patiya,station-coxsbazar,3,6000.0,AVAILABLE
259,2026-01-03T16:45:00,route-gazipur-karnaphuli,depot-gazipur,station-karnaphuli,4,5000.0,AVAILABLE
259,2026-01-03T16:45:00,route-patiya-mirpur,depot-patiya,station-mirpur,4,5000.0,AVAILABLE
260,2026-01-03T17:00:00,route-gazipur-mirpur,depot-gazipur,station-mirpur,2,7000.0,AVAILABLE
260,2026-01-03T17:00:00,route-gazipur-tongi,depot-gazipur,station-tongi,2,6500.0,AVAILABLE
260,2026-01-03T17:00:00,route-patiya-karnaphuli,depot-patiya,station-karnaphuli,2,7000.0,AVAILABLE
260,2026-01-03T17:00:00,route-patiya-coxsbazar,depot-patiya,station-coxsbazar,3,6000.0,AVAILABLE
260,2026-01-03T17:00:00,route-gazipur-karnaphuli,depot-gazipur,station-karnaphuli,4,5000.0,AVAILABLE
260,2026-01-03T17:00:00,route-patiya-mirpur,depot-patiya,station-mirpur,4,5000.0,AVAILABLE
261,2026-01-03T17:15:00,route-gazipur-mirpur,depot-gazipur,station-mirpur,2,7000.0,AVAILABLE
261,2026-01-03T17:15:00,route-gazipur-tongi,depot-gazipur,station-tongi,2,6500.0,AVAILABLE
261,2026-01-03T17:15:00,route-patiya-karnaphuli,depot-patiya,station-karnaphuli,2,7000.0,AVAILABLE
261,2026-01-03T17:15:00,route-patiya-coxsbazar,depot-patiya,station-coxsbazar,3,6000.0,AVAILABLE
261,2026-01-03T17:15:00,route-gazipur-karnaphuli,depot-gazipur,station-karnaphuli,4,5000.0,AVAILABLE
261,2026-01-03T17:15:00,route-patiya-mirpur,depot-patiya,station-mirpur,4,5000.0,AVAILABLE
262,2026-01-03T17:30:00,route-gazipur-mirpur,depot-gazipur,station-mirpur,2,7000.0,AVAILABLE
262,2026-01-03T17:30:00,route-gazipur-tongi,depot-gazipur,station-tongi,2,6500.0,AVAILABLE
262,2026-01-03T17:30:00,route-patiya-karnaphuli,depot-patiya,station-karnaphuli,2,7000.0,AVAILABLE
262,2026-01-03T17:30:00,route-patiya-coxsbazar,depot-patiya,station-coxsbazar,3,6000.0,AVAILABLE
262,2026-01-03T17:30:00,route-gazipur-karnaphuli,depot-gazipur,station-karnaphuli,4,5000.0,AVAILABLE
262,2026-01-03T17:30:00,route-patiya-mirpur,depot-patiya,station-mirpur,4,5000.0,AVAILABLE
263,2026-01-03T17:45:00,route-gazipur-mirpur,depot-gazipur,station-mirpur,2,7000.0,AVAILABLE
263,2026-01-03T17:45:00,route-gazipur-tongi,depot-gazipur,station-tongi,2,6500.0,AVAILABLE
263,2026-01-03T17:45:00,route-patiya-karnaphuli,depot-patiya,station-karnaphuli,2,7000.0,AVAILABLE
263,2026-01-03T17:45:00,route-patiya-coxsbazar,depot-patiya,station-coxsbazar,3,6000.0,AVAILABLE
263,2026-01-03T17:45:00,route-gazipur-karnaphuli,depot-gazipur,station-karnaphuli,4,5000.0,AVAILABLE
263,2026-01-03T17:45:00,route-patiya-mirpur,depot-patiya,station-mirpur,4,5000.0,AVAILABLE
264,2026-01-03T18:00:00,route-gazipur-mirpur,depot-gazipur,station-mirpur,2,7000.0,AVAILABLE
264,2026-01-03T18:00:00,route-gazipur-tongi,depot-gazipur,station-tongi,2,6500.0,AVAILABLE
264,2026-01-03T18:00:00,route-patiya-karnaphuli,depot-patiya,station-karnaphuli,2,7000.0,AVAILABLE
264,2026-01-03T18:00:00,route-patiya-coxsbazar,depot-patiya,station-coxsbazar,3,6000.0,AVAILABLE
264,2026-01-03T18:00:00,route-gazipur-karnaphuli,depot-gazipur,station-karnaphuli,4,5000.0,AVAILABLE
264,2026-01-03T18:00:00,route-patiya-mirpur,depot-patiya,station-mirpur,4,5000.0,AVAILABLE
265,2026-01-03T18:15:00,route-gazipur-mirpur,depot-gazipur,station-mirpur,2,7000.0,AVAILABLE
265,2026-01-03T18:15:00,route-gazipur-tongi,depot-gazipur,station-tongi,2,6500.0,AVAILABLE
265,2026-01-03T18:15:00,route-patiya-karnaphuli,depot-patiya,station-karnaphuli,2,7000.0,AVAILABLE
265,2026-01-03T18:15:00,route-patiya-coxsbazar,depot-patiya,station-coxsbazar,3,6000.0,AVAILABLE
265,2026-01-03T18:15:00,route-gazipur-karnaphuli,depot-gazipur,station-karnaphuli,4,5000.0,AVAILABLE
265,2026-01-03T18:15:00,route-patiya-mirpur,depot-patiya,station-mirpur,4,5000.0,AVAILABLE
266,2026-01-03T18:30:00,route-gazipur-mirpur,depot-gazipur,station-mirpur,2,7000.0,AVAILABLE
266,2026-01-03T18:30:00,route-gazipur-tongi,depot-gazipur,station-tongi,2,6500.0,AVAILABLE
266,2026-01-03T18:30:00,route-patiya-karnaphuli,depot-patiya,station-karnaphuli,2,7000.0,AVAILABLE
266,2026-01-03T18:30:00,route-patiya-coxsbazar,depot-patiya,station-coxsbazar,3,6000.0,AVAILABLE
266,2026-01-03T18:30:00,route-gazipur-karnaphuli,depot-gazipur,station-karnaphuli,4,5000.0,AVAILABLE
266,2026-01-03T18:30:00,route-patiya-mirpur,depot-patiya,station-mirpur,4,5000.0,AVAILABLE
267,2026-01-03T18:45:00,route-gazipur-mirpur,depot-gazipur,station-mirpur,2,7000.0,AVAILABLE
267,2026-01-03T18:45:00,route-gazipur-tongi,depot-gazipur,station-tongi,2,6500.0,AVAILABLE
267,2026-01-03T18:45:00,route-patiya-karnaphuli,depot-patiya,station-karnaphuli,2,7000.0,AVAILABLE
267,2026-01-03T18:45:00,route-patiya-coxsbazar,depot-patiya,station-coxsbazar,3,6000.0,AVAILABLE
267,2026-01-03T18:45:00,route-gazipur-karnaphuli,depot-gazipur,station-karnaphuli,4,5000.0,AVAILABLE
267,2026-01-03T18:45:00,route-patiya-mirpur,depot-patiya,station-mirpur,4,5000.0,AVAILABLE
268,2026-01-03T19:00:00,route-gazipur-mirpur,depot-gazipur,station-mirpur,2,7000.0,AVAILABLE
268,2026-01-03T19:00:00,route-gazipur-tongi,depot-gazipur,station-tongi,2,6500.0,AVAILABLE
268,2026-01-03T19:00:00,route-patiya-karnaphuli,depot-patiya,station-karnaphuli,2,7000.0,AVAILABLE
268,2026-01-03T19:00:00,route-patiya-coxsbazar,depot-patiya,station-coxsbazar,3,6000.0,AVAILABLE
268,2026-01-03T19:00:00,route-gazipur-karnaphuli,depot-gazipur,station-karnaphuli,4,5000.0,AVAILABLE
268,2026-01-03T19:00:00,route-patiya-mirpur,depot-patiya,station-mirpur,4,5000.0,AVAILABLE
269,2026-01-03T19:15:00,route-gazipur-mirpur,depot-gazipur,station-mirpur,2,7000.0,AVAILABLE
269,2026-01-03T19:15:00,route-gazipur-tongi,depot-gazipur,station-tongi,2,6500.0,AVAILABLE
269,2026-01-03T19:15:00,route-patiya-karnaphuli,depot-patiya,station-karnaphuli,2,7000.0,AVAILABLE
269,2026-01-03T19:15:00,route-patiya-coxsbazar,depot-patiya,station-coxsbazar,3,6000.0,AVAILABLE
269,2026-01-03T19:15:00,route-gazipur-karnaphuli,depot-gazipur,station-karnaphuli,4,5000.0,AVAILABLE
269,2026-01-03T19:15:00,route-patiya-mirpur,depot-patiya,station-mirpur,4,5000.0,AVAILABLE
270,2026-01-03T19:30:00,route-gazipur-mirpur,depot-gazipur,station-mirpur,2,7000.0,AVAILABLE
270,2026-01-03T19:30:00,route-gazipur-tongi,depot-gazipur,station-tongi,2,6500.0,AVAILABLE
270,2026-01-03T19:30:00,route-patiya-karnaphuli,depot-patiya,station-karnaphuli,2,7000.0,AVAILABLE
270,2026-01-03T19:30:00,route-patiya-coxsbazar,depot-patiya,station-coxsbazar,3,6000.0,AVAILABLE
270,2026-01-03T19:30:00,route-gazipur-karnaphuli,depot-gazipur,station-karnaphuli,4,5000.0,AVAILABLE
270,2026-01-03T19:30:00,route-patiya-mirpur,depot-patiya,station-mirpur,4,5000.0,AVAILABLE
271,2026-01-03T19:45:00,route-gazipur-mirpur,depot-gazipur,station-mirpur,2,7000.0,AVAILABLE
271,2026-01-03T19:45:00,route-gazipur-tongi,depot-gazipur,station-tongi,2,6500.0,AVAILABLE
271,2026-01-03T19:45:00,route-patiya-karnaphuli,depot-patiya,station-karnaphuli,2,7000.0,AVAILABLE
271,2026-01-03T19:45:00,route-patiya-coxsbazar,depot-patiya,station-coxsbazar,3,6000.0,AVAILABLE
271,2026-01-03T19:45:00,route-gazipur-karnaphuli,depot-gazipur,station-karnaphuli,4,5000.0,AVAILABLE
271,2026-01-03T19:45:00,route-patiya-mirpur,depot-patiya,station-mirpur,4,5000.0,AVAILABLE
272,2026-01-03T20:00:00,route-gazipur-mirpur,depot-gazipur,station-mirpur,2,7000.0,AVAILABLE
272,2026-01-03T20:00:00,route-gazipur-tongi,depot-gazipur,station-tongi,2,6500.0,AVAILABLE
272,2026-01-03T20:00:00,route-patiya-karnaphuli,depot-patiya,station-karnaphuli,2,7000.0,AVAILABLE
272,2026-01-03T20:00:00,route-patiya-coxsbazar,depot-patiya,station-coxsbazar,3,6000.0,AVAILABLE
272,2026-01-03T20:00:00,route-gazipur-karnaphuli,depot-gazipur,station-karnaphuli,4,5000.0,AVAILABLE
272,2026-01-03T20:00:00,route-patiya-mirpur,depot-patiya,station-mirpur,4,5000.0,AVAILABLE
273,2026-01-03T20:15:00,route-gazipur-mirpur,depot-gazipur,station-mirpur,2,7000.0,AVAILABLE
273,2026-01-03T20:15:00,route-gazipur-tongi,depot-gazipur,station-tongi,2,6500.0,AVAILABLE
273,2026-01-03T20:15:00,route-patiya-karnaphuli,depot-patiya,station-karnaphuli,2,7000.0,AVAILABLE
273,2026-01-03T20:15:00,route-patiya-coxsbazar,depot-patiya,station-coxsbazar,3,6000.0,AVAILABLE
273,2026-01-03T20:15:00,route-gazipur-karnaphuli,depot-gazipur,station-karnaphuli,4,5000.0,AVAILABLE
273,2026-01-03T20:15:00,route-patiya-mirpur,depot-patiya,station-mirpur,4,5000.0,AVAILABLE
274,2026-01-03T20:30:00,route-gazipur-mirpur,depot-gazipur,station-mirpur,2,7000.0,AVAILABLE
274,2026-01-03T20:30:00,route-gazipur-tongi,depot-gazipur,station-tongi,2,6500.0,AVAILABLE
274,2026-01-03T20:30:00,route-patiya-karnaphuli,depot-patiya,station-karnaphuli,2,7000.0,AVAILABLE
274,2026-01-03T20:30:00,route-patiya-coxsbazar,depot-patiya,station-coxsbazar,3,6000.0,AVAILABLE
274,2026-01-03T20:30:00,route-gazipur-karnaphuli,depot-gazipur,station-karnaphuli,4,5000.0,AVAILABLE
274,2026-01-03T20:30:00,route-patiya-mirpur,depot-patiya,station-mirpur,4,5000.0,AVAILABLE
275,2026-01-03T20:45:00,route-gazipur-mirpur,depot-gazipur,station-mirpur,2,7000.0,AVAILABLE
275,2026-01-03T20:45:00,route-gazipur-tongi,depot-gazipur,station-tongi,2,6500.0,AVAILABLE
275,2026-01-03T20:45:00,route-patiya-karnaphuli,depot-patiya,station-karnaphuli,2,7000.0,AVAILABLE
275,2026-01-03T20:45:00,route-patiya-coxsbazar,depot-patiya,station-coxsbazar,3,6000.0,AVAILABLE
275,2026-01-03T20:45:00,route-gazipur-karnaphuli,depot-gazipur,station-karnaphuli,4,5000.0,AVAILABLE
275,2026-01-03T20:45:00,route-patiya-mirpur,depot-patiya,station-mirpur,4,5000.0,AVAILABLE
276,2026-01-03T21:00:00,route-gazipur-mirpur,depot-gazipur,station-mirpur,2,7000.0,AVAILABLE
276,2026-01-03T21:00:00,route-gazipur-tongi,depot-gazipur,station-tongi,2,6500.0,AVAILABLE
276,2026-01-03T21:00:00,route-patiya-karnaphuli,depot-patiya,station-karnaphuli,2,7000.0,AVAILABLE
276,2026-01-03T21:00:00,route-patiya-coxsbazar,depot-patiya,station-coxsbazar,3,6000.0,AVAILABLE
276,2026-01-03T21:00:00,route-gazipur-karnaphuli,depot-gazipur,station-karnaphuli,4,5000.0,AVAILABLE
276,2026-01-03T21:00:00,route-patiya-mirpur,depot-patiya,station-mirpur,4,5000.0,AVAILABLE
277,2026-01-03T21:15:00,route-gazipur-mirpur,depot-gazipur,station-mirpur,2,7000.0,AVAILABLE
277,2026-01-03T21:15:00,route-gazipur-tongi,depot-gazipur,station-tongi,2,6500.0,AVAILABLE
277,2026-01-03T21:15:00,route-patiya-karnaphuli,depot-patiya,station-karnaphuli,2,7000.0,AVAILABLE
277,2026-01-03T21:15:00,route-patiya-coxsbazar,depot-patiya,station-coxsbazar,3,6000.0,AVAILABLE
277,2026-01-03T21:15:00,route-gazipur-karnaphuli,depot-gazipur,station-karnaphuli,4,5000.0,AVAILABLE
277,2026-01-03T21:15:00,route-patiya-mirpur,depot-patiya,station-mirpur,4,5000.0,AVAILABLE
278,2026-01-03T21:30:00,route-gazipur-mirpur,depot-gazipur,station-mirpur,2,7000.0,AVAILABLE
278,2026-01-03T21:30:00,route-gazipur-tongi,depot-gazipur,station-tongi,2,6500.0,AVAILABLE
278,2026-01-03T21:30:00,route-patiya-karnaphuli,depot-patiya,station-karnaphuli,2,7000.0,AVAILABLE
278,2026-01-03T21:30:00,route-patiya-coxsbazar,depot-patiya,station-coxsbazar,3,6000.0,AVAILABLE
278,2026-01-03T21:30:00,route-gazipur-karnaphuli,depot-gazipur,station-karnaphuli,4,5000.0,AVAILABLE
278,2026-01-03T21:30:00,route-patiya-mirpur,depot-patiya,station-mirpur,4,5000.0,AVAILABLE
279,2026-01-03T21:45:00,route-gazipur-mirpur,depot-gazipur,station-mirpur,2,7000.0,AVAILABLE
279,2026-01-03T21:45:00,route-gazipur-tongi,depot-gazipur,station-tongi,2,6500.0,AVAILABLE
279,2026-01-03T21:45:00,route-patiya-karnaphuli,depot-patiya,station-karnaphuli,2,7000.0,AVAILABLE
279,2026-01-03T21:45:00,route-patiya-coxsbazar,depot-patiya,station-coxsbazar,3,6000.0,AVAILABLE
279,2026-01-03T21:45:00,route-gazipur-karnaphuli,depot-gazipur,station-karnaphuli,4,5000.0,AVAILABLE
279,2026-01-03T21:45:00,route-patiya-mirpur,depot-patiya,station-mirpur,4,5000.0,AVAILABLE
280,2026-01-03T22:00:00,route-gazipur-mirpur,depot-gazipur,station-mirpur,2,7000.0,AVAILABLE
280,2026-01-03T22:00:00,route-gazipur-tongi,depot-gazipur,station-tongi,2,6500.0,AVAILABLE
280,2026-01-03T22:00:00,route-patiya-karnaphuli,depot-patiya,station-karnaphuli,2,7000.0,AVAILABLE
280,2026-01-03T22:00:00,route-patiya-coxsbazar,depot-patiya,station-coxsbazar,3,6000.0,AVAILABLE
280,2026-01-03T22:00:00,route-gazipur-karnaphuli,depot-gazipur,station-karnaphuli,4,5000.0,AVAILABLE
280,2026-01-03T22:00:00,route-patiya-mirpur,depot-patiya,station-mirpur,4,5000.0,AVAILABLE
281,2026-01-03T22:15:00,route-gazipur-mirpur,depot-gazipur,station-mirpur,2,7000.0,AVAILABLE
281,2026-01-03T22:15:00,route-gazipur-tongi,depot-gazipur,station-tongi,2,6500.0,AVAILABLE
281,2026-01-03T22:15:00,route-patiya-karnaphuli,depot-patiya,station-karnaphuli,2,7000.0,AVAILABLE
281,2026-01-03T22:15:00,route-patiya-coxsbazar,depot-patiya,station-coxsbazar,3,6000.0,AVAILABLE
281,2026-01-03T22:15:00,route-gazipur-karnaphuli,depot-gazipur,station-karnaphuli,4,5000.0,AVAILABLE
281,2026-01-03T22:15:00,route-patiya-mirpur,depot-patiya,station-mirpur,4,5000.0,AVAILABLE
282,2026-01-03T22:30:00,route-gazipur-mirpur,depot-gazipur,station-mirpur,2,7000.0,AVAILABLE
282,2026-01-03T22:30:00,route-gazipur-tongi,depot-gazipur,station-tongi,2,6500.0,AVAILABLE
282,2026-01-03T22:30:00,route-patiya-karnaphuli,depot-patiya,station-karnaphuli,2,7000.0,AVAILABLE
282,2026-01-03T22:30:00,route-patiya-coxsbazar,depot-patiya,station-coxsbazar,3,6000.0,AVAILABLE
282,2026-01-03T22:30:00,route-gazipur-karnaphuli,depot-gazipur,station-karnaphuli,4,5000.0,AVAILABLE
282,2026-01-03T22:30:00,route-patiya-mirpur,depot-patiya,station-mirpur,4,5000.0,AVAILABLE
283,2026-01-03T22:45:00,route-gazipur-mirpur,depot-gazipur,station-mirpur,2,7000.0,AVAILABLE
283,2026-01-03T22:45:00,route-gazipur-tongi,depot-gazipur,station-tongi,2,6500.0,AVAILABLE
283,2026-01-03T22:45:00,route-patiya-karnaphuli,depot-patiya,station-karnaphuli,2,7000.0,AVAILABLE
283,2026-01-03T22:45:00,route-patiya-coxsbazar,depot-patiya,station-coxsbazar,3,6000.0,AVAILABLE
283,2026-01-03T22:45:00,route-gazipur-karnaphuli,depot-gazipur,station-karnaphuli,4,5000.0,AVAILABLE
283,2026-01-03T22:45:00,route-patiya-mirpur,depot-patiya,station-mirpur,4,5000.0,AVAILABLE
284,2026-01-03T23:00:00,route-gazipur-mirpur,depot-gazipur,station-mirpur,2,7000.0,AVAILABLE
284,2026-01-03T23:00:00,route-gazipur-tongi,depot-gazipur,station-tongi,2,6500.0,AVAILABLE
284,2026-01-03T23:00:00,route-patiya-karnaphuli,depot-patiya,station-karnaphuli,2,7000.0,AVAILABLE
284,2026-01-03T23:00:00,route-patiya-coxsbazar,depot-patiya,station-coxsbazar,3,6000.0,AVAILABLE
284,2026-01-03T23:00:00,route-gazipur-karnaphuli,depot-gazipur,station-karnaphuli,4,5000.0,AVAILABLE
284,2026-01-03T23:00:00,route-patiya-mirpur,depot-patiya,station-mirpur,4,5000.0,AVAILABLE
285,2026-01-03T23:15:00,route-gazipur-mirpur,depot-gazipur,station-mirpur,2,7000.0,AVAILABLE
285,2026-01-03T23:15:00,route-gazipur-tongi,depot-gazipur,station-tongi,2,6500.0,AVAILABLE
285,2026-01-03T23:15:00,route-patiya-karnaphuli,depot-patiya,station-karnaphuli,2,7000.0,AVAILABLE
285,2026-01-03T23:15:00,route-patiya-coxsbazar,depot-patiya,station-coxsbazar,3,6000.0,AVAILABLE
285,2026-01-03T23:15:00,route-gazipur-karnaphuli,depot-gazipur,station-karnaphuli,4,5000.0,AVAILABLE
285,2026-01-03T23:15:00,route-patiya-mirpur,depot-patiya,station-mirpur,4,5000.0,AVAILABLE
286,2026-01-03T23:30:00,route-gazipur-mirpur,depot-gazipur,station-mirpur,2,7000.0,AVAILABLE
286,2026-01-03T23:30:00,route-gazipur-tongi,depot-gazipur,station-tongi,2,6500.0,AVAILABLE
286,2026-01-03T23:30:00,route-patiya-karnaphuli,depot-patiya,station-karnaphuli,2,7000.0,AVAILABLE
286,2026-01-03T23:30:00,route-patiya-coxsbazar,depot-patiya,station-coxsbazar,3,6000.0,AVAILABLE
286,2026-01-03T23:30:00,route-gazipur-karnaphuli,depot-gazipur,station-karnaphuli,4,5000.0,AVAILABLE
286,2026-01-03T23:30:00,route-patiya-mirpur,depot-patiya,station-mirpur,4,5000.0,AVAILABLE
287,2026-01-03T23:45:00,route-gazipur-mirpur,depot-gazipur,station-mirpur,2,7000.0,AVAILABLE
287,2026-01-03T23:45:00,route-gazipur-tongi,depot-gazipur,station-tongi,2,6500.0,AVAILABLE
287,2026-01-03T23:45:00,route-patiya-karnaphuli,depot-patiya,station-karnaphuli,2,7000.0,AVAILABLE
287,2026-01-03T23:45:00,route-patiya-coxsbazar,depot-patiya,station-coxsbazar,3,6000.0,AVAILABLE
287,2026-01-03T23:45:00,route-gazipur-karnaphuli,depot-gazipur,station-karnaphuli,4,5000.0,AVAILABLE
287,2026-01-03T23:45:00,route-patiya-mirpur,depot-patiya,station-mirpur,4,5000.0,AVAILABLE
288,2026-01-04T00:00:00,route-gazipur-mirpur,depot-gazipur,station-mirpur,2,7000.0,AVAILABLE
288,2026-01-04T00:00:00,route-gazipur-tongi,depot-gazipur,station-tongi,2,6500.0,AVAILABLE
288,2026-01-04T00:00:00,route-patiya-karnaphuli,depot-patiya,station-karnaphuli,2,7000.0,AVAILABLE
288,2026-01-04T00:00:00,route-patiya-coxsbazar,depot-patiya,station-coxsbazar,3,6000.0,AVAILABLE
288,2026-01-04T00:00:00,route-gazipur-karnaphuli,depot-gazipur,station-karnaphuli,4,5000.0,AVAILABLE
288,2026-01-04T00:00:00,route-patiya-mirpur,depot-patiya,station-mirpur,4,5000.0,AVAILABLE
289,2026-01-04T00:15:00,route-gazipur-mirpur,depot-gazipur,station-mirpur,2,7000.0,AVAILABLE
289,2026-01-04T00:15:00,route-gazipur-tongi,depot-gazipur,station-tongi,2,6500.0,AVAILABLE
289,2026-01-04T00:15:00,route-patiya-karnaphuli,depot-patiya,station-karnaphuli,2,7000.0,AVAILABLE
289,2026-01-04T00:15:00,route-patiya-coxsbazar,depot-patiya,station-coxsbazar,3,6000.0,AVAILABLE
289,2026-01-04T00:15:00,route-gazipur-karnaphuli,depot-gazipur,station-karnaphuli,4,5000.0,AVAILABLE
289,2026-01-04T00:15:00,route-patiya-mirpur,depot-patiya,station-mirpur,4,5000.0,AVAILABLE
290,2026-01-04T00:30:00,route-gazipur-mirpur,depot-gazipur,station-mirpur,2,7000.0,AVAILABLE
290,2026-01-04T00:30:00,route-gazipur-tongi,depot-gazipur,station-tongi,2,6500.0,AVAILABLE
290,2026-01-04T00:30:00,route-patiya-karnaphuli,depot-patiya,station-karnaphuli,2,7000.0,AVAILABLE
290,2026-01-04T00:30:00,route-patiya-coxsbazar,depot-patiya,station-coxsbazar,3,6000.0,AVAILABLE
290,2026-01-04T00:30:00,route-gazipur-karnaphuli,depot-gazipur,station-karnaphuli,4,5000.0,AVAILABLE
290,2026-01-04T00:30:00,route-patiya-mirpur,depot-patiya,station-mirpur,4,5000.0,AVAILABLE
291,2026-01-04T00:45:00,route-gazipur-mirpur,depot-gazipur,station-mirpur,2,7000.0,AVAILABLE
291,2026-01-04T00:45:00,route-gazipur-tongi,depot-gazipur,station-tongi,2,6500.0,AVAILABLE
291,2026-01-04T00:45:00,route-patiya-karnaphuli,depot-patiya,station-karnaphuli,2,7000.0,AVAILABLE
291,2026-01-04T00:45:00,route-patiya-coxsbazar,depot-patiya,station-coxsbazar,3,6000.0,AVAILABLE
291,2026-01-04T00:45:00,route-gazipur-karnaphuli,depot-gazipur,station-karnaphuli,4,5000.0,AVAILABLE
291,2026-01-04T00:45:00,route-patiya-mirpur,depot-patiya,station-mirpur,4,5000.0,AVAILABLE
292,2026-01-04T01:00:00,route-gazipur-mirpur,depot-gazipur,station-mirpur,2,7000.0,AVAILABLE
292,2026-01-04T01:00:00,route-gazipur-tongi,depot-gazipur,station-tongi,2,6500.0,AVAILABLE
292,2026-01-04T01:00:00,route-patiya-karnaphuli,depot-patiya,station-karnaphuli,2,7000.0,AVAILABLE
292,2026-01-04T01:00:00,route-patiya-coxsbazar,depot-patiya,station-coxsbazar,3,6000.0,AVAILABLE
292,2026-01-04T01:00:00,route-gazipur-karnaphuli,depot-gazipur,station-karnaphuli,4,5000.0,AVAILABLE
292,2026-01-04T01:00:00,route-patiya-mirpur,depot-patiya,station-mirpur,4,5000.0,AVAILABLE
293,2026-01-04T01:15:00,route-gazipur-mirpur,depot-gazipur,station-mirpur,2,7000.0,AVAILABLE
293,2026-01-04T01:15:00,route-gazipur-tongi,depot-gazipur,station-tongi,2,6500.0,AVAILABLE
293,2026-01-04T01:15:00,route-patiya-karnaphuli,depot-patiya,station-karnaphuli,2,7000.0,AVAILABLE
293,2026-01-04T01:15:00,route-patiya-coxsbazar,depot-patiya,station-coxsbazar,3,6000.0,AVAILABLE
293,2026-01-04T01:15:00,route-gazipur-karnaphuli,depot-gazipur,station-karnaphuli,4,5000.0,AVAILABLE
293,2026-01-04T01:15:00,route-patiya-mirpur,depot-patiya,station-mirpur,4,5000.0,AVAILABLE
294,2026-01-04T01:30:00,route-gazipur-mirpur,depot-gazipur,station-mirpur,2,7000.0,AVAILABLE
294,2026-01-04T01:30:00,route-gazipur-tongi,depot-gazipur,station-tongi,2,6500.0,AVAILABLE
294,2026-01-04T01:30:00,route-patiya-karnaphuli,depot-patiya,station-karnaphuli,2,7000.0,AVAILABLE
294,2026-01-04T01:30:00,route-patiya-coxsbazar,depot-patiya,station-coxsbazar,3,6000.0,AVAILABLE
294,2026-01-04T01:30:00,route-gazipur-karnaphuli,depot-gazipur,station-karnaphuli,4,5000.0,AVAILABLE
294,2026-01-04T01:30:00,route-patiya-mirpur,depot-patiya,station-mirpur,4,5000.0,AVAILABLE
295,2026-01-04T01:45:00,route-gazipur-mirpur,depot-gazipur,station-mirpur,2,7000.0,AVAILABLE
295,2026-01-04T01:45:00,route-gazipur-tongi,depot-gazipur,station-tongi,2,6500.0,AVAILABLE
295,2026-01-04T01:45:00,route-patiya-karnaphuli,depot-patiya,station-karnaphuli,2,7000.0,AVAILABLE
295,2026-01-04T01:45:00,route-patiya-coxsbazar,depot-patiya,station-coxsbazar,3,6000.0,AVAILABLE
295,2026-01-04T01:45:00,route-gazipur-karnaphuli,depot-gazipur,station-karnaphuli,4,5000.0,AVAILABLE
295,2026-01-04T01:45:00,route-patiya-mirpur,depot-patiya,station-mirpur,4,5000.0,AVAILABLE
296,2026-01-04T02:00:00,route-gazipur-mirpur,depot-gazipur,station-mirpur,2,7000.0,AVAILABLE
296,2026-01-04T02:00:00,route-gazipur-tongi,depot-gazipur,station-tongi,2,6500.0,AVAILABLE
296,2026-01-04T02:00:00,route-patiya-karnaphuli,depot-patiya,station-karnaphuli,2,7000.0,AVAILABLE
296,2026-01-04T02:00:00,route-patiya-coxsbazar,depot-patiya,station-coxsbazar,3,6000.0,AVAILABLE
296,2026-01-04T02:00:00,route-gazipur-karnaphuli,depot-gazipur,station-karnaphuli,4,5000.0,AVAILABLE
296,2026-01-04T02:00:00,route-patiya-mirpur,depot-patiya,station-mirpur,4,5000.0,AVAILABLE
297,2026-01-04T02:15:00,route-gazipur-mirpur,depot-gazipur,station-mirpur,2,7000.0,AVAILABLE
297,2026-01-04T02:15:00,route-gazipur-tongi,depot-gazipur,station-tongi,2,6500.0,AVAILABLE
297,2026-01-04T02:15:00,route-patiya-karnaphuli,depot-patiya,station-karnaphuli,2,7000.0,AVAILABLE
297,2026-01-04T02:15:00,route-patiya-coxsbazar,depot-patiya,station-coxsbazar,3,6000.0,AVAILABLE
297,2026-01-04T02:15:00,route-gazipur-karnaphuli,depot-gazipur,station-karnaphuli,4,5000.0,AVAILABLE
297,2026-01-04T02:15:00,route-patiya-mirpur,depot-patiya,station-mirpur,4,5000.0,AVAILABLE
298,2026-01-04T02:30:00,route-gazipur-mirpur,depot-gazipur,station-mirpur,2,7000.0,AVAILABLE
298,2026-01-04T02:30:00,route-gazipur-tongi,depot-gazipur,station-tongi,2,6500.0,AVAILABLE
298,2026-01-04T02:30:00,route-patiya-karnaphuli,depot-patiya,station-karnaphuli,2,7000.0,AVAILABLE
298,2026-01-04T02:30:00,route-patiya-coxsbazar,depot-patiya,station-coxsbazar,3,6000.0,AVAILABLE
298,2026-01-04T02:30:00,route-gazipur-karnaphuli,depot-gazipur,station-karnaphuli,4,5000.0,AVAILABLE
298,2026-01-04T02:30:00,route-patiya-mirpur,depot-patiya,station-mirpur,4,5000.0,AVAILABLE
299,2026-01-04T02:45:00,route-gazipur-mirpur,depot-gazipur,station-mirpur,2,7000.0,AVAILABLE
299,2026-01-04T02:45:00,route-gazipur-tongi,depot-gazipur,station-tongi,2,6500.0,AVAILABLE
299,2026-01-04T02:45:00,route-patiya-karnaphuli,depot-patiya,station-karnaphuli,2,7000.0,AVAILABLE
299,2026-01-04T02:45:00,route-patiya-coxsbazar,depot-patiya,station-coxsbazar,3,6000.0,AVAILABLE
299,2026-01-04T02:45:00,route-gazipur-karnaphuli,depot-gazipur,station-karnaphuli,4,5000.0,AVAILABLE
299,2026-01-04T02:45:00,route-patiya-mirpur,depot-patiya,station-mirpur,4,5000.0,AVAILABLE
300,2026-01-04T03:00:00,route-gazipur-mirpur,depot-gazipur,station-mirpur,2,7000.0,AVAILABLE
300,2026-01-04T03:00:00,route-gazipur-tongi,depot-gazipur,station-tongi,2,6500.0,AVAILABLE
300,2026-01-04T03:00:00,route-patiya-karnaphuli,depot-patiya,station-karnaphuli,2,7000.0,AVAILABLE
300,2026-01-04T03:00:00,route-patiya-coxsbazar,depot-patiya,station-coxsbazar,3,6000.0,AVAILABLE
300,2026-01-04T03:00:00,route-gazipur-karnaphuli,depot-gazipur,station-karnaphuli,4,5000.0,AVAILABLE
300,2026-01-04T03:00:00,route-patiya-mirpur,depot-patiya,station-mirpur,4,5000.0,AVAILABLE
301,2026-01-04T03:15:00,route-gazipur-mirpur,depot-gazipur,station-mirpur,2,7000.0,AVAILABLE
301,2026-01-04T03:15:00,route-gazipur-tongi,depot-gazipur,station-tongi,2,6500.0,AVAILABLE
301,2026-01-04T03:15:00,route-patiya-karnaphuli,depot-patiya,station-karnaphuli,2,7000.0,AVAILABLE
301,2026-01-04T03:15:00,route-patiya-coxsbazar,depot-patiya,station-coxsbazar,3,6000.0,AVAILABLE
301,2026-01-04T03:15:00,route-gazipur-karnaphuli,depot-gazipur,station-karnaphuli,4,5000.0,AVAILABLE
301,2026-01-04T03:15:00,route-patiya-mirpur,depot-patiya,station-mirpur,4,5000.0,AVAILABLE
302,2026-01-04T03:30:00,route-gazipur-mirpur,depot-gazipur,station-mirpur,2,7000.0,AVAILABLE
302,2026-01-04T03:30:00,route-gazipur-tongi,depot-gazipur,station-tongi,2,6500.0,AVAILABLE
302,2026-01-04T03:30:00,route-patiya-karnaphuli,depot-patiya,station-karnaphuli,2,7000.0,AVAILABLE
302,2026-01-04T03:30:00,route-patiya-coxsbazar,depot-patiya,station-coxsbazar,3,6000.0,AVAILABLE
302,2026-01-04T03:30:00,route-gazipur-karnaphuli,depot-gazipur,station-karnaphuli,4,5000.0,AVAILABLE
302,2026-01-04T03:30:00,route-patiya-mirpur,depot-patiya,station-mirpur,4,5000.0,AVAILABLE
303,2026-01-04T03:45:00,route-gazipur-mirpur,depot-gazipur,station-mirpur,2,7000.0,AVAILABLE
303,2026-01-04T03:45:00,route-gazipur-tongi,depot-gazipur,station-tongi,2,6500.0,AVAILABLE
303,2026-01-04T03:45:00,route-patiya-karnaphuli,depot-patiya,station-karnaphuli,2,7000.0,AVAILABLE
303,2026-01-04T03:45:00,route-patiya-coxsbazar,depot-patiya,station-coxsbazar,3,6000.0,AVAILABLE
303,2026-01-04T03:45:00,route-gazipur-karnaphuli,depot-gazipur,station-karnaphuli,4,5000.0,AVAILABLE
303,2026-01-04T03:45:00,route-patiya-mirpur,depot-patiya,station-mirpur,4,5000.0,AVAILABLE
304,2026-01-04T04:00:00,route-gazipur-mirpur,depot-gazipur,station-mirpur,2,7000.0,AVAILABLE
304,2026-01-04T04:00:00,route-gazipur-tongi,depot-gazipur,station-tongi,2,6500.0,AVAILABLE
304,2026-01-04T04:00:00,route-patiya-karnaphuli,depot-patiya,station-karnaphuli,2,7000.0,AVAILABLE
304,2026-01-04T04:00:00,route-patiya-coxsbazar,depot-patiya,station-coxsbazar,3,6000.0,AVAILABLE
304,2026-01-04T04:00:00,route-gazipur-karnaphuli,depot-gazipur,station-karnaphuli,4,5000.0,AVAILABLE
304,2026-01-04T04:00:00,route-patiya-mirpur,depot-patiya,station-mirpur,4,5000.0,AVAILABLE
305,2026-01-04T04:15:00,route-gazipur-mirpur,depot-gazipur,station-mirpur,2,7000.0,AVAILABLE
305,2026-01-04T04:15:00,route-gazipur-tongi,depot-gazipur,station-tongi,2,6500.0,AVAILABLE
305,2026-01-04T04:15:00,route-patiya-karnaphuli,depot-patiya,station-karnaphuli,2,7000.0,AVAILABLE
305,2026-01-04T04:15:00,route-patiya-coxsbazar,depot-patiya,station-coxsbazar,3,6000.0,AVAILABLE
305,2026-01-04T04:15:00,route-gazipur-karnaphuli,depot-gazipur,station-karnaphuli,4,5000.0,AVAILABLE
305,2026-01-04T04:15:00,route-patiya-mirpur,depot-patiya,station-mirpur,4,5000.0,AVAILABLE
306,2026-01-04T04:30:00,route-gazipur-mirpur,depot-gazipur,station-mirpur,2,7000.0,AVAILABLE
306,2026-01-04T04:30:00,route-gazipur-tongi,depot-gazipur,station-tongi,2,6500.0,AVAILABLE
306,2026-01-04T04:30:00,route-patiya-karnaphuli,depot-patiya,station-karnaphuli,2,7000.0,AVAILABLE
306,2026-01-04T04:30:00,route-patiya-coxsbazar,depot-patiya,station-coxsbazar,3,6000.0,AVAILABLE
306,2026-01-04T04:30:00,route-gazipur-karnaphuli,depot-gazipur,station-karnaphuli,4,5000.0,AVAILABLE
306,2026-01-04T04:30:00,route-patiya-mirpur,depot-patiya,station-mirpur,4,5000.0,AVAILABLE
307,2026-01-04T04:45:00,route-gazipur-mirpur,depot-gazipur,station-mirpur,2,7000.0,AVAILABLE
307,2026-01-04T04:45:00,route-gazipur-tongi,depot-gazipur,station-tongi,2,6500.0,AVAILABLE
307,2026-01-04T04:45:00,route-patiya-karnaphuli,depot-patiya,station-karnaphuli,2,7000.0,AVAILABLE
307,2026-01-04T04:45:00,route-patiya-coxsbazar,depot-patiya,station-coxsbazar,3,6000.0,AVAILABLE
307,2026-01-04T04:45:00,route-gazipur-karnaphuli,depot-gazipur,station-karnaphuli,4,5000.0,AVAILABLE
307,2026-01-04T04:45:00,route-patiya-mirpur,depot-patiya,station-mirpur,4,5000.0,AVAILABLE
308,2026-01-04T05:00:00,route-gazipur-mirpur,depot-gazipur,station-mirpur,2,7000.0,AVAILABLE
308,2026-01-04T05:00:00,route-gazipur-tongi,depot-gazipur,station-tongi,2,6500.0,AVAILABLE
308,2026-01-04T05:00:00,route-patiya-karnaphuli,depot-patiya,station-karnaphuli,2,7000.0,AVAILABLE
308,2026-01-04T05:00:00,route-patiya-coxsbazar,depot-patiya,station-coxsbazar,3,6000.0,AVAILABLE
308,2026-01-04T05:00:00,route-gazipur-karnaphuli,depot-gazipur,station-karnaphuli,4,5000.0,AVAILABLE
308,2026-01-04T05:00:00,route-patiya-mirpur,depot-patiya,station-mirpur,4,5000.0,AVAILABLE
309,2026-01-04T05:15:00,route-gazipur-mirpur,depot-gazipur,station-mirpur,2,7000.0,AVAILABLE
309,2026-01-04T05:15:00,route-gazipur-tongi,depot-gazipur,station-tongi,2,6500.0,AVAILABLE
309,2026-01-04T05:15:00,route-patiya-karnaphuli,depot-patiya,station-karnaphuli,2,7000.0,AVAILABLE
309,2026-01-04T05:15:00,route-patiya-coxsbazar,depot-patiya,station-coxsbazar,3,6000.0,AVAILABLE
309,2026-01-04T05:15:00,route-gazipur-karnaphuli,depot-gazipur,station-karnaphuli,4,5000.0,AVAILABLE
309,2026-01-04T05:15:00,route-patiya-mirpur,depot-patiya,station-mirpur,4,5000.0,AVAILABLE
310,2026-01-04T05:30:00,route-gazipur-mirpur,depot-gazipur,station-mirpur,2,7000.0,AVAILABLE
310,2026-01-04T05:30:00,route-gazipur-tongi,depot-gazipur,station-tongi,2,6500.0,AVAILABLE
310,2026-01-04T05:30:00,route-patiya-karnaphuli,depot-patiya,station-karnaphuli,2,7000.0,AVAILABLE
310,2026-01-04T05:30:00,route-patiya-coxsbazar,depot-patiya,station-coxsbazar,3,6000.0,AVAILABLE
310,2026-01-04T05:30:00,route-gazipur-karnaphuli,depot-gazipur,station-karnaphuli,4,5000.0,AVAILABLE
310,2026-01-04T05:30:00,route-patiya-mirpur,depot-patiya,station-mirpur,4,5000.0,AVAILABLE
311,2026-01-04T05:45:00,route-gazipur-mirpur,depot-gazipur,station-mirpur,2,7000.0,AVAILABLE
311,2026-01-04T05:45:00,route-gazipur-tongi,depot-gazipur,station-tongi,2,6500.0,AVAILABLE
311,2026-01-04T05:45:00,route-patiya-karnaphuli,depot-patiya,station-karnaphuli,2,7000.0,AVAILABLE
311,2026-01-04T05:45:00,route-patiya-coxsbazar,depot-patiya,station-coxsbazar,3,6000.0,AVAILABLE
311,2026-01-04T05:45:00,route-gazipur-karnaphuli,depot-gazipur,station-karnaphuli,4,5000.0,AVAILABLE
311,2026-01-04T05:45:00,route-patiya-mirpur,depot-patiya,station-mirpur,4,5000.0,AVAILABLE
312,2026-01-04T06:00:00,route-gazipur-mirpur,depot-gazipur,station-mirpur,2,7000.0,AVAILABLE
312,2026-01-04T06:00:00,route-gazipur-tongi,depot-gazipur,station-tongi,2,6500.0,AVAILABLE
312,2026-01-04T06:00:00,route-patiya-karnaphuli,depot-patiya,station-karnaphuli,2,7000.0,AVAILABLE
312,2026-01-04T06:00:00,route-patiya-coxsbazar,depot-patiya,station-coxsbazar,3,6000.0,AVAILABLE
312,2026-01-04T06:00:00,route-gazipur-karnaphuli,depot-gazipur,station-karnaphuli,4,5000.0,AVAILABLE
312,2026-01-04T06:00:00,route-patiya-mirpur,depot-patiya,station-mirpur,4,5000.0,AVAILABLE
313,2026-01-04T06:15:00,route-gazipur-mirpur,depot-gazipur,station-mirpur,2,7000.0,AVAILABLE
313,2026-01-04T06:15:00,route-gazipur-tongi,depot-gazipur,station-tongi,2,6500.0,AVAILABLE
313,2026-01-04T06:15:00,route-patiya-karnaphuli,depot-patiya,station-karnaphuli,2,7000.0,AVAILABLE
313,2026-01-04T06:15:00,route-patiya-coxsbazar,depot-patiya,station-coxsbazar,3,6000.0,AVAILABLE
313,2026-01-04T06:15:00,route-gazipur-karnaphuli,depot-gazipur,station-karnaphuli,4,5000.0,AVAILABLE
313,2026-01-04T06:15:00,route-patiya-mirpur,depot-patiya,station-mirpur,4,5000.0,AVAILABLE
314,2026-01-04T06:30:00,route-gazipur-mirpur,depot-gazipur,station-mirpur,2,7000.0,AVAILABLE
314,2026-01-04T06:30:00,route-gazipur-tongi,depot-gazipur,station-tongi,2,6500.0,AVAILABLE
314,2026-01-04T06:30:00,route-patiya-karnaphuli,depot-patiya,station-karnaphuli,2,7000.0,AVAILABLE
314,2026-01-04T06:30:00,route-patiya-coxsbazar,depot-patiya,station-coxsbazar,3,6000.0,AVAILABLE
314,2026-01-04T06:30:00,route-gazipur-karnaphuli,depot-gazipur,station-karnaphuli,4,5000.0,AVAILABLE
314,2026-01-04T06:30:00,route-patiya-mirpur,depot-patiya,station-mirpur,4,5000.0,AVAILABLE
315,2026-01-04T06:45:00,route-gazipur-mirpur,depot-gazipur,station-mirpur,2,7000.0,AVAILABLE
315,2026-01-04T06:45:00,route-gazipur-tongi,depot-gazipur,station-tongi,2,6500.0,AVAILABLE
315,2026-01-04T06:45:00,route-patiya-karnaphuli,depot-patiya,station-karnaphuli,2,7000.0,AVAILABLE
315,2026-01-04T06:45:00,route-patiya-coxsbazar,depot-patiya,station-coxsbazar,3,6000.0,AVAILABLE
315,2026-01-04T06:45:00,route-gazipur-karnaphuli,depot-gazipur,station-karnaphuli,4,5000.0,AVAILABLE
315,2026-01-04T06:45:00,route-patiya-mirpur,depot-patiya,station-mirpur,4,5000.0,AVAILABLE
316,2026-01-04T07:00:00,route-gazipur-mirpur,depot-gazipur,station-mirpur,2,7000.0,AVAILABLE
316,2026-01-04T07:00:00,route-gazipur-tongi,depot-gazipur,station-tongi,2,6500.0,AVAILABLE
316,2026-01-04T07:00:00,route-patiya-karnaphuli,depot-patiya,station-karnaphuli,2,7000.0,AVAILABLE
316,2026-01-04T07:00:00,route-patiya-coxsbazar,depot-patiya,station-coxsbazar,3,6000.0,AVAILABLE
316,2026-01-04T07:00:00,route-gazipur-karnaphuli,depot-gazipur,station-karnaphuli,4,5000.0,AVAILABLE
316,2026-01-04T07:00:00,route-patiya-mirpur,depot-patiya,station-mirpur,4,5000.0,AVAILABLE
317,2026-01-04T07:15:00,route-gazipur-mirpur,depot-gazipur,station-mirpur,2,7000.0,AVAILABLE
317,2026-01-04T07:15:00,route-gazipur-tongi,depot-gazipur,station-tongi,2,6500.0,AVAILABLE
317,2026-01-04T07:15:00,route-patiya-karnaphuli,depot-patiya,station-karnaphuli,2,7000.0,AVAILABLE
317,2026-01-04T07:15:00,route-patiya-coxsbazar,depot-patiya,station-coxsbazar,3,6000.0,AVAILABLE
317,2026-01-04T07:15:00,route-gazipur-karnaphuli,depot-gazipur,station-karnaphuli,4,5000.0,AVAILABLE
317,2026-01-04T07:15:00,route-patiya-mirpur,depot-patiya,station-mirpur,4,5000.0,AVAILABLE
318,2026-01-04T07:30:00,route-gazipur-mirpur,depot-gazipur,station-mirpur,2,7000.0,AVAILABLE
318,2026-01-04T07:30:00,route-gazipur-tongi,depot-gazipur,station-tongi,2,6500.0,AVAILABLE
318,2026-01-04T07:30:00,route-patiya-karnaphuli,depot-patiya,station-karnaphuli,2,7000.0,AVAILABLE
318,2026-01-04T07:30:00,route-patiya-coxsbazar,depot-patiya,station-coxsbazar,3,6000.0,AVAILABLE
318,2026-01-04T07:30:00,route-gazipur-karnaphuli,depot-gazipur,station-karnaphuli,4,5000.0,AVAILABLE
318,2026-01-04T07:30:00,route-patiya-mirpur,depot-patiya,station-mirpur,4,5000.0,AVAILABLE
319,2026-01-04T07:45:00,route-gazipur-mirpur,depot-gazipur,station-mirpur,2,7000.0,AVAILABLE
319,2026-01-04T07:45:00,route-gazipur-tongi,depot-gazipur,station-tongi,2,6500.0,AVAILABLE
319,2026-01-04T07:45:00,route-patiya-karnaphuli,depot-patiya,station-karnaphuli,2,7000.0,AVAILABLE
319,2026-01-04T07:45:00,route-patiya-coxsbazar,depot-patiya,station-coxsbazar,3,6000.0,AVAILABLE
319,2026-01-04T07:45:00,route-gazipur-karnaphuli,depot-gazipur,station-karnaphuli,4,5000.0,AVAILABLE
319,2026-01-04T07:45:00,route-patiya-mirpur,depot-patiya,station-mirpur,4,5000.0,AVAILABLE
320,2026-01-04T08:00:00,route-gazipur-mirpur,depot-gazipur,station-mirpur,2,7000.0,AVAILABLE
320,2026-01-04T08:00:00,route-gazipur-tongi,depot-gazipur,station-tongi,2,6500.0,AVAILABLE
320,2026-01-04T08:00:00,route-patiya-karnaphuli,depot-patiya,station-karnaphuli,2,7000.0,AVAILABLE
320,2026-01-04T08:00:00,route-patiya-coxsbazar,depot-patiya,station-coxsbazar,3,6000.0,AVAILABLE
320,2026-01-04T08:00:00,route-gazipur-karnaphuli,depot-gazipur,station-karnaphuli,4,5000.0,AVAILABLE
320,2026-01-04T08:00:00,route-patiya-mirpur,depot-patiya,station-mirpur,4,5000.0,AVAILABLE
321,2026-01-04T08:15:00,route-gazipur-mirpur,depot-gazipur,station-mirpur,2,7000.0,AVAILABLE
321,2026-01-04T08:15:00,route-gazipur-tongi,depot-gazipur,station-tongi,2,6500.0,AVAILABLE
321,2026-01-04T08:15:00,route-patiya-karnaphuli,depot-patiya,station-karnaphuli,2,7000.0,AVAILABLE
321,2026-01-04T08:15:00,route-patiya-coxsbazar,depot-patiya,station-coxsbazar,3,6000.0,AVAILABLE
321,2026-01-04T08:15:00,route-gazipur-karnaphuli,depot-gazipur,station-karnaphuli,4,5000.0,AVAILABLE
321,2026-01-04T08:15:00,route-patiya-mirpur,depot-patiya,station-mirpur,4,5000.0,AVAILABLE
322,2026-01-04T08:30:00,route-gazipur-mirpur,depot-gazipur,station-mirpur,2,7000.0,AVAILABLE
322,2026-01-04T08:30:00,route-gazipur-tongi,depot-gazipur,station-tongi,2,6500.0,AVAILABLE
322,2026-01-04T08:30:00,route-patiya-karnaphuli,depot-patiya,station-karnaphuli,2,7000.0,AVAILABLE
322,2026-01-04T08:30:00,route-patiya-coxsbazar,depot-patiya,station-coxsbazar,3,6000.0,AVAILABLE
322,2026-01-04T08:30:00,route-gazipur-karnaphuli,depot-gazipur,station-karnaphuli,4,5000.0,AVAILABLE
322,2026-01-04T08:30:00,route-patiya-mirpur,depot-patiya,station-mirpur,4,5000.0,AVAILABLE
323,2026-01-04T08:45:00,route-gazipur-mirpur,depot-gazipur,station-mirpur,2,7000.0,AVAILABLE
323,2026-01-04T08:45:00,route-gazipur-tongi,depot-gazipur,station-tongi,2,6500.0,AVAILABLE
323,2026-01-04T08:45:00,route-patiya-karnaphuli,depot-patiya,station-karnaphuli,2,7000.0,AVAILABLE
323,2026-01-04T08:45:00,route-patiya-coxsbazar,depot-patiya,station-coxsbazar,3,6000.0,AVAILABLE
323,2026-01-04T08:45:00,route-gazipur-karnaphuli,depot-gazipur,station-karnaphuli,4,5000.0,AVAILABLE
323,2026-01-04T08:45:00,route-patiya-mirpur,depot-patiya,station-mirpur,4,5000.0,AVAILABLE
324,2026-01-04T09:00:00,route-gazipur-mirpur,depot-gazipur,station-mirpur,2,7000.0,AVAILABLE
324,2026-01-04T09:00:00,route-gazipur-tongi,depot-gazipur,station-tongi,2,6500.0,AVAILABLE
324,2026-01-04T09:00:00,route-patiya-karnaphuli,depot-patiya,station-karnaphuli,2,7000.0,AVAILABLE
324,2026-01-04T09:00:00,route-patiya-coxsbazar,depot-patiya,station-coxsbazar,3,6000.0,AVAILABLE
324,2026-01-04T09:00:00,route-gazipur-karnaphuli,depot-gazipur,station-karnaphuli,4,5000.0,AVAILABLE
324,2026-01-04T09:00:00,route-patiya-mirpur,depot-patiya,station-mirpur,4,5000.0,AVAILABLE
325,2026-01-04T09:15:00,route-gazipur-mirpur,depot-gazipur,station-mirpur,2,7000.0,AVAILABLE
325,2026-01-04T09:15:00,route-gazipur-tongi,depot-gazipur,station-tongi,2,6500.0,AVAILABLE
325,2026-01-04T09:15:00,route-patiya-karnaphuli,depot-patiya,station-karnaphuli,2,7000.0,AVAILABLE
325,2026-01-04T09:15:00,route-patiya-coxsbazar,depot-patiya,station-coxsbazar,3,6000.0,AVAILABLE
325,2026-01-04T09:15:00,route-gazipur-karnaphuli,depot-gazipur,station-karnaphuli,4,5000.0,AVAILABLE
325,2026-01-04T09:15:00,route-patiya-mirpur,depot-patiya,station-mirpur,4,5000.0,AVAILABLE
326,2026-01-04T09:30:00,route-gazipur-mirpur,depot-gazipur,station-mirpur,2,7000.0,AVAILABLE
326,2026-01-04T09:30:00,route-gazipur-tongi,depot-gazipur,station-tongi,2,6500.0,AVAILABLE
326,2026-01-04T09:30:00,route-patiya-karnaphuli,depot-patiya,station-karnaphuli,2,7000.0,AVAILABLE
326,2026-01-04T09:30:00,route-patiya-coxsbazar,depot-patiya,station-coxsbazar,3,6000.0,AVAILABLE
326,2026-01-04T09:30:00,route-gazipur-karnaphuli,depot-gazipur,station-karnaphuli,4,5000.0,AVAILABLE
326,2026-01-04T09:30:00,route-patiya-mirpur,depot-patiya,station-mirpur,4,5000.0,AVAILABLE
327,2026-01-04T09:45:00,route-gazipur-mirpur,depot-gazipur,station-mirpur,2,7000.0,AVAILABLE
327,2026-01-04T09:45:00,route-gazipur-tongi,depot-gazipur,station-tongi,2,6500.0,AVAILABLE
327,2026-01-04T09:45:00,route-patiya-karnaphuli,depot-patiya,station-karnaphuli,2,7000.0,AVAILABLE
327,2026-01-04T09:45:00,route-patiya-coxsbazar,depot-patiya,station-coxsbazar,3,6000.0,AVAILABLE
327,2026-01-04T09:45:00,route-gazipur-karnaphuli,depot-gazipur,station-karnaphuli,4,5000.0,AVAILABLE
327,2026-01-04T09:45:00,route-patiya-mirpur,depot-patiya,station-mirpur,4,5000.0,AVAILABLE
328,2026-01-04T10:00:00,route-gazipur-mirpur,depot-gazipur,station-mirpur,2,7000.0,AVAILABLE
328,2026-01-04T10:00:00,route-gazipur-tongi,depot-gazipur,station-tongi,2,6500.0,AVAILABLE
328,2026-01-04T10:00:00,route-patiya-karnaphuli,depot-patiya,station-karnaphuli,2,7000.0,AVAILABLE
328,2026-01-04T10:00:00,route-patiya-coxsbazar,depot-patiya,station-coxsbazar,3,6000.0,AVAILABLE
328,2026-01-04T10:00:00,route-gazipur-karnaphuli,depot-gazipur,station-karnaphuli,4,5000.0,AVAILABLE
328,2026-01-04T10:00:00,route-patiya-mirpur,depot-patiya,station-mirpur,4,5000.0,AVAILABLE
329,2026-01-04T10:15:00,route-gazipur-mirpur,depot-gazipur,station-mirpur,2,7000.0,AVAILABLE
329,2026-01-04T10:15:00,route-gazipur-tongi,depot-gazipur,station-tongi,2,6500.0,AVAILABLE
329,2026-01-04T10:15:00,route-patiya-karnaphuli,depot-patiya,station-karnaphuli,2,7000.0,AVAILABLE
329,2026-01-04T10:15:00,route-patiya-coxsbazar,depot-patiya,station-coxsbazar,3,6000.0,AVAILABLE
329,2026-01-04T10:15:00,route-gazipur-karnaphuli,depot-gazipur,station-karnaphuli,4,5000.0,AVAILABLE
329,2026-01-04T10:15:00,route-patiya-mirpur,depot-patiya,station-mirpur,4,5000.0,AVAILABLE
330,2026-01-04T10:30:00,route-gazipur-mirpur,depot-gazipur,station-mirpur,2,7000.0,AVAILABLE
330,2026-01-04T10:30:00,route-gazipur-tongi,depot-gazipur,station-tongi,2,6500.0,AVAILABLE
330,2026-01-04T10:30:00,route-patiya-karnaphuli,depot-patiya,station-karnaphuli,2,7000.0,AVAILABLE
330,2026-01-04T10:30:00,route-patiya-coxsbazar,depot-patiya,station-coxsbazar,3,6000.0,AVAILABLE
330,2026-01-04T10:30:00,route-gazipur-karnaphuli,depot-gazipur,station-karnaphuli,4,5000.0,AVAILABLE
330,2026-01-04T10:30:00,route-patiya-mirpur,depot-patiya,station-mirpur,4,5000.0,AVAILABLE
331,2026-01-04T10:45:00,route-gazipur-mirpur,depot-gazipur,station-mirpur,2,7000.0,AVAILABLE
331,2026-01-04T10:45:00,route-gazipur-tongi,depot-gazipur,station-tongi,2,6500.0,AVAILABLE
331,2026-01-04T10:45:00,route-patiya-karnaphuli,depot-patiya,station-karnaphuli,2,7000.0,AVAILABLE
331,2026-01-04T10:45:00,route-patiya-coxsbazar,depot-patiya,station-coxsbazar,3,6000.0,AVAILABLE
331,2026-01-04T10:45:00,route-gazipur-karnaphuli,depot-gazipur,station-karnaphuli,4,5000.0,AVAILABLE
331,2026-01-04T10:45:00,route-patiya-mirpur,depot-patiya,station-mirpur,4,5000.0,AVAILABLE
332,2026-01-04T11:00:00,route-gazipur-mirpur,depot-gazipur,station-mirpur,2,7000.0,AVAILABLE
332,2026-01-04T11:00:00,route-gazipur-tongi,depot-gazipur,station-tongi,2,6500.0,AVAILABLE
332,2026-01-04T11:00:00,route-patiya-karnaphuli,depot-patiya,station-karnaphuli,2,7000.0,AVAILABLE
332,2026-01-04T11:00:00,route-patiya-coxsbazar,depot-patiya,station-coxsbazar,3,6000.0,AVAILABLE
332,2026-01-04T11:00:00,route-gazipur-karnaphuli,depot-gazipur,station-karnaphuli,4,5000.0,AVAILABLE
332,2026-01-04T11:00:00,route-patiya-mirpur,depot-patiya,station-mirpur,4,5000.0,AVAILABLE
333,2026-01-04T11:15:00,route-gazipur-mirpur,depot-gazipur,station-mirpur,2,7000.0,AVAILABLE
333,2026-01-04T11:15:00,route-gazipur-tongi,depot-gazipur,station-tongi,2,6500.0,AVAILABLE
333,2026-01-04T11:15:00,route-patiya-karnaphuli,depot-patiya,station-karnaphuli,2,7000.0,AVAILABLE
333,2026-01-04T11:15:00,route-patiya-coxsbazar,depot-patiya,station-coxsbazar,3,6000.0,AVAILABLE
333,2026-01-04T11:15:00,route-gazipur-karnaphuli,depot-gazipur,station-karnaphuli,4,5000.0,AVAILABLE
333,2026-01-04T11:15:00,route-patiya-mirpur,depot-patiya,station-mirpur,4,5000.0,AVAILABLE
334,2026-01-04T11:30:00,route-gazipur-mirpur,depot-gazipur,station-mirpur,2,7000.0,AVAILABLE
334,2026-01-04T11:30:00,route-gazipur-tongi,depot-gazipur,station-tongi,2,6500.0,AVAILABLE
334,2026-01-04T11:30:00,route-patiya-karnaphuli,depot-patiya,station-karnaphuli,2,7000.0,AVAILABLE
334,2026-01-04T11:30:00,route-patiya-coxsbazar,depot-patiya,station-coxsbazar,3,6000.0,AVAILABLE
334,2026-01-04T11:30:00,route-gazipur-karnaphuli,depot-gazipur,station-karnaphuli,4,5000.0,AVAILABLE
334,2026-01-04T11:30:00,route-patiya-mirpur,depot-patiya,station-mirpur,4,5000.0,AVAILABLE
335,2026-01-04T11:45:00,route-gazipur-mirpur,depot-gazipur,station-mirpur,2,7000.0,AVAILABLE
335,2026-01-04T11:45:00,route-gazipur-tongi,depot-gazipur,station-tongi,2,6500.0,AVAILABLE
335,2026-01-04T11:45:00,route-patiya-karnaphuli,depot-patiya,station-karnaphuli,2,7000.0,AVAILABLE
335,2026-01-04T11:45:00,route-patiya-coxsbazar,depot-patiya,station-coxsbazar,3,6000.0,AVAILABLE
335,2026-01-04T11:45:00,route-gazipur-karnaphuli,depot-gazipur,station-karnaphuli,4,5000.0,AVAILABLE
335,2026-01-04T11:45:00,route-patiya-mirpur,depot-patiya,station-mirpur,4,5000.0,AVAILABLE
336,2026-01-04T12:00:00,route-gazipur-mirpur,depot-gazipur,station-mirpur,2,7000.0,AVAILABLE
336,2026-01-04T12:00:00,route-gazipur-tongi,depot-gazipur,station-tongi,2,6500.0,AVAILABLE
336,2026-01-04T12:00:00,route-patiya-karnaphuli,depot-patiya,station-karnaphuli,2,7000.0,AVAILABLE
336,2026-01-04T12:00:00,route-patiya-coxsbazar,depot-patiya,station-coxsbazar,3,6000.0,AVAILABLE
336,2026-01-04T12:00:00,route-gazipur-karnaphuli,depot-gazipur,station-karnaphuli,4,5000.0,AVAILABLE
336,2026-01-04T12:00:00,route-patiya-mirpur,depot-patiya,station-mirpur,4,5000.0,AVAILABLE
337,2026-01-04T12:15:00,route-gazipur-mirpur,depot-gazipur,station-mirpur,2,7000.0,AVAILABLE
337,2026-01-04T12:15:00,route-gazipur-tongi,depot-gazipur,station-tongi,2,6500.0,AVAILABLE
337,2026-01-04T12:15:00,route-patiya-karnaphuli,depot-patiya,station-karnaphuli,2,7000.0,AVAILABLE
337,2026-01-04T12:15:00,route-patiya-coxsbazar,depot-patiya,station-coxsbazar,3,6000.0,AVAILABLE
337,2026-01-04T12:15:00,route-gazipur-karnaphuli,depot-gazipur,station-karnaphuli,4,5000.0,AVAILABLE
337,2026-01-04T12:15:00,route-patiya-mirpur,depot-patiya,station-mirpur,4,5000.0,AVAILABLE
338,2026-01-04T12:30:00,route-gazipur-mirpur,depot-gazipur,station-mirpur,2,7000.0,AVAILABLE
338,2026-01-04T12:30:00,route-gazipur-tongi,depot-gazipur,station-tongi,2,6500.0,AVAILABLE
338,2026-01-04T12:30:00,route-patiya-karnaphuli,depot-patiya,station-karnaphuli,2,7000.0,AVAILABLE
338,2026-01-04T12:30:00,route-patiya-coxsbazar,depot-patiya,station-coxsbazar,3,6000.0,AVAILABLE
338,2026-01-04T12:30:00,route-gazipur-karnaphuli,depot-gazipur,station-karnaphuli,4,5000.0,AVAILABLE
338,2026-01-04T12:30:00,route-patiya-mirpur,depot-patiya,station-mirpur,4,5000.0,AVAILABLE
339,2026-01-04T12:45:00,route-gazipur-mirpur,depot-gazipur,station-mirpur,2,7000.0,AVAILABLE
339,2026-01-04T12:45:00,route-gazipur-tongi,depot-gazipur,station-tongi,2,6500.0,AVAILABLE
339,2026-01-04T12:45:00,route-patiya-karnaphuli,depot-patiya,station-karnaphuli,2,7000.0,AVAILABLE
339,2026-01-04T12:45:00,route-patiya-coxsbazar,depot-patiya,station-coxsbazar,3,6000.0,AVAILABLE
339,2026-01-04T12:45:00,route-gazipur-karnaphuli,depot-gazipur,station-karnaphuli,4,5000.0,AVAILABLE
339,2026-01-04T12:45:00,route-patiya-mirpur,depot-patiya,station-mirpur,4,5000.0,AVAILABLE
340,2026-01-04T13:00:00,route-gazipur-mirpur,depot-gazipur,station-mirpur,2,7000.0,AVAILABLE
340,2026-01-04T13:00:00,route-gazipur-tongi,depot-gazipur,station-tongi,2,6500.0,AVAILABLE
340,2026-01-04T13:00:00,route-patiya-karnaphuli,depot-patiya,station-karnaphuli,2,7000.0,AVAILABLE
340,2026-01-04T13:00:00,route-patiya-coxsbazar,depot-patiya,station-coxsbazar,3,6000.0,AVAILABLE
340,2026-01-04T13:00:00,route-gazipur-karnaphuli,depot-gazipur,station-karnaphuli,4,5000.0,AVAILABLE
340,2026-01-04T13:00:00,route-patiya-mirpur,depot-patiya,station-mirpur,4,5000.0,AVAILABLE
341,2026-01-04T13:15:00,route-gazipur-mirpur,depot-gazipur,station-mirpur,2,7000.0,AVAILABLE
341,2026-01-04T13:15:00,route-gazipur-tongi,depot-gazipur,station-tongi,2,6500.0,AVAILABLE
341,2026-01-04T13:15:00,route-patiya-karnaphuli,depot-patiya,station-karnaphuli,2,7000.0,AVAILABLE
341,2026-01-04T13:15:00,route-patiya-coxsbazar,depot-patiya,station-coxsbazar,3,6000.0,AVAILABLE
341,2026-01-04T13:15:00,route-gazipur-karnaphuli,depot-gazipur,station-karnaphuli,4,5000.0,AVAILABLE
341,2026-01-04T13:15:00,route-patiya-mirpur,depot-patiya,station-mirpur,4,5000.0,AVAILABLE
342,2026-01-04T13:30:00,route-gazipur-mirpur,depot-gazipur,station-mirpur,2,7000.0,AVAILABLE
342,2026-01-04T13:30:00,route-gazipur-tongi,depot-gazipur,station-tongi,2,6500.0,AVAILABLE
342,2026-01-04T13:30:00,route-patiya-karnaphuli,depot-patiya,station-karnaphuli,2,7000.0,AVAILABLE
342,2026-01-04T13:30:00,route-patiya-coxsbazar,depot-patiya,station-coxsbazar,3,6000.0,AVAILABLE
342,2026-01-04T13:30:00,route-gazipur-karnaphuli,depot-gazipur,station-karnaphuli,4,5000.0,AVAILABLE
342,2026-01-04T13:30:00,route-patiya-mirpur,depot-patiya,station-mirpur,4,5000.0,AVAILABLE
343,2026-01-04T13:45:00,route-gazipur-mirpur,depot-gazipur,station-mirpur,2,7000.0,AVAILABLE
343,2026-01-04T13:45:00,route-gazipur-tongi,depot-gazipur,station-tongi,2,6500.0,AVAILABLE
343,2026-01-04T13:45:00,route-patiya-karnaphuli,depot-patiya,station-karnaphuli,2,7000.0,AVAILABLE
343,2026-01-04T13:45:00,route-patiya-coxsbazar,depot-patiya,station-coxsbazar,3,6000.0,AVAILABLE
343,2026-01-04T13:45:00,route-gazipur-karnaphuli,depot-gazipur,station-karnaphuli,4,5000.0,AVAILABLE
343,2026-01-04T13:45:00,route-patiya-mirpur,depot-patiya,station-mirpur,4,5000.0,AVAILABLE
344,2026-01-04T14:00:00,route-gazipur-mirpur,depot-gazipur,station-mirpur,2,7000.0,AVAILABLE
344,2026-01-04T14:00:00,route-gazipur-tongi,depot-gazipur,station-tongi,2,6500.0,AVAILABLE
344,2026-01-04T14:00:00,route-patiya-karnaphuli,depot-patiya,station-karnaphuli,2,7000.0,AVAILABLE
344,2026-01-04T14:00:00,route-patiya-coxsbazar,depot-patiya,station-coxsbazar,3,6000.0,AVAILABLE
344,2026-01-04T14:00:00,route-gazipur-karnaphuli,depot-gazipur,station-karnaphuli,4,5000.0,AVAILABLE
344,2026-01-04T14:00:00,route-patiya-mirpur,depot-patiya,station-mirpur,4,5000.0,AVAILABLE
345,2026-01-04T14:15:00,route-gazipur-mirpur,depot-gazipur,station-mirpur,2,7000.0,AVAILABLE
345,2026-01-04T14:15:00,route-gazipur-tongi,depot-gazipur,station-tongi,2,6500.0,AVAILABLE
345,2026-01-04T14:15:00,route-patiya-karnaphuli,depot-patiya,station-karnaphuli,2,7000.0,AVAILABLE
345,2026-01-04T14:15:00,route-patiya-coxsbazar,depot-patiya,station-coxsbazar,3,6000.0,AVAILABLE
345,2026-01-04T14:15:00,route-gazipur-karnaphuli,depot-gazipur,station-karnaphuli,4,5000.0,AVAILABLE
345,2026-01-04T14:15:00,route-patiya-mirpur,depot-patiya,station-mirpur,4,5000.0,AVAILABLE
346,2026-01-04T14:30:00,route-gazipur-mirpur,depot-gazipur,station-mirpur,2,7000.0,AVAILABLE
346,2026-01-04T14:30:00,route-gazipur-tongi,depot-gazipur,station-tongi,2,6500.0,AVAILABLE
346,2026-01-04T14:30:00,route-patiya-karnaphuli,depot-patiya,station-karnaphuli,2,7000.0,AVAILABLE
346,2026-01-04T14:30:00,route-patiya-coxsbazar,depot-patiya,station-coxsbazar,3,6000.0,AVAILABLE
346,2026-01-04T14:30:00,route-gazipur-karnaphuli,depot-gazipur,station-karnaphuli,4,5000.0,AVAILABLE
346,2026-01-04T14:30:00,route-patiya-mirpur,depot-patiya,station-mirpur,4,5000.0,AVAILABLE
347,2026-01-04T14:45:00,route-gazipur-mirpur,depot-gazipur,station-mirpur,2,7000.0,AVAILABLE
347,2026-01-04T14:45:00,route-gazipur-tongi,depot-gazipur,station-tongi,2,6500.0,AVAILABLE
347,2026-01-04T14:45:00,route-patiya-karnaphuli,depot-patiya,station-karnaphuli,2,7000.0,AVAILABLE
347,2026-01-04T14:45:00,route-patiya-coxsbazar,depot-patiya,station-coxsbazar,3,6000.0,AVAILABLE
347,2026-01-04T14:45:00,route-gazipur-karnaphuli,depot-gazipur,station-karnaphuli,4,5000.0,AVAILABLE
347,2026-01-04T14:45:00,route-patiya-mirpur,depot-patiya,station-mirpur,4,5000.0,AVAILABLE
348,2026-01-04T15:00:00,route-gazipur-mirpur,depot-gazipur,station-mirpur,2,7000.0,AVAILABLE
348,2026-01-04T15:00:00,route-gazipur-tongi,depot-gazipur,station-tongi,2,6500.0,AVAILABLE
348,2026-01-04T15:00:00,route-patiya-karnaphuli,depot-patiya,station-karnaphuli,2,7000.0,AVAILABLE
348,2026-01-04T15:00:00,route-patiya-coxsbazar,depot-patiya,station-coxsbazar,3,6000.0,AVAILABLE
348,2026-01-04T15:00:00,route-gazipur-karnaphuli,depot-gazipur,station-karnaphuli,4,5000.0,AVAILABLE
348,2026-01-04T15:00:00,route-patiya-mirpur,depot-patiya,station-mirpur,4,5000.0,AVAILABLE
349,2026-01-04T15:15:00,route-gazipur-mirpur,depot-gazipur,station-mirpur,2,7000.0,AVAILABLE
349,2026-01-04T15:15:00,route-gazipur-tongi,depot-gazipur,station-tongi,2,6500.0,AVAILABLE
349,2026-01-04T15:15:00,route-patiya-karnaphuli,depot-patiya,station-karnaphuli,2,7000.0,AVAILABLE
349,2026-01-04T15:15:00,route-patiya-coxsbazar,depot-patiya,station-coxsbazar,3,6000.0,AVAILABLE
349,2026-01-04T15:15:00,route-gazipur-karnaphuli,depot-gazipur,station-karnaphuli,4,5000.0,AVAILABLE
349,2026-01-04T15:15:00,route-patiya-mirpur,depot-patiya,station-mirpur,4,5000.0,AVAILABLE
350,2026-01-04T15:30:00,route-gazipur-mirpur,depot-gazipur,station-mirpur,2,7000.0,AVAILABLE
350,2026-01-04T15:30:00,route-gazipur-tongi,depot-gazipur,station-tongi,2,6500.0,AVAILABLE
350,2026-01-04T15:30:00,route-patiya-karnaphuli,depot-patiya,station-karnaphuli,2,7000.0,AVAILABLE
350,2026-01-04T15:30:00,route-patiya-coxsbazar,depot-patiya,station-coxsbazar,3,6000.0,AVAILABLE
350,2026-01-04T15:30:00,route-gazipur-karnaphuli,depot-gazipur,station-karnaphuli,4,5000.0,AVAILABLE
350,2026-01-04T15:30:00,route-patiya-mirpur,depot-patiya,station-mirpur,4,5000.0,AVAILABLE
351,2026-01-04T15:45:00,route-gazipur-mirpur,depot-gazipur,station-mirpur,2,7000.0,AVAILABLE
351,2026-01-04T15:45:00,route-gazipur-tongi,depot-gazipur,station-tongi,2,6500.0,AVAILABLE
351,2026-01-04T15:45:00,route-patiya-karnaphuli,depot-patiya,station-karnaphuli,2,7000.0,AVAILABLE
351,2026-01-04T15:45:00,route-patiya-coxsbazar,depot-patiya,station-coxsbazar,3,6000.0,AVAILABLE
351,2026-01-04T15:45:00,route-gazipur-karnaphuli,depot-gazipur,station-karnaphuli,4,5000.0,AVAILABLE
351,2026-01-04T15:45:00,route-patiya-mirpur,depot-patiya,station-mirpur,4,5000.0,AVAILABLE
352,2026-01-04T16:00:00,route-gazipur-mirpur,depot-gazipur,station-mirpur,2,7000.0,AVAILABLE
352,2026-01-04T16:00:00,route-gazipur-tongi,depot-gazipur,station-tongi,2,6500.0,AVAILABLE
352,2026-01-04T16:00:00,route-patiya-karnaphuli,depot-patiya,station-karnaphuli,2,7000.0,AVAILABLE
352,2026-01-04T16:00:00,route-patiya-coxsbazar,depot-patiya,station-coxsbazar,3,6000.0,AVAILABLE
352,2026-01-04T16:00:00,route-gazipur-karnaphuli,depot-gazipur,station-karnaphuli,4,5000.0,AVAILABLE
352,2026-01-04T16:00:00,route-patiya-mirpur,depot-patiya,station-mirpur,4,5000.0,AVAILABLE
353,2026-01-04T16:15:00,route-gazipur-mirpur,depot-gazipur,station-mirpur,2,7000.0,AVAILABLE
353,2026-01-04T16:15:00,route-gazipur-tongi,depot-gazipur,station-tongi,2,6500.0,AVAILABLE
353,2026-01-04T16:15:00,route-patiya-karnaphuli,depot-patiya,station-karnaphuli,2,7000.0,AVAILABLE
353,2026-01-04T16:15:00,route-patiya-coxsbazar,depot-patiya,station-coxsbazar,3,6000.0,AVAILABLE
353,2026-01-04T16:15:00,route-gazipur-karnaphuli,depot-gazipur,station-karnaphuli,4,5000.0,AVAILABLE
353,2026-01-04T16:15:00,route-patiya-mirpur,depot-patiya,station-mirpur,4,5000.0,AVAILABLE
354,2026-01-04T16:30:00,route-gazipur-mirpur,depot-gazipur,station-mirpur,2,7000.0,AVAILABLE
354,2026-01-04T16:30:00,route-gazipur-tongi,depot-gazipur,station-tongi,2,6500.0,AVAILABLE
354,2026-01-04T16:30:00,route-patiya-karnaphuli,depot-patiya,station-karnaphuli,2,7000.0,AVAILABLE
354,2026-01-04T16:30:00,route-patiya-coxsbazar,depot-patiya,station-coxsbazar,3,6000.0,AVAILABLE
354,2026-01-04T16:30:00,route-gazipur-karnaphuli,depot-gazipur,station-karnaphuli,4,5000.0,AVAILABLE
354,2026-01-04T16:30:00,route-patiya-mirpur,depot-patiya,station-mirpur,4,5000.0,AVAILABLE
355,2026-01-04T16:45:00,route-gazipur-mirpur,depot-gazipur,station-mirpur,2,7000.0,AVAILABLE
355,2026-01-04T16:45:00,route-gazipur-tongi,depot-gazipur,station-tongi,2,6500.0,AVAILABLE
355,2026-01-04T16:45:00,route-patiya-karnaphuli,depot-patiya,station-karnaphuli,2,7000.0,AVAILABLE
355,2026-01-04T16:45:00,route-patiya-coxsbazar,depot-patiya,station-coxsbazar,3,6000.0,AVAILABLE
355,2026-01-04T16:45:00,route-gazipur-karnaphuli,depot-gazipur,station-karnaphuli,4,5000.0,AVAILABLE
355,2026-01-04T16:45:00,route-patiya-mirpur,depot-patiya,station-mirpur,4,5000.0,AVAILABLE
356,2026-01-04T17:00:00,route-gazipur-mirpur,depot-gazipur,station-mirpur,2,7000.0,AVAILABLE
356,2026-01-04T17:00:00,route-gazipur-tongi,depot-gazipur,station-tongi,2,6500.0,AVAILABLE
356,2026-01-04T17:00:00,route-patiya-karnaphuli,depot-patiya,station-karnaphuli,2,7000.0,AVAILABLE
356,2026-01-04T17:00:00,route-patiya-coxsbazar,depot-patiya,station-coxsbazar,3,6000.0,AVAILABLE
356,2026-01-04T17:00:00,route-gazipur-karnaphuli,depot-gazipur,station-karnaphuli,4,5000.0,AVAILABLE
356,2026-01-04T17:00:00,route-patiya-mirpur,depot-patiya,station-mirpur,4,5000.0,AVAILABLE
357,2026-01-04T17:15:00,route-gazipur-mirpur,depot-gazipur,station-mirpur,2,7000.0,AVAILABLE
357,2026-01-04T17:15:00,route-gazipur-tongi,depot-gazipur,station-tongi,2,6500.0,AVAILABLE
357,2026-01-04T17:15:00,route-patiya-karnaphuli,depot-patiya,station-karnaphuli,2,7000.0,AVAILABLE
357,2026-01-04T17:15:00,route-patiya-coxsbazar,depot-patiya,station-coxsbazar,3,6000.0,AVAILABLE
357,2026-01-04T17:15:00,route-gazipur-karnaphuli,depot-gazipur,station-karnaphuli,4,5000.0,AVAILABLE
357,2026-01-04T17:15:00,route-patiya-mirpur,depot-patiya,station-mirpur,4,5000.0,AVAILABLE
358,2026-01-04T17:30:00,route-gazipur-mirpur,depot-gazipur,station-mirpur,2,7000.0,AVAILABLE
358,2026-01-04T17:30:00,route-gazipur-tongi,depot-gazipur,station-tongi,2,6500.0,AVAILABLE
358,2026-01-04T17:30:00,route-patiya-karnaphuli,depot-patiya,station-karnaphuli,2,7000.0,AVAILABLE
358,2026-01-04T17:30:00,route-patiya-coxsbazar,depot-patiya,station-coxsbazar,3,6000.0,AVAILABLE
358,2026-01-04T17:30:00,route-gazipur-karnaphuli,depot-gazipur,station-karnaphuli,4,5000.0,AVAILABLE
358,2026-01-04T17:30:00,route-patiya-mirpur,depot-patiya,station-mirpur,4,5000.0,AVAILABLE
359,2026-01-04T17:45:00,route-gazipur-mirpur,depot-gazipur,station-mirpur,2,7000.0,AVAILABLE
359,2026-01-04T17:45:00,route-gazipur-tongi,depot-gazipur,station-tongi,2,6500.0,AVAILABLE
359,2026-01-04T17:45:00,route-patiya-karnaphuli,depot-patiya,station-karnaphuli,2,7000.0,AVAILABLE
359,2026-01-04T17:45:00,route-patiya-coxsbazar,depot-patiya,station-coxsbazar,3,6000.0,AVAILABLE
359,2026-01-04T17:45:00,route-gazipur-karnaphuli,depot-gazipur,station-karnaphuli,4,5000.0,AVAILABLE
359,2026-01-04T17:45:00,route-patiya-mirpur,depot-patiya,station-mirpur,4,5000.0,AVAILABLE
360,2026-01-04T18:00:00,route-gazipur-mirpur,depot-gazipur,station-mirpur,2,7000.0,AVAILABLE
360,2026-01-04T18:00:00,route-gazipur-tongi,depot-gazipur,station-tongi,2,6500.0,AVAILABLE
360,2026-01-04T18:00:00,route-patiya-karnaphuli,depot-patiya,station-karnaphuli,2,7000.0,AVAILABLE
360,2026-01-04T18:00:00,route-patiya-coxsbazar,depot-patiya,station-coxsbazar,3,6000.0,AVAILABLE
360,2026-01-04T18:00:00,route-gazipur-karnaphuli,depot-gazipur,station-karnaphuli,4,5000.0,AVAILABLE
360,2026-01-04T18:00:00,route-patiya-mirpur,depot-patiya,station-mirpur,4,5000.0,AVAILABLE
361,2026-01-04T18:15:00,route-gazipur-mirpur,depot-gazipur,station-mirpur,2,7000.0,AVAILABLE
361,2026-01-04T18:15:00,route-gazipur-tongi,depot-gazipur,station-tongi,2,6500.0,AVAILABLE
361,2026-01-04T18:15:00,route-patiya-karnaphuli,depot-patiya,station-karnaphuli,2,7000.0,AVAILABLE
361,2026-01-04T18:15:00,route-patiya-coxsbazar,depot-patiya,station-coxsbazar,3,6000.0,AVAILABLE
361,2026-01-04T18:15:00,route-gazipur-karnaphuli,depot-gazipur,station-karnaphuli,4,5000.0,AVAILABLE
361,2026-01-04T18:15:00,route-patiya-mirpur,depot-patiya,station-mirpur,4,5000.0,AVAILABLE
362,2026-01-04T18:30:00,route-gazipur-mirpur,depot-gazipur,station-mirpur,2,7000.0,AVAILABLE
362,2026-01-04T18:30:00,route-gazipur-tongi,depot-gazipur,station-tongi,2,6500.0,AVAILABLE
362,2026-01-04T18:30:00,route-patiya-karnaphuli,depot-patiya,station-karnaphuli,2,7000.0,AVAILABLE
362,2026-01-04T18:30:00,route-patiya-coxsbazar,depot-patiya,station-coxsbazar,3,6000.0,AVAILABLE
362,2026-01-04T18:30:00,route-gazipur-karnaphuli,depot-gazipur,station-karnaphuli,4,5000.0,AVAILABLE
362,2026-01-04T18:30:00,route-patiya-mirpur,depot-patiya,station-mirpur,4,5000.0,AVAILABLE
363,2026-01-04T18:45:00,route-gazipur-mirpur,depot-gazipur,station-mirpur,2,7000.0,AVAILABLE
363,2026-01-04T18:45:00,route-gazipur-tongi,depot-gazipur,station-tongi,2,6500.0,AVAILABLE
363,2026-01-04T18:45:00,route-patiya-karnaphuli,depot-patiya,station-karnaphuli,2,7000.0,AVAILABLE
363,2026-01-04T18:45:00,route-patiya-coxsbazar,depot-patiya,station-coxsbazar,3,6000.0,AVAILABLE
363,2026-01-04T18:45:00,route-gazipur-karnaphuli,depot-gazipur,station-karnaphuli,4,5000.0,AVAILABLE
363,2026-01-04T18:45:00,route-patiya-mirpur,depot-patiya,station-mirpur,4,5000.0,AVAILABLE
364,2026-01-04T19:00:00,route-gazipur-mirpur,depot-gazipur,station-mirpur,2,7000.0,AVAILABLE
364,2026-01-04T19:00:00,route-gazipur-tongi,depot-gazipur,station-tongi,2,6500.0,AVAILABLE
364,2026-01-04T19:00:00,route-patiya-karnaphuli,depot-patiya,station-karnaphuli,2,7000.0,AVAILABLE
364,2026-01-04T19:00:00,route-patiya-coxsbazar,depot-patiya,station-coxsbazar,3,6000.0,AVAILABLE
364,2026-01-04T19:00:00,route-gazipur-karnaphuli,depot-gazipur,station-karnaphuli,4,5000.0,AVAILABLE
364,2026-01-04T19:00:00,route-patiya-mirpur,depot-patiya,station-mirpur,4,5000.0,AVAILABLE
365,2026-01-04T19:15:00,route-gazipur-mirpur,depot-gazipur,station-mirpur,2,7000.0,AVAILABLE
365,2026-01-04T19:15:00,route-gazipur-tongi,depot-gazipur,station-tongi,2,6500.0,AVAILABLE
365,2026-01-04T19:15:00,route-patiya-karnaphuli,depot-patiya,station-karnaphuli,2,7000.0,AVAILABLE
365,2026-01-04T19:15:00,route-patiya-coxsbazar,depot-patiya,station-coxsbazar,3,6000.0,AVAILABLE
365,2026-01-04T19:15:00,route-gazipur-karnaphuli,depot-gazipur,station-karnaphuli,4,5000.0,AVAILABLE
365,2026-01-04T19:15:00,route-patiya-mirpur,depot-patiya,station-mirpur,4,5000.0,AVAILABLE
366,2026-01-04T19:30:00,route-gazipur-mirpur,depot-gazipur,station-mirpur,2,7000.0,AVAILABLE
366,2026-01-04T19:30:00,route-gazipur-tongi,depot-gazipur,station-tongi,2,6500.0,AVAILABLE
366,2026-01-04T19:30:00,route-patiya-karnaphuli,depot-patiya,station-karnaphuli,2,7000.0,AVAILABLE
366,2026-01-04T19:30:00,route-patiya-coxsbazar,depot-patiya,station-coxsbazar,3,6000.0,AVAILABLE
366,2026-01-04T19:30:00,route-gazipur-karnaphuli,depot-gazipur,station-karnaphuli,4,5000.0,AVAILABLE
366,2026-01-04T19:30:00,route-patiya-mirpur,depot-patiya,station-mirpur,4,5000.0,AVAILABLE
367,2026-01-04T19:45:00,route-gazipur-mirpur,depot-gazipur,station-mirpur,2,7000.0,AVAILABLE
367,2026-01-04T19:45:00,route-gazipur-tongi,depot-gazipur,station-tongi,2,6500.0,AVAILABLE
367,2026-01-04T19:45:00,route-patiya-karnaphuli,depot-patiya,station-karnaphuli,2,7000.0,AVAILABLE
367,2026-01-04T19:45:00,route-patiya-coxsbazar,depot-patiya,station-coxsbazar,3,6000.0,AVAILABLE
367,2026-01-04T19:45:00,route-gazipur-karnaphuli,depot-gazipur,station-karnaphuli,4,5000.0,AVAILABLE
367,2026-01-04T19:45:00,route-patiya-mirpur,depot-patiya,station-mirpur,4,5000.0,AVAILABLE
368,2026-01-04T20:00:00,route-gazipur-mirpur,depot-gazipur,station-mirpur,2,7000.0,AVAILABLE
368,2026-01-04T20:00:00,route-gazipur-tongi,depot-gazipur,station-tongi,2,6500.0,AVAILABLE
368,2026-01-04T20:00:00,route-patiya-karnaphuli,depot-patiya,station-karnaphuli,2,7000.0,AVAILABLE
368,2026-01-04T20:00:00,route-patiya-coxsbazar,depot-patiya,station-coxsbazar,3,6000.0,AVAILABLE
368,2026-01-04T20:00:00,route-gazipur-karnaphuli,depot-gazipur,station-karnaphuli,4,5000.0,AVAILABLE
368,2026-01-04T20:00:00,route-patiya-mirpur,depot-patiya,station-mirpur,4,5000.0,AVAILABLE
369,2026-01-04T20:15:00,route-gazipur-mirpur,depot-gazipur,station-mirpur,2,7000.0,AVAILABLE
369,2026-01-04T20:15:00,route-gazipur-tongi,depot-gazipur,station-tongi,2,6500.0,AVAILABLE
369,2026-01-04T20:15:00,route-patiya-karnaphuli,depot-patiya,station-karnaphuli,2,7000.0,AVAILABLE
369,2026-01-04T20:15:00,route-patiya-coxsbazar,depot-patiya,station-coxsbazar,3,6000.0,AVAILABLE
369,2026-01-04T20:15:00,route-gazipur-karnaphuli,depot-gazipur,station-karnaphuli,4,5000.0,AVAILABLE
369,2026-01-04T20:15:00,route-patiya-mirpur,depot-patiya,station-mirpur,4,5000.0,AVAILABLE
370,2026-01-04T20:30:00,route-gazipur-mirpur,depot-gazipur,station-mirpur,2,7000.0,AVAILABLE
370,2026-01-04T20:30:00,route-gazipur-tongi,depot-gazipur,station-tongi,2,6500.0,AVAILABLE
370,2026-01-04T20:30:00,route-patiya-karnaphuli,depot-patiya,station-karnaphuli,2,7000.0,AVAILABLE
370,2026-01-04T20:30:00,route-patiya-coxsbazar,depot-patiya,station-coxsbazar,3,6000.0,AVAILABLE
370,2026-01-04T20:30:00,route-gazipur-karnaphuli,depot-gazipur,station-karnaphuli,4,5000.0,AVAILABLE
370,2026-01-04T20:30:00,route-patiya-mirpur,depot-patiya,station-mirpur,4,5000.0,AVAILABLE
371,2026-01-04T20:45:00,route-gazipur-mirpur,depot-gazipur,station-mirpur,2,7000.0,AVAILABLE
371,2026-01-04T20:45:00,route-gazipur-tongi,depot-gazipur,station-tongi,2,6500.0,AVAILABLE
371,2026-01-04T20:45:00,route-patiya-karnaphuli,depot-patiya,station-karnaphuli,2,7000.0,AVAILABLE
371,2026-01-04T20:45:00,route-patiya-coxsbazar,depot-patiya,station-coxsbazar,3,6000.0,AVAILABLE
371,2026-01-04T20:45:00,route-gazipur-karnaphuli,depot-gazipur,station-karnaphuli,4,5000.0,AVAILABLE
371,2026-01-04T20:45:00,route-patiya-mirpur,depot-patiya,station-mirpur,4,5000.0,AVAILABLE
372,2026-01-04T21:00:00,route-gazipur-mirpur,depot-gazipur,station-mirpur,2,7000.0,AVAILABLE
372,2026-01-04T21:00:00,route-gazipur-tongi,depot-gazipur,station-tongi,2,6500.0,AVAILABLE
372,2026-01-04T21:00:00,route-patiya-karnaphuli,depot-patiya,station-karnaphuli,2,7000.0,AVAILABLE
372,2026-01-04T21:00:00,route-patiya-coxsbazar,depot-patiya,station-coxsbazar,3,6000.0,AVAILABLE
372,2026-01-04T21:00:00,route-gazipur-karnaphuli,depot-gazipur,station-karnaphuli,4,5000.0,AVAILABLE
372,2026-01-04T21:00:00,route-patiya-mirpur,depot-patiya,station-mirpur,4,5000.0,AVAILABLE
373,2026-01-04T21:15:00,route-gazipur-mirpur,depot-gazipur,station-mirpur,2,7000.0,AVAILABLE
373,2026-01-04T21:15:00,route-gazipur-tongi,depot-gazipur,station-tongi,2,6500.0,AVAILABLE
373,2026-01-04T21:15:00,route-patiya-karnaphuli,depot-patiya,station-karnaphuli,2,7000.0,AVAILABLE
373,2026-01-04T21:15:00,route-patiya-coxsbazar,depot-patiya,station-coxsbazar,3,6000.0,AVAILABLE
373,2026-01-04T21:15:00,route-gazipur-karnaphuli,depot-gazipur,station-karnaphuli,4,5000.0,AVAILABLE
373,2026-01-04T21:15:00,route-patiya-mirpur,depot-patiya,station-mirpur,4,5000.0,AVAILABLE
374,2026-01-04T21:30:00,route-gazipur-mirpur,depot-gazipur,station-mirpur,2,7000.0,AVAILABLE
374,2026-01-04T21:30:00,route-gazipur-tongi,depot-gazipur,station-tongi,2,6500.0,AVAILABLE
374,2026-01-04T21:30:00,route-patiya-karnaphuli,depot-patiya,station-karnaphuli,2,7000.0,AVAILABLE
374,2026-01-04T21:30:00,route-patiya-coxsbazar,depot-patiya,station-coxsbazar,3,6000.0,AVAILABLE
374,2026-01-04T21:30:00,route-gazipur-karnaphuli,depot-gazipur,station-karnaphuli,4,5000.0,AVAILABLE
374,2026-01-04T21:30:00,route-patiya-mirpur,depot-patiya,station-mirpur,4,5000.0,AVAILABLE
375,2026-01-04T21:45:00,route-gazipur-mirpur,depot-gazipur,station-mirpur,2,7000.0,AVAILABLE
375,2026-01-04T21:45:00,route-gazipur-tongi,depot-gazipur,station-tongi,2,6500.0,AVAILABLE
375,2026-01-04T21:45:00,route-patiya-karnaphuli,depot-patiya,station-karnaphuli,2,7000.0,AVAILABLE
375,2026-01-04T21:45:00,route-patiya-coxsbazar,depot-patiya,station-coxsbazar,3,6000.0,AVAILABLE
375,2026-01-04T21:45:00,route-gazipur-karnaphuli,depot-gazipur,station-karnaphuli,4,5000.0,AVAILABLE
375,2026-01-04T21:45:00,route-patiya-mirpur,depot-patiya,station-mirpur,4,5000.0,AVAILABLE
376,2026-01-04T22:00:00,route-gazipur-mirpur,depot-gazipur,station-mirpur,2,7000.0,AVAILABLE
376,2026-01-04T22:00:00,route-gazipur-tongi,depot-gazipur,station-tongi,2,6500.0,AVAILABLE
376,2026-01-04T22:00:00,route-patiya-karnaphuli,depot-patiya,station-karnaphuli,2,7000.0,AVAILABLE
376,2026-01-04T22:00:00,route-patiya-coxsbazar,depot-patiya,station-coxsbazar,3,6000.0,AVAILABLE
376,2026-01-04T22:00:00,route-gazipur-karnaphuli,depot-gazipur,station-karnaphuli,4,5000.0,AVAILABLE
376,2026-01-04T22:00:00,route-patiya-mirpur,depot-patiya,station-mirpur,4,5000.0,AVAILABLE
377,2026-01-04T22:15:00,route-gazipur-mirpur,depot-gazipur,station-mirpur,2,7000.0,AVAILABLE
377,2026-01-04T22:15:00,route-gazipur-tongi,depot-gazipur,station-tongi,2,6500.0,AVAILABLE
377,2026-01-04T22:15:00,route-patiya-karnaphuli,depot-patiya,station-karnaphuli,2,7000.0,AVAILABLE
377,2026-01-04T22:15:00,route-patiya-coxsbazar,depot-patiya,station-coxsbazar,3,6000.0,AVAILABLE
377,2026-01-04T22:15:00,route-gazipur-karnaphuli,depot-gazipur,station-karnaphuli,4,5000.0,AVAILABLE
377,2026-01-04T22:15:00,route-patiya-mirpur,depot-patiya,station-mirpur,4,5000.0,AVAILABLE
378,2026-01-04T22:30:00,route-gazipur-mirpur,depot-gazipur,station-mirpur,2,7000.0,AVAILABLE
378,2026-01-04T22:30:00,route-gazipur-tongi,depot-gazipur,station-tongi,2,6500.0,AVAILABLE
378,2026-01-04T22:30:00,route-patiya-karnaphuli,depot-patiya,station-karnaphuli,2,7000.0,AVAILABLE
378,2026-01-04T22:30:00,route-patiya-coxsbazar,depot-patiya,station-coxsbazar,3,6000.0,AVAILABLE
378,2026-01-04T22:30:00,route-gazipur-karnaphuli,depot-gazipur,station-karnaphuli,4,5000.0,AVAILABLE
378,2026-01-04T22:30:00,route-patiya-mirpur,depot-patiya,station-mirpur,4,5000.0,AVAILABLE
379,2026-01-04T22:45:00,route-gazipur-mirpur,depot-gazipur,station-mirpur,2,7000.0,AVAILABLE
379,2026-01-04T22:45:00,route-gazipur-tongi,depot-gazipur,station-tongi,2,6500.0,AVAILABLE
379,2026-01-04T22:45:00,route-patiya-karnaphuli,depot-patiya,station-karnaphuli,2,7000.0,AVAILABLE
379,2026-01-04T22:45:00,route-patiya-coxsbazar,depot-patiya,station-coxsbazar,3,6000.0,AVAILABLE
379,2026-01-04T22:45:00,route-gazipur-karnaphuli,depot-gazipur,station-karnaphuli,4,5000.0,AVAILABLE
379,2026-01-04T22:45:00,route-patiya-mirpur,depot-patiya,station-mirpur,4,5000.0,AVAILABLE
380,2026-01-04T23:00:00,route-gazipur-mirpur,depot-gazipur,station-mirpur,2,7000.0,AVAILABLE
380,2026-01-04T23:00:00,route-gazipur-tongi,depot-gazipur,station-tongi,2,6500.0,AVAILABLE
380,2026-01-04T23:00:00,route-patiya-karnaphuli,depot-patiya,station-karnaphuli,2,7000.0,AVAILABLE
380,2026-01-04T23:00:00,route-patiya-coxsbazar,depot-patiya,station-coxsbazar,3,6000.0,AVAILABLE
380,2026-01-04T23:00:00,route-gazipur-karnaphuli,depot-gazipur,station-karnaphuli,4,5000.0,AVAILABLE
380,2026-01-04T23:00:00,route-patiya-mirpur,depot-patiya,station-mirpur,4,5000.0,AVAILABLE
381,2026-01-04T23:15:00,route-gazipur-mirpur,depot-gazipur,station-mirpur,2,7000.0,AVAILABLE
381,2026-01-04T23:15:00,route-gazipur-tongi,depot-gazipur,station-tongi,2,6500.0,AVAILABLE
381,2026-01-04T23:15:00,route-patiya-karnaphuli,depot-patiya,station-karnaphuli,2,7000.0,AVAILABLE
381,2026-01-04T23:15:00,route-patiya-coxsbazar,depot-patiya,station-coxsbazar,3,6000.0,AVAILABLE
381,2026-01-04T23:15:00,route-gazipur-karnaphuli,depot-gazipur,station-karnaphuli,4,5000.0,AVAILABLE
381,2026-01-04T23:15:00,route-patiya-mirpur,depot-patiya,station-mirpur,4,5000.0,AVAILABLE
382,2026-01-04T23:30:00,route-gazipur-mirpur,depot-gazipur,station-mirpur,2,7000.0,AVAILABLE
382,2026-01-04T23:30:00,route-gazipur-tongi,depot-gazipur,station-tongi,2,6500.0,AVAILABLE
382,2026-01-04T23:30:00,route-patiya-karnaphuli,depot-patiya,station-karnaphuli,2,7000.0,AVAILABLE
382,2026-01-04T23:30:00,route-patiya-coxsbazar,depot-patiya,station-coxsbazar,3,6000.0,AVAILABLE
382,2026-01-04T23:30:00,route-gazipur-karnaphuli,depot-gazipur,station-karnaphuli,4,5000.0,AVAILABLE
382,2026-01-04T23:30:00,route-patiya-mirpur,depot-patiya,station-mirpur,4,5000.0,AVAILABLE
383,2026-01-04T23:45:00,route-gazipur-mirpur,depot-gazipur,station-mirpur,2,7000.0,AVAILABLE
383,2026-01-04T23:45:00,route-gazipur-tongi,depot-gazipur,station-tongi,2,6500.0,AVAILABLE
383,2026-01-04T23:45:00,route-patiya-karnaphuli,depot-patiya,station-karnaphuli,2,7000.0,AVAILABLE
383,2026-01-04T23:45:00,route-patiya-coxsbazar,depot-patiya,station-coxsbazar,3,6000.0,AVAILABLE
383,2026-01-04T23:45:00,route-gazipur-karnaphuli,depot-gazipur,station-karnaphuli,4,5000.0,AVAILABLE
383,2026-01-04T23:45:00,route-patiya-mirpur,depot-patiya,station-mirpur,4,5000.0,AVAILABLE
384,2026-01-05T00:00:00,route-gazipur-mirpur,depot-gazipur,station-mirpur,2,7000.0,AVAILABLE
384,2026-01-05T00:00:00,route-gazipur-tongi,depot-gazipur,station-tongi,2,6500.0,AVAILABLE
384,2026-01-05T00:00:00,route-patiya-karnaphuli,depot-patiya,station-karnaphuli,2,7000.0,AVAILABLE
384,2026-01-05T00:00:00,route-patiya-coxsbazar,depot-patiya,station-coxsbazar,3,6000.0,AVAILABLE
384,2026-01-05T00:00:00,route-gazipur-karnaphuli,depot-gazipur,station-karnaphuli,4,5000.0,AVAILABLE
384,2026-01-05T00:00:00,route-patiya-mirpur,depot-patiya,station-mirpur,4,5000.0,AVAILABLE
385,2026-01-05T00:15:00,route-gazipur-mirpur,depot-gazipur,station-mirpur,2,7000.0,AVAILABLE
385,2026-01-05T00:15:00,route-gazipur-tongi,depot-gazipur,station-tongi,2,6500.0,AVAILABLE
385,2026-01-05T00:15:00,route-patiya-karnaphuli,depot-patiya,station-karnaphuli,2,7000.0,AVAILABLE
385,2026-01-05T00:15:00,route-patiya-coxsbazar,depot-patiya,station-coxsbazar,3,6000.0,AVAILABLE
385,2026-01-05T00:15:00,route-gazipur-karnaphuli,depot-gazipur,station-karnaphuli,4,5000.0,AVAILABLE
385,2026-01-05T00:15:00,route-patiya-mirpur,depot-patiya,station-mirpur,4,5000.0,AVAILABLE
386,2026-01-05T00:30:00,route-gazipur-mirpur,depot-gazipur,station-mirpur,2,7000.0,AVAILABLE
386,2026-01-05T00:30:00,route-gazipur-tongi,depot-gazipur,station-tongi,2,6500.0,AVAILABLE
386,2026-01-05T00:30:00,route-patiya-karnaphuli,depot-patiya,station-karnaphuli,2,7000.0,AVAILABLE
386,2026-01-05T00:30:00,route-patiya-coxsbazar,depot-patiya,station-coxsbazar,3,6000.0,AVAILABLE
386,2026-01-05T00:30:00,route-gazipur-karnaphuli,depot-gazipur,station-karnaphuli,4,5000.0,AVAILABLE
386,2026-01-05T00:30:00,route-patiya-mirpur,depot-patiya,station-mirpur,4,5000.0,AVAILABLE
387,2026-01-05T00:45:00,route-gazipur-mirpur,depot-gazipur,station-mirpur,2,7000.0,AVAILABLE
387,2026-01-05T00:45:00,route-gazipur-tongi,depot-gazipur,station-tongi,2,6500.0,AVAILABLE
387,2026-01-05T00:45:00,route-patiya-karnaphuli,depot-patiya,station-karnaphuli,2,7000.0,AVAILABLE
387,2026-01-05T00:45:00,route-patiya-coxsbazar,depot-patiya,station-coxsbazar,3,6000.0,AVAILABLE
387,2026-01-05T00:45:00,route-gazipur-karnaphuli,depot-gazipur,station-karnaphuli,4,5000.0,AVAILABLE
387,2026-01-05T00:45:00,route-patiya-mirpur,depot-patiya,station-mirpur,4,5000.0,AVAILABLE
388,2026-01-05T01:00:00,route-gazipur-mirpur,depot-gazipur,station-mirpur,2,7000.0,AVAILABLE
388,2026-01-05T01:00:00,route-gazipur-tongi,depot-gazipur,station-tongi,2,6500.0,AVAILABLE
388,2026-01-05T01:00:00,route-patiya-karnaphuli,depot-patiya,station-karnaphuli,2,7000.0,AVAILABLE
388,2026-01-05T01:00:00,route-patiya-coxsbazar,depot-patiya,station-coxsbazar,3,6000.0,AVAILABLE
388,2026-01-05T01:00:00,route-gazipur-karnaphuli,depot-gazipur,station-karnaphuli,4,5000.0,AVAILABLE
388,2026-01-05T01:00:00,route-patiya-mirpur,depot-patiya,station-mirpur,4,5000.0,AVAILABLE
389,2026-01-05T01:15:00,route-gazipur-mirpur,depot-gazipur,station-mirpur,2,7000.0,AVAILABLE
389,2026-01-05T01:15:00,route-gazipur-tongi,depot-gazipur,station-tongi,2,6500.0,AVAILABLE
389,2026-01-05T01:15:00,route-patiya-karnaphuli,depot-patiya,station-karnaphuli,2,7000.0,AVAILABLE
389,2026-01-05T01:15:00,route-patiya-coxsbazar,depot-patiya,station-coxsbazar,3,6000.0,AVAILABLE
389,2026-01-05T01:15:00,route-gazipur-karnaphuli,depot-gazipur,station-karnaphuli,4,5000.0,AVAILABLE
389,2026-01-05T01:15:00,route-patiya-mirpur,depot-patiya,station-mirpur,4,5000.0,AVAILABLE
390,2026-01-05T01:30:00,route-gazipur-mirpur,depot-gazipur,station-mirpur,2,7000.0,AVAILABLE
390,2026-01-05T01:30:00,route-gazipur-tongi,depot-gazipur,station-tongi,2,6500.0,AVAILABLE
390,2026-01-05T01:30:00,route-patiya-karnaphuli,depot-patiya,station-karnaphuli,2,7000.0,AVAILABLE
390,2026-01-05T01:30:00,route-patiya-coxsbazar,depot-patiya,station-coxsbazar,3,6000.0,AVAILABLE
390,2026-01-05T01:30:00,route-gazipur-karnaphuli,depot-gazipur,station-karnaphuli,4,5000.0,AVAILABLE
390,2026-01-05T01:30:00,route-patiya-mirpur,depot-patiya,station-mirpur,4,5000.0,AVAILABLE
391,2026-01-05T01:45:00,route-gazipur-mirpur,depot-gazipur,station-mirpur,2,7000.0,AVAILABLE
391,2026-01-05T01:45:00,route-gazipur-tongi,depot-gazipur,station-tongi,2,6500.0,AVAILABLE
391,2026-01-05T01:45:00,route-patiya-karnaphuli,depot-patiya,station-karnaphuli,2,7000.0,AVAILABLE
391,2026-01-05T01:45:00,route-patiya-coxsbazar,depot-patiya,station-coxsbazar,3,6000.0,AVAILABLE
391,2026-01-05T01:45:00,route-gazipur-karnaphuli,depot-gazipur,station-karnaphuli,4,5000.0,AVAILABLE
391,2026-01-05T01:45:00,route-patiya-mirpur,depot-patiya,station-mirpur,4,5000.0,AVAILABLE
392,2026-01-05T02:00:00,route-gazipur-mirpur,depot-gazipur,station-mirpur,2,7000.0,AVAILABLE
392,2026-01-05T02:00:00,route-gazipur-tongi,depot-gazipur,station-tongi,2,6500.0,AVAILABLE
392,2026-01-05T02:00:00,route-patiya-karnaphuli,depot-patiya,station-karnaphuli,2,7000.0,AVAILABLE
392,2026-01-05T02:00:00,route-patiya-coxsbazar,depot-patiya,station-coxsbazar,3,6000.0,AVAILABLE
392,2026-01-05T02:00:00,route-gazipur-karnaphuli,depot-gazipur,station-karnaphuli,4,5000.0,AVAILABLE
392,2026-01-05T02:00:00,route-patiya-mirpur,depot-patiya,station-mirpur,4,5000.0,AVAILABLE
393,2026-01-05T02:15:00,route-gazipur-mirpur,depot-gazipur,station-mirpur,2,7000.0,AVAILABLE
393,2026-01-05T02:15:00,route-gazipur-tongi,depot-gazipur,station-tongi,2,6500.0,AVAILABLE
393,2026-01-05T02:15:00,route-patiya-karnaphuli,depot-patiya,station-karnaphuli,2,7000.0,AVAILABLE
393,2026-01-05T02:15:00,route-patiya-coxsbazar,depot-patiya,station-coxsbazar,3,6000.0,AVAILABLE
393,2026-01-05T02:15:00,route-gazipur-karnaphuli,depot-gazipur,station-karnaphuli,4,5000.0,AVAILABLE
393,2026-01-05T02:15:00,route-patiya-mirpur,depot-patiya,station-mirpur,4,5000.0,AVAILABLE
394,2026-01-05T02:30:00,route-gazipur-mirpur,depot-gazipur,station-mirpur,2,7000.0,AVAILABLE
394,2026-01-05T02:30:00,route-gazipur-tongi,depot-gazipur,station-tongi,2,6500.0,AVAILABLE
394,2026-01-05T02:30:00,route-patiya-karnaphuli,depot-patiya,station-karnaphuli,2,7000.0,AVAILABLE
394,2026-01-05T02:30:00,route-patiya-coxsbazar,depot-patiya,station-coxsbazar,3,6000.0,AVAILABLE
394,2026-01-05T02:30:00,route-gazipur-karnaphuli,depot-gazipur,station-karnaphuli,4,5000.0,AVAILABLE
394,2026-01-05T02:30:00,route-patiya-mirpur,depot-patiya,station-mirpur,4,5000.0,AVAILABLE
395,2026-01-05T02:45:00,route-gazipur-mirpur,depot-gazipur,station-mirpur,2,7000.0,AVAILABLE
395,2026-01-05T02:45:00,route-gazipur-tongi,depot-gazipur,station-tongi,2,6500.0,AVAILABLE
395,2026-01-05T02:45:00,route-patiya-karnaphuli,depot-patiya,station-karnaphuli,2,7000.0,AVAILABLE
395,2026-01-05T02:45:00,route-patiya-coxsbazar,depot-patiya,station-coxsbazar,3,6000.0,AVAILABLE
395,2026-01-05T02:45:00,route-gazipur-karnaphuli,depot-gazipur,station-karnaphuli,4,5000.0,AVAILABLE
395,2026-01-05T02:45:00,route-patiya-mirpur,depot-patiya,station-mirpur,4,5000.0,AVAILABLE
396,2026-01-05T03:00:00,route-gazipur-mirpur,depot-gazipur,station-mirpur,2,7000.0,AVAILABLE
396,2026-01-05T03:00:00,route-gazipur-tongi,depot-gazipur,station-tongi,2,6500.0,AVAILABLE
396,2026-01-05T03:00:00,route-patiya-karnaphuli,depot-patiya,station-karnaphuli,2,7000.0,AVAILABLE
396,2026-01-05T03:00:00,route-patiya-coxsbazar,depot-patiya,station-coxsbazar,3,6000.0,AVAILABLE
396,2026-01-05T03:00:00,route-gazipur-karnaphuli,depot-gazipur,station-karnaphuli,4,5000.0,AVAILABLE
396,2026-01-05T03:00:00,route-patiya-mirpur,depot-patiya,station-mirpur,4,5000.0,AVAILABLE
397,2026-01-05T03:15:00,route-gazipur-mirpur,depot-gazipur,station-mirpur,2,7000.0,AVAILABLE
397,2026-01-05T03:15:00,route-gazipur-tongi,depot-gazipur,station-tongi,2,6500.0,AVAILABLE
397,2026-01-05T03:15:00,route-patiya-karnaphuli,depot-patiya,station-karnaphuli,2,7000.0,AVAILABLE
397,2026-01-05T03:15:00,route-patiya-coxsbazar,depot-patiya,station-coxsbazar,3,6000.0,AVAILABLE
397,2026-01-05T03:15:00,route-gazipur-karnaphuli,depot-gazipur,station-karnaphuli,4,5000.0,AVAILABLE
397,2026-01-05T03:15:00,route-patiya-mirpur,depot-patiya,station-mirpur,4,5000.0,AVAILABLE
398,2026-01-05T03:30:00,route-gazipur-mirpur,depot-gazipur,station-mirpur,2,7000.0,AVAILABLE
398,2026-01-05T03:30:00,route-gazipur-tongi,depot-gazipur,station-tongi,2,6500.0,AVAILABLE
398,2026-01-05T03:30:00,route-patiya-karnaphuli,depot-patiya,station-karnaphuli,2,7000.0,AVAILABLE
398,2026-01-05T03:30:00,route-patiya-coxsbazar,depot-patiya,station-coxsbazar,3,6000.0,AVAILABLE
398,2026-01-05T03:30:00,route-gazipur-karnaphuli,depot-gazipur,station-karnaphuli,4,5000.0,AVAILABLE
398,2026-01-05T03:30:00,route-patiya-mirpur,depot-patiya,station-mirpur,4,5000.0,AVAILABLE
399,2026-01-05T03:45:00,route-gazipur-mirpur,depot-gazipur,station-mirpur,2,7000.0,AVAILABLE
399,2026-01-05T03:45:00,route-gazipur-tongi,depot-gazipur,station-tongi,2,6500.0,AVAILABLE
399,2026-01-05T03:45:00,route-patiya-karnaphuli,depot-patiya,station-karnaphuli,2,7000.0,AVAILABLE
399,2026-01-05T03:45:00,route-patiya-coxsbazar,depot-patiya,station-coxsbazar,3,6000.0,AVAILABLE
399,2026-01-05T03:45:00,route-gazipur-karnaphuli,depot-gazipur,station-karnaphuli,4,5000.0,AVAILABLE
399,2026-01-05T03:45:00,route-patiya-mirpur,depot-patiya,station-mirpur,4,5000.0,AVAILABLE
400,2026-01-05T04:00:00,route-gazipur-mirpur,depot-gazipur,station-mirpur,2,7000.0,AVAILABLE
400,2026-01-05T04:00:00,route-gazipur-tongi,depot-gazipur,station-tongi,2,6500.0,AVAILABLE
400,2026-01-05T04:00:00,route-patiya-karnaphuli,depot-patiya,station-karnaphuli,2,7000.0,AVAILABLE
400,2026-01-05T04:00:00,route-patiya-coxsbazar,depot-patiya,station-coxsbazar,3,6000.0,AVAILABLE
400,2026-01-05T04:00:00,route-gazipur-karnaphuli,depot-gazipur,station-karnaphuli,4,5000.0,AVAILABLE
400,2026-01-05T04:00:00,route-patiya-mirpur,depot-patiya,station-mirpur,4,5000.0,AVAILABLE
401,2026-01-05T04:15:00,route-gazipur-mirpur,depot-gazipur,station-mirpur,2,7000.0,AVAILABLE
401,2026-01-05T04:15:00,route-gazipur-tongi,depot-gazipur,station-tongi,2,6500.0,AVAILABLE
401,2026-01-05T04:15:00,route-patiya-karnaphuli,depot-patiya,station-karnaphuli,2,7000.0,AVAILABLE
401,2026-01-05T04:15:00,route-patiya-coxsbazar,depot-patiya,station-coxsbazar,3,6000.0,AVAILABLE
401,2026-01-05T04:15:00,route-gazipur-karnaphuli,depot-gazipur,station-karnaphuli,4,5000.0,AVAILABLE
401,2026-01-05T04:15:00,route-patiya-mirpur,depot-patiya,station-mirpur,4,5000.0,AVAILABLE
402,2026-01-05T04:30:00,route-gazipur-mirpur,depot-gazipur,station-mirpur,2,7000.0,AVAILABLE
402,2026-01-05T04:30:00,route-gazipur-tongi,depot-gazipur,station-tongi,2,6500.0,AVAILABLE
402,2026-01-05T04:30:00,route-patiya-karnaphuli,depot-patiya,station-karnaphuli,2,7000.0,AVAILABLE
402,2026-01-05T04:30:00,route-patiya-coxsbazar,depot-patiya,station-coxsbazar,3,6000.0,AVAILABLE
402,2026-01-05T04:30:00,route-gazipur-karnaphuli,depot-gazipur,station-karnaphuli,4,5000.0,AVAILABLE
402,2026-01-05T04:30:00,route-patiya-mirpur,depot-patiya,station-mirpur,4,5000.0,AVAILABLE
403,2026-01-05T04:45:00,route-gazipur-mirpur,depot-gazipur,station-mirpur,2,7000.0,AVAILABLE
403,2026-01-05T04:45:00,route-gazipur-tongi,depot-gazipur,station-tongi,2,6500.0,AVAILABLE
403,2026-01-05T04:45:00,route-patiya-karnaphuli,depot-patiya,station-karnaphuli,2,7000.0,AVAILABLE
403,2026-01-05T04:45:00,route-patiya-coxsbazar,depot-patiya,station-coxsbazar,3,6000.0,AVAILABLE
403,2026-01-05T04:45:00,route-gazipur-karnaphuli,depot-gazipur,station-karnaphuli,4,5000.0,AVAILABLE
403,2026-01-05T04:45:00,route-patiya-mirpur,depot-patiya,station-mirpur,4,5000.0,AVAILABLE
404,2026-01-05T05:00:00,route-gazipur-mirpur,depot-gazipur,station-mirpur,2,7000.0,AVAILABLE
404,2026-01-05T05:00:00,route-gazipur-tongi,depot-gazipur,station-tongi,2,6500.0,AVAILABLE
404,2026-01-05T05:00:00,route-patiya-karnaphuli,depot-patiya,station-karnaphuli,2,7000.0,AVAILABLE
404,2026-01-05T05:00:00,route-patiya-coxsbazar,depot-patiya,station-coxsbazar,3,6000.0,AVAILABLE
404,2026-01-05T05:00:00,route-gazipur-karnaphuli,depot-gazipur,station-karnaphuli,4,5000.0,AVAILABLE
404,2026-01-05T05:00:00,route-patiya-mirpur,depot-patiya,station-mirpur,4,5000.0,AVAILABLE
405,2026-01-05T05:15:00,route-gazipur-mirpur,depot-gazipur,station-mirpur,2,7000.0,AVAILABLE
405,2026-01-05T05:15:00,route-gazipur-tongi,depot-gazipur,station-tongi,2,6500.0,AVAILABLE
405,2026-01-05T05:15:00,route-patiya-karnaphuli,depot-patiya,station-karnaphuli,2,7000.0,AVAILABLE
405,2026-01-05T05:15:00,route-patiya-coxsbazar,depot-patiya,station-coxsbazar,3,6000.0,AVAILABLE
405,2026-01-05T05:15:00,route-gazipur-karnaphuli,depot-gazipur,station-karnaphuli,4,5000.0,AVAILABLE
405,2026-01-05T05:15:00,route-patiya-mirpur,depot-patiya,station-mirpur,4,5000.0,AVAILABLE
406,2026-01-05T05:30:00,route-gazipur-mirpur,depot-gazipur,station-mirpur,2,7000.0,AVAILABLE
406,2026-01-05T05:30:00,route-gazipur-tongi,depot-gazipur,station-tongi,2,6500.0,AVAILABLE
406,2026-01-05T05:30:00,route-patiya-karnaphuli,depot-patiya,station-karnaphuli,2,7000.0,AVAILABLE
406,2026-01-05T05:30:00,route-patiya-coxsbazar,depot-patiya,station-coxsbazar,3,6000.0,AVAILABLE
406,2026-01-05T05:30:00,route-gazipur-karnaphuli,depot-gazipur,station-karnaphuli,4,5000.0,AVAILABLE
406,2026-01-05T05:30:00,route-patiya-mirpur,depot-patiya,station-mirpur,4,5000.0,AVAILABLE
407,2026-01-05T05:45:00,route-gazipur-mirpur,depot-gazipur,station-mirpur,2,7000.0,AVAILABLE
407,2026-01-05T05:45:00,route-gazipur-tongi,depot-gazipur,station-tongi,2,6500.0,AVAILABLE
407,2026-01-05T05:45:00,route-patiya-karnaphuli,depot-patiya,station-karnaphuli,2,7000.0,AVAILABLE
407,2026-01-05T05:45:00,route-patiya-coxsbazar,depot-patiya,station-coxsbazar,3,6000.0,AVAILABLE
407,2026-01-05T05:45:00,route-gazipur-karnaphuli,depot-gazipur,station-karnaphuli,4,5000.0,AVAILABLE
407,2026-01-05T05:45:00,route-patiya-mirpur,depot-patiya,station-mirpur,4,5000.0,AVAILABLE
408,2026-01-05T06:00:00,route-gazipur-mirpur,depot-gazipur,station-mirpur,2,7000.0,AVAILABLE
408,2026-01-05T06:00:00,route-gazipur-tongi,depot-gazipur,station-tongi,2,6500.0,AVAILABLE
408,2026-01-05T06:00:00,route-patiya-karnaphuli,depot-patiya,station-karnaphuli,2,7000.0,AVAILABLE
408,2026-01-05T06:00:00,route-patiya-coxsbazar,depot-patiya,station-coxsbazar,3,6000.0,AVAILABLE
408,2026-01-05T06:00:00,route-gazipur-karnaphuli,depot-gazipur,station-karnaphuli,4,5000.0,AVAILABLE
408,2026-01-05T06:00:00,route-patiya-mirpur,depot-patiya,station-mirpur,4,5000.0,AVAILABLE
409,2026-01-05T06:15:00,route-gazipur-mirpur,depot-gazipur,station-mirpur,2,7000.0,AVAILABLE
409,2026-01-05T06:15:00,route-gazipur-tongi,depot-gazipur,station-tongi,2,6500.0,AVAILABLE
409,2026-01-05T06:15:00,route-patiya-karnaphuli,depot-patiya,station-karnaphuli,2,7000.0,AVAILABLE
409,2026-01-05T06:15:00,route-patiya-coxsbazar,depot-patiya,station-coxsbazar,3,6000.0,AVAILABLE
409,2026-01-05T06:15:00,route-gazipur-karnaphuli,depot-gazipur,station-karnaphuli,4,5000.0,AVAILABLE
409,2026-01-05T06:15:00,route-patiya-mirpur,depot-patiya,station-mirpur,4,5000.0,AVAILABLE
410,2026-01-05T06:30:00,route-gazipur-mirpur,depot-gazipur,station-mirpur,2,7000.0,AVAILABLE
410,2026-01-05T06:30:00,route-gazipur-tongi,depot-gazipur,station-tongi,2,6500.0,AVAILABLE
410,2026-01-05T06:30:00,route-patiya-karnaphuli,depot-patiya,station-karnaphuli,2,7000.0,AVAILABLE
410,2026-01-05T06:30:00,route-patiya-coxsbazar,depot-patiya,station-coxsbazar,3,6000.0,AVAILABLE
410,2026-01-05T06:30:00,route-gazipur-karnaphuli,depot-gazipur,station-karnaphuli,4,5000.0,AVAILABLE
410,2026-01-05T06:30:00,route-patiya-mirpur,depot-patiya,station-mirpur,4,5000.0,AVAILABLE
411,2026-01-05T06:45:00,route-gazipur-mirpur,depot-gazipur,station-mirpur,2,7000.0,AVAILABLE
411,2026-01-05T06:45:00,route-gazipur-tongi,depot-gazipur,station-tongi,2,6500.0,AVAILABLE
411,2026-01-05T06:45:00,route-patiya-karnaphuli,depot-patiya,station-karnaphuli,2,7000.0,AVAILABLE
411,2026-01-05T06:45:00,route-patiya-coxsbazar,depot-patiya,station-coxsbazar,3,6000.0,AVAILABLE
411,2026-01-05T06:45:00,route-gazipur-karnaphuli,depot-gazipur,station-karnaphuli,4,5000.0,AVAILABLE
411,2026-01-05T06:45:00,route-patiya-mirpur,depot-patiya,station-mirpur,4,5000.0,AVAILABLE
412,2026-01-05T07:00:00,route-gazipur-mirpur,depot-gazipur,station-mirpur,2,7000.0,AVAILABLE
412,2026-01-05T07:00:00,route-gazipur-tongi,depot-gazipur,station-tongi,2,6500.0,AVAILABLE
412,2026-01-05T07:00:00,route-patiya-karnaphuli,depot-patiya,station-karnaphuli,2,7000.0,AVAILABLE
412,2026-01-05T07:00:00,route-patiya-coxsbazar,depot-patiya,station-coxsbazar,3,6000.0,AVAILABLE
412,2026-01-05T07:00:00,route-gazipur-karnaphuli,depot-gazipur,station-karnaphuli,4,5000.0,AVAILABLE
412,2026-01-05T07:00:00,route-patiya-mirpur,depot-patiya,station-mirpur,4,5000.0,AVAILABLE
413,2026-01-05T07:15:00,route-gazipur-mirpur,depot-gazipur,station-mirpur,2,7000.0,AVAILABLE
413,2026-01-05T07:15:00,route-gazipur-tongi,depot-gazipur,station-tongi,2,6500.0,AVAILABLE
413,2026-01-05T07:15:00,route-patiya-karnaphuli,depot-patiya,station-karnaphuli,2,7000.0,AVAILABLE
413,2026-01-05T07:15:00,route-patiya-coxsbazar,depot-patiya,station-coxsbazar,3,6000.0,AVAILABLE
413,2026-01-05T07:15:00,route-gazipur-karnaphuli,depot-gazipur,station-karnaphuli,4,5000.0,AVAILABLE
413,2026-01-05T07:15:00,route-patiya-mirpur,depot-patiya,station-mirpur,4,5000.0,AVAILABLE
414,2026-01-05T07:30:00,route-gazipur-mirpur,depot-gazipur,station-mirpur,2,7000.0,AVAILABLE
414,2026-01-05T07:30:00,route-gazipur-tongi,depot-gazipur,station-tongi,2,6500.0,AVAILABLE
414,2026-01-05T07:30:00,route-patiya-karnaphuli,depot-patiya,station-karnaphuli,2,7000.0,AVAILABLE
414,2026-01-05T07:30:00,route-patiya-coxsbazar,depot-patiya,station-coxsbazar,3,6000.0,AVAILABLE
414,2026-01-05T07:30:00,route-gazipur-karnaphuli,depot-gazipur,station-karnaphuli,4,5000.0,AVAILABLE
414,2026-01-05T07:30:00,route-patiya-mirpur,depot-patiya,station-mirpur,4,5000.0,AVAILABLE
415,2026-01-05T07:45:00,route-gazipur-mirpur,depot-gazipur,station-mirpur,2,7000.0,AVAILABLE
415,2026-01-05T07:45:00,route-gazipur-tongi,depot-gazipur,station-tongi,2,6500.0,AVAILABLE
415,2026-01-05T07:45:00,route-patiya-karnaphuli,depot-patiya,station-karnaphuli,2,7000.0,AVAILABLE
415,2026-01-05T07:45:00,route-patiya-coxsbazar,depot-patiya,station-coxsbazar,3,6000.0,AVAILABLE
415,2026-01-05T07:45:00,route-gazipur-karnaphuli,depot-gazipur,station-karnaphuli,4,5000.0,AVAILABLE
415,2026-01-05T07:45:00,route-patiya-mirpur,depot-patiya,station-mirpur,4,5000.0,AVAILABLE
416,2026-01-05T08:00:00,route-gazipur-mirpur,depot-gazipur,station-mirpur,2,7000.0,AVAILABLE
416,2026-01-05T08:00:00,route-gazipur-tongi,depot-gazipur,station-tongi,2,6500.0,AVAILABLE
416,2026-01-05T08:00:00,route-patiya-karnaphuli,depot-patiya,station-karnaphuli,2,7000.0,AVAILABLE
416,2026-01-05T08:00:00,route-patiya-coxsbazar,depot-patiya,station-coxsbazar,3,6000.0,AVAILABLE
416,2026-01-05T08:00:00,route-gazipur-karnaphuli,depot-gazipur,station-karnaphuli,4,5000.0,AVAILABLE
416,2026-01-05T08:00:00,route-patiya-mirpur,depot-patiya,station-mirpur,4,5000.0,AVAILABLE
417,2026-01-05T08:15:00,route-gazipur-mirpur,depot-gazipur,station-mirpur,2,7000.0,AVAILABLE
417,2026-01-05T08:15:00,route-gazipur-tongi,depot-gazipur,station-tongi,2,6500.0,AVAILABLE
417,2026-01-05T08:15:00,route-patiya-karnaphuli,depot-patiya,station-karnaphuli,2,7000.0,AVAILABLE
417,2026-01-05T08:15:00,route-patiya-coxsbazar,depot-patiya,station-coxsbazar,3,6000.0,AVAILABLE
417,2026-01-05T08:15:00,route-gazipur-karnaphuli,depot-gazipur,station-karnaphuli,4,5000.0,AVAILABLE
417,2026-01-05T08:15:00,route-patiya-mirpur,depot-patiya,station-mirpur,4,5000.0,AVAILABLE
418,2026-01-05T08:30:00,route-gazipur-mirpur,depot-gazipur,station-mirpur,2,7000.0,AVAILABLE
418,2026-01-05T08:30:00,route-gazipur-tongi,depot-gazipur,station-tongi,2,6500.0,AVAILABLE
418,2026-01-05T08:30:00,route-patiya-karnaphuli,depot-patiya,station-karnaphuli,2,7000.0,AVAILABLE
418,2026-01-05T08:30:00,route-patiya-coxsbazar,depot-patiya,station-coxsbazar,3,6000.0,AVAILABLE
418,2026-01-05T08:30:00,route-gazipur-karnaphuli,depot-gazipur,station-karnaphuli,4,5000.0,AVAILABLE
418,2026-01-05T08:30:00,route-patiya-mirpur,depot-patiya,station-mirpur,4,5000.0,AVAILABLE
419,2026-01-05T08:45:00,route-gazipur-mirpur,depot-gazipur,station-mirpur,2,7000.0,AVAILABLE
419,2026-01-05T08:45:00,route-gazipur-tongi,depot-gazipur,station-tongi,2,6500.0,AVAILABLE
419,2026-01-05T08:45:00,route-patiya-karnaphuli,depot-patiya,station-karnaphuli,2,7000.0,AVAILABLE
419,2026-01-05T08:45:00,route-patiya-coxsbazar,depot-patiya,station-coxsbazar,3,6000.0,AVAILABLE
419,2026-01-05T08:45:00,route-gazipur-karnaphuli,depot-gazipur,station-karnaphuli,4,5000.0,AVAILABLE
419,2026-01-05T08:45:00,route-patiya-mirpur,depot-patiya,station-mirpur,4,5000.0,AVAILABLE
420,2026-01-05T09:00:00,route-gazipur-mirpur,depot-gazipur,station-mirpur,2,7000.0,AVAILABLE
420,2026-01-05T09:00:00,route-gazipur-tongi,depot-gazipur,station-tongi,2,6500.0,AVAILABLE
420,2026-01-05T09:00:00,route-patiya-karnaphuli,depot-patiya,station-karnaphuli,2,7000.0,AVAILABLE
420,2026-01-05T09:00:00,route-patiya-coxsbazar,depot-patiya,station-coxsbazar,3,6000.0,AVAILABLE
420,2026-01-05T09:00:00,route-gazipur-karnaphuli,depot-gazipur,station-karnaphuli,4,5000.0,AVAILABLE
420,2026-01-05T09:00:00,route-patiya-mirpur,depot-patiya,station-mirpur,4,5000.0,AVAILABLE
421,2026-01-05T09:15:00,route-gazipur-mirpur,depot-gazipur,station-mirpur,2,7000.0,AVAILABLE
421,2026-01-05T09:15:00,route-gazipur-tongi,depot-gazipur,station-tongi,2,6500.0,AVAILABLE
421,2026-01-05T09:15:00,route-patiya-karnaphuli,depot-patiya,station-karnaphuli,2,7000.0,AVAILABLE
421,2026-01-05T09:15:00,route-patiya-coxsbazar,depot-patiya,station-coxsbazar,3,6000.0,AVAILABLE
421,2026-01-05T09:15:00,route-gazipur-karnaphuli,depot-gazipur,station-karnaphuli,4,5000.0,AVAILABLE
421,2026-01-05T09:15:00,route-patiya-mirpur,depot-patiya,station-mirpur,4,5000.0,AVAILABLE
422,2026-01-05T09:30:00,route-gazipur-mirpur,depot-gazipur,station-mirpur,2,7000.0,AVAILABLE
422,2026-01-05T09:30:00,route-gazipur-tongi,depot-gazipur,station-tongi,2,6500.0,AVAILABLE
422,2026-01-05T09:30:00,route-patiya-karnaphuli,depot-patiya,station-karnaphuli,2,7000.0,AVAILABLE
422,2026-01-05T09:30:00,route-patiya-coxsbazar,depot-patiya,station-coxsbazar,3,6000.0,AVAILABLE
422,2026-01-05T09:30:00,route-gazipur-karnaphuli,depot-gazipur,station-karnaphuli,4,5000.0,AVAILABLE
422,2026-01-05T09:30:00,route-patiya-mirpur,depot-patiya,station-mirpur,4,5000.0,AVAILABLE
423,2026-01-05T09:45:00,route-gazipur-mirpur,depot-gazipur,station-mirpur,2,7000.0,AVAILABLE
423,2026-01-05T09:45:00,route-gazipur-tongi,depot-gazipur,station-tongi,2,6500.0,AVAILABLE
423,2026-01-05T09:45:00,route-patiya-karnaphuli,depot-patiya,station-karnaphuli,2,7000.0,AVAILABLE
423,2026-01-05T09:45:00,route-patiya-coxsbazar,depot-patiya,station-coxsbazar,3,6000.0,AVAILABLE
423,2026-01-05T09:45:00,route-gazipur-karnaphuli,depot-gazipur,station-karnaphuli,4,5000.0,AVAILABLE
423,2026-01-05T09:45:00,route-patiya-mirpur,depot-patiya,station-mirpur,4,5000.0,AVAILABLE
424,2026-01-05T10:00:00,route-gazipur-mirpur,depot-gazipur,station-mirpur,2,7000.0,AVAILABLE
424,2026-01-05T10:00:00,route-gazipur-tongi,depot-gazipur,station-tongi,2,6500.0,AVAILABLE
424,2026-01-05T10:00:00,route-patiya-karnaphuli,depot-patiya,station-karnaphuli,2,7000.0,AVAILABLE
424,2026-01-05T10:00:00,route-patiya-coxsbazar,depot-patiya,station-coxsbazar,3,6000.0,AVAILABLE
424,2026-01-05T10:00:00,route-gazipur-karnaphuli,depot-gazipur,station-karnaphuli,4,5000.0,AVAILABLE
424,2026-01-05T10:00:00,route-patiya-mirpur,depot-patiya,station-mirpur,4,5000.0,AVAILABLE
425,2026-01-05T10:15:00,route-gazipur-mirpur,depot-gazipur,station-mirpur,2,7000.0,AVAILABLE
425,2026-01-05T10:15:00,route-gazipur-tongi,depot-gazipur,station-tongi,2,6500.0,AVAILABLE
425,2026-01-05T10:15:00,route-patiya-karnaphuli,depot-patiya,station-karnaphuli,2,7000.0,AVAILABLE
425,2026-01-05T10:15:00,route-patiya-coxsbazar,depot-patiya,station-coxsbazar,3,6000.0,AVAILABLE
425,2026-01-05T10:15:00,route-gazipur-karnaphuli,depot-gazipur,station-karnaphuli,4,5000.0,AVAILABLE
425,2026-01-05T10:15:00,route-patiya-mirpur,depot-patiya,station-mirpur,4,5000.0,AVAILABLE
426,2026-01-05T10:30:00,route-gazipur-mirpur,depot-gazipur,station-mirpur,2,7000.0,AVAILABLE
426,2026-01-05T10:30:00,route-gazipur-tongi,depot-gazipur,station-tongi,2,6500.0,AVAILABLE
426,2026-01-05T10:30:00,route-patiya-karnaphuli,depot-patiya,station-karnaphuli,2,7000.0,AVAILABLE
426,2026-01-05T10:30:00,route-patiya-coxsbazar,depot-patiya,station-coxsbazar,3,6000.0,AVAILABLE
426,2026-01-05T10:30:00,route-gazipur-karnaphuli,depot-gazipur,station-karnaphuli,4,5000.0,AVAILABLE
426,2026-01-05T10:30:00,route-patiya-mirpur,depot-patiya,station-mirpur,4,5000.0,AVAILABLE
427,2026-01-05T10:45:00,route-gazipur-mirpur,depot-gazipur,station-mirpur,2,7000.0,AVAILABLE
427,2026-01-05T10:45:00,route-gazipur-tongi,depot-gazipur,station-tongi,2,6500.0,AVAILABLE
427,2026-01-05T10:45:00,route-patiya-karnaphuli,depot-patiya,station-karnaphuli,2,7000.0,AVAILABLE
427,2026-01-05T10:45:00,route-patiya-coxsbazar,depot-patiya,station-coxsbazar,3,6000.0,AVAILABLE
427,2026-01-05T10:45:00,route-gazipur-karnaphuli,depot-gazipur,station-karnaphuli,4,5000.0,AVAILABLE
427,2026-01-05T10:45:00,route-patiya-mirpur,depot-patiya,station-mirpur,4,5000.0,AVAILABLE
428,2026-01-05T11:00:00,route-gazipur-mirpur,depot-gazipur,station-mirpur,2,7000.0,AVAILABLE
428,2026-01-05T11:00:00,route-gazipur-tongi,depot-gazipur,station-tongi,2,6500.0,AVAILABLE
428,2026-01-05T11:00:00,route-patiya-karnaphuli,depot-patiya,station-karnaphuli,2,7000.0,AVAILABLE
428,2026-01-05T11:00:00,route-patiya-coxsbazar,depot-patiya,station-coxsbazar,3,6000.0,AVAILABLE
428,2026-01-05T11:00:00,route-gazipur-karnaphuli,depot-gazipur,station-karnaphuli,4,5000.0,AVAILABLE
428,2026-01-05T11:00:00,route-patiya-mirpur,depot-patiya,station-mirpur,4,5000.0,AVAILABLE
429,2026-01-05T11:15:00,route-gazipur-mirpur,depot-gazipur,station-mirpur,2,7000.0,AVAILABLE
429,2026-01-05T11:15:00,route-gazipur-tongi,depot-gazipur,station-tongi,2,6500.0,AVAILABLE
429,2026-01-05T11:15:00,route-patiya-karnaphuli,depot-patiya,station-karnaphuli,2,7000.0,AVAILABLE
429,2026-01-05T11:15:00,route-patiya-coxsbazar,depot-patiya,station-coxsbazar,3,6000.0,AVAILABLE
429,2026-01-05T11:15:00,route-gazipur-karnaphuli,depot-gazipur,station-karnaphuli,4,5000.0,AVAILABLE
429,2026-01-05T11:15:00,route-patiya-mirpur,depot-patiya,station-mirpur,4,5000.0,AVAILABLE
430,2026-01-05T11:30:00,route-gazipur-mirpur,depot-gazipur,station-mirpur,2,7000.0,AVAILABLE
430,2026-01-05T11:30:00,route-gazipur-tongi,depot-gazipur,station-tongi,2,6500.0,AVAILABLE
430,2026-01-05T11:30:00,route-patiya-karnaphuli,depot-patiya,station-karnaphuli,2,7000.0,AVAILABLE
430,2026-01-05T11:30:00,route-patiya-coxsbazar,depot-patiya,station-coxsbazar,3,6000.0,AVAILABLE
430,2026-01-05T11:30:00,route-gazipur-karnaphuli,depot-gazipur,station-karnaphuli,4,5000.0,AVAILABLE
430,2026-01-05T11:30:00,route-patiya-mirpur,depot-patiya,station-mirpur,4,5000.0,AVAILABLE
431,2026-01-05T11:45:00,route-gazipur-mirpur,depot-gazipur,station-mirpur,2,7000.0,AVAILABLE
431,2026-01-05T11:45:00,route-gazipur-tongi,depot-gazipur,station-tongi,2,6500.0,AVAILABLE
431,2026-01-05T11:45:00,route-patiya-karnaphuli,depot-patiya,station-karnaphuli,2,7000.0,AVAILABLE
431,2026-01-05T11:45:00,route-patiya-coxsbazar,depot-patiya,station-coxsbazar,3,6000.0,AVAILABLE
431,2026-01-05T11:45:00,route-gazipur-karnaphuli,depot-gazipur,station-karnaphuli,4,5000.0,AVAILABLE
431,2026-01-05T11:45:00,route-patiya-mirpur,depot-patiya,station-mirpur,4,5000.0,AVAILABLE
432,2026-01-05T12:00:00,route-gazipur-mirpur,depot-gazipur,station-mirpur,2,7000.0,AVAILABLE
432,2026-01-05T12:00:00,route-gazipur-tongi,depot-gazipur,station-tongi,2,6500.0,AVAILABLE
432,2026-01-05T12:00:00,route-patiya-karnaphuli,depot-patiya,station-karnaphuli,2,7000.0,AVAILABLE
432,2026-01-05T12:00:00,route-patiya-coxsbazar,depot-patiya,station-coxsbazar,3,6000.0,AVAILABLE
432,2026-01-05T12:00:00,route-gazipur-karnaphuli,depot-gazipur,station-karnaphuli,4,5000.0,AVAILABLE
432,2026-01-05T12:00:00,route-patiya-mirpur,depot-patiya,station-mirpur,4,5000.0,AVAILABLE
433,2026-01-05T12:15:00,route-gazipur-mirpur,depot-gazipur,station-mirpur,2,7000.0,AVAILABLE
433,2026-01-05T12:15:00,route-gazipur-tongi,depot-gazipur,station-tongi,2,6500.0,AVAILABLE
433,2026-01-05T12:15:00,route-patiya-karnaphuli,depot-patiya,station-karnaphuli,2,7000.0,AVAILABLE
433,2026-01-05T12:15:00,route-patiya-coxsbazar,depot-patiya,station-coxsbazar,3,6000.0,AVAILABLE
433,2026-01-05T12:15:00,route-gazipur-karnaphuli,depot-gazipur,station-karnaphuli,4,5000.0,AVAILABLE
433,2026-01-05T12:15:00,route-patiya-mirpur,depot-patiya,station-mirpur,4,5000.0,AVAILABLE
434,2026-01-05T12:30:00,route-gazipur-mirpur,depot-gazipur,station-mirpur,2,7000.0,AVAILABLE
434,2026-01-05T12:30:00,route-gazipur-tongi,depot-gazipur,station-tongi,2,6500.0,AVAILABLE
434,2026-01-05T12:30:00,route-patiya-karnaphuli,depot-patiya,station-karnaphuli,2,7000.0,AVAILABLE
434,2026-01-05T12:30:00,route-patiya-coxsbazar,depot-patiya,station-coxsbazar,3,6000.0,AVAILABLE
434,2026-01-05T12:30:00,route-gazipur-karnaphuli,depot-gazipur,station-karnaphuli,4,5000.0,AVAILABLE
434,2026-01-05T12:30:00,route-patiya-mirpur,depot-patiya,station-mirpur,4,5000.0,AVAILABLE
435,2026-01-05T12:45:00,route-gazipur-mirpur,depot-gazipur,station-mirpur,2,7000.0,AVAILABLE
435,2026-01-05T12:45:00,route-gazipur-tongi,depot-gazipur,station-tongi,2,6500.0,AVAILABLE
435,2026-01-05T12:45:00,route-patiya-karnaphuli,depot-patiya,station-karnaphuli,2,7000.0,AVAILABLE
435,2026-01-05T12:45:00,route-patiya-coxsbazar,depot-patiya,station-coxsbazar,3,6000.0,AVAILABLE
435,2026-01-05T12:45:00,route-gazipur-karnaphuli,depot-gazipur,station-karnaphuli,4,5000.0,AVAILABLE
435,2026-01-05T12:45:00,route-patiya-mirpur,depot-patiya,station-mirpur,4,5000.0,AVAILABLE
436,2026-01-05T13:00:00,route-gazipur-mirpur,depot-gazipur,station-mirpur,2,7000.0,AVAILABLE
436,2026-01-05T13:00:00,route-gazipur-tongi,depot-gazipur,station-tongi,2,6500.0,AVAILABLE
436,2026-01-05T13:00:00,route-patiya-karnaphuli,depot-patiya,station-karnaphuli,2,7000.0,AVAILABLE
436,2026-01-05T13:00:00,route-patiya-coxsbazar,depot-patiya,station-coxsbazar,3,6000.0,AVAILABLE
436,2026-01-05T13:00:00,route-gazipur-karnaphuli,depot-gazipur,station-karnaphuli,4,5000.0,AVAILABLE
436,2026-01-05T13:00:00,route-patiya-mirpur,depot-patiya,station-mirpur,4,5000.0,AVAILABLE
437,2026-01-05T13:15:00,route-gazipur-mirpur,depot-gazipur,station-mirpur,2,7000.0,AVAILABLE
437,2026-01-05T13:15:00,route-gazipur-tongi,depot-gazipur,station-tongi,2,6500.0,AVAILABLE
437,2026-01-05T13:15:00,route-patiya-karnaphuli,depot-patiya,station-karnaphuli,2,7000.0,AVAILABLE
437,2026-01-05T13:15:00,route-patiya-coxsbazar,depot-patiya,station-coxsbazar,3,6000.0,AVAILABLE
437,2026-01-05T13:15:00,route-gazipur-karnaphuli,depot-gazipur,station-karnaphuli,4,5000.0,AVAILABLE
437,2026-01-05T13:15:00,route-patiya-mirpur,depot-patiya,station-mirpur,4,5000.0,AVAILABLE
438,2026-01-05T13:30:00,route-gazipur-mirpur,depot-gazipur,station-mirpur,2,7000.0,AVAILABLE
438,2026-01-05T13:30:00,route-gazipur-tongi,depot-gazipur,station-tongi,2,6500.0,AVAILABLE
438,2026-01-05T13:30:00,route-patiya-karnaphuli,depot-patiya,station-karnaphuli,2,7000.0,AVAILABLE
438,2026-01-05T13:30:00,route-patiya-coxsbazar,depot-patiya,station-coxsbazar,3,6000.0,AVAILABLE
438,2026-01-05T13:30:00,route-gazipur-karnaphuli,depot-gazipur,station-karnaphuli,4,5000.0,AVAILABLE
438,2026-01-05T13:30:00,route-patiya-mirpur,depot-patiya,station-mirpur,4,5000.0,AVAILABLE
439,2026-01-05T13:45:00,route-gazipur-mirpur,depot-gazipur,station-mirpur,2,7000.0,AVAILABLE
439,2026-01-05T13:45:00,route-gazipur-tongi,depot-gazipur,station-tongi,2,6500.0,AVAILABLE
439,2026-01-05T13:45:00,route-patiya-karnaphuli,depot-patiya,station-karnaphuli,2,7000.0,AVAILABLE
439,2026-01-05T13:45:00,route-patiya-coxsbazar,depot-patiya,station-coxsbazar,3,6000.0,AVAILABLE
439,2026-01-05T13:45:00,route-gazipur-karnaphuli,depot-gazipur,station-karnaphuli,4,5000.0,AVAILABLE
439,2026-01-05T13:45:00,route-patiya-mirpur,depot-patiya,station-mirpur,4,5000.0,AVAILABLE
440,2026-01-05T14:00:00,route-gazipur-mirpur,depot-gazipur,station-mirpur,2,7000.0,AVAILABLE
440,2026-01-05T14:00:00,route-gazipur-tongi,depot-gazipur,station-tongi,2,6500.0,AVAILABLE
440,2026-01-05T14:00:00,route-patiya-karnaphuli,depot-patiya,station-karnaphuli,2,7000.0,AVAILABLE
440,2026-01-05T14:00:00,route-patiya-coxsbazar,depot-patiya,station-coxsbazar,3,6000.0,AVAILABLE
440,2026-01-05T14:00:00,route-gazipur-karnaphuli,depot-gazipur,station-karnaphuli,4,5000.0,AVAILABLE
440,2026-01-05T14:00:00,route-patiya-mirpur,depot-patiya,station-mirpur,4,5000.0,AVAILABLE
441,2026-01-05T14:15:00,route-gazipur-mirpur,depot-gazipur,station-mirpur,2,7000.0,AVAILABLE
441,2026-01-05T14:15:00,route-gazipur-tongi,depot-gazipur,station-tongi,2,6500.0,AVAILABLE
441,2026-01-05T14:15:00,route-patiya-karnaphuli,depot-patiya,station-karnaphuli,2,7000.0,AVAILABLE
441,2026-01-05T14:15:00,route-patiya-coxsbazar,depot-patiya,station-coxsbazar,3,6000.0,AVAILABLE
441,2026-01-05T14:15:00,route-gazipur-karnaphuli,depot-gazipur,station-karnaphuli,4,5000.0,AVAILABLE
441,2026-01-05T14:15:00,route-patiya-mirpur,depot-patiya,station-mirpur,4,5000.0,AVAILABLE
442,2026-01-05T14:30:00,route-gazipur-mirpur,depot-gazipur,station-mirpur,2,7000.0,AVAILABLE
442,2026-01-05T14:30:00,route-gazipur-tongi,depot-gazipur,station-tongi,2,6500.0,AVAILABLE
442,2026-01-05T14:30:00,route-patiya-karnaphuli,depot-patiya,station-karnaphuli,2,7000.0,AVAILABLE
442,2026-01-05T14:30:00,route-patiya-coxsbazar,depot-patiya,station-coxsbazar,3,6000.0,AVAILABLE
442,2026-01-05T14:30:00,route-gazipur-karnaphuli,depot-gazipur,station-karnaphuli,4,5000.0,AVAILABLE
442,2026-01-05T14:30:00,route-patiya-mirpur,depot-patiya,station-mirpur,4,5000.0,AVAILABLE
443,2026-01-05T14:45:00,route-gazipur-mirpur,depot-gazipur,station-mirpur,2,7000.0,AVAILABLE
443,2026-01-05T14:45:00,route-gazipur-tongi,depot-gazipur,station-tongi,2,6500.0,AVAILABLE
443,2026-01-05T14:45:00,route-patiya-karnaphuli,depot-patiya,station-karnaphuli,2,7000.0,AVAILABLE
443,2026-01-05T14:45:00,route-patiya-coxsbazar,depot-patiya,station-coxsbazar,3,6000.0,AVAILABLE
443,2026-01-05T14:45:00,route-gazipur-karnaphuli,depot-gazipur,station-karnaphuli,4,5000.0,AVAILABLE
443,2026-01-05T14:45:00,route-patiya-mirpur,depot-patiya,station-mirpur,4,5000.0,AVAILABLE
444,2026-01-05T15:00:00,route-gazipur-mirpur,depot-gazipur,station-mirpur,2,7000.0,AVAILABLE
444,2026-01-05T15:00:00,route-gazipur-tongi,depot-gazipur,station-tongi,2,6500.0,AVAILABLE
444,2026-01-05T15:00:00,route-patiya-karnaphuli,depot-patiya,station-karnaphuli,2,7000.0,AVAILABLE
444,2026-01-05T15:00:00,route-patiya-coxsbazar,depot-patiya,station-coxsbazar,3,6000.0,AVAILABLE
444,2026-01-05T15:00:00,route-gazipur-karnaphuli,depot-gazipur,station-karnaphuli,4,5000.0,AVAILABLE
444,2026-01-05T15:00:00,route-patiya-mirpur,depot-patiya,station-mirpur,4,5000.0,AVAILABLE
445,2026-01-05T15:15:00,route-gazipur-mirpur,depot-gazipur,station-mirpur,2,7000.0,AVAILABLE
445,2026-01-05T15:15:00,route-gazipur-tongi,depot-gazipur,station-tongi,2,6500.0,AVAILABLE
445,2026-01-05T15:15:00,route-patiya-karnaphuli,depot-patiya,station-karnaphuli,2,7000.0,AVAILABLE
445,2026-01-05T15:15:00,route-patiya-coxsbazar,depot-patiya,station-coxsbazar,3,6000.0,AVAILABLE
445,2026-01-05T15:15:00,route-gazipur-karnaphuli,depot-gazipur,station-karnaphuli,4,5000.0,AVAILABLE
445,2026-01-05T15:15:00,route-patiya-mirpur,depot-patiya,station-mirpur,4,5000.0,AVAILABLE
446,2026-01-05T15:30:00,route-gazipur-mirpur,depot-gazipur,station-mirpur,2,7000.0,AVAILABLE
446,2026-01-05T15:30:00,route-gazipur-tongi,depot-gazipur,station-tongi,2,6500.0,AVAILABLE
446,2026-01-05T15:30:00,route-patiya-karnaphuli,depot-patiya,station-karnaphuli,2,7000.0,AVAILABLE
446,2026-01-05T15:30:00,route-patiya-coxsbazar,depot-patiya,station-coxsbazar,3,6000.0,AVAILABLE
446,2026-01-05T15:30:00,route-gazipur-karnaphuli,depot-gazipur,station-karnaphuli,4,5000.0,AVAILABLE
446,2026-01-05T15:30:00,route-patiya-mirpur,depot-patiya,station-mirpur,4,5000.0,AVAILABLE
447,2026-01-05T15:45:00,route-gazipur-mirpur,depot-gazipur,station-mirpur,2,7000.0,AVAILABLE
447,2026-01-05T15:45:00,route-gazipur-tongi,depot-gazipur,station-tongi,2,6500.0,AVAILABLE
447,2026-01-05T15:45:00,route-patiya-karnaphuli,depot-patiya,station-karnaphuli,2,7000.0,AVAILABLE
447,2026-01-05T15:45:00,route-patiya-coxsbazar,depot-patiya,station-coxsbazar,3,6000.0,AVAILABLE
447,2026-01-05T15:45:00,route-gazipur-karnaphuli,depot-gazipur,station-karnaphuli,4,5000.0,AVAILABLE
447,2026-01-05T15:45:00,route-patiya-mirpur,depot-patiya,station-mirpur,4,5000.0,AVAILABLE
448,2026-01-05T16:00:00,route-gazipur-mirpur,depot-gazipur,station-mirpur,2,7000.0,AVAILABLE
448,2026-01-05T16:00:00,route-gazipur-tongi,depot-gazipur,station-tongi,2,6500.0,AVAILABLE
448,2026-01-05T16:00:00,route-patiya-karnaphuli,depot-patiya,station-karnaphuli,2,7000.0,AVAILABLE
448,2026-01-05T16:00:00,route-patiya-coxsbazar,depot-patiya,station-coxsbazar,3,6000.0,AVAILABLE
448,2026-01-05T16:00:00,route-gazipur-karnaphuli,depot-gazipur,station-karnaphuli,4,5000.0,AVAILABLE
448,2026-01-05T16:00:00,route-patiya-mirpur,depot-patiya,station-mirpur,4,5000.0,AVAILABLE
449,2026-01-05T16:15:00,route-gazipur-mirpur,depot-gazipur,station-mirpur,2,7000.0,AVAILABLE
449,2026-01-05T16:15:00,route-gazipur-tongi,depot-gazipur,station-tongi,2,6500.0,AVAILABLE
449,2026-01-05T16:15:00,route-patiya-karnaphuli,depot-patiya,station-karnaphuli,2,7000.0,AVAILABLE
449,2026-01-05T16:15:00,route-patiya-coxsbazar,depot-patiya,station-coxsbazar,3,6000.0,AVAILABLE
449,2026-01-05T16:15:00,route-gazipur-karnaphuli,depot-gazipur,station-karnaphuli,4,5000.0,AVAILABLE
449,2026-01-05T16:15:00,route-patiya-mirpur,depot-patiya,station-mirpur,4,5000.0,AVAILABLE
450,2026-01-05T16:30:00,route-gazipur-mirpur,depot-gazipur,station-mirpur,2,7000.0,AVAILABLE
450,2026-01-05T16:30:00,route-gazipur-tongi,depot-gazipur,station-tongi,2,6500.0,AVAILABLE
450,2026-01-05T16:30:00,route-patiya-karnaphuli,depot-patiya,station-karnaphuli,2,7000.0,AVAILABLE
450,2026-01-05T16:30:00,route-patiya-coxsbazar,depot-patiya,station-coxsbazar,3,6000.0,AVAILABLE
450,2026-01-05T16:30:00,route-gazipur-karnaphuli,depot-gazipur,station-karnaphuli,4,5000.0,AVAILABLE
450,2026-01-05T16:30:00,route-patiya-mirpur,depot-patiya,station-mirpur,4,5000.0,AVAILABLE
451,2026-01-05T16:45:00,route-gazipur-mirpur,depot-gazipur,station-mirpur,2,7000.0,AVAILABLE
451,2026-01-05T16:45:00,route-gazipur-tongi,depot-gazipur,station-tongi,2,6500.0,AVAILABLE
451,2026-01-05T16:45:00,route-patiya-karnaphuli,depot-patiya,station-karnaphuli,2,7000.0,AVAILABLE
451,2026-01-05T16:45:00,route-patiya-coxsbazar,depot-patiya,station-coxsbazar,3,6000.0,AVAILABLE
451,2026-01-05T16:45:00,route-gazipur-karnaphuli,depot-gazipur,station-karnaphuli,4,5000.0,AVAILABLE
451,2026-01-05T16:45:00,route-patiya-mirpur,depot-patiya,station-mirpur,4,5000.0,AVAILABLE
452,2026-01-05T17:00:00,route-gazipur-mirpur,depot-gazipur,station-mirpur,2,7000.0,AVAILABLE
452,2026-01-05T17:00:00,route-gazipur-tongi,depot-gazipur,station-tongi,2,6500.0,AVAILABLE
452,2026-01-05T17:00:00,route-patiya-karnaphuli,depot-patiya,station-karnaphuli,2,7000.0,AVAILABLE
452,2026-01-05T17:00:00,route-patiya-coxsbazar,depot-patiya,station-coxsbazar,3,6000.0,AVAILABLE
452,2026-01-05T17:00:00,route-gazipur-karnaphuli,depot-gazipur,station-karnaphuli,4,5000.0,AVAILABLE
452,2026-01-05T17:00:00,route-patiya-mirpur,depot-patiya,station-mirpur,4,5000.0,AVAILABLE
453,2026-01-05T17:15:00,route-gazipur-mirpur,depot-gazipur,station-mirpur,2,7000.0,AVAILABLE
453,2026-01-05T17:15:00,route-gazipur-tongi,depot-gazipur,station-tongi,2,6500.0,AVAILABLE
453,2026-01-05T17:15:00,route-patiya-karnaphuli,depot-patiya,station-karnaphuli,2,7000.0,AVAILABLE
453,2026-01-05T17:15:00,route-patiya-coxsbazar,depot-patiya,station-coxsbazar,3,6000.0,AVAILABLE
453,2026-01-05T17:15:00,route-gazipur-karnaphuli,depot-gazipur,station-karnaphuli,4,5000.0,AVAILABLE
453,2026-01-05T17:15:00,route-patiya-mirpur,depot-patiya,station-mirpur,4,5000.0,AVAILABLE
454,2026-01-05T17:30:00,route-gazipur-mirpur,depot-gazipur,station-mirpur,2,7000.0,AVAILABLE
454,2026-01-05T17:30:00,route-gazipur-tongi,depot-gazipur,station-tongi,2,6500.0,AVAILABLE
454,2026-01-05T17:30:00,route-patiya-karnaphuli,depot-patiya,station-karnaphuli,2,7000.0,AVAILABLE
454,2026-01-05T17:30:00,route-patiya-coxsbazar,depot-patiya,station-coxsbazar,3,6000.0,AVAILABLE
454,2026-01-05T17:30:00,route-gazipur-karnaphuli,depot-gazipur,station-karnaphuli,4,5000.0,AVAILABLE
454,2026-01-05T17:30:00,route-patiya-mirpur,depot-patiya,station-mirpur,4,5000.0,AVAILABLE
455,2026-01-05T17:45:00,route-gazipur-mirpur,depot-gazipur,station-mirpur,2,7000.0,AVAILABLE
455,2026-01-05T17:45:00,route-gazipur-tongi,depot-gazipur,station-tongi,2,6500.0,AVAILABLE
455,2026-01-05T17:45:00,route-patiya-karnaphuli,depot-patiya,station-karnaphuli,2,7000.0,AVAILABLE
455,2026-01-05T17:45:00,route-patiya-coxsbazar,depot-patiya,station-coxsbazar,3,6000.0,AVAILABLE
455,2026-01-05T17:45:00,route-gazipur-karnaphuli,depot-gazipur,station-karnaphuli,4,5000.0,AVAILABLE
455,2026-01-05T17:45:00,route-patiya-mirpur,depot-patiya,station-mirpur,4,5000.0,AVAILABLE
456,2026-01-05T18:00:00,route-gazipur-mirpur,depot-gazipur,station-mirpur,2,7000.0,AVAILABLE
456,2026-01-05T18:00:00,route-gazipur-tongi,depot-gazipur,station-tongi,2,6500.0,AVAILABLE
456,2026-01-05T18:00:00,route-patiya-karnaphuli,depot-patiya,station-karnaphuli,2,7000.0,AVAILABLE
456,2026-01-05T18:00:00,route-patiya-coxsbazar,depot-patiya,station-coxsbazar,3,6000.0,AVAILABLE
456,2026-01-05T18:00:00,route-gazipur-karnaphuli,depot-gazipur,station-karnaphuli,4,5000.0,AVAILABLE
456,2026-01-05T18:00:00,route-patiya-mirpur,depot-patiya,station-mirpur,4,5000.0,AVAILABLE
457,2026-01-05T18:15:00,route-gazipur-mirpur,depot-gazipur,station-mirpur,2,7000.0,AVAILABLE
457,2026-01-05T18:15:00,route-gazipur-tongi,depot-gazipur,station-tongi,2,6500.0,AVAILABLE
457,2026-01-05T18:15:00,route-patiya-karnaphuli,depot-patiya,station-karnaphuli,2,7000.0,AVAILABLE
457,2026-01-05T18:15:00,route-patiya-coxsbazar,depot-patiya,station-coxsbazar,3,6000.0,AVAILABLE
457,2026-01-05T18:15:00,route-gazipur-karnaphuli,depot-gazipur,station-karnaphuli,4,5000.0,AVAILABLE
457,2026-01-05T18:15:00,route-patiya-mirpur,depot-patiya,station-mirpur,4,5000.0,AVAILABLE
458,2026-01-05T18:30:00,route-gazipur-mirpur,depot-gazipur,station-mirpur,2,7000.0,AVAILABLE
458,2026-01-05T18:30:00,route-gazipur-tongi,depot-gazipur,station-tongi,2,6500.0,AVAILABLE
458,2026-01-05T18:30:00,route-patiya-karnaphuli,depot-patiya,station-karnaphuli,2,7000.0,AVAILABLE
458,2026-01-05T18:30:00,route-patiya-coxsbazar,depot-patiya,station-coxsbazar,3,6000.0,AVAILABLE
458,2026-01-05T18:30:00,route-gazipur-karnaphuli,depot-gazipur,station-karnaphuli,4,5000.0,AVAILABLE
458,2026-01-05T18:30:00,route-patiya-mirpur,depot-patiya,station-mirpur,4,5000.0,AVAILABLE
459,2026-01-05T18:45:00,route-gazipur-mirpur,depot-gazipur,station-mirpur,2,7000.0,AVAILABLE
459,2026-01-05T18:45:00,route-gazipur-tongi,depot-gazipur,station-tongi,2,6500.0,AVAILABLE
459,2026-01-05T18:45:00,route-patiya-karnaphuli,depot-patiya,station-karnaphuli,2,7000.0,AVAILABLE
459,2026-01-05T18:45:00,route-patiya-coxsbazar,depot-patiya,station-coxsbazar,3,6000.0,AVAILABLE
459,2026-01-05T18:45:00,route-gazipur-karnaphuli,depot-gazipur,station-karnaphuli,4,5000.0,AVAILABLE
459,2026-01-05T18:45:00,route-patiya-mirpur,depot-patiya,station-mirpur,4,5000.0,AVAILABLE
460,2026-01-05T19:00:00,route-gazipur-mirpur,depot-gazipur,station-mirpur,2,7000.0,AVAILABLE
460,2026-01-05T19:00:00,route-gazipur-tongi,depot-gazipur,station-tongi,2,6500.0,AVAILABLE
460,2026-01-05T19:00:00,route-patiya-karnaphuli,depot-patiya,station-karnaphuli,2,7000.0,AVAILABLE
460,2026-01-05T19:00:00,route-patiya-coxsbazar,depot-patiya,station-coxsbazar,3,6000.0,AVAILABLE
460,2026-01-05T19:00:00,route-gazipur-karnaphuli,depot-gazipur,station-karnaphuli,4,5000.0,AVAILABLE
460,2026-01-05T19:00:00,route-patiya-mirpur,depot-patiya,station-mirpur,4,5000.0,AVAILABLE
461,2026-01-05T19:15:00,route-gazipur-mirpur,depot-gazipur,station-mirpur,2,7000.0,AVAILABLE
461,2026-01-05T19:15:00,route-gazipur-tongi,depot-gazipur,station-tongi,2,6500.0,AVAILABLE
461,2026-01-05T19:15:00,route-patiya-karnaphuli,depot-patiya,station-karnaphuli,2,7000.0,AVAILABLE
461,2026-01-05T19:15:00,route-patiya-coxsbazar,depot-patiya,station-coxsbazar,3,6000.0,AVAILABLE
461,2026-01-05T19:15:00,route-gazipur-karnaphuli,depot-gazipur,station-karnaphuli,4,5000.0,AVAILABLE
461,2026-01-05T19:15:00,route-patiya-mirpur,depot-patiya,station-mirpur,4,5000.0,AVAILABLE
462,2026-01-05T19:30:00,route-gazipur-mirpur,depot-gazipur,station-mirpur,2,7000.0,AVAILABLE
462,2026-01-05T19:30:00,route-gazipur-tongi,depot-gazipur,station-tongi,2,6500.0,AVAILABLE
462,2026-01-05T19:30:00,route-patiya-karnaphuli,depot-patiya,station-karnaphuli,2,7000.0,AVAILABLE
462,2026-01-05T19:30:00,route-patiya-coxsbazar,depot-patiya,station-coxsbazar,3,6000.0,AVAILABLE
462,2026-01-05T19:30:00,route-gazipur-karnaphuli,depot-gazipur,station-karnaphuli,4,5000.0,AVAILABLE
462,2026-01-05T19:30:00,route-patiya-mirpur,depot-patiya,station-mirpur,4,5000.0,AVAILABLE
463,2026-01-05T19:45:00,route-gazipur-mirpur,depot-gazipur,station-mirpur,2,7000.0,AVAILABLE
463,2026-01-05T19:45:00,route-gazipur-tongi,depot-gazipur,station-tongi,2,6500.0,AVAILABLE
463,2026-01-05T19:45:00,route-patiya-karnaphuli,depot-patiya,station-karnaphuli,2,7000.0,AVAILABLE
463,2026-01-05T19:45:00,route-patiya-coxsbazar,depot-patiya,station-coxsbazar,3,6000.0,AVAILABLE
463,2026-01-05T19:45:00,route-gazipur-karnaphuli,depot-gazipur,station-karnaphuli,4,5000.0,AVAILABLE
463,2026-01-05T19:45:00,route-patiya-mirpur,depot-patiya,station-mirpur,4,5000.0,AVAILABLE
464,2026-01-05T20:00:00,route-gazipur-mirpur,depot-gazipur,station-mirpur,2,7000.0,AVAILABLE
464,2026-01-05T20:00:00,route-gazipur-tongi,depot-gazipur,station-tongi,2,6500.0,AVAILABLE
464,2026-01-05T20:00:00,route-patiya-karnaphuli,depot-patiya,station-karnaphuli,2,7000.0,AVAILABLE
464,2026-01-05T20:00:00,route-patiya-coxsbazar,depot-patiya,station-coxsbazar,3,6000.0,AVAILABLE
464,2026-01-05T20:00:00,route-gazipur-karnaphuli,depot-gazipur,station-karnaphuli,4,5000.0,AVAILABLE
464,2026-01-05T20:00:00,route-patiya-mirpur,depot-patiya,station-mirpur,4,5000.0,AVAILABLE
465,2026-01-05T20:15:00,route-gazipur-mirpur,depot-gazipur,station-mirpur,2,7000.0,AVAILABLE
465,2026-01-05T20:15:00,route-gazipur-tongi,depot-gazipur,station-tongi,2,6500.0,AVAILABLE
465,2026-01-05T20:15:00,route-patiya-karnaphuli,depot-patiya,station-karnaphuli,2,7000.0,AVAILABLE
465,2026-01-05T20:15:00,route-patiya-coxsbazar,depot-patiya,station-coxsbazar,3,6000.0,AVAILABLE
465,2026-01-05T20:15:00,route-gazipur-karnaphuli,depot-gazipur,station-karnaphuli,4,5000.0,AVAILABLE
465,2026-01-05T20:15:00,route-patiya-mirpur,depot-patiya,station-mirpur,4,5000.0,AVAILABLE
466,2026-01-05T20:30:00,route-gazipur-mirpur,depot-gazipur,station-mirpur,2,7000.0,AVAILABLE
466,2026-01-05T20:30:00,route-gazipur-tongi,depot-gazipur,station-tongi,2,6500.0,AVAILABLE
466,2026-01-05T20:30:00,route-patiya-karnaphuli,depot-patiya,station-karnaphuli,2,7000.0,AVAILABLE
466,2026-01-05T20:30:00,route-patiya-coxsbazar,depot-patiya,station-coxsbazar,3,6000.0,AVAILABLE
466,2026-01-05T20:30:00,route-gazipur-karnaphuli,depot-gazipur,station-karnaphuli,4,5000.0,AVAILABLE
466,2026-01-05T20:30:00,route-patiya-mirpur,depot-patiya,station-mirpur,4,5000.0,AVAILABLE
467,2026-01-05T20:45:00,route-gazipur-mirpur,depot-gazipur,station-mirpur,2,7000.0,AVAILABLE
467,2026-01-05T20:45:00,route-gazipur-tongi,depot-gazipur,station-tongi,2,6500.0,AVAILABLE
467,2026-01-05T20:45:00,route-patiya-karnaphuli,depot-patiya,station-karnaphuli,2,7000.0,AVAILABLE
467,2026-01-05T20:45:00,route-patiya-coxsbazar,depot-patiya,station-coxsbazar,3,6000.0,AVAILABLE
467,2026-01-05T20:45:00,route-gazipur-karnaphuli,depot-gazipur,station-karnaphuli,4,5000.0,AVAILABLE
467,2026-01-05T20:45:00,route-patiya-mirpur,depot-patiya,station-mirpur,4,5000.0,AVAILABLE
468,2026-01-05T21:00:00,route-gazipur-mirpur,depot-gazipur,station-mirpur,2,7000.0,AVAILABLE
468,2026-01-05T21:00:00,route-gazipur-tongi,depot-gazipur,station-tongi,2,6500.0,AVAILABLE
468,2026-01-05T21:00:00,route-patiya-karnaphuli,depot-patiya,station-karnaphuli,2,7000.0,AVAILABLE
468,2026-01-05T21:00:00,route-patiya-coxsbazar,depot-patiya,station-coxsbazar,3,6000.0,AVAILABLE
468,2026-01-05T21:00:00,route-gazipur-karnaphuli,depot-gazipur,station-karnaphuli,4,5000.0,AVAILABLE
468,2026-01-05T21:00:00,route-patiya-mirpur,depot-patiya,station-mirpur,4,5000.0,AVAILABLE
469,2026-01-05T21:15:00,route-gazipur-mirpur,depot-gazipur,station-mirpur,2,7000.0,AVAILABLE
469,2026-01-05T21:15:00,route-gazipur-tongi,depot-gazipur,station-tongi,2,6500.0,AVAILABLE
469,2026-01-05T21:15:00,route-patiya-karnaphuli,depot-patiya,station-karnaphuli,2,7000.0,AVAILABLE
469,2026-01-05T21:15:00,route-patiya-coxsbazar,depot-patiya,station-coxsbazar,3,6000.0,AVAILABLE
469,2026-01-05T21:15:00,route-gazipur-karnaphuli,depot-gazipur,station-karnaphuli,4,5000.0,AVAILABLE
469,2026-01-05T21:15:00,route-patiya-mirpur,depot-patiya,station-mirpur,4,5000.0,AVAILABLE
470,2026-01-05T21:30:00,route-gazipur-mirpur,depot-gazipur,station-mirpur,2,7000.0,AVAILABLE
470,2026-01-05T21:30:00,route-gazipur-tongi,depot-gazipur,station-tongi,2,6500.0,AVAILABLE
470,2026-01-05T21:30:00,route-patiya-karnaphuli,depot-patiya,station-karnaphuli,2,7000.0,AVAILABLE
470,2026-01-05T21:30:00,route-patiya-coxsbazar,depot-patiya,station-coxsbazar,3,6000.0,AVAILABLE
470,2026-01-05T21:30:00,route-gazipur-karnaphuli,depot-gazipur,station-karnaphuli,4,5000.0,AVAILABLE
470,2026-01-05T21:30:00,route-patiya-mirpur,depot-patiya,station-mirpur,4,5000.0,AVAILABLE
471,2026-01-05T21:45:00,route-gazipur-mirpur,depot-gazipur,station-mirpur,2,7000.0,AVAILABLE
471,2026-01-05T21:45:00,route-gazipur-tongi,depot-gazipur,station-tongi,2,6500.0,AVAILABLE
471,2026-01-05T21:45:00,route-patiya-karnaphuli,depot-patiya,station-karnaphuli,2,7000.0,AVAILABLE
471,2026-01-05T21:45:00,route-patiya-coxsbazar,depot-patiya,station-coxsbazar,3,6000.0,AVAILABLE
471,2026-01-05T21:45:00,route-gazipur-karnaphuli,depot-gazipur,station-karnaphuli,4,5000.0,AVAILABLE
471,2026-01-05T21:45:00,route-patiya-mirpur,depot-patiya,station-mirpur,4,5000.0,AVAILABLE
472,2026-01-05T22:00:00,route-gazipur-mirpur,depot-gazipur,station-mirpur,2,7000.0,AVAILABLE
472,2026-01-05T22:00:00,route-gazipur-tongi,depot-gazipur,station-tongi,2,6500.0,AVAILABLE
472,2026-01-05T22:00:00,route-patiya-karnaphuli,depot-patiya,station-karnaphuli,2,7000.0,AVAILABLE
472,2026-01-05T22:00:00,route-patiya-coxsbazar,depot-patiya,station-coxsbazar,3,6000.0,AVAILABLE
472,2026-01-05T22:00:00,route-gazipur-karnaphuli,depot-gazipur,station-karnaphuli,4,5000.0,AVAILABLE
472,2026-01-05T22:00:00,route-patiya-mirpur,depot-patiya,station-mirpur,4,5000.0,AVAILABLE
473,2026-01-05T22:15:00,route-gazipur-mirpur,depot-gazipur,station-mirpur,2,7000.0,AVAILABLE
473,2026-01-05T22:15:00,route-gazipur-tongi,depot-gazipur,station-tongi,2,6500.0,AVAILABLE
473,2026-01-05T22:15:00,route-patiya-karnaphuli,depot-patiya,station-karnaphuli,2,7000.0,AVAILABLE
473,2026-01-05T22:15:00,route-patiya-coxsbazar,depot-patiya,station-coxsbazar,3,6000.0,AVAILABLE
473,2026-01-05T22:15:00,route-gazipur-karnaphuli,depot-gazipur,station-karnaphuli,4,5000.0,AVAILABLE
473,2026-01-05T22:15:00,route-patiya-mirpur,depot-patiya,station-mirpur,4,5000.0,AVAILABLE
474,2026-01-05T22:30:00,route-gazipur-mirpur,depot-gazipur,station-mirpur,2,7000.0,AVAILABLE
474,2026-01-05T22:30:00,route-gazipur-tongi,depot-gazipur,station-tongi,2,6500.0,AVAILABLE
474,2026-01-05T22:30:00,route-patiya-karnaphuli,depot-patiya,station-karnaphuli,2,7000.0,AVAILABLE
474,2026-01-05T22:30:00,route-patiya-coxsbazar,depot-patiya,station-coxsbazar,3,6000.0,AVAILABLE
474,2026-01-05T22:30:00,route-gazipur-karnaphuli,depot-gazipur,station-karnaphuli,4,5000.0,AVAILABLE
474,2026-01-05T22:30:00,route-patiya-mirpur,depot-patiya,station-mirpur,4,5000.0,AVAILABLE
475,2026-01-05T22:45:00,route-gazipur-mirpur,depot-gazipur,station-mirpur,2,7000.0,AVAILABLE
475,2026-01-05T22:45:00,route-gazipur-tongi,depot-gazipur,station-tongi,2,6500.0,AVAILABLE
475,2026-01-05T22:45:00,route-patiya-karnaphuli,depot-patiya,station-karnaphuli,2,7000.0,AVAILABLE
475,2026-01-05T22:45:00,route-patiya-coxsbazar,depot-patiya,station-coxsbazar,3,6000.0,AVAILABLE
475,2026-01-05T22:45:00,route-gazipur-karnaphuli,depot-gazipur,station-karnaphuli,4,5000.0,AVAILABLE
475,2026-01-05T22:45:00,route-patiya-mirpur,depot-patiya,station-mirpur,4,5000.0,AVAILABLE
476,2026-01-05T23:00:00,route-gazipur-mirpur,depot-gazipur,station-mirpur,2,7000.0,AVAILABLE
476,2026-01-05T23:00:00,route-gazipur-tongi,depot-gazipur,station-tongi,2,6500.0,AVAILABLE
476,2026-01-05T23:00:00,route-patiya-karnaphuli,depot-patiya,station-karnaphuli,2,7000.0,AVAILABLE
476,2026-01-05T23:00:00,route-patiya-coxsbazar,depot-patiya,station-coxsbazar,3,6000.0,AVAILABLE
476,2026-01-05T23:00:00,route-gazipur-karnaphuli,depot-gazipur,station-karnaphuli,4,5000.0,AVAILABLE
476,2026-01-05T23:00:00,route-patiya-mirpur,depot-patiya,station-mirpur,4,5000.0,AVAILABLE
477,2026-01-05T23:15:00,route-gazipur-mirpur,depot-gazipur,station-mirpur,2,7000.0,AVAILABLE
477,2026-01-05T23:15:00,route-gazipur-tongi,depot-gazipur,station-tongi,2,6500.0,AVAILABLE
477,2026-01-05T23:15:00,route-patiya-karnaphuli,depot-patiya,station-karnaphuli,2,7000.0,AVAILABLE
477,2026-01-05T23:15:00,route-patiya-coxsbazar,depot-patiya,station-coxsbazar,3,6000.0,AVAILABLE
477,2026-01-05T23:15:00,route-gazipur-karnaphuli,depot-gazipur,station-karnaphuli,4,5000.0,AVAILABLE
477,2026-01-05T23:15:00,route-patiya-mirpur,depot-patiya,station-mirpur,4,5000.0,AVAILABLE
478,2026-01-05T23:30:00,route-gazipur-mirpur,depot-gazipur,station-mirpur,2,7000.0,AVAILABLE
478,2026-01-05T23:30:00,route-gazipur-tongi,depot-gazipur,station-tongi,2,6500.0,AVAILABLE
478,2026-01-05T23:30:00,route-patiya-karnaphuli,depot-patiya,station-karnaphuli,2,7000.0,AVAILABLE
478,2026-01-05T23:30:00,route-patiya-coxsbazar,depot-patiya,station-coxsbazar,3,6000.0,AVAILABLE
478,2026-01-05T23:30:00,route-gazipur-karnaphuli,depot-gazipur,station-karnaphuli,4,5000.0,AVAILABLE
478,2026-01-05T23:30:00,route-patiya-mirpur,depot-patiya,station-mirpur,4,5000.0,AVAILABLE
479,2026-01-05T23:45:00,route-gazipur-mirpur,depot-gazipur,station-mirpur,2,7000.0,AVAILABLE
479,2026-01-05T23:45:00,route-gazipur-tongi,depot-gazipur,station-tongi,2,6500.0,AVAILABLE
479,2026-01-05T23:45:00,route-patiya-karnaphuli,depot-patiya,station-karnaphuli,2,7000.0,AVAILABLE
479,2026-01-05T23:45:00,route-patiya-coxsbazar,depot-patiya,station-coxsbazar,3,6000.0,AVAILABLE
479,2026-01-05T23:45:00,route-gazipur-karnaphuli,depot-gazipur,station-karnaphuli,4,5000.0,AVAILABLE
479,2026-01-05T23:45:00,route-patiya-mirpur,depot-patiya,station-mirpur,4,5000.0,AVAILABLE
480,2026-01-06T00:00:00,route-gazipur-mirpur,depot-gazipur,station-mirpur,2,7000.0,AVAILABLE
480,2026-01-06T00:00:00,route-gazipur-tongi,depot-gazipur,station-tongi,2,6500.0,AVAILABLE
480,2026-01-06T00:00:00,route-patiya-karnaphuli,depot-patiya,station-karnaphuli,2,7000.0,AVAILABLE
480,2026-01-06T00:00:00,route-patiya-coxsbazar,depot-patiya,station-coxsbazar,3,6000.0,AVAILABLE
480,2026-01-06T00:00:00,route-gazipur-karnaphuli,depot-gazipur,station-karnaphuli,4,5000.0,AVAILABLE
480,2026-01-06T00:00:00,route-patiya-mirpur,depot-patiya,station-mirpur,4,5000.0,AVAILABLE
481,2026-01-06T00:15:00,route-gazipur-mirpur,depot-gazipur,station-mirpur,2,7000.0,AVAILABLE
481,2026-01-06T00:15:00,route-gazipur-tongi,depot-gazipur,station-tongi,2,6500.0,AVAILABLE
481,2026-01-06T00:15:00,route-patiya-karnaphuli,depot-patiya,station-karnaphuli,2,7000.0,AVAILABLE
481,2026-01-06T00:15:00,route-patiya-coxsbazar,depot-patiya,station-coxsbazar,3,6000.0,AVAILABLE
481,2026-01-06T00:15:00,route-gazipur-karnaphuli,depot-gazipur,station-karnaphuli,4,5000.0,AVAILABLE
481,2026-01-06T00:15:00,route-patiya-mirpur,depot-patiya,station-mirpur,4,5000.0,AVAILABLE
482,2026-01-06T00:30:00,route-gazipur-mirpur,depot-gazipur,station-mirpur,2,7000.0,AVAILABLE
482,2026-01-06T00:30:00,route-gazipur-tongi,depot-gazipur,station-tongi,2,6500.0,AVAILABLE
482,2026-01-06T00:30:00,route-patiya-karnaphuli,depot-patiya,station-karnaphuli,2,7000.0,AVAILABLE
482,2026-01-06T00:30:00,route-patiya-coxsbazar,depot-patiya,station-coxsbazar,3,6000.0,AVAILABLE
482,2026-01-06T00:30:00,route-gazipur-karnaphuli,depot-gazipur,station-karnaphuli,4,5000.0,AVAILABLE
482,2026-01-06T00:30:00,route-patiya-mirpur,depot-patiya,station-mirpur,4,5000.0,AVAILABLE
483,2026-01-06T00:45:00,route-gazipur-mirpur,depot-gazipur,station-mirpur,2,7000.0,AVAILABLE
483,2026-01-06T00:45:00,route-gazipur-tongi,depot-gazipur,station-tongi,2,6500.0,AVAILABLE
483,2026-01-06T00:45:00,route-patiya-karnaphuli,depot-patiya,station-karnaphuli,2,7000.0,AVAILABLE
483,2026-01-06T00:45:00,route-patiya-coxsbazar,depot-patiya,station-coxsbazar,3,6000.0,AVAILABLE
483,2026-01-06T00:45:00,route-gazipur-karnaphuli,depot-gazipur,station-karnaphuli,4,5000.0,AVAILABLE
483,2026-01-06T00:45:00,route-patiya-mirpur,depot-patiya,station-mirpur,4,5000.0,AVAILABLE
484,2026-01-06T01:00:00,route-gazipur-mirpur,depot-gazipur,station-mirpur,2,7000.0,AVAILABLE
484,2026-01-06T01:00:00,route-gazipur-tongi,depot-gazipur,station-tongi,2,6500.0,AVAILABLE
484,2026-01-06T01:00:00,route-patiya-karnaphuli,depot-patiya,station-karnaphuli,2,7000.0,AVAILABLE
484,2026-01-06T01:00:00,route-patiya-coxsbazar,depot-patiya,station-coxsbazar,3,6000.0,AVAILABLE
484,2026-01-06T01:00:00,route-gazipur-karnaphuli,depot-gazipur,station-karnaphuli,4,5000.0,AVAILABLE
484,2026-01-06T01:00:00,route-patiya-mirpur,depot-patiya,station-mirpur,4,5000.0,AVAILABLE
485,2026-01-06T01:15:00,route-gazipur-mirpur,depot-gazipur,station-mirpur,2,7000.0,AVAILABLE
485,2026-01-06T01:15:00,route-gazipur-tongi,depot-gazipur,station-tongi,2,6500.0,AVAILABLE
485,2026-01-06T01:15:00,route-patiya-karnaphuli,depot-patiya,station-karnaphuli,2,7000.0,AVAILABLE
485,2026-01-06T01:15:00,route-patiya-coxsbazar,depot-patiya,station-coxsbazar,3,6000.0,AVAILABLE
485,2026-01-06T01:15:00,route-gazipur-karnaphuli,depot-gazipur,station-karnaphuli,4,5000.0,AVAILABLE
485,2026-01-06T01:15:00,route-patiya-mirpur,depot-patiya,station-mirpur,4,5000.0,AVAILABLE
486,2026-01-06T01:30:00,route-gazipur-mirpur,depot-gazipur,station-mirpur,2,7000.0,AVAILABLE
486,2026-01-06T01:30:00,route-gazipur-tongi,depot-gazipur,station-tongi,2,6500.0,AVAILABLE
486,2026-01-06T01:30:00,route-patiya-karnaphuli,depot-patiya,station-karnaphuli,2,7000.0,AVAILABLE
486,2026-01-06T01:30:00,route-patiya-coxsbazar,depot-patiya,station-coxsbazar,3,6000.0,AVAILABLE
486,2026-01-06T01:30:00,route-gazipur-karnaphuli,depot-gazipur,station-karnaphuli,4,5000.0,AVAILABLE
486,2026-01-06T01:30:00,route-patiya-mirpur,depot-patiya,station-mirpur,4,5000.0,AVAILABLE
487,2026-01-06T01:45:00,route-gazipur-mirpur,depot-gazipur,station-mirpur,2,7000.0,AVAILABLE
487,2026-01-06T01:45:00,route-gazipur-tongi,depot-gazipur,station-tongi,2,6500.0,AVAILABLE
487,2026-01-06T01:45:00,route-patiya-karnaphuli,depot-patiya,station-karnaphuli,2,7000.0,AVAILABLE
487,2026-01-06T01:45:00,route-patiya-coxsbazar,depot-patiya,station-coxsbazar,3,6000.0,AVAILABLE
487,2026-01-06T01:45:00,route-gazipur-karnaphuli,depot-gazipur,station-karnaphuli,4,5000.0,AVAILABLE
487,2026-01-06T01:45:00,route-patiya-mirpur,depot-patiya,station-mirpur,4,5000.0,AVAILABLE
488,2026-01-06T02:00:00,route-gazipur-mirpur,depot-gazipur,station-mirpur,2,7000.0,AVAILABLE
488,2026-01-06T02:00:00,route-gazipur-tongi,depot-gazipur,station-tongi,2,6500.0,AVAILABLE
488,2026-01-06T02:00:00,route-patiya-karnaphuli,depot-patiya,station-karnaphuli,2,7000.0,AVAILABLE
488,2026-01-06T02:00:00,route-patiya-coxsbazar,depot-patiya,station-coxsbazar,3,6000.0,AVAILABLE
488,2026-01-06T02:00:00,route-gazipur-karnaphuli,depot-gazipur,station-karnaphuli,4,5000.0,AVAILABLE
488,2026-01-06T02:00:00,route-patiya-mirpur,depot-patiya,station-mirpur,4,5000.0,AVAILABLE
489,2026-01-06T02:15:00,route-gazipur-mirpur,depot-gazipur,station-mirpur,2,7000.0,AVAILABLE
489,2026-01-06T02:15:00,route-gazipur-tongi,depot-gazipur,station-tongi,2,6500.0,AVAILABLE
489,2026-01-06T02:15:00,route-patiya-karnaphuli,depot-patiya,station-karnaphuli,2,7000.0,AVAILABLE
489,2026-01-06T02:15:00,route-patiya-coxsbazar,depot-patiya,station-coxsbazar,3,6000.0,AVAILABLE
489,2026-01-06T02:15:00,route-gazipur-karnaphuli,depot-gazipur,station-karnaphuli,4,5000.0,AVAILABLE
489,2026-01-06T02:15:00,route-patiya-mirpur,depot-patiya,station-mirpur,4,5000.0,AVAILABLE
490,2026-01-06T02:30:00,route-gazipur-mirpur,depot-gazipur,station-mirpur,2,7000.0,AVAILABLE
490,2026-01-06T02:30:00,route-gazipur-tongi,depot-gazipur,station-tongi,2,6500.0,AVAILABLE
490,2026-01-06T02:30:00,route-patiya-karnaphuli,depot-patiya,station-karnaphuli,2,7000.0,AVAILABLE
490,2026-01-06T02:30:00,route-patiya-coxsbazar,depot-patiya,station-coxsbazar,3,6000.0,AVAILABLE
490,2026-01-06T02:30:00,route-gazipur-karnaphuli,depot-gazipur,station-karnaphuli,4,5000.0,AVAILABLE
490,2026-01-06T02:30:00,route-patiya-mirpur,depot-patiya,station-mirpur,4,5000.0,AVAILABLE
491,2026-01-06T02:45:00,route-gazipur-mirpur,depot-gazipur,station-mirpur,2,7000.0,AVAILABLE
491,2026-01-06T02:45:00,route-gazipur-tongi,depot-gazipur,station-tongi,2,6500.0,AVAILABLE
491,2026-01-06T02:45:00,route-patiya-karnaphuli,depot-patiya,station-karnaphuli,2,7000.0,AVAILABLE
491,2026-01-06T02:45:00,route-patiya-coxsbazar,depot-patiya,station-coxsbazar,3,6000.0,AVAILABLE
491,2026-01-06T02:45:00,route-gazipur-karnaphuli,depot-gazipur,station-karnaphuli,4,5000.0,AVAILABLE
491,2026-01-06T02:45:00,route-patiya-mirpur,depot-patiya,station-mirpur,4,5000.0,AVAILABLE
492,2026-01-06T03:00:00,route-gazipur-mirpur,depot-gazipur,station-mirpur,2,7000.0,AVAILABLE
492,2026-01-06T03:00:00,route-gazipur-tongi,depot-gazipur,station-tongi,2,6500.0,AVAILABLE
492,2026-01-06T03:00:00,route-patiya-karnaphuli,depot-patiya,station-karnaphuli,2,7000.0,AVAILABLE
492,2026-01-06T03:00:00,route-patiya-coxsbazar,depot-patiya,station-coxsbazar,3,6000.0,AVAILABLE
492,2026-01-06T03:00:00,route-gazipur-karnaphuli,depot-gazipur,station-karnaphuli,4,5000.0,AVAILABLE
492,2026-01-06T03:00:00,route-patiya-mirpur,depot-patiya,station-mirpur,4,5000.0,AVAILABLE
493,2026-01-06T03:15:00,route-gazipur-mirpur,depot-gazipur,station-mirpur,2,7000.0,AVAILABLE
493,2026-01-06T03:15:00,route-gazipur-tongi,depot-gazipur,station-tongi,2,6500.0,AVAILABLE
493,2026-01-06T03:15:00,route-patiya-karnaphuli,depot-patiya,station-karnaphuli,2,7000.0,AVAILABLE
493,2026-01-06T03:15:00,route-patiya-coxsbazar,depot-patiya,station-coxsbazar,3,6000.0,AVAILABLE
493,2026-01-06T03:15:00,route-gazipur-karnaphuli,depot-gazipur,station-karnaphuli,4,5000.0,AVAILABLE
493,2026-01-06T03:15:00,route-patiya-mirpur,depot-patiya,station-mirpur,4,5000.0,AVAILABLE
494,2026-01-06T03:30:00,route-gazipur-mirpur,depot-gazipur,station-mirpur,2,7000.0,AVAILABLE
494,2026-01-06T03:30:00,route-gazipur-tongi,depot-gazipur,station-tongi,2,6500.0,AVAILABLE
494,2026-01-06T03:30:00,route-patiya-karnaphuli,depot-patiya,station-karnaphuli,2,7000.0,AVAILABLE
494,2026-01-06T03:30:00,route-patiya-coxsbazar,depot-patiya,station-coxsbazar,3,6000.0,AVAILABLE
494,2026-01-06T03:30:00,route-gazipur-karnaphuli,depot-gazipur,station-karnaphuli,4,5000.0,AVAILABLE
494,2026-01-06T03:30:00,route-patiya-mirpur,depot-patiya,station-mirpur,4,5000.0,AVAILABLE
495,2026-01-06T03:45:00,route-gazipur-mirpur,depot-gazipur,station-mirpur,2,7000.0,AVAILABLE
495,2026-01-06T03:45:00,route-gazipur-tongi,depot-gazipur,station-tongi,2,6500.0,AVAILABLE
495,2026-01-06T03:45:00,route-patiya-karnaphuli,depot-patiya,station-karnaphuli,2,7000.0,AVAILABLE
495,2026-01-06T03:45:00,route-patiya-coxsbazar,depot-patiya,station-coxsbazar,3,6000.0,AVAILABLE
495,2026-01-06T03:45:00,route-gazipur-karnaphuli,depot-gazipur,station-karnaphuli,4,5000.0,AVAILABLE
495,2026-01-06T03:45:00,route-patiya-mirpur,depot-patiya,station-mirpur,4,5000.0,AVAILABLE
496,2026-01-06T04:00:00,route-gazipur-mirpur,depot-gazipur,station-mirpur,2,7000.0,AVAILABLE
496,2026-01-06T04:00:00,route-gazipur-tongi,depot-gazipur,station-tongi,2,6500.0,AVAILABLE
496,2026-01-06T04:00:00,route-patiya-karnaphuli,depot-patiya,station-karnaphuli,2,7000.0,AVAILABLE
496,2026-01-06T04:00:00,route-patiya-coxsbazar,depot-patiya,station-coxsbazar,3,6000.0,AVAILABLE
496,2026-01-06T04:00:00,route-gazipur-karnaphuli,depot-gazipur,station-karnaphuli,4,5000.0,AVAILABLE
496,2026-01-06T04:00:00,route-patiya-mirpur,depot-patiya,station-mirpur,4,5000.0,AVAILABLE
497,2026-01-06T04:15:00,route-gazipur-mirpur,depot-gazipur,station-mirpur,2,7000.0,AVAILABLE
497,2026-01-06T04:15:00,route-gazipur-tongi,depot-gazipur,station-tongi,2,6500.0,AVAILABLE
497,2026-01-06T04:15:00,route-patiya-karnaphuli,depot-patiya,station-karnaphuli,2,7000.0,AVAILABLE
497,2026-01-06T04:15:00,route-patiya-coxsbazar,depot-patiya,station-coxsbazar,3,6000.0,AVAILABLE
497,2026-01-06T04:15:00,route-gazipur-karnaphuli,depot-gazipur,station-karnaphuli,4,5000.0,AVAILABLE
497,2026-01-06T04:15:00,route-patiya-mirpur,depot-patiya,station-mirpur,4,5000.0,AVAILABLE
498,2026-01-06T04:30:00,route-gazipur-mirpur,depot-gazipur,station-mirpur,2,7000.0,AVAILABLE
498,2026-01-06T04:30:00,route-gazipur-tongi,depot-gazipur,station-tongi,2,6500.0,AVAILABLE
498,2026-01-06T04:30:00,route-patiya-karnaphuli,depot-patiya,station-karnaphuli,2,7000.0,AVAILABLE
498,2026-01-06T04:30:00,route-patiya-coxsbazar,depot-patiya,station-coxsbazar,3,6000.0,AVAILABLE
498,2026-01-06T04:30:00,route-gazipur-karnaphuli,depot-gazipur,station-karnaphuli,4,5000.0,AVAILABLE
498,2026-01-06T04:30:00,route-patiya-mirpur,depot-patiya,station-mirpur,4,5000.0,AVAILABLE
499,2026-01-06T04:45:00,route-gazipur-mirpur,depot-gazipur,station-mirpur,2,7000.0,AVAILABLE
499,2026-01-06T04:45:00,route-gazipur-tongi,depot-gazipur,station-tongi,2,6500.0,AVAILABLE
499,2026-01-06T04:45:00,route-patiya-karnaphuli,depot-patiya,station-karnaphuli,2,7000.0,AVAILABLE
499,2026-01-06T04:45:00,route-patiya-coxsbazar,depot-patiya,station-coxsbazar,3,6000.0,AVAILABLE
499,2026-01-06T04:45:00,route-gazipur-karnaphuli,depot-gazipur,station-karnaphuli,4,5000.0,AVAILABLE
499,2026-01-06T04:45:00,route-patiya-mirpur,depot-patiya,station-mirpur,4,5000.0,AVAILABLE
500,2026-01-06T05:00:00,route-gazipur-mirpur,depot-gazipur,station-mirpur,2,7000.0,AVAILABLE
500,2026-01-06T05:00:00,route-gazipur-tongi,depot-gazipur,station-tongi,2,6500.0,AVAILABLE
500,2026-01-06T05:00:00,route-patiya-karnaphuli,depot-patiya,station-karnaphuli,2,7000.0,AVAILABLE
500,2026-01-06T05:00:00,route-patiya-coxsbazar,depot-patiya,station-coxsbazar,3,6000.0,AVAILABLE
500,2026-01-06T05:00:00,route-gazipur-karnaphuli,depot-gazipur,station-karnaphuli,4,5000.0,AVAILABLE
500,2026-01-06T05:00:00,route-patiya-mirpur,depot-patiya,station-mirpur,4,5000.0,AVAILABLE
501,2026-01-06T05:15:00,route-gazipur-mirpur,depot-gazipur,station-mirpur,2,7000.0,AVAILABLE
501,2026-01-06T05:15:00,route-gazipur-tongi,depot-gazipur,station-tongi,2,6500.0,AVAILABLE
501,2026-01-06T05:15:00,route-patiya-karnaphuli,depot-patiya,station-karnaphuli,2,7000.0,AVAILABLE
501,2026-01-06T05:15:00,route-patiya-coxsbazar,depot-patiya,station-coxsbazar,3,6000.0,AVAILABLE
501,2026-01-06T05:15:00,route-gazipur-karnaphuli,depot-gazipur,station-karnaphuli,4,5000.0,AVAILABLE
501,2026-01-06T05:15:00,route-patiya-mirpur,depot-patiya,station-mirpur,4,5000.0,AVAILABLE
502,2026-01-06T05:30:00,route-gazipur-mirpur,depot-gazipur,station-mirpur,2,7000.0,AVAILABLE
502,2026-01-06T05:30:00,route-gazipur-tongi,depot-gazipur,station-tongi,2,6500.0,AVAILABLE
502,2026-01-06T05:30:00,route-patiya-karnaphuli,depot-patiya,station-karnaphuli,2,7000.0,AVAILABLE
502,2026-01-06T05:30:00,route-patiya-coxsbazar,depot-patiya,station-coxsbazar,3,6000.0,AVAILABLE
502,2026-01-06T05:30:00,route-gazipur-karnaphuli,depot-gazipur,station-karnaphuli,4,5000.0,AVAILABLE
502,2026-01-06T05:30:00,route-patiya-mirpur,depot-patiya,station-mirpur,4,5000.0,AVAILABLE
503,2026-01-06T05:45:00,route-gazipur-mirpur,depot-gazipur,station-mirpur,2,7000.0,AVAILABLE
503,2026-01-06T05:45:00,route-gazipur-tongi,depot-gazipur,station-tongi,2,6500.0,AVAILABLE
503,2026-01-06T05:45:00,route-patiya-karnaphuli,depot-patiya,station-karnaphuli,2,7000.0,AVAILABLE
503,2026-01-06T05:45:00,route-patiya-coxsbazar,depot-patiya,station-coxsbazar,3,6000.0,AVAILABLE
503,2026-01-06T05:45:00,route-gazipur-karnaphuli,depot-gazipur,station-karnaphuli,4,5000.0,AVAILABLE
503,2026-01-06T05:45:00,route-patiya-mirpur,depot-patiya,station-mirpur,4,5000.0,AVAILABLE
504,2026-01-06T06:00:00,route-gazipur-mirpur,depot-gazipur,station-mirpur,2,7000.0,AVAILABLE
504,2026-01-06T06:00:00,route-gazipur-tongi,depot-gazipur,station-tongi,2,6500.0,AVAILABLE
504,2026-01-06T06:00:00,route-patiya-karnaphuli,depot-patiya,station-karnaphuli,2,7000.0,AVAILABLE
504,2026-01-06T06:00:00,route-patiya-coxsbazar,depot-patiya,station-coxsbazar,3,6000.0,AVAILABLE
504,2026-01-06T06:00:00,route-gazipur-karnaphuli,depot-gazipur,station-karnaphuli,4,5000.0,AVAILABLE
504,2026-01-06T06:00:00,route-patiya-mirpur,depot-patiya,station-mirpur,4,5000.0,AVAILABLE
505,2026-01-06T06:15:00,route-gazipur-mirpur,depot-gazipur,station-mirpur,2,7000.0,AVAILABLE
505,2026-01-06T06:15:00,route-gazipur-tongi,depot-gazipur,station-tongi,2,6500.0,AVAILABLE
505,2026-01-06T06:15:00,route-patiya-karnaphuli,depot-patiya,station-karnaphuli,2,7000.0,AVAILABLE
505,2026-01-06T06:15:00,route-patiya-coxsbazar,depot-patiya,station-coxsbazar,3,6000.0,AVAILABLE
505,2026-01-06T06:15:00,route-gazipur-karnaphuli,depot-gazipur,station-karnaphuli,4,5000.0,AVAILABLE
505,2026-01-06T06:15:00,route-patiya-mirpur,depot-patiya,station-mirpur,4,5000.0,AVAILABLE
506,2026-01-06T06:30:00,route-gazipur-mirpur,depot-gazipur,station-mirpur,2,7000.0,AVAILABLE
506,2026-01-06T06:30:00,route-gazipur-tongi,depot-gazipur,station-tongi,2,6500.0,AVAILABLE
506,2026-01-06T06:30:00,route-patiya-karnaphuli,depot-patiya,station-karnaphuli,2,7000.0,AVAILABLE
506,2026-01-06T06:30:00,route-patiya-coxsbazar,depot-patiya,station-coxsbazar,3,6000.0,AVAILABLE
506,2026-01-06T06:30:00,route-gazipur-karnaphuli,depot-gazipur,station-karnaphuli,4,5000.0,AVAILABLE
506,2026-01-06T06:30:00,route-patiya-mirpur,depot-patiya,station-mirpur,4,5000.0,AVAILABLE
507,2026-01-06T06:45:00,route-gazipur-mirpur,depot-gazipur,station-mirpur,2,7000.0,AVAILABLE
507,2026-01-06T06:45:00,route-gazipur-tongi,depot-gazipur,station-tongi,2,6500.0,AVAILABLE
507,2026-01-06T06:45:00,route-patiya-karnaphuli,depot-patiya,station-karnaphuli,2,7000.0,AVAILABLE
507,2026-01-06T06:45:00,route-patiya-coxsbazar,depot-patiya,station-coxsbazar,3,6000.0,AVAILABLE
507,2026-01-06T06:45:00,route-gazipur-karnaphuli,depot-gazipur,station-karnaphuli,4,5000.0,AVAILABLE
507,2026-01-06T06:45:00,route-patiya-mirpur,depot-patiya,station-mirpur,4,5000.0,AVAILABLE
508,2026-01-06T07:00:00,route-gazipur-mirpur,depot-gazipur,station-mirpur,2,7000.0,AVAILABLE
508,2026-01-06T07:00:00,route-gazipur-tongi,depot-gazipur,station-tongi,2,6500.0,AVAILABLE
508,2026-01-06T07:00:00,route-patiya-karnaphuli,depot-patiya,station-karnaphuli,2,7000.0,AVAILABLE
508,2026-01-06T07:00:00,route-patiya-coxsbazar,depot-patiya,station-coxsbazar,3,6000.0,AVAILABLE
508,2026-01-06T07:00:00,route-gazipur-karnaphuli,depot-gazipur,station-karnaphuli,4,5000.0,AVAILABLE
508,2026-01-06T07:00:00,route-patiya-mirpur,depot-patiya,station-mirpur,4,5000.0,AVAILABLE
509,2026-01-06T07:15:00,route-gazipur-mirpur,depot-gazipur,station-mirpur,2,7000.0,AVAILABLE
509,2026-01-06T07:15:00,route-gazipur-tongi,depot-gazipur,station-tongi,2,6500.0,AVAILABLE
509,2026-01-06T07:15:00,route-patiya-karnaphuli,depot-patiya,station-karnaphuli,2,7000.0,AVAILABLE
509,2026-01-06T07:15:00,route-patiya-coxsbazar,depot-patiya,station-coxsbazar,3,6000.0,AVAILABLE
509,2026-01-06T07:15:00,route-gazipur-karnaphuli,depot-gazipur,station-karnaphuli,4,5000.0,AVAILABLE
509,2026-01-06T07:15:00,route-patiya-mirpur,depot-patiya,station-mirpur,4,5000.0,AVAILABLE
510,2026-01-06T07:30:00,route-gazipur-mirpur,depot-gazipur,station-mirpur,2,7000.0,AVAILABLE
510,2026-01-06T07:30:00,route-gazipur-tongi,depot-gazipur,station-tongi,2,6500.0,AVAILABLE
510,2026-01-06T07:30:00,route-patiya-karnaphuli,depot-patiya,station-karnaphuli,2,7000.0,AVAILABLE
510,2026-01-06T07:30:00,route-patiya-coxsbazar,depot-patiya,station-coxsbazar,3,6000.0,AVAILABLE
510,2026-01-06T07:30:00,route-gazipur-karnaphuli,depot-gazipur,station-karnaphuli,4,5000.0,AVAILABLE
510,2026-01-06T07:30:00,route-patiya-mirpur,depot-patiya,station-mirpur,4,5000.0,AVAILABLE
511,2026-01-06T07:45:00,route-gazipur-mirpur,depot-gazipur,station-mirpur,2,7000.0,AVAILABLE
511,2026-01-06T07:45:00,route-gazipur-tongi,depot-gazipur,station-tongi,2,6500.0,AVAILABLE
511,2026-01-06T07:45:00,route-patiya-karnaphuli,depot-patiya,station-karnaphuli,2,7000.0,AVAILABLE
511,2026-01-06T07:45:00,route-patiya-coxsbazar,depot-patiya,station-coxsbazar,3,6000.0,AVAILABLE
511,2026-01-06T07:45:00,route-gazipur-karnaphuli,depot-gazipur,station-karnaphuli,4,5000.0,AVAILABLE
511,2026-01-06T07:45:00,route-patiya-mirpur,depot-patiya,station-mirpur,4,5000.0,AVAILABLE
512,2026-01-06T08:00:00,route-gazipur-mirpur,depot-gazipur,station-mirpur,2,7000.0,AVAILABLE
512,2026-01-06T08:00:00,route-gazipur-tongi,depot-gazipur,station-tongi,2,6500.0,AVAILABLE
512,2026-01-06T08:00:00,route-patiya-karnaphuli,depot-patiya,station-karnaphuli,2,7000.0,AVAILABLE
512,2026-01-06T08:00:00,route-patiya-coxsbazar,depot-patiya,station-coxsbazar,3,6000.0,AVAILABLE
512,2026-01-06T08:00:00,route-gazipur-karnaphuli,depot-gazipur,station-karnaphuli,4,5000.0,AVAILABLE
512,2026-01-06T08:00:00,route-patiya-mirpur,depot-patiya,station-mirpur,4,5000.0,AVAILABLE
513,2026-01-06T08:15:00,route-gazipur-mirpur,depot-gazipur,station-mirpur,2,7000.0,AVAILABLE
513,2026-01-06T08:15:00,route-gazipur-tongi,depot-gazipur,station-tongi,2,6500.0,AVAILABLE
513,2026-01-06T08:15:00,route-patiya-karnaphuli,depot-patiya,station-karnaphuli,2,7000.0,AVAILABLE
513,2026-01-06T08:15:00,route-patiya-coxsbazar,depot-patiya,station-coxsbazar,3,6000.0,AVAILABLE
513,2026-01-06T08:15:00,route-gazipur-karnaphuli,depot-gazipur,station-karnaphuli,4,5000.0,AVAILABLE
513,2026-01-06T08:15:00,route-patiya-mirpur,depot-patiya,station-mirpur,4,5000.0,AVAILABLE
514,2026-01-06T08:30:00,route-gazipur-mirpur,depot-gazipur,station-mirpur,2,7000.0,AVAILABLE
514,2026-01-06T08:30:00,route-gazipur-tongi,depot-gazipur,station-tongi,2,6500.0,AVAILABLE
514,2026-01-06T08:30:00,route-patiya-karnaphuli,depot-patiya,station-karnaphuli,2,7000.0,AVAILABLE
514,2026-01-06T08:30:00,route-patiya-coxsbazar,depot-patiya,station-coxsbazar,3,6000.0,AVAILABLE
514,2026-01-06T08:30:00,route-gazipur-karnaphuli,depot-gazipur,station-karnaphuli,4,5000.0,AVAILABLE
514,2026-01-06T08:30:00,route-patiya-mirpur,depot-patiya,station-mirpur,4,5000.0,AVAILABLE
515,2026-01-06T08:45:00,route-gazipur-mirpur,depot-gazipur,station-mirpur,2,7000.0,AVAILABLE
515,2026-01-06T08:45:00,route-gazipur-tongi,depot-gazipur,station-tongi,2,6500.0,AVAILABLE
515,2026-01-06T08:45:00,route-patiya-karnaphuli,depot-patiya,station-karnaphuli,2,7000.0,AVAILABLE
515,2026-01-06T08:45:00,route-patiya-coxsbazar,depot-patiya,station-coxsbazar,3,6000.0,AVAILABLE
515,2026-01-06T08:45:00,route-gazipur-karnaphuli,depot-gazipur,station-karnaphuli,4,5000.0,AVAILABLE
515,2026-01-06T08:45:00,route-patiya-mirpur,depot-patiya,station-mirpur,4,5000.0,AVAILABLE
516,2026-01-06T09:00:00,route-gazipur-mirpur,depot-gazipur,station-mirpur,2,7000.0,AVAILABLE
516,2026-01-06T09:00:00,route-gazipur-tongi,depot-gazipur,station-tongi,2,6500.0,AVAILABLE
516,2026-01-06T09:00:00,route-patiya-karnaphuli,depot-patiya,station-karnaphuli,2,7000.0,AVAILABLE
516,2026-01-06T09:00:00,route-patiya-coxsbazar,depot-patiya,station-coxsbazar,3,6000.0,AVAILABLE
516,2026-01-06T09:00:00,route-gazipur-karnaphuli,depot-gazipur,station-karnaphuli,4,5000.0,AVAILABLE
516,2026-01-06T09:00:00,route-patiya-mirpur,depot-patiya,station-mirpur,4,5000.0,AVAILABLE
517,2026-01-06T09:15:00,route-gazipur-mirpur,depot-gazipur,station-mirpur,2,7000.0,AVAILABLE
517,2026-01-06T09:15:00,route-gazipur-tongi,depot-gazipur,station-tongi,2,6500.0,AVAILABLE
517,2026-01-06T09:15:00,route-patiya-karnaphuli,depot-patiya,station-karnaphuli,2,7000.0,AVAILABLE
517,2026-01-06T09:15:00,route-patiya-coxsbazar,depot-patiya,station-coxsbazar,3,6000.0,AVAILABLE
517,2026-01-06T09:15:00,route-gazipur-karnaphuli,depot-gazipur,station-karnaphuli,4,5000.0,AVAILABLE
517,2026-01-06T09:15:00,route-patiya-mirpur,depot-patiya,station-mirpur,4,5000.0,AVAILABLE
518,2026-01-06T09:30:00,route-gazipur-mirpur,depot-gazipur,station-mirpur,2,7000.0,AVAILABLE
518,2026-01-06T09:30:00,route-gazipur-tongi,depot-gazipur,station-tongi,2,6500.0,AVAILABLE
518,2026-01-06T09:30:00,route-patiya-karnaphuli,depot-patiya,station-karnaphuli,2,7000.0,AVAILABLE
518,2026-01-06T09:30:00,route-patiya-coxsbazar,depot-patiya,station-coxsbazar,3,6000.0,AVAILABLE
518,2026-01-06T09:30:00,route-gazipur-karnaphuli,depot-gazipur,station-karnaphuli,4,5000.0,AVAILABLE
518,2026-01-06T09:30:00,route-patiya-mirpur,depot-patiya,station-mirpur,4,5000.0,AVAILABLE
519,2026-01-06T09:45:00,route-gazipur-mirpur,depot-gazipur,station-mirpur,2,7000.0,AVAILABLE
519,2026-01-06T09:45:00,route-gazipur-tongi,depot-gazipur,station-tongi,2,6500.0,AVAILABLE
519,2026-01-06T09:45:00,route-patiya-karnaphuli,depot-patiya,station-karnaphuli,2,7000.0,AVAILABLE
519,2026-01-06T09:45:00,route-patiya-coxsbazar,depot-patiya,station-coxsbazar,3,6000.0,AVAILABLE
519,2026-01-06T09:45:00,route-gazipur-karnaphuli,depot-gazipur,station-karnaphuli,4,5000.0,AVAILABLE
519,2026-01-06T09:45:00,route-patiya-mirpur,depot-patiya,station-mirpur,4,5000.0,AVAILABLE
520,2026-01-06T10:00:00,route-gazipur-mirpur,depot-gazipur,station-mirpur,2,7000.0,AVAILABLE
520,2026-01-06T10:00:00,route-gazipur-tongi,depot-gazipur,station-tongi,2,6500.0,AVAILABLE
520,2026-01-06T10:00:00,route-patiya-karnaphuli,depot-patiya,station-karnaphuli,2,7000.0,AVAILABLE
520,2026-01-06T10:00:00,route-patiya-coxsbazar,depot-patiya,station-coxsbazar,3,6000.0,AVAILABLE
520,2026-01-06T10:00:00,route-gazipur-karnaphuli,depot-gazipur,station-karnaphuli,4,5000.0,AVAILABLE
520,2026-01-06T10:00:00,route-patiya-mirpur,depot-patiya,station-mirpur,4,5000.0,AVAILABLE
521,2026-01-06T10:15:00,route-gazipur-mirpur,depot-gazipur,station-mirpur,2,7000.0,AVAILABLE
521,2026-01-06T10:15:00,route-gazipur-tongi,depot-gazipur,station-tongi,2,6500.0,AVAILABLE
521,2026-01-06T10:15:00,route-patiya-karnaphuli,depot-patiya,station-karnaphuli,2,7000.0,AVAILABLE
521,2026-01-06T10:15:00,route-patiya-coxsbazar,depot-patiya,station-coxsbazar,3,6000.0,AVAILABLE
521,2026-01-06T10:15:00,route-gazipur-karnaphuli,depot-gazipur,station-karnaphuli,4,5000.0,AVAILABLE
521,2026-01-06T10:15:00,route-patiya-mirpur,depot-patiya,station-mirpur,4,5000.0,AVAILABLE
522,2026-01-06T10:30:00,route-gazipur-mirpur,depot-gazipur,station-mirpur,2,7000.0,AVAILABLE
522,2026-01-06T10:30:00,route-gazipur-tongi,depot-gazipur,station-tongi,2,6500.0,AVAILABLE
522,2026-01-06T10:30:00,route-patiya-karnaphuli,depot-patiya,station-karnaphuli,2,7000.0,AVAILABLE
522,2026-01-06T10:30:00,route-patiya-coxsbazar,depot-patiya,station-coxsbazar,3,6000.0,AVAILABLE
522,2026-01-06T10:30:00,route-gazipur-karnaphuli,depot-gazipur,station-karnaphuli,4,5000.0,AVAILABLE
522,2026-01-06T10:30:00,route-patiya-mirpur,depot-patiya,station-mirpur,4,5000.0,AVAILABLE
523,2026-01-06T10:45:00,route-gazipur-mirpur,depot-gazipur,station-mirpur,2,7000.0,AVAILABLE
523,2026-01-06T10:45:00,route-gazipur-tongi,depot-gazipur,station-tongi,2,6500.0,AVAILABLE
523,2026-01-06T10:45:00,route-patiya-karnaphuli,depot-patiya,station-karnaphuli,2,7000.0,AVAILABLE
523,2026-01-06T10:45:00,route-patiya-coxsbazar,depot-patiya,station-coxsbazar,3,6000.0,AVAILABLE
523,2026-01-06T10:45:00,route-gazipur-karnaphuli,depot-gazipur,station-karnaphuli,4,5000.0,AVAILABLE
523,2026-01-06T10:45:00,route-patiya-mirpur,depot-patiya,station-mirpur,4,5000.0,AVAILABLE
524,2026-01-06T11:00:00,route-gazipur-mirpur,depot-gazipur,station-mirpur,2,7000.0,AVAILABLE
524,2026-01-06T11:00:00,route-gazipur-tongi,depot-gazipur,station-tongi,2,6500.0,AVAILABLE
524,2026-01-06T11:00:00,route-patiya-karnaphuli,depot-patiya,station-karnaphuli,2,7000.0,AVAILABLE
524,2026-01-06T11:00:00,route-patiya-coxsbazar,depot-patiya,station-coxsbazar,3,6000.0,AVAILABLE
524,2026-01-06T11:00:00,route-gazipur-karnaphuli,depot-gazipur,station-karnaphuli,4,5000.0,AVAILABLE
524,2026-01-06T11:00:00,route-patiya-mirpur,depot-patiya,station-mirpur,4,5000.0,AVAILABLE
525,2026-01-06T11:15:00,route-gazipur-mirpur,depot-gazipur,station-mirpur,2,7000.0,AVAILABLE
525,2026-01-06T11:15:00,route-gazipur-tongi,depot-gazipur,station-tongi,2,6500.0,AVAILABLE
525,2026-01-06T11:15:00,route-patiya-karnaphuli,depot-patiya,station-karnaphuli,2,7000.0,AVAILABLE
525,2026-01-06T11:15:00,route-patiya-coxsbazar,depot-patiya,station-coxsbazar,3,6000.0,AVAILABLE
525,2026-01-06T11:15:00,route-gazipur-karnaphuli,depot-gazipur,station-karnaphuli,4,5000.0,AVAILABLE
525,2026-01-06T11:15:00,route-patiya-mirpur,depot-patiya,station-mirpur,4,5000.0,AVAILABLE
526,2026-01-06T11:30:00,route-gazipur-mirpur,depot-gazipur,station-mirpur,2,7000.0,AVAILABLE
526,2026-01-06T11:30:00,route-gazipur-tongi,depot-gazipur,station-tongi,2,6500.0,AVAILABLE
526,2026-01-06T11:30:00,route-patiya-karnaphuli,depot-patiya,station-karnaphuli,2,7000.0,AVAILABLE
526,2026-01-06T11:30:00,route-patiya-coxsbazar,depot-patiya,station-coxsbazar,3,6000.0,AVAILABLE
526,2026-01-06T11:30:00,route-gazipur-karnaphuli,depot-gazipur,station-karnaphuli,4,5000.0,AVAILABLE
526,2026-01-06T11:30:00,route-patiya-mirpur,depot-patiya,station-mirpur,4,5000.0,AVAILABLE
527,2026-01-06T11:45:00,route-gazipur-mirpur,depot-gazipur,station-mirpur,2,7000.0,AVAILABLE
527,2026-01-06T11:45:00,route-gazipur-tongi,depot-gazipur,station-tongi,2,6500.0,AVAILABLE
527,2026-01-06T11:45:00,route-patiya-karnaphuli,depot-patiya,station-karnaphuli,2,7000.0,AVAILABLE
527,2026-01-06T11:45:00,route-patiya-coxsbazar,depot-patiya,station-coxsbazar,3,6000.0,AVAILABLE
527,2026-01-06T11:45:00,route-gazipur-karnaphuli,depot-gazipur,station-karnaphuli,4,5000.0,AVAILABLE
527,2026-01-06T11:45:00,route-patiya-mirpur,depot-patiya,station-mirpur,4,5000.0,AVAILABLE
528,2026-01-06T12:00:00,route-gazipur-mirpur,depot-gazipur,station-mirpur,2,7000.0,AVAILABLE
528,2026-01-06T12:00:00,route-gazipur-tongi,depot-gazipur,station-tongi,2,6500.0,AVAILABLE
528,2026-01-06T12:00:00,route-patiya-karnaphuli,depot-patiya,station-karnaphuli,2,7000.0,AVAILABLE
528,2026-01-06T12:00:00,route-patiya-coxsbazar,depot-patiya,station-coxsbazar,3,6000.0,AVAILABLE
528,2026-01-06T12:00:00,route-gazipur-karnaphuli,depot-gazipur,station-karnaphuli,4,5000.0,AVAILABLE
528,2026-01-06T12:00:00,route-patiya-mirpur,depot-patiya,station-mirpur,4,5000.0,AVAILABLE
529,2026-01-06T12:15:00,route-gazipur-mirpur,depot-gazipur,station-mirpur,2,7000.0,AVAILABLE
529,2026-01-06T12:15:00,route-gazipur-tongi,depot-gazipur,station-tongi,2,6500.0,AVAILABLE
529,2026-01-06T12:15:00,route-patiya-karnaphuli,depot-patiya,station-karnaphuli,2,7000.0,AVAILABLE
529,2026-01-06T12:15:00,route-patiya-coxsbazar,depot-patiya,station-coxsbazar,3,6000.0,AVAILABLE
529,2026-01-06T12:15:00,route-gazipur-karnaphuli,depot-gazipur,station-karnaphuli,4,5000.0,AVAILABLE
529,2026-01-06T12:15:00,route-patiya-mirpur,depot-patiya,station-mirpur,4,5000.0,AVAILABLE
530,2026-01-06T12:30:00,route-gazipur-mirpur,depot-gazipur,station-mirpur,2,7000.0,AVAILABLE
530,2026-01-06T12:30:00,route-gazipur-tongi,depot-gazipur,station-tongi,2,6500.0,AVAILABLE
530,2026-01-06T12:30:00,route-patiya-karnaphuli,depot-patiya,station-karnaphuli,2,7000.0,AVAILABLE
530,2026-01-06T12:30:00,route-patiya-coxsbazar,depot-patiya,station-coxsbazar,3,6000.0,AVAILABLE
530,2026-01-06T12:30:00,route-gazipur-karnaphuli,depot-gazipur,station-karnaphuli,4,5000.0,AVAILABLE
530,2026-01-06T12:30:00,route-patiya-mirpur,depot-patiya,station-mirpur,4,5000.0,AVAILABLE
531,2026-01-06T12:45:00,route-gazipur-mirpur,depot-gazipur,station-mirpur,2,7000.0,AVAILABLE
531,2026-01-06T12:45:00,route-gazipur-tongi,depot-gazipur,station-tongi,2,6500.0,AVAILABLE
531,2026-01-06T12:45:00,route-patiya-karnaphuli,depot-patiya,station-karnaphuli,2,7000.0,AVAILABLE
531,2026-01-06T12:45:00,route-patiya-coxsbazar,depot-patiya,station-coxsbazar,3,6000.0,AVAILABLE
531,2026-01-06T12:45:00,route-gazipur-karnaphuli,depot-gazipur,station-karnaphuli,4,5000.0,AVAILABLE
531,2026-01-06T12:45:00,route-patiya-mirpur,depot-patiya,station-mirpur,4,5000.0,AVAILABLE
532,2026-01-06T13:00:00,route-gazipur-mirpur,depot-gazipur,station-mirpur,2,7000.0,AVAILABLE
532,2026-01-06T13:00:00,route-gazipur-tongi,depot-gazipur,station-tongi,2,6500.0,AVAILABLE
532,2026-01-06T13:00:00,route-patiya-karnaphuli,depot-patiya,station-karnaphuli,2,7000.0,AVAILABLE
532,2026-01-06T13:00:00,route-patiya-coxsbazar,depot-patiya,station-coxsbazar,3,6000.0,AVAILABLE
532,2026-01-06T13:00:00,route-gazipur-karnaphuli,depot-gazipur,station-karnaphuli,4,5000.0,AVAILABLE
532,2026-01-06T13:00:00,route-patiya-mirpur,depot-patiya,station-mirpur,4,5000.0,AVAILABLE
533,2026-01-06T13:15:00,route-gazipur-mirpur,depot-gazipur,station-mirpur,2,7000.0,AVAILABLE
533,2026-01-06T13:15:00,route-gazipur-tongi,depot-gazipur,station-tongi,2,6500.0,AVAILABLE
533,2026-01-06T13:15:00,route-patiya-karnaphuli,depot-patiya,station-karnaphuli,2,7000.0,AVAILABLE
533,2026-01-06T13:15:00,route-patiya-coxsbazar,depot-patiya,station-coxsbazar,3,6000.0,AVAILABLE
533,2026-01-06T13:15:00,route-gazipur-karnaphuli,depot-gazipur,station-karnaphuli,4,5000.0,AVAILABLE
533,2026-01-06T13:15:00,route-patiya-mirpur,depot-patiya,station-mirpur,4,5000.0,AVAILABLE
534,2026-01-06T13:30:00,route-gazipur-mirpur,depot-gazipur,station-mirpur,2,7000.0,AVAILABLE
534,2026-01-06T13:30:00,route-gazipur-tongi,depot-gazipur,station-tongi,2,6500.0,AVAILABLE
534,2026-01-06T13:30:00,route-patiya-karnaphuli,depot-patiya,station-karnaphuli,2,7000.0,AVAILABLE
534,2026-01-06T13:30:00,route-patiya-coxsbazar,depot-patiya,station-coxsbazar,3,6000.0,AVAILABLE
534,2026-01-06T13:30:00,route-gazipur-karnaphuli,depot-gazipur,station-karnaphuli,4,5000.0,AVAILABLE
534,2026-01-06T13:30:00,route-patiya-mirpur,depot-patiya,station-mirpur,4,5000.0,AVAILABLE
535,2026-01-06T13:45:00,route-gazipur-mirpur,depot-gazipur,station-mirpur,2,7000.0,AVAILABLE
535,2026-01-06T13:45:00,route-gazipur-tongi,depot-gazipur,station-tongi,2,6500.0,AVAILABLE
535,2026-01-06T13:45:00,route-patiya-karnaphuli,depot-patiya,station-karnaphuli,2,7000.0,AVAILABLE
535,2026-01-06T13:45:00,route-patiya-coxsbazar,depot-patiya,station-coxsbazar,3,6000.0,AVAILABLE
535,2026-01-06T13:45:00,route-gazipur-karnaphuli,depot-gazipur,station-karnaphuli,4,5000.0,AVAILABLE
535,2026-01-06T13:45:00,route-patiya-mirpur,depot-patiya,station-mirpur,4,5000.0,AVAILABLE
536,2026-01-06T14:00:00,route-gazipur-mirpur,depot-gazipur,station-mirpur,2,7000.0,AVAILABLE
536,2026-01-06T14:00:00,route-gazipur-tongi,depot-gazipur,station-tongi,2,6500.0,AVAILABLE
536,2026-01-06T14:00:00,route-patiya-karnaphuli,depot-patiya,station-karnaphuli,2,7000.0,AVAILABLE
536,2026-01-06T14:00:00,route-patiya-coxsbazar,depot-patiya,station-coxsbazar,3,6000.0,AVAILABLE
536,2026-01-06T14:00:00,route-gazipur-karnaphuli,depot-gazipur,station-karnaphuli,4,5000.0,AVAILABLE
536,2026-01-06T14:00:00,route-patiya-mirpur,depot-patiya,station-mirpur,4,5000.0,AVAILABLE
537,2026-01-06T14:15:00,route-gazipur-mirpur,depot-gazipur,station-mirpur,2,7000.0,AVAILABLE
537,2026-01-06T14:15:00,route-gazipur-tongi,depot-gazipur,station-tongi,2,6500.0,AVAILABLE
537,2026-01-06T14:15:00,route-patiya-karnaphuli,depot-patiya,station-karnaphuli,2,7000.0,AVAILABLE
537,2026-01-06T14:15:00,route-patiya-coxsbazar,depot-patiya,station-coxsbazar,3,6000.0,AVAILABLE
537,2026-01-06T14:15:00,route-gazipur-karnaphuli,depot-gazipur,station-karnaphuli,4,5000.0,AVAILABLE
537,2026-01-06T14:15:00,route-patiya-mirpur,depot-patiya,station-mirpur,4,5000.0,AVAILABLE
538,2026-01-06T14:30:00,route-gazipur-mirpur,depot-gazipur,station-mirpur,2,7000.0,AVAILABLE
538,2026-01-06T14:30:00,route-gazipur-tongi,depot-gazipur,station-tongi,2,6500.0,AVAILABLE
538,2026-01-06T14:30:00,route-patiya-karnaphuli,depot-patiya,station-karnaphuli,2,7000.0,AVAILABLE
538,2026-01-06T14:30:00,route-patiya-coxsbazar,depot-patiya,station-coxsbazar,3,6000.0,AVAILABLE
538,2026-01-06T14:30:00,route-gazipur-karnaphuli,depot-gazipur,station-karnaphuli,4,5000.0,AVAILABLE
538,2026-01-06T14:30:00,route-patiya-mirpur,depot-patiya,station-mirpur,4,5000.0,AVAILABLE
539,2026-01-06T14:45:00,route-gazipur-mirpur,depot-gazipur,station-mirpur,2,7000.0,AVAILABLE
539,2026-01-06T14:45:00,route-gazipur-tongi,depot-gazipur,station-tongi,2,6500.0,AVAILABLE
539,2026-01-06T14:45:00,route-patiya-karnaphuli,depot-patiya,station-karnaphuli,2,7000.0,AVAILABLE
539,2026-01-06T14:45:00,route-patiya-coxsbazar,depot-patiya,station-coxsbazar,3,6000.0,AVAILABLE
539,2026-01-06T14:45:00,route-gazipur-karnaphuli,depot-gazipur,station-karnaphuli,4,5000.0,AVAILABLE
539,2026-01-06T14:45:00,route-patiya-mirpur,depot-patiya,station-mirpur,4,5000.0,AVAILABLE
540,2026-01-06T15:00:00,route-gazipur-mirpur,depot-gazipur,station-mirpur,2,7000.0,AVAILABLE
540,2026-01-06T15:00:00,route-gazipur-tongi,depot-gazipur,station-tongi,2,6500.0,AVAILABLE
540,2026-01-06T15:00:00,route-patiya-karnaphuli,depot-patiya,station-karnaphuli,2,7000.0,AVAILABLE
540,2026-01-06T15:00:00,route-patiya-coxsbazar,depot-patiya,station-coxsbazar,3,6000.0,AVAILABLE
540,2026-01-06T15:00:00,route-gazipur-karnaphuli,depot-gazipur,station-karnaphuli,4,5000.0,AVAILABLE
540,2026-01-06T15:00:00,route-patiya-mirpur,depot-patiya,station-mirpur,4,5000.0,AVAILABLE
541,2026-01-06T15:15:00,route-gazipur-mirpur,depot-gazipur,station-mirpur,2,7000.0,AVAILABLE
541,2026-01-06T15:15:00,route-gazipur-tongi,depot-gazipur,station-tongi,2,6500.0,AVAILABLE
541,2026-01-06T15:15:00,route-patiya-karnaphuli,depot-patiya,station-karnaphuli,2,7000.0,AVAILABLE
541,2026-01-06T15:15:00,route-patiya-coxsbazar,depot-patiya,station-coxsbazar,3,6000.0,AVAILABLE
541,2026-01-06T15:15:00,route-gazipur-karnaphuli,depot-gazipur,station-karnaphuli,4,5000.0,AVAILABLE
541,2026-01-06T15:15:00,route-patiya-mirpur,depot-patiya,station-mirpur,4,5000.0,AVAILABLE
542,2026-01-06T15:30:00,route-gazipur-mirpur,depot-gazipur,station-mirpur,2,7000.0,AVAILABLE
542,2026-01-06T15:30:00,route-gazipur-tongi,depot-gazipur,station-tongi,2,6500.0,AVAILABLE
542,2026-01-06T15:30:00,route-patiya-karnaphuli,depot-patiya,station-karnaphuli,2,7000.0,AVAILABLE
542,2026-01-06T15:30:00,route-patiya-coxsbazar,depot-patiya,station-coxsbazar,3,6000.0,AVAILABLE
542,2026-01-06T15:30:00,route-gazipur-karnaphuli,depot-gazipur,station-karnaphuli,4,5000.0,AVAILABLE
542,2026-01-06T15:30:00,route-patiya-mirpur,depot-patiya,station-mirpur,4,5000.0,AVAILABLE
543,2026-01-06T15:45:00,route-gazipur-mirpur,depot-gazipur,station-mirpur,2,7000.0,AVAILABLE
543,2026-01-06T15:45:00,route-gazipur-tongi,depot-gazipur,station-tongi,2,6500.0,AVAILABLE
543,2026-01-06T15:45:00,route-patiya-karnaphuli,depot-patiya,station-karnaphuli,2,7000.0,AVAILABLE
543,2026-01-06T15:45:00,route-patiya-coxsbazar,depot-patiya,station-coxsbazar,3,6000.0,AVAILABLE
543,2026-01-06T15:45:00,route-gazipur-karnaphuli,depot-gazipur,station-karnaphuli,4,5000.0,AVAILABLE
543,2026-01-06T15:45:00,route-patiya-mirpur,depot-patiya,station-mirpur,4,5000.0,AVAILABLE
544,2026-01-06T16:00:00,route-gazipur-mirpur,depot-gazipur,station-mirpur,2,7000.0,AVAILABLE
544,2026-01-06T16:00:00,route-gazipur-tongi,depot-gazipur,station-tongi,2,6500.0,AVAILABLE
544,2026-01-06T16:00:00,route-patiya-karnaphuli,depot-patiya,station-karnaphuli,2,7000.0,AVAILABLE
544,2026-01-06T16:00:00,route-patiya-coxsbazar,depot-patiya,station-coxsbazar,3,6000.0,AVAILABLE
544,2026-01-06T16:00:00,route-gazipur-karnaphuli,depot-gazipur,station-karnaphuli,4,5000.0,AVAILABLE
544,2026-01-06T16:00:00,route-patiya-mirpur,depot-patiya,station-mirpur,4,5000.0,AVAILABLE
545,2026-01-06T16:15:00,route-gazipur-mirpur,depot-gazipur,station-mirpur,2,7000.0,AVAILABLE
545,2026-01-06T16:15:00,route-gazipur-tongi,depot-gazipur,station-tongi,2,6500.0,AVAILABLE
545,2026-01-06T16:15:00,route-patiya-karnaphuli,depot-patiya,station-karnaphuli,2,7000.0,AVAILABLE
545,2026-01-06T16:15:00,route-patiya-coxsbazar,depot-patiya,station-coxsbazar,3,6000.0,AVAILABLE
545,2026-01-06T16:15:00,route-gazipur-karnaphuli,depot-gazipur,station-karnaphuli,4,5000.0,AVAILABLE
545,2026-01-06T16:15:00,route-patiya-mirpur,depot-patiya,station-mirpur,4,5000.0,AVAILABLE
546,2026-01-06T16:30:00,route-gazipur-mirpur,depot-gazipur,station-mirpur,2,7000.0,AVAILABLE
546,2026-01-06T16:30:00,route-gazipur-tongi,depot-gazipur,station-tongi,2,6500.0,AVAILABLE
546,2026-01-06T16:30:00,route-patiya-karnaphuli,depot-patiya,station-karnaphuli,2,7000.0,AVAILABLE
546,2026-01-06T16:30:00,route-patiya-coxsbazar,depot-patiya,station-coxsbazar,3,6000.0,AVAILABLE
546,2026-01-06T16:30:00,route-gazipur-karnaphuli,depot-gazipur,station-karnaphuli,4,5000.0,AVAILABLE
546,2026-01-06T16:30:00,route-patiya-mirpur,depot-patiya,station-mirpur,4,5000.0,AVAILABLE
547,2026-01-06T16:45:00,route-gazipur-mirpur,depot-gazipur,station-mirpur,2,7000.0,AVAILABLE
547,2026-01-06T16:45:00,route-gazipur-tongi,depot-gazipur,station-tongi,2,6500.0,AVAILABLE
547,2026-01-06T16:45:00,route-patiya-karnaphuli,depot-patiya,station-karnaphuli,2,7000.0,AVAILABLE
547,2026-01-06T16:45:00,route-patiya-coxsbazar,depot-patiya,station-coxsbazar,3,6000.0,AVAILABLE
547,2026-01-06T16:45:00,route-gazipur-karnaphuli,depot-gazipur,station-karnaphuli,4,5000.0,AVAILABLE
547,2026-01-06T16:45:00,route-patiya-mirpur,depot-patiya,station-mirpur,4,5000.0,AVAILABLE
548,2026-01-06T17:00:00,route-gazipur-mirpur,depot-gazipur,station-mirpur,2,7000.0,AVAILABLE
548,2026-01-06T17:00:00,route-gazipur-tongi,depot-gazipur,station-tongi,2,6500.0,AVAILABLE
548,2026-01-06T17:00:00,route-patiya-karnaphuli,depot-patiya,station-karnaphuli,2,7000.0,AVAILABLE
548,2026-01-06T17:00:00,route-patiya-coxsbazar,depot-patiya,station-coxsbazar,3,6000.0,AVAILABLE
548,2026-01-06T17:00:00,route-gazipur-karnaphuli,depot-gazipur,station-karnaphuli,4,5000.0,AVAILABLE
548,2026-01-06T17:00:00,route-patiya-mirpur,depot-patiya,station-mirpur,4,5000.0,AVAILABLE
549,2026-01-06T17:15:00,route-gazipur-mirpur,depot-gazipur,station-mirpur,2,7000.0,AVAILABLE
549,2026-01-06T17:15:00,route-gazipur-tongi,depot-gazipur,station-tongi,2,6500.0,AVAILABLE
549,2026-01-06T17:15:00,route-patiya-karnaphuli,depot-patiya,station-karnaphuli,2,7000.0,AVAILABLE
549,2026-01-06T17:15:00,route-patiya-coxsbazar,depot-patiya,station-coxsbazar,3,6000.0,AVAILABLE
549,2026-01-06T17:15:00,route-gazipur-karnaphuli,depot-gazipur,station-karnaphuli,4,5000.0,AVAILABLE
549,2026-01-06T17:15:00,route-patiya-mirpur,depot-patiya,station-mirpur,4,5000.0,AVAILABLE
550,2026-01-06T17:30:00,route-gazipur-mirpur,depot-gazipur,station-mirpur,2,7000.0,AVAILABLE
550,2026-01-06T17:30:00,route-gazipur-tongi,depot-gazipur,station-tongi,2,6500.0,AVAILABLE
550,2026-01-06T17:30:00,route-patiya-karnaphuli,depot-patiya,station-karnaphuli,2,7000.0,AVAILABLE
550,2026-01-06T17:30:00,route-patiya-coxsbazar,depot-patiya,station-coxsbazar,3,6000.0,AVAILABLE
550,2026-01-06T17:30:00,route-gazipur-karnaphuli,depot-gazipur,station-karnaphuli,4,5000.0,AVAILABLE
550,2026-01-06T17:30:00,route-patiya-mirpur,depot-patiya,station-mirpur,4,5000.0,AVAILABLE
551,2026-01-06T17:45:00,route-gazipur-mirpur,depot-gazipur,station-mirpur,2,7000.0,AVAILABLE
551,2026-01-06T17:45:00,route-gazipur-tongi,depot-gazipur,station-tongi,2,6500.0,AVAILABLE
551,2026-01-06T17:45:00,route-patiya-karnaphuli,depot-patiya,station-karnaphuli,2,7000.0,AVAILABLE
551,2026-01-06T17:45:00,route-patiya-coxsbazar,depot-patiya,station-coxsbazar,3,6000.0,AVAILABLE
551,2026-01-06T17:45:00,route-gazipur-karnaphuli,depot-gazipur,station-karnaphuli,4,5000.0,AVAILABLE
551,2026-01-06T17:45:00,route-patiya-mirpur,depot-patiya,station-mirpur,4,5000.0,AVAILABLE
552,2026-01-06T18:00:00,route-gazipur-mirpur,depot-gazipur,station-mirpur,2,7000.0,AVAILABLE
552,2026-01-06T18:00:00,route-gazipur-tongi,depot-gazipur,station-tongi,2,6500.0,AVAILABLE
552,2026-01-06T18:00:00,route-patiya-karnaphuli,depot-patiya,station-karnaphuli,2,7000.0,AVAILABLE
552,2026-01-06T18:00:00,route-patiya-coxsbazar,depot-patiya,station-coxsbazar,3,6000.0,AVAILABLE
552,2026-01-06T18:00:00,route-gazipur-karnaphuli,depot-gazipur,station-karnaphuli,4,5000.0,AVAILABLE
552,2026-01-06T18:00:00,route-patiya-mirpur,depot-patiya,station-mirpur,4,5000.0,AVAILABLE
553,2026-01-06T18:15:00,route-gazipur-mirpur,depot-gazipur,station-mirpur,2,7000.0,AVAILABLE
553,2026-01-06T18:15:00,route-gazipur-tongi,depot-gazipur,station-tongi,2,6500.0,AVAILABLE
553,2026-01-06T18:15:00,route-patiya-karnaphuli,depot-patiya,station-karnaphuli,2,7000.0,AVAILABLE
553,2026-01-06T18:15:00,route-patiya-coxsbazar,depot-patiya,station-coxsbazar,3,6000.0,AVAILABLE
553,2026-01-06T18:15:00,route-gazipur-karnaphuli,depot-gazipur,station-karnaphuli,4,5000.0,AVAILABLE
553,2026-01-06T18:15:00,route-patiya-mirpur,depot-patiya,station-mirpur,4,5000.0,AVAILABLE
554,2026-01-06T18:30:00,route-gazipur-mirpur,depot-gazipur,station-mirpur,2,7000.0,AVAILABLE
554,2026-01-06T18:30:00,route-gazipur-tongi,depot-gazipur,station-tongi,2,6500.0,AVAILABLE
554,2026-01-06T18:30:00,route-patiya-karnaphuli,depot-patiya,station-karnaphuli,2,7000.0,AVAILABLE
554,2026-01-06T18:30:00,route-patiya-coxsbazar,depot-patiya,station-coxsbazar,3,6000.0,AVAILABLE
554,2026-01-06T18:30:00,route-gazipur-karnaphuli,depot-gazipur,station-karnaphuli,4,5000.0,AVAILABLE
554,2026-01-06T18:30:00,route-patiya-mirpur,depot-patiya,station-mirpur,4,5000.0,AVAILABLE
555,2026-01-06T18:45:00,route-gazipur-mirpur,depot-gazipur,station-mirpur,2,7000.0,AVAILABLE
555,2026-01-06T18:45:00,route-gazipur-tongi,depot-gazipur,station-tongi,2,6500.0,AVAILABLE
555,2026-01-06T18:45:00,route-patiya-karnaphuli,depot-patiya,station-karnaphuli,2,7000.0,AVAILABLE
555,2026-01-06T18:45:00,route-patiya-coxsbazar,depot-patiya,station-coxsbazar,3,6000.0,AVAILABLE
555,2026-01-06T18:45:00,route-gazipur-karnaphuli,depot-gazipur,station-karnaphuli,4,5000.0,AVAILABLE
555,2026-01-06T18:45:00,route-patiya-mirpur,depot-patiya,station-mirpur,4,5000.0,AVAILABLE
556,2026-01-06T19:00:00,route-gazipur-mirpur,depot-gazipur,station-mirpur,2,7000.0,AVAILABLE
556,2026-01-06T19:00:00,route-gazipur-tongi,depot-gazipur,station-tongi,2,6500.0,AVAILABLE
556,2026-01-06T19:00:00,route-patiya-karnaphuli,depot-patiya,station-karnaphuli,2,7000.0,AVAILABLE
556,2026-01-06T19:00:00,route-patiya-coxsbazar,depot-patiya,station-coxsbazar,3,6000.0,AVAILABLE
556,2026-01-06T19:00:00,route-gazipur-karnaphuli,depot-gazipur,station-karnaphuli,4,5000.0,AVAILABLE
556,2026-01-06T19:00:00,route-patiya-mirpur,depot-patiya,station-mirpur,4,5000.0,AVAILABLE
557,2026-01-06T19:15:00,route-gazipur-mirpur,depot-gazipur,station-mirpur,2,7000.0,AVAILABLE
557,2026-01-06T19:15:00,route-gazipur-tongi,depot-gazipur,station-tongi,2,6500.0,AVAILABLE
557,2026-01-06T19:15:00,route-patiya-karnaphuli,depot-patiya,station-karnaphuli,2,7000.0,AVAILABLE
557,2026-01-06T19:15:00,route-patiya-coxsbazar,depot-patiya,station-coxsbazar,3,6000.0,AVAILABLE
557,2026-01-06T19:15:00,route-gazipur-karnaphuli,depot-gazipur,station-karnaphuli,4,5000.0,AVAILABLE
557,2026-01-06T19:15:00,route-patiya-mirpur,depot-patiya,station-mirpur,4,5000.0,AVAILABLE
558,2026-01-06T19:30:00,route-gazipur-mirpur,depot-gazipur,station-mirpur,2,7000.0,AVAILABLE
558,2026-01-06T19:30:00,route-gazipur-tongi,depot-gazipur,station-tongi,2,6500.0,AVAILABLE
558,2026-01-06T19:30:00,route-patiya-karnaphuli,depot-patiya,station-karnaphuli,2,7000.0,AVAILABLE
558,2026-01-06T19:30:00,route-patiya-coxsbazar,depot-patiya,station-coxsbazar,3,6000.0,AVAILABLE
558,2026-01-06T19:30:00,route-gazipur-karnaphuli,depot-gazipur,station-karnaphuli,4,5000.0,AVAILABLE
558,2026-01-06T19:30:00,route-patiya-mirpur,depot-patiya,station-mirpur,4,5000.0,AVAILABLE
559,2026-01-06T19:45:00,route-gazipur-mirpur,depot-gazipur,station-mirpur,2,7000.0,AVAILABLE
559,2026-01-06T19:45:00,route-gazipur-tongi,depot-gazipur,station-tongi,2,6500.0,AVAILABLE
559,2026-01-06T19:45:00,route-patiya-karnaphuli,depot-patiya,station-karnaphuli,2,7000.0,AVAILABLE
559,2026-01-06T19:45:00,route-patiya-coxsbazar,depot-patiya,station-coxsbazar,3,6000.0,AVAILABLE
559,2026-01-06T19:45:00,route-gazipur-karnaphuli,depot-gazipur,station-karnaphuli,4,5000.0,AVAILABLE
559,2026-01-06T19:45:00,route-patiya-mirpur,depot-patiya,station-mirpur,4,5000.0,AVAILABLE
560,2026-01-06T20:00:00,route-gazipur-mirpur,depot-gazipur,station-mirpur,2,7000.0,AVAILABLE
560,2026-01-06T20:00:00,route-gazipur-tongi,depot-gazipur,station-tongi,2,6500.0,AVAILABLE
560,2026-01-06T20:00:00,route-patiya-karnaphuli,depot-patiya,station-karnaphuli,2,7000.0,AVAILABLE
560,2026-01-06T20:00:00,route-patiya-coxsbazar,depot-patiya,station-coxsbazar,3,6000.0,AVAILABLE
560,2026-01-06T20:00:00,route-gazipur-karnaphuli,depot-gazipur,station-karnaphuli,4,5000.0,AVAILABLE
560,2026-01-06T20:00:00,route-patiya-mirpur,depot-patiya,station-mirpur,4,5000.0,AVAILABLE
561,2026-01-06T20:15:00,route-gazipur-mirpur,depot-gazipur,station-mirpur,2,7000.0,AVAILABLE
561,2026-01-06T20:15:00,route-gazipur-tongi,depot-gazipur,station-tongi,2,6500.0,AVAILABLE
561,2026-01-06T20:15:00,route-patiya-karnaphuli,depot-patiya,station-karnaphuli,2,7000.0,AVAILABLE
561,2026-01-06T20:15:00,route-patiya-coxsbazar,depot-patiya,station-coxsbazar,3,6000.0,AVAILABLE
561,2026-01-06T20:15:00,route-gazipur-karnaphuli,depot-gazipur,station-karnaphuli,4,5000.0,AVAILABLE
561,2026-01-06T20:15:00,route-patiya-mirpur,depot-patiya,station-mirpur,4,5000.0,AVAILABLE
562,2026-01-06T20:30:00,route-gazipur-mirpur,depot-gazipur,station-mirpur,2,7000.0,AVAILABLE
562,2026-01-06T20:30:00,route-gazipur-tongi,depot-gazipur,station-tongi,2,6500.0,AVAILABLE
562,2026-01-06T20:30:00,route-patiya-karnaphuli,depot-patiya,station-karnaphuli,2,7000.0,AVAILABLE
562,2026-01-06T20:30:00,route-patiya-coxsbazar,depot-patiya,station-coxsbazar,3,6000.0,AVAILABLE
562,2026-01-06T20:30:00,route-gazipur-karnaphuli,depot-gazipur,station-karnaphuli,4,5000.0,AVAILABLE
562,2026-01-06T20:30:00,route-patiya-mirpur,depot-patiya,station-mirpur,4,5000.0,AVAILABLE
563,2026-01-06T20:45:00,route-gazipur-mirpur,depot-gazipur,station-mirpur,2,7000.0,AVAILABLE
563,2026-01-06T20:45:00,route-gazipur-tongi,depot-gazipur,station-tongi,2,6500.0,AVAILABLE
563,2026-01-06T20:45:00,route-patiya-karnaphuli,depot-patiya,station-karnaphuli,2,7000.0,AVAILABLE
563,2026-01-06T20:45:00,route-patiya-coxsbazar,depot-patiya,station-coxsbazar,3,6000.0,AVAILABLE
563,2026-01-06T20:45:00,route-gazipur-karnaphuli,depot-gazipur,station-karnaphuli,4,5000.0,AVAILABLE
563,2026-01-06T20:45:00,route-patiya-mirpur,depot-patiya,station-mirpur,4,5000.0,AVAILABLE
564,2026-01-06T21:00:00,route-gazipur-mirpur,depot-gazipur,station-mirpur,2,7000.0,AVAILABLE
564,2026-01-06T21:00:00,route-gazipur-tongi,depot-gazipur,station-tongi,2,6500.0,AVAILABLE
564,2026-01-06T21:00:00,route-patiya-karnaphuli,depot-patiya,station-karnaphuli,2,7000.0,AVAILABLE
564,2026-01-06T21:00:00,route-patiya-coxsbazar,depot-patiya,station-coxsbazar,3,6000.0,AVAILABLE
564,2026-01-06T21:00:00,route-gazipur-karnaphuli,depot-gazipur,station-karnaphuli,4,5000.0,AVAILABLE
564,2026-01-06T21:00:00,route-patiya-mirpur,depot-patiya,station-mirpur,4,5000.0,AVAILABLE
565,2026-01-06T21:15:00,route-gazipur-mirpur,depot-gazipur,station-mirpur,2,7000.0,AVAILABLE
565,2026-01-06T21:15:00,route-gazipur-tongi,depot-gazipur,station-tongi,2,6500.0,AVAILABLE
565,2026-01-06T21:15:00,route-patiya-karnaphuli,depot-patiya,station-karnaphuli,2,7000.0,AVAILABLE
565,2026-01-06T21:15:00,route-patiya-coxsbazar,depot-patiya,station-coxsbazar,3,6000.0,AVAILABLE
565,2026-01-06T21:15:00,route-gazipur-karnaphuli,depot-gazipur,station-karnaphuli,4,5000.0,AVAILABLE
565,2026-01-06T21:15:00,route-patiya-mirpur,depot-patiya,station-mirpur,4,5000.0,AVAILABLE
566,2026-01-06T21:30:00,route-gazipur-mirpur,depot-gazipur,station-mirpur,2,7000.0,AVAILABLE
566,2026-01-06T21:30:00,route-gazipur-tongi,depot-gazipur,station-tongi,2,6500.0,AVAILABLE
566,2026-01-06T21:30:00,route-patiya-karnaphuli,depot-patiya,station-karnaphuli,2,7000.0,AVAILABLE
566,2026-01-06T21:30:00,route-patiya-coxsbazar,depot-patiya,station-coxsbazar,3,6000.0,AVAILABLE
566,2026-01-06T21:30:00,route-gazipur-karnaphuli,depot-gazipur,station-karnaphuli,4,5000.0,AVAILABLE
566,2026-01-06T21:30:00,route-patiya-mirpur,depot-patiya,station-mirpur,4,5000.0,AVAILABLE
567,2026-01-06T21:45:00,route-gazipur-mirpur,depot-gazipur,station-mirpur,2,7000.0,AVAILABLE
567,2026-01-06T21:45:00,route-gazipur-tongi,depot-gazipur,station-tongi,2,6500.0,AVAILABLE
567,2026-01-06T21:45:00,route-patiya-karnaphuli,depot-patiya,station-karnaphuli,2,7000.0,AVAILABLE
567,2026-01-06T21:45:00,route-patiya-coxsbazar,depot-patiya,station-coxsbazar,3,6000.0,AVAILABLE
567,2026-01-06T21:45:00,route-gazipur-karnaphuli,depot-gazipur,station-karnaphuli,4,5000.0,AVAILABLE
567,2026-01-06T21:45:00,route-patiya-mirpur,depot-patiya,station-mirpur,4,5000.0,AVAILABLE
568,2026-01-06T22:00:00,route-gazipur-mirpur,depot-gazipur,station-mirpur,2,7000.0,AVAILABLE
568,2026-01-06T22:00:00,route-gazipur-tongi,depot-gazipur,station-tongi,2,6500.0,AVAILABLE
568,2026-01-06T22:00:00,route-patiya-karnaphuli,depot-patiya,station-karnaphuli,2,7000.0,AVAILABLE
568,2026-01-06T22:00:00,route-patiya-coxsbazar,depot-patiya,station-coxsbazar,3,6000.0,AVAILABLE
568,2026-01-06T22:00:00,route-gazipur-karnaphuli,depot-gazipur,station-karnaphuli,4,5000.0,AVAILABLE
568,2026-01-06T22:00:00,route-patiya-mirpur,depot-patiya,station-mirpur,4,5000.0,AVAILABLE
569,2026-01-06T22:15:00,route-gazipur-mirpur,depot-gazipur,station-mirpur,2,7000.0,AVAILABLE
569,2026-01-06T22:15:00,route-gazipur-tongi,depot-gazipur,station-tongi,2,6500.0,AVAILABLE
569,2026-01-06T22:15:00,route-patiya-karnaphuli,depot-patiya,station-karnaphuli,2,7000.0,AVAILABLE
569,2026-01-06T22:15:00,route-patiya-coxsbazar,depot-patiya,station-coxsbazar,3,6000.0,AVAILABLE
569,2026-01-06T22:15:00,route-gazipur-karnaphuli,depot-gazipur,station-karnaphuli,4,5000.0,AVAILABLE
569,2026-01-06T22:15:00,route-patiya-mirpur,depot-patiya,station-mirpur,4,5000.0,AVAILABLE
570,2026-01-06T22:30:00,route-gazipur-mirpur,depot-gazipur,station-mirpur,2,7000.0,AVAILABLE
570,2026-01-06T22:30:00,route-gazipur-tongi,depot-gazipur,station-tongi,2,6500.0,AVAILABLE
570,2026-01-06T22:30:00,route-patiya-karnaphuli,depot-patiya,station-karnaphuli,2,7000.0,AVAILABLE
570,2026-01-06T22:30:00,route-patiya-coxsbazar,depot-patiya,station-coxsbazar,3,6000.0,AVAILABLE
570,2026-01-06T22:30:00,route-gazipur-karnaphuli,depot-gazipur,station-karnaphuli,4,5000.0,AVAILABLE
570,2026-01-06T22:30:00,route-patiya-mirpur,depot-patiya,station-mirpur,4,5000.0,AVAILABLE
571,2026-01-06T22:45:00,route-gazipur-mirpur,depot-gazipur,station-mirpur,2,7000.0,AVAILABLE
571,2026-01-06T22:45:00,route-gazipur-tongi,depot-gazipur,station-tongi,2,6500.0,AVAILABLE
571,2026-01-06T22:45:00,route-patiya-karnaphuli,depot-patiya,station-karnaphuli,2,7000.0,AVAILABLE
571,2026-01-06T22:45:00,route-patiya-coxsbazar,depot-patiya,station-coxsbazar,3,6000.0,AVAILABLE
571,2026-01-06T22:45:00,route-gazipur-karnaphuli,depot-gazipur,station-karnaphuli,4,5000.0,AVAILABLE
571,2026-01-06T22:45:00,route-patiya-mirpur,depot-patiya,station-mirpur,4,5000.0,AVAILABLE
572,2026-01-06T23:00:00,route-gazipur-mirpur,depot-gazipur,station-mirpur,2,7000.0,AVAILABLE
572,2026-01-06T23:00:00,route-gazipur-tongi,depot-gazipur,station-tongi,2,6500.0,AVAILABLE
572,2026-01-06T23:00:00,route-patiya-karnaphuli,depot-patiya,station-karnaphuli,2,7000.0,AVAILABLE
572,2026-01-06T23:00:00,route-patiya-coxsbazar,depot-patiya,station-coxsbazar,3,6000.0,AVAILABLE
572,2026-01-06T23:00:00,route-gazipur-karnaphuli,depot-gazipur,station-karnaphuli,4,5000.0,AVAILABLE
572,2026-01-06T23:00:00,route-patiya-mirpur,depot-patiya,station-mirpur,4,5000.0,AVAILABLE
573,2026-01-06T23:15:00,route-gazipur-mirpur,depot-gazipur,station-mirpur,2,7000.0,AVAILABLE
573,2026-01-06T23:15:00,route-gazipur-tongi,depot-gazipur,station-tongi,2,6500.0,AVAILABLE
573,2026-01-06T23:15:00,route-patiya-karnaphuli,depot-patiya,station-karnaphuli,2,7000.0,AVAILABLE
573,2026-01-06T23:15:00,route-patiya-coxsbazar,depot-patiya,station-coxsbazar,3,6000.0,AVAILABLE
573,2026-01-06T23:15:00,route-gazipur-karnaphuli,depot-gazipur,station-karnaphuli,4,5000.0,AVAILABLE
573,2026-01-06T23:15:00,route-patiya-mirpur,depot-patiya,station-mirpur,4,5000.0,AVAILABLE
574,2026-01-06T23:30:00,route-gazipur-mirpur,depot-gazipur,station-mirpur,2,7000.0,AVAILABLE
574,2026-01-06T23:30:00,route-gazipur-tongi,depot-gazipur,station-tongi,2,6500.0,AVAILABLE
574,2026-01-06T23:30:00,route-patiya-karnaphuli,depot-patiya,station-karnaphuli,2,7000.0,AVAILABLE
574,2026-01-06T23:30:00,route-patiya-coxsbazar,depot-patiya,station-coxsbazar,3,6000.0,AVAILABLE
574,2026-01-06T23:30:00,route-gazipur-karnaphuli,depot-gazipur,station-karnaphuli,4,5000.0,AVAILABLE
574,2026-01-06T23:30:00,route-patiya-mirpur,depot-patiya,station-mirpur,4,5000.0,AVAILABLE
575,2026-01-06T23:45:00,route-gazipur-mirpur,depot-gazipur,station-mirpur,2,7000.0,AVAILABLE
575,2026-01-06T23:45:00,route-gazipur-tongi,depot-gazipur,station-tongi,2,6500.0,AVAILABLE
575,2026-01-06T23:45:00,route-patiya-karnaphuli,depot-patiya,station-karnaphuli,2,7000.0,AVAILABLE
575,2026-01-06T23:45:00,route-patiya-coxsbazar,depot-patiya,station-coxsbazar,3,6000.0,AVAILABLE
575,2026-01-06T23:45:00,route-gazipur-karnaphuli,depot-gazipur,station-karnaphuli,4,5000.0,AVAILABLE
575,2026-01-06T23:45:00,route-patiya-mirpur,depot-patiya,station-mirpur,4,5000.0,AVAILABLE
576,2026-01-07T00:00:00,route-gazipur-mirpur,depot-gazipur,station-mirpur,2,7000.0,AVAILABLE
576,2026-01-07T00:00:00,route-gazipur-tongi,depot-gazipur,station-tongi,2,6500.0,AVAILABLE
576,2026-01-07T00:00:00,route-patiya-karnaphuli,depot-patiya,station-karnaphuli,2,7000.0,AVAILABLE
576,2026-01-07T00:00:00,route-patiya-coxsbazar,depot-patiya,station-coxsbazar,3,6000.0,AVAILABLE
576,2026-01-07T00:00:00,route-gazipur-karnaphuli,depot-gazipur,station-karnaphuli,4,5000.0,AVAILABLE
576,2026-01-07T00:00:00,route-patiya-mirpur,depot-patiya,station-mirpur,4,5000.0,AVAILABLE
577,2026-01-07T00:15:00,route-gazipur-mirpur,depot-gazipur,station-mirpur,2,7000.0,AVAILABLE
577,2026-01-07T00:15:00,route-gazipur-tongi,depot-gazipur,station-tongi,2,6500.0,AVAILABLE
577,2026-01-07T00:15:00,route-patiya-karnaphuli,depot-patiya,station-karnaphuli,2,7000.0,AVAILABLE
577,2026-01-07T00:15:00,route-patiya-coxsbazar,depot-patiya,station-coxsbazar,3,6000.0,AVAILABLE
577,2026-01-07T00:15:00,route-gazipur-karnaphuli,depot-gazipur,station-karnaphuli,4,5000.0,AVAILABLE
577,2026-01-07T00:15:00,route-patiya-mirpur,depot-patiya,station-mirpur,4,5000.0,AVAILABLE
578,2026-01-07T00:30:00,route-gazipur-mirpur,depot-gazipur,station-mirpur,2,7000.0,AVAILABLE
578,2026-01-07T00:30:00,route-gazipur-tongi,depot-gazipur,station-tongi,2,6500.0,AVAILABLE
578,2026-01-07T00:30:00,route-patiya-karnaphuli,depot-patiya,station-karnaphuli,2,7000.0,AVAILABLE
578,2026-01-07T00:30:00,route-patiya-coxsbazar,depot-patiya,station-coxsbazar,3,6000.0,AVAILABLE
578,2026-01-07T00:30:00,route-gazipur-karnaphuli,depot-gazipur,station-karnaphuli,4,5000.0,AVAILABLE
578,2026-01-07T00:30:00,route-patiya-mirpur,depot-patiya,station-mirpur,4,5000.0,AVAILABLE
579,2026-01-07T00:45:00,route-gazipur-mirpur,depot-gazipur,station-mirpur,2,7000.0,AVAILABLE
579,2026-01-07T00:45:00,route-gazipur-tongi,depot-gazipur,station-tongi,2,6500.0,AVAILABLE
579,2026-01-07T00:45:00,route-patiya-karnaphuli,depot-patiya,station-karnaphuli,2,7000.0,AVAILABLE
579,2026-01-07T00:45:00,route-patiya-coxsbazar,depot-patiya,station-coxsbazar,3,6000.0,AVAILABLE
579,2026-01-07T00:45:00,route-gazipur-karnaphuli,depot-gazipur,station-karnaphuli,4,5000.0,AVAILABLE
579,2026-01-07T00:45:00,route-patiya-mirpur,depot-patiya,station-mirpur,4,5000.0,AVAILABLE
580,2026-01-07T01:00:00,route-gazipur-mirpur,depot-gazipur,station-mirpur,2,7000.0,AVAILABLE
580,2026-01-07T01:00:00,route-gazipur-tongi,depot-gazipur,station-tongi,2,6500.0,AVAILABLE
580,2026-01-07T01:00:00,route-patiya-karnaphuli,depot-patiya,station-karnaphuli,2,7000.0,AVAILABLE
580,2026-01-07T01:00:00,route-patiya-coxsbazar,depot-patiya,station-coxsbazar,3,6000.0,AVAILABLE
580,2026-01-07T01:00:00,route-gazipur-karnaphuli,depot-gazipur,station-karnaphuli,4,5000.0,AVAILABLE
580,2026-01-07T01:00:00,route-patiya-mirpur,depot-patiya,station-mirpur,4,5000.0,AVAILABLE
581,2026-01-07T01:15:00,route-gazipur-mirpur,depot-gazipur,station-mirpur,2,7000.0,AVAILABLE
581,2026-01-07T01:15:00,route-gazipur-tongi,depot-gazipur,station-tongi,2,6500.0,AVAILABLE
581,2026-01-07T01:15:00,route-patiya-karnaphuli,depot-patiya,station-karnaphuli,2,7000.0,AVAILABLE
581,2026-01-07T01:15:00,route-patiya-coxsbazar,depot-patiya,station-coxsbazar,3,6000.0,AVAILABLE
581,2026-01-07T01:15:00,route-gazipur-karnaphuli,depot-gazipur,station-karnaphuli,4,5000.0,AVAILABLE
581,2026-01-07T01:15:00,route-patiya-mirpur,depot-patiya,station-mirpur,4,5000.0,AVAILABLE
582,2026-01-07T01:30:00,route-gazipur-mirpur,depot-gazipur,station-mirpur,2,7000.0,AVAILABLE
582,2026-01-07T01:30:00,route-gazipur-tongi,depot-gazipur,station-tongi,2,6500.0,AVAILABLE
582,2026-01-07T01:30:00,route-patiya-karnaphuli,depot-patiya,station-karnaphuli,2,7000.0,AVAILABLE
582,2026-01-07T01:30:00,route-patiya-coxsbazar,depot-patiya,station-coxsbazar,3,6000.0,AVAILABLE
582,2026-01-07T01:30:00,route-gazipur-karnaphuli,depot-gazipur,station-karnaphuli,4,5000.0,AVAILABLE
582,2026-01-07T01:30:00,route-patiya-mirpur,depot-patiya,station-mirpur,4,5000.0,AVAILABLE
583,2026-01-07T01:45:00,route-gazipur-mirpur,depot-gazipur,station-mirpur,2,7000.0,AVAILABLE
583,2026-01-07T01:45:00,route-gazipur-tongi,depot-gazipur,station-tongi,2,6500.0,AVAILABLE
583,2026-01-07T01:45:00,route-patiya-karnaphuli,depot-patiya,station-karnaphuli,2,7000.0,AVAILABLE
583,2026-01-07T01:45:00,route-patiya-coxsbazar,depot-patiya,station-coxsbazar,3,6000.0,AVAILABLE
583,2026-01-07T01:45:00,route-gazipur-karnaphuli,depot-gazipur,station-karnaphuli,4,5000.0,AVAILABLE
583,2026-01-07T01:45:00,route-patiya-mirpur,depot-patiya,station-mirpur,4,5000.0,AVAILABLE
584,2026-01-07T02:00:00,route-gazipur-mirpur,depot-gazipur,station-mirpur,2,7000.0,AVAILABLE
584,2026-01-07T02:00:00,route-gazipur-tongi,depot-gazipur,station-tongi,2,6500.0,AVAILABLE
584,2026-01-07T02:00:00,route-patiya-karnaphuli,depot-patiya,station-karnaphuli,2,7000.0,AVAILABLE
584,2026-01-07T02:00:00,route-patiya-coxsbazar,depot-patiya,station-coxsbazar,3,6000.0,AVAILABLE
584,2026-01-07T02:00:00,route-gazipur-karnaphuli,depot-gazipur,station-karnaphuli,4,5000.0,AVAILABLE
584,2026-01-07T02:00:00,route-patiya-mirpur,depot-patiya,station-mirpur,4,5000.0,AVAILABLE
585,2026-01-07T02:15:00,route-gazipur-mirpur,depot-gazipur,station-mirpur,2,7000.0,AVAILABLE
585,2026-01-07T02:15:00,route-gazipur-tongi,depot-gazipur,station-tongi,2,6500.0,AVAILABLE
585,2026-01-07T02:15:00,route-patiya-karnaphuli,depot-patiya,station-karnaphuli,2,7000.0,AVAILABLE
585,2026-01-07T02:15:00,route-patiya-coxsbazar,depot-patiya,station-coxsbazar,3,6000.0,AVAILABLE
585,2026-01-07T02:15:00,route-gazipur-karnaphuli,depot-gazipur,station-karnaphuli,4,5000.0,AVAILABLE
585,2026-01-07T02:15:00,route-patiya-mirpur,depot-patiya,station-mirpur,4,5000.0,AVAILABLE
586,2026-01-07T02:30:00,route-gazipur-mirpur,depot-gazipur,station-mirpur,2,7000.0,AVAILABLE
586,2026-01-07T02:30:00,route-gazipur-tongi,depot-gazipur,station-tongi,2,6500.0,AVAILABLE
586,2026-01-07T02:30:00,route-patiya-karnaphuli,depot-patiya,station-karnaphuli,2,7000.0,AVAILABLE
586,2026-01-07T02:30:00,route-patiya-coxsbazar,depot-patiya,station-coxsbazar,3,6000.0,AVAILABLE
586,2026-01-07T02:30:00,route-gazipur-karnaphuli,depot-gazipur,station-karnaphuli,4,5000.0,AVAILABLE
586,2026-01-07T02:30:00,route-patiya-mirpur,depot-patiya,station-mirpur,4,5000.0,AVAILABLE
587,2026-01-07T02:45:00,route-gazipur-mirpur,depot-gazipur,station-mirpur,2,7000.0,AVAILABLE
587,2026-01-07T02:45:00,route-gazipur-tongi,depot-gazipur,station-tongi,2,6500.0,AVAILABLE
587,2026-01-07T02:45:00,route-patiya-karnaphuli,depot-patiya,station-karnaphuli,2,7000.0,AVAILABLE
587,2026-01-07T02:45:00,route-patiya-coxsbazar,depot-patiya,station-coxsbazar,3,6000.0,AVAILABLE
587,2026-01-07T02:45:00,route-gazipur-karnaphuli,depot-gazipur,station-karnaphuli,4,5000.0,AVAILABLE
587,2026-01-07T02:45:00,route-patiya-mirpur,depot-patiya,station-mirpur,4,5000.0,AVAILABLE
588,2026-01-07T03:00:00,route-gazipur-mirpur,depot-gazipur,station-mirpur,2,7000.0,AVAILABLE
588,2026-01-07T03:00:00,route-gazipur-tongi,depot-gazipur,station-tongi,2,6500.0,AVAILABLE
588,2026-01-07T03:00:00,route-patiya-karnaphuli,depot-patiya,station-karnaphuli,2,7000.0,AVAILABLE
588,2026-01-07T03:00:00,route-patiya-coxsbazar,depot-patiya,station-coxsbazar,3,6000.0,AVAILABLE
588,2026-01-07T03:00:00,route-gazipur-karnaphuli,depot-gazipur,station-karnaphuli,4,5000.0,AVAILABLE
588,2026-01-07T03:00:00,route-patiya-mirpur,depot-patiya,station-mirpur,4,5000.0,AVAILABLE
589,2026-01-07T03:15:00,route-gazipur-mirpur,depot-gazipur,station-mirpur,2,7000.0,AVAILABLE
589,2026-01-07T03:15:00,route-gazipur-tongi,depot-gazipur,station-tongi,2,6500.0,AVAILABLE
589,2026-01-07T03:15:00,route-patiya-karnaphuli,depot-patiya,station-karnaphuli,2,7000.0,AVAILABLE
589,2026-01-07T03:15:00,route-patiya-coxsbazar,depot-patiya,station-coxsbazar,3,6000.0,AVAILABLE
589,2026-01-07T03:15:00,route-gazipur-karnaphuli,depot-gazipur,station-karnaphuli,4,5000.0,AVAILABLE
589,2026-01-07T03:15:00,route-patiya-mirpur,depot-patiya,station-mirpur,4,5000.0,AVAILABLE
590,2026-01-07T03:30:00,route-gazipur-mirpur,depot-gazipur,station-mirpur,2,7000.0,AVAILABLE
590,2026-01-07T03:30:00,route-gazipur-tongi,depot-gazipur,station-tongi,2,6500.0,AVAILABLE
590,2026-01-07T03:30:00,route-patiya-karnaphuli,depot-patiya,station-karnaphuli,2,7000.0,AVAILABLE
590,2026-01-07T03:30:00,route-patiya-coxsbazar,depot-patiya,station-coxsbazar,3,6000.0,AVAILABLE
590,2026-01-07T03:30:00,route-gazipur-karnaphuli,depot-gazipur,station-karnaphuli,4,5000.0,AVAILABLE
590,2026-01-07T03:30:00,route-patiya-mirpur,depot-patiya,station-mirpur,4,5000.0,AVAILABLE
591,2026-01-07T03:45:00,route-gazipur-mirpur,depot-gazipur,station-mirpur,2,7000.0,AVAILABLE
591,2026-01-07T03:45:00,route-gazipur-tongi,depot-gazipur,station-tongi,2,6500.0,AVAILABLE
591,2026-01-07T03:45:00,route-patiya-karnaphuli,depot-patiya,station-karnaphuli,2,7000.0,AVAILABLE
591,2026-01-07T03:45:00,route-patiya-coxsbazar,depot-patiya,station-coxsbazar,3,6000.0,AVAILABLE
591,2026-01-07T03:45:00,route-gazipur-karnaphuli,depot-gazipur,station-karnaphuli,4,5000.0,AVAILABLE
591,2026-01-07T03:45:00,route-patiya-mirpur,depot-patiya,station-mirpur,4,5000.0,AVAILABLE
592,2026-01-07T04:00:00,route-gazipur-mirpur,depot-gazipur,station-mirpur,2,7000.0,AVAILABLE
592,2026-01-07T04:00:00,route-gazipur-tongi,depot-gazipur,station-tongi,2,6500.0,AVAILABLE
592,2026-01-07T04:00:00,route-patiya-karnaphuli,depot-patiya,station-karnaphuli,2,7000.0,AVAILABLE
592,2026-01-07T04:00:00,route-patiya-coxsbazar,depot-patiya,station-coxsbazar,3,6000.0,AVAILABLE
592,2026-01-07T04:00:00,route-gazipur-karnaphuli,depot-gazipur,station-karnaphuli,4,5000.0,AVAILABLE
592,2026-01-07T04:00:00,route-patiya-mirpur,depot-patiya,station-mirpur,4,5000.0,AVAILABLE
593,2026-01-07T04:15:00,route-gazipur-mirpur,depot-gazipur,station-mirpur,2,7000.0,AVAILABLE
593,2026-01-07T04:15:00,route-gazipur-tongi,depot-gazipur,station-tongi,2,6500.0,AVAILABLE
593,2026-01-07T04:15:00,route-patiya-karnaphuli,depot-patiya,station-karnaphuli,2,7000.0,AVAILABLE
593,2026-01-07T04:15:00,route-patiya-coxsbazar,depot-patiya,station-coxsbazar,3,6000.0,AVAILABLE
593,2026-01-07T04:15:00,route-gazipur-karnaphuli,depot-gazipur,station-karnaphuli,4,5000.0,AVAILABLE
593,2026-01-07T04:15:00,route-patiya-mirpur,depot-patiya,station-mirpur,4,5000.0,AVAILABLE
594,2026-01-07T04:30:00,route-gazipur-mirpur,depot-gazipur,station-mirpur,2,7000.0,AVAILABLE
594,2026-01-07T04:30:00,route-gazipur-tongi,depot-gazipur,station-tongi,2,6500.0,AVAILABLE
594,2026-01-07T04:30:00,route-patiya-karnaphuli,depot-patiya,station-karnaphuli,2,7000.0,AVAILABLE
594,2026-01-07T04:30:00,route-patiya-coxsbazar,depot-patiya,station-coxsbazar,3,6000.0,AVAILABLE
594,2026-01-07T04:30:00,route-gazipur-karnaphuli,depot-gazipur,station-karnaphuli,4,5000.0,AVAILABLE
594,2026-01-07T04:30:00,route-patiya-mirpur,depot-patiya,station-mirpur,4,5000.0,AVAILABLE
595,2026-01-07T04:45:00,route-gazipur-mirpur,depot-gazipur,station-mirpur,2,7000.0,AVAILABLE
595,2026-01-07T04:45:00,route-gazipur-tongi,depot-gazipur,station-tongi,2,6500.0,AVAILABLE
595,2026-01-07T04:45:00,route-patiya-karnaphuli,depot-patiya,station-karnaphuli,2,7000.0,AVAILABLE
595,2026-01-07T04:45:00,route-patiya-coxsbazar,depot-patiya,station-coxsbazar,3,6000.0,AVAILABLE
595,2026-01-07T04:45:00,route-gazipur-karnaphuli,depot-gazipur,station-karnaphuli,4,5000.0,AVAILABLE
595,2026-01-07T04:45:00,route-patiya-mirpur,depot-patiya,station-mirpur,4,5000.0,AVAILABLE
596,2026-01-07T05:00:00,route-gazipur-mirpur,depot-gazipur,station-mirpur,2,7000.0,AVAILABLE
596,2026-01-07T05:00:00,route-gazipur-tongi,depot-gazipur,station-tongi,2,6500.0,AVAILABLE
596,2026-01-07T05:00:00,route-patiya-karnaphuli,depot-patiya,station-karnaphuli,2,7000.0,AVAILABLE
596,2026-01-07T05:00:00,route-patiya-coxsbazar,depot-patiya,station-coxsbazar,3,6000.0,AVAILABLE
596,2026-01-07T05:00:00,route-gazipur-karnaphuli,depot-gazipur,station-karnaphuli,4,5000.0,AVAILABLE
596,2026-01-07T05:00:00,route-patiya-mirpur,depot-patiya,station-mirpur,4,5000.0,AVAILABLE
597,2026-01-07T05:15:00,route-gazipur-mirpur,depot-gazipur,station-mirpur,2,7000.0,AVAILABLE
597,2026-01-07T05:15:00,route-gazipur-tongi,depot-gazipur,station-tongi,2,6500.0,AVAILABLE
597,2026-01-07T05:15:00,route-patiya-karnaphuli,depot-patiya,station-karnaphuli,2,7000.0,AVAILABLE
597,2026-01-07T05:15:00,route-patiya-coxsbazar,depot-patiya,station-coxsbazar,3,6000.0,AVAILABLE
597,2026-01-07T05:15:00,route-gazipur-karnaphuli,depot-gazipur,station-karnaphuli,4,5000.0,AVAILABLE
597,2026-01-07T05:15:00,route-patiya-mirpur,depot-patiya,station-mirpur,4,5000.0,AVAILABLE
598,2026-01-07T05:30:00,route-gazipur-mirpur,depot-gazipur,station-mirpur,2,7000.0,AVAILABLE
598,2026-01-07T05:30:00,route-gazipur-tongi,depot-gazipur,station-tongi,2,6500.0,AVAILABLE
598,2026-01-07T05:30:00,route-patiya-karnaphuli,depot-patiya,station-karnaphuli,2,7000.0,AVAILABLE
598,2026-01-07T05:30:00,route-patiya-coxsbazar,depot-patiya,station-coxsbazar,3,6000.0,AVAILABLE
598,2026-01-07T05:30:00,route-gazipur-karnaphuli,depot-gazipur,station-karnaphuli,4,5000.0,AVAILABLE
598,2026-01-07T05:30:00,route-patiya-mirpur,depot-patiya,station-mirpur,4,5000.0,AVAILABLE
599,2026-01-07T05:45:00,route-gazipur-mirpur,depot-gazipur,station-mirpur,2,7000.0,AVAILABLE
599,2026-01-07T05:45:00,route-gazipur-tongi,depot-gazipur,station-tongi,2,6500.0,AVAILABLE
599,2026-01-07T05:45:00,route-patiya-karnaphuli,depot-patiya,station-karnaphuli,2,7000.0,AVAILABLE
599,2026-01-07T05:45:00,route-patiya-coxsbazar,depot-patiya,station-coxsbazar,3,6000.0,AVAILABLE
599,2026-01-07T05:45:00,route-gazipur-karnaphuli,depot-gazipur,station-karnaphuli,4,5000.0,AVAILABLE
599,2026-01-07T05:45:00,route-patiya-mirpur,depot-patiya,station-mirpur,4,5000.0,AVAILABLE
600,2026-01-07T06:00:00,route-gazipur-mirpur,depot-gazipur,station-mirpur,2,7000.0,AVAILABLE
600,2026-01-07T06:00:00,route-gazipur-tongi,depot-gazipur,station-tongi,2,6500.0,AVAILABLE
600,2026-01-07T06:00:00,route-patiya-karnaphuli,depot-patiya,station-karnaphuli,2,7000.0,AVAILABLE
600,2026-01-07T06:00:00,route-patiya-coxsbazar,depot-patiya,station-coxsbazar,3,6000.0,AVAILABLE
600,2026-01-07T06:00:00,route-gazipur-karnaphuli,depot-gazipur,station-karnaphuli,4,5000.0,AVAILABLE
600,2026-01-07T06:00:00,route-patiya-mirpur,depot-patiya,station-mirpur,4,5000.0,AVAILABLE
601,2026-01-07T06:15:00,route-gazipur-mirpur,depot-gazipur,station-mirpur,2,7000.0,AVAILABLE
601,2026-01-07T06:15:00,route-gazipur-tongi,depot-gazipur,station-tongi,2,6500.0,AVAILABLE
601,2026-01-07T06:15:00,route-patiya-karnaphuli,depot-patiya,station-karnaphuli,2,7000.0,AVAILABLE
601,2026-01-07T06:15:00,route-patiya-coxsbazar,depot-patiya,station-coxsbazar,3,6000.0,AVAILABLE
601,2026-01-07T06:15:00,route-gazipur-karnaphuli,depot-gazipur,station-karnaphuli,4,5000.0,AVAILABLE
601,2026-01-07T06:15:00,route-patiya-mirpur,depot-patiya,station-mirpur,4,5000.0,AVAILABLE
602,2026-01-07T06:30:00,route-gazipur-mirpur,depot-gazipur,station-mirpur,2,7000.0,AVAILABLE
602,2026-01-07T06:30:00,route-gazipur-tongi,depot-gazipur,station-tongi,2,6500.0,AVAILABLE
602,2026-01-07T06:30:00,route-patiya-karnaphuli,depot-patiya,station-karnaphuli,2,7000.0,AVAILABLE
602,2026-01-07T06:30:00,route-patiya-coxsbazar,depot-patiya,station-coxsbazar,3,6000.0,AVAILABLE
602,2026-01-07T06:30:00,route-gazipur-karnaphuli,depot-gazipur,station-karnaphuli,4,5000.0,AVAILABLE
602,2026-01-07T06:30:00,route-patiya-mirpur,depot-patiya,station-mirpur,4,5000.0,AVAILABLE
603,2026-01-07T06:45:00,route-gazipur-mirpur,depot-gazipur,station-mirpur,2,7000.0,AVAILABLE
603,2026-01-07T06:45:00,route-gazipur-tongi,depot-gazipur,station-tongi,2,6500.0,AVAILABLE
603,2026-01-07T06:45:00,route-patiya-karnaphuli,depot-patiya,station-karnaphuli,2,7000.0,AVAILABLE
603,2026-01-07T06:45:00,route-patiya-coxsbazar,depot-patiya,station-coxsbazar,3,6000.0,AVAILABLE
603,2026-01-07T06:45:00,route-gazipur-karnaphuli,depot-gazipur,station-karnaphuli,4,5000.0,AVAILABLE
603,2026-01-07T06:45:00,route-patiya-mirpur,depot-patiya,station-mirpur,4,5000.0,AVAILABLE
604,2026-01-07T07:00:00,route-gazipur-mirpur,depot-gazipur,station-mirpur,2,7000.0,AVAILABLE
604,2026-01-07T07:00:00,route-gazipur-tongi,depot-gazipur,station-tongi,2,6500.0,AVAILABLE
604,2026-01-07T07:00:00,route-patiya-karnaphuli,depot-patiya,station-karnaphuli,2,7000.0,AVAILABLE
604,2026-01-07T07:00:00,route-patiya-coxsbazar,depot-patiya,station-coxsbazar,3,6000.0,AVAILABLE
604,2026-01-07T07:00:00,route-gazipur-karnaphuli,depot-gazipur,station-karnaphuli,4,5000.0,AVAILABLE
604,2026-01-07T07:00:00,route-patiya-mirpur,depot-patiya,station-mirpur,4,5000.0,AVAILABLE
605,2026-01-07T07:15:00,route-gazipur-mirpur,depot-gazipur,station-mirpur,2,7000.0,AVAILABLE
605,2026-01-07T07:15:00,route-gazipur-tongi,depot-gazipur,station-tongi,2,6500.0,AVAILABLE
605,2026-01-07T07:15:00,route-patiya-karnaphuli,depot-patiya,station-karnaphuli,2,7000.0,AVAILABLE
605,2026-01-07T07:15:00,route-patiya-coxsbazar,depot-patiya,station-coxsbazar,3,6000.0,AVAILABLE
605,2026-01-07T07:15:00,route-gazipur-karnaphuli,depot-gazipur,station-karnaphuli,4,5000.0,AVAILABLE
605,2026-01-07T07:15:00,route-patiya-mirpur,depot-patiya,station-mirpur,4,5000.0,AVAILABLE
606,2026-01-07T07:30:00,route-gazipur-mirpur,depot-gazipur,station-mirpur,2,7000.0,AVAILABLE
606,2026-01-07T07:30:00,route-gazipur-tongi,depot-gazipur,station-tongi,2,6500.0,AVAILABLE
606,2026-01-07T07:30:00,route-patiya-karnaphuli,depot-patiya,station-karnaphuli,2,7000.0,AVAILABLE
606,2026-01-07T07:30:00,route-patiya-coxsbazar,depot-patiya,station-coxsbazar,3,6000.0,AVAILABLE
606,2026-01-07T07:30:00,route-gazipur-karnaphuli,depot-gazipur,station-karnaphuli,4,5000.0,AVAILABLE
606,2026-01-07T07:30:00,route-patiya-mirpur,depot-patiya,station-mirpur,4,5000.0,AVAILABLE
607,2026-01-07T07:45:00,route-gazipur-mirpur,depot-gazipur,station-mirpur,2,7000.0,AVAILABLE
607,2026-01-07T07:45:00,route-gazipur-tongi,depot-gazipur,station-tongi,2,6500.0,AVAILABLE
607,2026-01-07T07:45:00,route-patiya-karnaphuli,depot-patiya,station-karnaphuli,2,7000.0,AVAILABLE
607,2026-01-07T07:45:00,route-patiya-coxsbazar,depot-patiya,station-coxsbazar,3,6000.0,AVAILABLE
607,2026-01-07T07:45:00,route-gazipur-karnaphuli,depot-gazipur,station-karnaphuli,4,5000.0,AVAILABLE
607,2026-01-07T07:45:00,route-patiya-mirpur,depot-patiya,station-mirpur,4,5000.0,AVAILABLE
608,2026-01-07T08:00:00,route-gazipur-mirpur,depot-gazipur,station-mirpur,2,7000.0,AVAILABLE
608,2026-01-07T08:00:00,route-gazipur-tongi,depot-gazipur,station-tongi,2,6500.0,AVAILABLE
608,2026-01-07T08:00:00,route-patiya-karnaphuli,depot-patiya,station-karnaphuli,2,7000.0,AVAILABLE
608,2026-01-07T08:00:00,route-patiya-coxsbazar,depot-patiya,station-coxsbazar,3,6000.0,AVAILABLE
608,2026-01-07T08:00:00,route-gazipur-karnaphuli,depot-gazipur,station-karnaphuli,4,5000.0,AVAILABLE
608,2026-01-07T08:00:00,route-patiya-mirpur,depot-patiya,station-mirpur,4,5000.0,AVAILABLE
609,2026-01-07T08:15:00,route-gazipur-mirpur,depot-gazipur,station-mirpur,2,7000.0,AVAILABLE
609,2026-01-07T08:15:00,route-gazipur-tongi,depot-gazipur,station-tongi,2,6500.0,AVAILABLE
609,2026-01-07T08:15:00,route-patiya-karnaphuli,depot-patiya,station-karnaphuli,2,7000.0,AVAILABLE
609,2026-01-07T08:15:00,route-patiya-coxsbazar,depot-patiya,station-coxsbazar,3,6000.0,AVAILABLE
609,2026-01-07T08:15:00,route-gazipur-karnaphuli,depot-gazipur,station-karnaphuli,4,5000.0,AVAILABLE
609,2026-01-07T08:15:00,route-patiya-mirpur,depot-patiya,station-mirpur,4,5000.0,AVAILABLE
610,2026-01-07T08:30:00,route-gazipur-mirpur,depot-gazipur,station-mirpur,2,7000.0,AVAILABLE
610,2026-01-07T08:30:00,route-gazipur-tongi,depot-gazipur,station-tongi,2,6500.0,AVAILABLE
610,2026-01-07T08:30:00,route-patiya-karnaphuli,depot-patiya,station-karnaphuli,2,7000.0,AVAILABLE
610,2026-01-07T08:30:00,route-patiya-coxsbazar,depot-patiya,station-coxsbazar,3,6000.0,AVAILABLE
610,2026-01-07T08:30:00,route-gazipur-karnaphuli,depot-gazipur,station-karnaphuli,4,5000.0,AVAILABLE
610,2026-01-07T08:30:00,route-patiya-mirpur,depot-patiya,station-mirpur,4,5000.0,AVAILABLE
611,2026-01-07T08:45:00,route-gazipur-mirpur,depot-gazipur,station-mirpur,2,7000.0,AVAILABLE
611,2026-01-07T08:45:00,route-gazipur-tongi,depot-gazipur,station-tongi,2,6500.0,AVAILABLE
611,2026-01-07T08:45:00,route-patiya-karnaphuli,depot-patiya,station-karnaphuli,2,7000.0,AVAILABLE
611,2026-01-07T08:45:00,route-patiya-coxsbazar,depot-patiya,station-coxsbazar,3,6000.0,AVAILABLE
611,2026-01-07T08:45:00,route-gazipur-karnaphuli,depot-gazipur,station-karnaphuli,4,5000.0,AVAILABLE
611,2026-01-07T08:45:00,route-patiya-mirpur,depot-patiya,station-mirpur,4,5000.0,AVAILABLE
612,2026-01-07T09:00:00,route-gazipur-mirpur,depot-gazipur,station-mirpur,2,7000.0,AVAILABLE
612,2026-01-07T09:00:00,route-gazipur-tongi,depot-gazipur,station-tongi,2,6500.0,AVAILABLE
612,2026-01-07T09:00:00,route-patiya-karnaphuli,depot-patiya,station-karnaphuli,2,7000.0,AVAILABLE
612,2026-01-07T09:00:00,route-patiya-coxsbazar,depot-patiya,station-coxsbazar,3,6000.0,AVAILABLE
612,2026-01-07T09:00:00,route-gazipur-karnaphuli,depot-gazipur,station-karnaphuli,4,5000.0,AVAILABLE
612,2026-01-07T09:00:00,route-patiya-mirpur,depot-patiya,station-mirpur,4,5000.0,AVAILABLE
613,2026-01-07T09:15:00,route-gazipur-mirpur,depot-gazipur,station-mirpur,2,7000.0,AVAILABLE
613,2026-01-07T09:15:00,route-gazipur-tongi,depot-gazipur,station-tongi,2,6500.0,AVAILABLE
613,2026-01-07T09:15:00,route-patiya-karnaphuli,depot-patiya,station-karnaphuli,2,7000.0,AVAILABLE
613,2026-01-07T09:15:00,route-patiya-coxsbazar,depot-patiya,station-coxsbazar,3,6000.0,AVAILABLE
613,2026-01-07T09:15:00,route-gazipur-karnaphuli,depot-gazipur,station-karnaphuli,4,5000.0,AVAILABLE
613,2026-01-07T09:15:00,route-patiya-mirpur,depot-patiya,station-mirpur,4,5000.0,AVAILABLE
614,2026-01-07T09:30:00,route-gazipur-mirpur,depot-gazipur,station-mirpur,2,7000.0,AVAILABLE
614,2026-01-07T09:30:00,route-gazipur-tongi,depot-gazipur,station-tongi,2,6500.0,AVAILABLE
614,2026-01-07T09:30:00,route-patiya-karnaphuli,depot-patiya,station-karnaphuli,2,7000.0,AVAILABLE
614,2026-01-07T09:30:00,route-patiya-coxsbazar,depot-patiya,station-coxsbazar,3,6000.0,AVAILABLE
614,2026-01-07T09:30:00,route-gazipur-karnaphuli,depot-gazipur,station-karnaphuli,4,5000.0,AVAILABLE
614,2026-01-07T09:30:00,route-patiya-mirpur,depot-patiya,station-mirpur,4,5000.0,AVAILABLE
615,2026-01-07T09:45:00,route-gazipur-mirpur,depot-gazipur,station-mirpur,2,7000.0,AVAILABLE
615,2026-01-07T09:45:00,route-gazipur-tongi,depot-gazipur,station-tongi,2,6500.0,AVAILABLE
615,2026-01-07T09:45:00,route-patiya-karnaphuli,depot-patiya,station-karnaphuli,2,7000.0,AVAILABLE
615,2026-01-07T09:45:00,route-patiya-coxsbazar,depot-patiya,station-coxsbazar,3,6000.0,AVAILABLE
615,2026-01-07T09:45:00,route-gazipur-karnaphuli,depot-gazipur,station-karnaphuli,4,5000.0,AVAILABLE
615,2026-01-07T09:45:00,route-patiya-mirpur,depot-patiya,station-mirpur,4,5000.0,AVAILABLE
616,2026-01-07T10:00:00,route-gazipur-mirpur,depot-gazipur,station-mirpur,2,7000.0,AVAILABLE
616,2026-01-07T10:00:00,route-gazipur-tongi,depot-gazipur,station-tongi,2,6500.0,AVAILABLE
616,2026-01-07T10:00:00,route-patiya-karnaphuli,depot-patiya,station-karnaphuli,2,7000.0,AVAILABLE
616,2026-01-07T10:00:00,route-patiya-coxsbazar,depot-patiya,station-coxsbazar,3,6000.0,AVAILABLE
616,2026-01-07T10:00:00,route-gazipur-karnaphuli,depot-gazipur,station-karnaphuli,4,5000.0,AVAILABLE
616,2026-01-07T10:00:00,route-patiya-mirpur,depot-patiya,station-mirpur,4,5000.0,AVAILABLE
617,2026-01-07T10:15:00,route-gazipur-mirpur,depot-gazipur,station-mirpur,2,7000.0,AVAILABLE
617,2026-01-07T10:15:00,route-gazipur-tongi,depot-gazipur,station-tongi,2,6500.0,AVAILABLE
617,2026-01-07T10:15:00,route-patiya-karnaphuli,depot-patiya,station-karnaphuli,2,7000.0,AVAILABLE
617,2026-01-07T10:15:00,route-patiya-coxsbazar,depot-patiya,station-coxsbazar,3,6000.0,AVAILABLE
617,2026-01-07T10:15:00,route-gazipur-karnaphuli,depot-gazipur,station-karnaphuli,4,5000.0,AVAILABLE
617,2026-01-07T10:15:00,route-patiya-mirpur,depot-patiya,station-mirpur,4,5000.0,AVAILABLE
618,2026-01-07T10:30:00,route-gazipur-mirpur,depot-gazipur,station-mirpur,2,7000.0,AVAILABLE
618,2026-01-07T10:30:00,route-gazipur-tongi,depot-gazipur,station-tongi,2,6500.0,AVAILABLE
618,2026-01-07T10:30:00,route-patiya-karnaphuli,depot-patiya,station-karnaphuli,2,7000.0,AVAILABLE
618,2026-01-07T10:30:00,route-patiya-coxsbazar,depot-patiya,station-coxsbazar,3,6000.0,AVAILABLE
618,2026-01-07T10:30:00,route-gazipur-karnaphuli,depot-gazipur,station-karnaphuli,4,5000.0,AVAILABLE
618,2026-01-07T10:30:00,route-patiya-mirpur,depot-patiya,station-mirpur,4,5000.0,AVAILABLE
619,2026-01-07T10:45:00,route-gazipur-mirpur,depot-gazipur,station-mirpur,2,7000.0,AVAILABLE
619,2026-01-07T10:45:00,route-gazipur-tongi,depot-gazipur,station-tongi,2,6500.0,AVAILABLE
619,2026-01-07T10:45:00,route-patiya-karnaphuli,depot-patiya,station-karnaphuli,2,7000.0,AVAILABLE
619,2026-01-07T10:45:00,route-patiya-coxsbazar,depot-patiya,station-coxsbazar,3,6000.0,AVAILABLE
619,2026-01-07T10:45:00,route-gazipur-karnaphuli,depot-gazipur,station-karnaphuli,4,5000.0,AVAILABLE
619,2026-01-07T10:45:00,route-patiya-mirpur,depot-patiya,station-mirpur,4,5000.0,AVAILABLE
620,2026-01-07T11:00:00,route-gazipur-mirpur,depot-gazipur,station-mirpur,2,7000.0,AVAILABLE
620,2026-01-07T11:00:00,route-gazipur-tongi,depot-gazipur,station-tongi,2,6500.0,AVAILABLE
620,2026-01-07T11:00:00,route-patiya-karnaphuli,depot-patiya,station-karnaphuli,2,7000.0,AVAILABLE
620,2026-01-07T11:00:00,route-patiya-coxsbazar,depot-patiya,station-coxsbazar,3,6000.0,AVAILABLE
620,2026-01-07T11:00:00,route-gazipur-karnaphuli,depot-gazipur,station-karnaphuli,4,5000.0,AVAILABLE
620,2026-01-07T11:00:00,route-patiya-mirpur,depot-patiya,station-mirpur,4,5000.0,AVAILABLE
621,2026-01-07T11:15:00,route-gazipur-mirpur,depot-gazipur,station-mirpur,2,7000.0,AVAILABLE
621,2026-01-07T11:15:00,route-gazipur-tongi,depot-gazipur,station-tongi,2,6500.0,AVAILABLE
621,2026-01-07T11:15:00,route-patiya-karnaphuli,depot-patiya,station-karnaphuli,2,7000.0,AVAILABLE
621,2026-01-07T11:15:00,route-patiya-coxsbazar,depot-patiya,station-coxsbazar,3,6000.0,AVAILABLE
621,2026-01-07T11:15:00,route-gazipur-karnaphuli,depot-gazipur,station-karnaphuli,4,5000.0,AVAILABLE
621,2026-01-07T11:15:00,route-patiya-mirpur,depot-patiya,station-mirpur,4,5000.0,AVAILABLE
622,2026-01-07T11:30:00,route-gazipur-mirpur,depot-gazipur,station-mirpur,2,7000.0,AVAILABLE
622,2026-01-07T11:30:00,route-gazipur-tongi,depot-gazipur,station-tongi,2,6500.0,AVAILABLE
622,2026-01-07T11:30:00,route-patiya-karnaphuli,depot-patiya,station-karnaphuli,2,7000.0,AVAILABLE
622,2026-01-07T11:30:00,route-patiya-coxsbazar,depot-patiya,station-coxsbazar,3,6000.0,AVAILABLE
622,2026-01-07T11:30:00,route-gazipur-karnaphuli,depot-gazipur,station-karnaphuli,4,5000.0,AVAILABLE
622,2026-01-07T11:30:00,route-patiya-mirpur,depot-patiya,station-mirpur,4,5000.0,AVAILABLE
623,2026-01-07T11:45:00,route-gazipur-mirpur,depot-gazipur,station-mirpur,2,7000.0,AVAILABLE
623,2026-01-07T11:45:00,route-gazipur-tongi,depot-gazipur,station-tongi,2,6500.0,AVAILABLE
623,2026-01-07T11:45:00,route-patiya-karnaphuli,depot-patiya,station-karnaphuli,2,7000.0,AVAILABLE
623,2026-01-07T11:45:00,route-patiya-coxsbazar,depot-patiya,station-coxsbazar,3,6000.0,AVAILABLE
623,2026-01-07T11:45:00,route-gazipur-karnaphuli,depot-gazipur,station-karnaphuli,4,5000.0,AVAILABLE
623,2026-01-07T11:45:00,route-patiya-mirpur,depot-patiya,station-mirpur,4,5000.0,AVAILABLE
624,2026-01-07T12:00:00,route-gazipur-mirpur,depot-gazipur,station-mirpur,2,7000.0,AVAILABLE
624,2026-01-07T12:00:00,route-gazipur-tongi,depot-gazipur,station-tongi,2,6500.0,AVAILABLE
624,2026-01-07T12:00:00,route-patiya-karnaphuli,depot-patiya,station-karnaphuli,2,7000.0,AVAILABLE
624,2026-01-07T12:00:00,route-patiya-coxsbazar,depot-patiya,station-coxsbazar,3,6000.0,AVAILABLE
624,2026-01-07T12:00:00,route-gazipur-karnaphuli,depot-gazipur,station-karnaphuli,4,5000.0,AVAILABLE
624,2026-01-07T12:00:00,route-patiya-mirpur,depot-patiya,station-mirpur,4,5000.0,AVAILABLE
625,2026-01-07T12:15:00,route-gazipur-mirpur,depot-gazipur,station-mirpur,2,7000.0,AVAILABLE
625,2026-01-07T12:15:00,route-gazipur-tongi,depot-gazipur,station-tongi,2,6500.0,AVAILABLE
625,2026-01-07T12:15:00,route-patiya-karnaphuli,depot-patiya,station-karnaphuli,2,7000.0,AVAILABLE
625,2026-01-07T12:15:00,route-patiya-coxsbazar,depot-patiya,station-coxsbazar,3,6000.0,AVAILABLE
625,2026-01-07T12:15:00,route-gazipur-karnaphuli,depot-gazipur,station-karnaphuli,4,5000.0,AVAILABLE
625,2026-01-07T12:15:00,route-patiya-mirpur,depot-patiya,station-mirpur,4,5000.0,AVAILABLE
626,2026-01-07T12:30:00,route-gazipur-mirpur,depot-gazipur,station-mirpur,2,7000.0,AVAILABLE
626,2026-01-07T12:30:00,route-gazipur-tongi,depot-gazipur,station-tongi,2,6500.0,AVAILABLE
626,2026-01-07T12:30:00,route-patiya-karnaphuli,depot-patiya,station-karnaphuli,2,7000.0,AVAILABLE
626,2026-01-07T12:30:00,route-patiya-coxsbazar,depot-patiya,station-coxsbazar,3,6000.0,AVAILABLE
626,2026-01-07T12:30:00,route-gazipur-karnaphuli,depot-gazipur,station-karnaphuli,4,5000.0,AVAILABLE
626,2026-01-07T12:30:00,route-patiya-mirpur,depot-patiya,station-mirpur,4,5000.0,AVAILABLE
627,2026-01-07T12:45:00,route-gazipur-mirpur,depot-gazipur,station-mirpur,2,7000.0,AVAILABLE
627,2026-01-07T12:45:00,route-gazipur-tongi,depot-gazipur,station-tongi,2,6500.0,AVAILABLE
627,2026-01-07T12:45:00,route-patiya-karnaphuli,depot-patiya,station-karnaphuli,2,7000.0,AVAILABLE
627,2026-01-07T12:45:00,route-patiya-coxsbazar,depot-patiya,station-coxsbazar,3,6000.0,AVAILABLE
627,2026-01-07T12:45:00,route-gazipur-karnaphuli,depot-gazipur,station-karnaphuli,4,5000.0,AVAILABLE
627,2026-01-07T12:45:00,route-patiya-mirpur,depot-patiya,station-mirpur,4,5000.0,AVAILABLE
628,2026-01-07T13:00:00,route-gazipur-mirpur,depot-gazipur,station-mirpur,2,7000.0,AVAILABLE
628,2026-01-07T13:00:00,route-gazipur-tongi,depot-gazipur,station-tongi,2,6500.0,AVAILABLE
628,2026-01-07T13:00:00,route-patiya-karnaphuli,depot-patiya,station-karnaphuli,2,7000.0,AVAILABLE
628,2026-01-07T13:00:00,route-patiya-coxsbazar,depot-patiya,station-coxsbazar,3,6000.0,AVAILABLE
628,2026-01-07T13:00:00,route-gazipur-karnaphuli,depot-gazipur,station-karnaphuli,4,5000.0,AVAILABLE
628,2026-01-07T13:00:00,route-patiya-mirpur,depot-patiya,station-mirpur,4,5000.0,AVAILABLE
629,2026-01-07T13:15:00,route-gazipur-mirpur,depot-gazipur,station-mirpur,2,7000.0,AVAILABLE
629,2026-01-07T13:15:00,route-gazipur-tongi,depot-gazipur,station-tongi,2,6500.0,AVAILABLE
629,2026-01-07T13:15:00,route-patiya-karnaphuli,depot-patiya,station-karnaphuli,2,7000.0,AVAILABLE
629,2026-01-07T13:15:00,route-patiya-coxsbazar,depot-patiya,station-coxsbazar,3,6000.0,AVAILABLE
629,2026-01-07T13:15:00,route-gazipur-karnaphuli,depot-gazipur,station-karnaphuli,4,5000.0,AVAILABLE
629,2026-01-07T13:15:00,route-patiya-mirpur,depot-patiya,station-mirpur,4,5000.0,AVAILABLE
630,2026-01-07T13:30:00,route-gazipur-mirpur,depot-gazipur,station-mirpur,2,7000.0,AVAILABLE
630,2026-01-07T13:30:00,route-gazipur-tongi,depot-gazipur,station-tongi,2,6500.0,AVAILABLE
630,2026-01-07T13:30:00,route-patiya-karnaphuli,depot-patiya,station-karnaphuli,2,7000.0,AVAILABLE
630,2026-01-07T13:30:00,route-patiya-coxsbazar,depot-patiya,station-coxsbazar,3,6000.0,AVAILABLE
630,2026-01-07T13:30:00,route-gazipur-karnaphuli,depot-gazipur,station-karnaphuli,4,5000.0,AVAILABLE
630,2026-01-07T13:30:00,route-patiya-mirpur,depot-patiya,station-mirpur,4,5000.0,AVAILABLE
631,2026-01-07T13:45:00,route-gazipur-mirpur,depot-gazipur,station-mirpur,2,7000.0,AVAILABLE
631,2026-01-07T13:45:00,route-gazipur-tongi,depot-gazipur,station-tongi,2,6500.0,AVAILABLE
631,2026-01-07T13:45:00,route-patiya-karnaphuli,depot-patiya,station-karnaphuli,2,7000.0,AVAILABLE
631,2026-01-07T13:45:00,route-patiya-coxsbazar,depot-patiya,station-coxsbazar,3,6000.0,AVAILABLE
631,2026-01-07T13:45:00,route-gazipur-karnaphuli,depot-gazipur,station-karnaphuli,4,5000.0,AVAILABLE
631,2026-01-07T13:45:00,route-patiya-mirpur,depot-patiya,station-mirpur,4,5000.0,AVAILABLE
632,2026-01-07T14:00:00,route-gazipur-mirpur,depot-gazipur,station-mirpur,2,7000.0,AVAILABLE
632,2026-01-07T14:00:00,route-gazipur-tongi,depot-gazipur,station-tongi,2,6500.0,AVAILABLE
632,2026-01-07T14:00:00,route-patiya-karnaphuli,depot-patiya,station-karnaphuli,2,7000.0,AVAILABLE
632,2026-01-07T14:00:00,route-patiya-coxsbazar,depot-patiya,station-coxsbazar,3,6000.0,AVAILABLE
632,2026-01-07T14:00:00,route-gazipur-karnaphuli,depot-gazipur,station-karnaphuli,4,5000.0,AVAILABLE
632,2026-01-07T14:00:00,route-patiya-mirpur,depot-patiya,station-mirpur,4,5000.0,AVAILABLE
633,2026-01-07T14:15:00,route-gazipur-mirpur,depot-gazipur,station-mirpur,2,7000.0,AVAILABLE
633,2026-01-07T14:15:00,route-gazipur-tongi,depot-gazipur,station-tongi,2,6500.0,AVAILABLE
633,2026-01-07T14:15:00,route-patiya-karnaphuli,depot-patiya,station-karnaphuli,2,7000.0,AVAILABLE
633,2026-01-07T14:15:00,route-patiya-coxsbazar,depot-patiya,station-coxsbazar,3,6000.0,AVAILABLE
633,2026-01-07T14:15:00,route-gazipur-karnaphuli,depot-gazipur,station-karnaphuli,4,5000.0,AVAILABLE
633,2026-01-07T14:15:00,route-patiya-mirpur,depot-patiya,station-mirpur,4,5000.0,AVAILABLE
634,2026-01-07T14:30:00,route-gazipur-mirpur,depot-gazipur,station-mirpur,2,7000.0,AVAILABLE
634,2026-01-07T14:30:00,route-gazipur-tongi,depot-gazipur,station-tongi,2,6500.0,AVAILABLE
634,2026-01-07T14:30:00,route-patiya-karnaphuli,depot-patiya,station-karnaphuli,2,7000.0,AVAILABLE
634,2026-01-07T14:30:00,route-patiya-coxsbazar,depot-patiya,station-coxsbazar,3,6000.0,AVAILABLE
634,2026-01-07T14:30:00,route-gazipur-karnaphuli,depot-gazipur,station-karnaphuli,4,5000.0,AVAILABLE
634,2026-01-07T14:30:00,route-patiya-mirpur,depot-patiya,station-mirpur,4,5000.0,AVAILABLE
635,2026-01-07T14:45:00,route-gazipur-mirpur,depot-gazipur,station-mirpur,2,7000.0,AVAILABLE
635,2026-01-07T14:45:00,route-gazipur-tongi,depot-gazipur,station-tongi,2,6500.0,AVAILABLE
635,2026-01-07T14:45:00,route-patiya-karnaphuli,depot-patiya,station-karnaphuli,2,7000.0,AVAILABLE
635,2026-01-07T14:45:00,route-patiya-coxsbazar,depot-patiya,station-coxsbazar,3,6000.0,AVAILABLE
635,2026-01-07T14:45:00,route-gazipur-karnaphuli,depot-gazipur,station-karnaphuli,4,5000.0,AVAILABLE
635,2026-01-07T14:45:00,route-patiya-mirpur,depot-patiya,station-mirpur,4,5000.0,AVAILABLE
636,2026-01-07T15:00:00,route-gazipur-mirpur,depot-gazipur,station-mirpur,2,7000.0,AVAILABLE
636,2026-01-07T15:00:00,route-gazipur-tongi,depot-gazipur,station-tongi,2,6500.0,AVAILABLE
636,2026-01-07T15:00:00,route-patiya-karnaphuli,depot-patiya,station-karnaphuli,2,7000.0,AVAILABLE
636,2026-01-07T15:00:00,route-patiya-coxsbazar,depot-patiya,station-coxsbazar,3,6000.0,AVAILABLE
636,2026-01-07T15:00:00,route-gazipur-karnaphuli,depot-gazipur,station-karnaphuli,4,5000.0,AVAILABLE
636,2026-01-07T15:00:00,route-patiya-mirpur,depot-patiya,station-mirpur,4,5000.0,AVAILABLE
637,2026-01-07T15:15:00,route-gazipur-mirpur,depot-gazipur,station-mirpur,2,7000.0,AVAILABLE
637,2026-01-07T15:15:00,route-gazipur-tongi,depot-gazipur,station-tongi,2,6500.0,AVAILABLE
637,2026-01-07T15:15:00,route-patiya-karnaphuli,depot-patiya,station-karnaphuli,2,7000.0,AVAILABLE
637,2026-01-07T15:15:00,route-patiya-coxsbazar,depot-patiya,station-coxsbazar,3,6000.0,AVAILABLE
637,2026-01-07T15:15:00,route-gazipur-karnaphuli,depot-gazipur,station-karnaphuli,4,5000.0,AVAILABLE
637,2026-01-07T15:15:00,route-patiya-mirpur,depot-patiya,station-mirpur,4,5000.0,AVAILABLE
638,2026-01-07T15:30:00,route-gazipur-mirpur,depot-gazipur,station-mirpur,2,7000.0,AVAILABLE
638,2026-01-07T15:30:00,route-gazipur-tongi,depot-gazipur,station-tongi,2,6500.0,AVAILABLE
638,2026-01-07T15:30:00,route-patiya-karnaphuli,depot-patiya,station-karnaphuli,2,7000.0,AVAILABLE
638,2026-01-07T15:30:00,route-patiya-coxsbazar,depot-patiya,station-coxsbazar,3,6000.0,AVAILABLE
638,2026-01-07T15:30:00,route-gazipur-karnaphuli,depot-gazipur,station-karnaphuli,4,5000.0,AVAILABLE
638,2026-01-07T15:30:00,route-patiya-mirpur,depot-patiya,station-mirpur,4,5000.0,AVAILABLE
639,2026-01-07T15:45:00,route-gazipur-mirpur,depot-gazipur,station-mirpur,2,7000.0,AVAILABLE
639,2026-01-07T15:45:00,route-gazipur-tongi,depot-gazipur,station-tongi,2,6500.0,AVAILABLE
639,2026-01-07T15:45:00,route-patiya-karnaphuli,depot-patiya,station-karnaphuli,2,7000.0,AVAILABLE
639,2026-01-07T15:45:00,route-patiya-coxsbazar,depot-patiya,station-coxsbazar,3,6000.0,AVAILABLE
639,2026-01-07T15:45:00,route-gazipur-karnaphuli,depot-gazipur,station-karnaphuli,4,5000.0,AVAILABLE
639,2026-01-07T15:45:00,route-patiya-mirpur,depot-patiya,station-mirpur,4,5000.0,AVAILABLE
640,2026-01-07T16:00:00,route-gazipur-mirpur,depot-gazipur,station-mirpur,2,7000.0,AVAILABLE
640,2026-01-07T16:00:00,route-gazipur-tongi,depot-gazipur,station-tongi,2,6500.0,AVAILABLE
640,2026-01-07T16:00:00,route-patiya-karnaphuli,depot-patiya,station-karnaphuli,2,7000.0,AVAILABLE
640,2026-01-07T16:00:00,route-patiya-coxsbazar,depot-patiya,station-coxsbazar,3,6000.0,AVAILABLE
640,2026-01-07T16:00:00,route-gazipur-karnaphuli,depot-gazipur,station-karnaphuli,4,5000.0,AVAILABLE
640,2026-01-07T16:00:00,route-patiya-mirpur,depot-patiya,station-mirpur,4,5000.0,AVAILABLE
641,2026-01-07T16:15:00,route-gazipur-mirpur,depot-gazipur,station-mirpur,2,7000.0,AVAILABLE
641,2026-01-07T16:15:00,route-gazipur-tongi,depot-gazipur,station-tongi,2,6500.0,AVAILABLE
641,2026-01-07T16:15:00,route-patiya-karnaphuli,depot-patiya,station-karnaphuli,2,7000.0,AVAILABLE
641,2026-01-07T16:15:00,route-patiya-coxsbazar,depot-patiya,station-coxsbazar,3,6000.0,AVAILABLE
641,2026-01-07T16:15:00,route-gazipur-karnaphuli,depot-gazipur,station-karnaphuli,4,5000.0,AVAILABLE
641,2026-01-07T16:15:00,route-patiya-mirpur,depot-patiya,station-mirpur,4,5000.0,AVAILABLE
642,2026-01-07T16:30:00,route-gazipur-mirpur,depot-gazipur,station-mirpur,2,7000.0,AVAILABLE
642,2026-01-07T16:30:00,route-gazipur-tongi,depot-gazipur,station-tongi,2,6500.0,AVAILABLE
642,2026-01-07T16:30:00,route-patiya-karnaphuli,depot-patiya,station-karnaphuli,2,7000.0,AVAILABLE
642,2026-01-07T16:30:00,route-patiya-coxsbazar,depot-patiya,station-coxsbazar,3,6000.0,AVAILABLE
642,2026-01-07T16:30:00,route-gazipur-karnaphuli,depot-gazipur,station-karnaphuli,4,5000.0,AVAILABLE
642,2026-01-07T16:30:00,route-patiya-mirpur,depot-patiya,station-mirpur,4,5000.0,AVAILABLE
643,2026-01-07T16:45:00,route-gazipur-mirpur,depot-gazipur,station-mirpur,2,7000.0,AVAILABLE
643,2026-01-07T16:45:00,route-gazipur-tongi,depot-gazipur,station-tongi,2,6500.0,AVAILABLE
643,2026-01-07T16:45:00,route-patiya-karnaphuli,depot-patiya,station-karnaphuli,2,7000.0,AVAILABLE
643,2026-01-07T16:45:00,route-patiya-coxsbazar,depot-patiya,station-coxsbazar,3,6000.0,AVAILABLE
643,2026-01-07T16:45:00,route-gazipur-karnaphuli,depot-gazipur,station-karnaphuli,4,5000.0,AVAILABLE
643,2026-01-07T16:45:00,route-patiya-mirpur,depot-patiya,station-mirpur,4,5000.0,AVAILABLE
644,2026-01-07T17:00:00,route-gazipur-mirpur,depot-gazipur,station-mirpur,2,7000.0,AVAILABLE
644,2026-01-07T17:00:00,route-gazipur-tongi,depot-gazipur,station-tongi,2,6500.0,AVAILABLE
644,2026-01-07T17:00:00,route-patiya-karnaphuli,depot-patiya,station-karnaphuli,2,7000.0,AVAILABLE
644,2026-01-07T17:00:00,route-patiya-coxsbazar,depot-patiya,station-coxsbazar,3,6000.0,AVAILABLE
644,2026-01-07T17:00:00,route-gazipur-karnaphuli,depot-gazipur,station-karnaphuli,4,5000.0,AVAILABLE
644,2026-01-07T17:00:00,route-patiya-mirpur,depot-patiya,station-mirpur,4,5000.0,AVAILABLE
645,2026-01-07T17:15:00,route-gazipur-mirpur,depot-gazipur,station-mirpur,2,7000.0,AVAILABLE
645,2026-01-07T17:15:00,route-gazipur-tongi,depot-gazipur,station-tongi,2,6500.0,AVAILABLE
645,2026-01-07T17:15:00,route-patiya-karnaphuli,depot-patiya,station-karnaphuli,2,7000.0,AVAILABLE
645,2026-01-07T17:15:00,route-patiya-coxsbazar,depot-patiya,station-coxsbazar,3,6000.0,AVAILABLE
645,2026-01-07T17:15:00,route-gazipur-karnaphuli,depot-gazipur,station-karnaphuli,4,5000.0,AVAILABLE
645,2026-01-07T17:15:00,route-patiya-mirpur,depot-patiya,station-mirpur,4,5000.0,AVAILABLE
646,2026-01-07T17:30:00,route-gazipur-mirpur,depot-gazipur,station-mirpur,2,7000.0,AVAILABLE
646,2026-01-07T17:30:00,route-gazipur-tongi,depot-gazipur,station-tongi,2,6500.0,AVAILABLE
646,2026-01-07T17:30:00,route-patiya-karnaphuli,depot-patiya,station-karnaphuli,2,7000.0,AVAILABLE
646,2026-01-07T17:30:00,route-patiya-coxsbazar,depot-patiya,station-coxsbazar,3,6000.0,AVAILABLE
646,2026-01-07T17:30:00,route-gazipur-karnaphuli,depot-gazipur,station-karnaphuli,4,5000.0,AVAILABLE
646,2026-01-07T17:30:00,route-patiya-mirpur,depot-patiya,station-mirpur,4,5000.0,AVAILABLE
647,2026-01-07T17:45:00,route-gazipur-mirpur,depot-gazipur,station-mirpur,2,7000.0,AVAILABLE
647,2026-01-07T17:45:00,route-gazipur-tongi,depot-gazipur,station-tongi,2,6500.0,AVAILABLE
647,2026-01-07T17:45:00,route-patiya-karnaphuli,depot-patiya,station-karnaphuli,2,7000.0,AVAILABLE
647,2026-01-07T17:45:00,route-patiya-coxsbazar,depot-patiya,station-coxsbazar,3,6000.0,AVAILABLE
647,2026-01-07T17:45:00,route-gazipur-karnaphuli,depot-gazipur,station-karnaphuli,4,5000.0,AVAILABLE
647,2026-01-07T17:45:00,route-patiya-mirpur,depot-patiya,station-mirpur,4,5000.0,AVAILABLE
648,2026-01-07T18:00:00,route-gazipur-mirpur,depot-gazipur,station-mirpur,2,7000.0,AVAILABLE
648,2026-01-07T18:00:00,route-gazipur-tongi,depot-gazipur,station-tongi,2,6500.0,AVAILABLE
648,2026-01-07T18:00:00,route-patiya-karnaphuli,depot-patiya,station-karnaphuli,2,7000.0,AVAILABLE
648,2026-01-07T18:00:00,route-patiya-coxsbazar,depot-patiya,station-coxsbazar,3,6000.0,AVAILABLE
648,2026-01-07T18:00:00,route-gazipur-karnaphuli,depot-gazipur,station-karnaphuli,4,5000.0,AVAILABLE
648,2026-01-07T18:00:00,route-patiya-mirpur,depot-patiya,station-mirpur,4,5000.0,AVAILABLE
649,2026-01-07T18:15:00,route-gazipur-mirpur,depot-gazipur,station-mirpur,2,7000.0,AVAILABLE
649,2026-01-07T18:15:00,route-gazipur-tongi,depot-gazipur,station-tongi,2,6500.0,AVAILABLE
649,2026-01-07T18:15:00,route-patiya-karnaphuli,depot-patiya,station-karnaphuli,2,7000.0,AVAILABLE
649,2026-01-07T18:15:00,route-patiya-coxsbazar,depot-patiya,station-coxsbazar,3,6000.0,AVAILABLE
649,2026-01-07T18:15:00,route-gazipur-karnaphuli,depot-gazipur,station-karnaphuli,4,5000.0,AVAILABLE
649,2026-01-07T18:15:00,route-patiya-mirpur,depot-patiya,station-mirpur,4,5000.0,AVAILABLE
650,2026-01-07T18:30:00,route-gazipur-mirpur,depot-gazipur,station-mirpur,2,7000.0,AVAILABLE
650,2026-01-07T18:30:00,route-gazipur-tongi,depot-gazipur,station-tongi,2,6500.0,AVAILABLE
650,2026-01-07T18:30:00,route-patiya-karnaphuli,depot-patiya,station-karnaphuli,2,7000.0,AVAILABLE
650,2026-01-07T18:30:00,route-patiya-coxsbazar,depot-patiya,station-coxsbazar,3,6000.0,AVAILABLE
650,2026-01-07T18:30:00,route-gazipur-karnaphuli,depot-gazipur,station-karnaphuli,4,5000.0,AVAILABLE
650,2026-01-07T18:30:00,route-patiya-mirpur,depot-patiya,station-mirpur,4,5000.0,AVAILABLE
651,2026-01-07T18:45:00,route-gazipur-mirpur,depot-gazipur,station-mirpur,2,7000.0,AVAILABLE
651,2026-01-07T18:45:00,route-gazipur-tongi,depot-gazipur,station-tongi,2,6500.0,AVAILABLE
651,2026-01-07T18:45:00,route-patiya-karnaphuli,depot-patiya,station-karnaphuli,2,7000.0,AVAILABLE
651,2026-01-07T18:45:00,route-patiya-coxsbazar,depot-patiya,station-coxsbazar,3,6000.0,AVAILABLE
651,2026-01-07T18:45:00,route-gazipur-karnaphuli,depot-gazipur,station-karnaphuli,4,5000.0,AVAILABLE
651,2026-01-07T18:45:00,route-patiya-mirpur,depot-patiya,station-mirpur,4,5000.0,AVAILABLE
652,2026-01-07T19:00:00,route-gazipur-mirpur,depot-gazipur,station-mirpur,2,7000.0,AVAILABLE
652,2026-01-07T19:00:00,route-gazipur-tongi,depot-gazipur,station-tongi,2,6500.0,AVAILABLE
652,2026-01-07T19:00:00,route-patiya-karnaphuli,depot-patiya,station-karnaphuli,2,7000.0,AVAILABLE
652,2026-01-07T19:00:00,route-patiya-coxsbazar,depot-patiya,station-coxsbazar,3,6000.0,AVAILABLE
652,2026-01-07T19:00:00,route-gazipur-karnaphuli,depot-gazipur,station-karnaphuli,4,5000.0,AVAILABLE
652,2026-01-07T19:00:00,route-patiya-mirpur,depot-patiya,station-mirpur,4,5000.0,AVAILABLE
653,2026-01-07T19:15:00,route-gazipur-mirpur,depot-gazipur,station-mirpur,2,7000.0,AVAILABLE
653,2026-01-07T19:15:00,route-gazipur-tongi,depot-gazipur,station-tongi,2,6500.0,AVAILABLE
653,2026-01-07T19:15:00,route-patiya-karnaphuli,depot-patiya,station-karnaphuli,2,7000.0,AVAILABLE
653,2026-01-07T19:15:00,route-patiya-coxsbazar,depot-patiya,station-coxsbazar,3,6000.0,AVAILABLE
653,2026-01-07T19:15:00,route-gazipur-karnaphuli,depot-gazipur,station-karnaphuli,4,5000.0,AVAILABLE
653,2026-01-07T19:15:00,route-patiya-mirpur,depot-patiya,station-mirpur,4,5000.0,AVAILABLE
654,2026-01-07T19:30:00,route-gazipur-mirpur,depot-gazipur,station-mirpur,2,7000.0,AVAILABLE
654,2026-01-07T19:30:00,route-gazipur-tongi,depot-gazipur,station-tongi,2,6500.0,AVAILABLE
654,2026-01-07T19:30:00,route-patiya-karnaphuli,depot-patiya,station-karnaphuli,2,7000.0,AVAILABLE
654,2026-01-07T19:30:00,route-patiya-coxsbazar,depot-patiya,station-coxsbazar,3,6000.0,AVAILABLE
654,2026-01-07T19:30:00,route-gazipur-karnaphuli,depot-gazipur,station-karnaphuli,4,5000.0,AVAILABLE
654,2026-01-07T19:30:00,route-patiya-mirpur,depot-patiya,station-mirpur,4,5000.0,AVAILABLE
655,2026-01-07T19:45:00,route-gazipur-mirpur,depot-gazipur,station-mirpur,2,7000.0,AVAILABLE
655,2026-01-07T19:45:00,route-gazipur-tongi,depot-gazipur,station-tongi,2,6500.0,AVAILABLE
655,2026-01-07T19:45:00,route-patiya-karnaphuli,depot-patiya,station-karnaphuli,2,7000.0,AVAILABLE
655,2026-01-07T19:45:00,route-patiya-coxsbazar,depot-patiya,station-coxsbazar,3,6000.0,AVAILABLE
655,2026-01-07T19:45:00,route-gazipur-karnaphuli,depot-gazipur,station-karnaphuli,4,5000.0,AVAILABLE
655,2026-01-07T19:45:00,route-patiya-mirpur,depot-patiya,station-mirpur,4,5000.0,AVAILABLE
656,2026-01-07T20:00:00,route-gazipur-mirpur,depot-gazipur,station-mirpur,2,7000.0,AVAILABLE
656,2026-01-07T20:00:00,route-gazipur-tongi,depot-gazipur,station-tongi,2,6500.0,AVAILABLE
656,2026-01-07T20:00:00,route-patiya-karnaphuli,depot-patiya,station-karnaphuli,2,7000.0,AVAILABLE
656,2026-01-07T20:00:00,route-patiya-coxsbazar,depot-patiya,station-coxsbazar,3,6000.0,AVAILABLE
656,2026-01-07T20:00:00,route-gazipur-karnaphuli,depot-gazipur,station-karnaphuli,4,5000.0,AVAILABLE
656,2026-01-07T20:00:00,route-patiya-mirpur,depot-patiya,station-mirpur,4,5000.0,AVAILABLE
657,2026-01-07T20:15:00,route-gazipur-mirpur,depot-gazipur,station-mirpur,2,7000.0,AVAILABLE
657,2026-01-07T20:15:00,route-gazipur-tongi,depot-gazipur,station-tongi,2,6500.0,AVAILABLE
657,2026-01-07T20:15:00,route-patiya-karnaphuli,depot-patiya,station-karnaphuli,2,7000.0,AVAILABLE
657,2026-01-07T20:15:00,route-patiya-coxsbazar,depot-patiya,station-coxsbazar,3,6000.0,AVAILABLE
657,2026-01-07T20:15:00,route-gazipur-karnaphuli,depot-gazipur,station-karnaphuli,4,5000.0,AVAILABLE
657,2026-01-07T20:15:00,route-patiya-mirpur,depot-patiya,station-mirpur,4,5000.0,AVAILABLE
658,2026-01-07T20:30:00,route-gazipur-mirpur,depot-gazipur,station-mirpur,2,7000.0,AVAILABLE
658,2026-01-07T20:30:00,route-gazipur-tongi,depot-gazipur,station-tongi,2,6500.0,AVAILABLE
658,2026-01-07T20:30:00,route-patiya-karnaphuli,depot-patiya,station-karnaphuli,2,7000.0,AVAILABLE
658,2026-01-07T20:30:00,route-patiya-coxsbazar,depot-patiya,station-coxsbazar,3,6000.0,AVAILABLE
658,2026-01-07T20:30:00,route-gazipur-karnaphuli,depot-gazipur,station-karnaphuli,4,5000.0,AVAILABLE
658,2026-01-07T20:30:00,route-patiya-mirpur,depot-patiya,station-mirpur,4,5000.0,AVAILABLE
659,2026-01-07T20:45:00,route-gazipur-mirpur,depot-gazipur,station-mirpur,2,7000.0,AVAILABLE
659,2026-01-07T20:45:00,route-gazipur-tongi,depot-gazipur,station-tongi,2,6500.0,AVAILABLE
659,2026-01-07T20:45:00,route-patiya-karnaphuli,depot-patiya,station-karnaphuli,2,7000.0,AVAILABLE
659,2026-01-07T20:45:00,route-patiya-coxsbazar,depot-patiya,station-coxsbazar,3,6000.0,AVAILABLE
659,2026-01-07T20:45:00,route-gazipur-karnaphuli,depot-gazipur,station-karnaphuli,4,5000.0,AVAILABLE
659,2026-01-07T20:45:00,route-patiya-mirpur,depot-patiya,station-mirpur,4,5000.0,AVAILABLE
660,2026-01-07T21:00:00,route-gazipur-mirpur,depot-gazipur,station-mirpur,2,7000.0,AVAILABLE
660,2026-01-07T21:00:00,route-gazipur-tongi,depot-gazipur,station-tongi,2,6500.0,AVAILABLE
660,2026-01-07T21:00:00,route-patiya-karnaphuli,depot-patiya,station-karnaphuli,2,7000.0,AVAILABLE
660,2026-01-07T21:00:00,route-patiya-coxsbazar,depot-patiya,station-coxsbazar,3,6000.0,AVAILABLE
660,2026-01-07T21:00:00,route-gazipur-karnaphuli,depot-gazipur,station-karnaphuli,4,5000.0,AVAILABLE
660,2026-01-07T21:00:00,route-patiya-mirpur,depot-patiya,station-mirpur,4,5000.0,AVAILABLE
661,2026-01-07T21:15:00,route-gazipur-mirpur,depot-gazipur,station-mirpur,2,7000.0,AVAILABLE
661,2026-01-07T21:15:00,route-gazipur-tongi,depot-gazipur,station-tongi,2,6500.0,AVAILABLE
661,2026-01-07T21:15:00,route-patiya-karnaphuli,depot-patiya,station-karnaphuli,2,7000.0,AVAILABLE
661,2026-01-07T21:15:00,route-patiya-coxsbazar,depot-patiya,station-coxsbazar,3,6000.0,AVAILABLE
661,2026-01-07T21:15:00,route-gazipur-karnaphuli,depot-gazipur,station-karnaphuli,4,5000.0,AVAILABLE
661,2026-01-07T21:15:00,route-patiya-mirpur,depot-patiya,station-mirpur,4,5000.0,AVAILABLE
662,2026-01-07T21:30:00,route-gazipur-mirpur,depot-gazipur,station-mirpur,2,7000.0,AVAILABLE
662,2026-01-07T21:30:00,route-gazipur-tongi,depot-gazipur,station-tongi,2,6500.0,AVAILABLE
662,2026-01-07T21:30:00,route-patiya-karnaphuli,depot-patiya,station-karnaphuli,2,7000.0,AVAILABLE
662,2026-01-07T21:30:00,route-patiya-coxsbazar,depot-patiya,station-coxsbazar,3,6000.0,AVAILABLE
662,2026-01-07T21:30:00,route-gazipur-karnaphuli,depot-gazipur,station-karnaphuli,4,5000.0,AVAILABLE
662,2026-01-07T21:30:00,route-patiya-mirpur,depot-patiya,station-mirpur,4,5000.0,AVAILABLE
663,2026-01-07T21:45:00,route-gazipur-mirpur,depot-gazipur,station-mirpur,2,7000.0,AVAILABLE
663,2026-01-07T21:45:00,route-gazipur-tongi,depot-gazipur,station-tongi,2,6500.0,AVAILABLE
663,2026-01-07T21:45:00,route-patiya-karnaphuli,depot-patiya,station-karnaphuli,2,7000.0,AVAILABLE
663,2026-01-07T21:45:00,route-patiya-coxsbazar,depot-patiya,station-coxsbazar,3,6000.0,AVAILABLE
663,2026-01-07T21:45:00,route-gazipur-karnaphuli,depot-gazipur,station-karnaphuli,4,5000.0,AVAILABLE
663,2026-01-07T21:45:00,route-patiya-mirpur,depot-patiya,station-mirpur,4,5000.0,AVAILABLE
664,2026-01-07T22:00:00,route-gazipur-mirpur,depot-gazipur,station-mirpur,2,7000.0,AVAILABLE
664,2026-01-07T22:00:00,route-gazipur-tongi,depot-gazipur,station-tongi,2,6500.0,AVAILABLE
664,2026-01-07T22:00:00,route-patiya-karnaphuli,depot-patiya,station-karnaphuli,2,7000.0,AVAILABLE
664,2026-01-07T22:00:00,route-patiya-coxsbazar,depot-patiya,station-coxsbazar,3,6000.0,AVAILABLE
664,2026-01-07T22:00:00,route-gazipur-karnaphuli,depot-gazipur,station-karnaphuli,4,5000.0,AVAILABLE
664,2026-01-07T22:00:00,route-patiya-mirpur,depot-patiya,station-mirpur,4,5000.0,AVAILABLE
665,2026-01-07T22:15:00,route-gazipur-mirpur,depot-gazipur,station-mirpur,2,7000.0,AVAILABLE
665,2026-01-07T22:15:00,route-gazipur-tongi,depot-gazipur,station-tongi,2,6500.0,AVAILABLE
665,2026-01-07T22:15:00,route-patiya-karnaphuli,depot-patiya,station-karnaphuli,2,7000.0,AVAILABLE
665,2026-01-07T22:15:00,route-patiya-coxsbazar,depot-patiya,station-coxsbazar,3,6000.0,AVAILABLE
665,2026-01-07T22:15:00,route-gazipur-karnaphuli,depot-gazipur,station-karnaphuli,4,5000.0,AVAILABLE
665,2026-01-07T22:15:00,route-patiya-mirpur,depot-patiya,station-mirpur,4,5000.0,AVAILABLE
666,2026-01-07T22:30:00,route-gazipur-mirpur,depot-gazipur,station-mirpur,2,7000.0,AVAILABLE
666,2026-01-07T22:30:00,route-gazipur-tongi,depot-gazipur,station-tongi,2,6500.0,AVAILABLE
666,2026-01-07T22:30:00,route-patiya-karnaphuli,depot-patiya,station-karnaphuli,2,7000.0,AVAILABLE
666,2026-01-07T22:30:00,route-patiya-coxsbazar,depot-patiya,station-coxsbazar,3,6000.0,AVAILABLE
666,2026-01-07T22:30:00,route-gazipur-karnaphuli,depot-gazipur,station-karnaphuli,4,5000.0,AVAILABLE
666,2026-01-07T22:30:00,route-patiya-mirpur,depot-patiya,station-mirpur,4,5000.0,AVAILABLE
667,2026-01-07T22:45:00,route-gazipur-mirpur,depot-gazipur,station-mirpur,2,7000.0,AVAILABLE
667,2026-01-07T22:45:00,route-gazipur-tongi,depot-gazipur,station-tongi,2,6500.0,AVAILABLE
667,2026-01-07T22:45:00,route-patiya-karnaphuli,depot-patiya,station-karnaphuli,2,7000.0,AVAILABLE
667,2026-01-07T22:45:00,route-patiya-coxsbazar,depot-patiya,station-coxsbazar,3,6000.0,AVAILABLE
667,2026-01-07T22:45:00,route-gazipur-karnaphuli,depot-gazipur,station-karnaphuli,4,5000.0,AVAILABLE
667,2026-01-07T22:45:00,route-patiya-mirpur,depot-patiya,station-mirpur,4,5000.0,AVAILABLE
668,2026-01-07T23:00:00,route-gazipur-mirpur,depot-gazipur,station-mirpur,2,7000.0,AVAILABLE
668,2026-01-07T23:00:00,route-gazipur-tongi,depot-gazipur,station-tongi,2,6500.0,AVAILABLE
668,2026-01-07T23:00:00,route-patiya-karnaphuli,depot-patiya,station-karnaphuli,2,7000.0,AVAILABLE
668,2026-01-07T23:00:00,route-patiya-coxsbazar,depot-patiya,station-coxsbazar,3,6000.0,AVAILABLE
668,2026-01-07T23:00:00,route-gazipur-karnaphuli,depot-gazipur,station-karnaphuli,4,5000.0,AVAILABLE
668,2026-01-07T23:00:00,route-patiya-mirpur,depot-patiya,station-mirpur,4,5000.0,AVAILABLE
669,2026-01-07T23:15:00,route-gazipur-mirpur,depot-gazipur,station-mirpur,2,7000.0,AVAILABLE
669,2026-01-07T23:15:00,route-gazipur-tongi,depot-gazipur,station-tongi,2,6500.0,AVAILABLE
669,2026-01-07T23:15:00,route-patiya-karnaphuli,depot-patiya,station-karnaphuli,2,7000.0,AVAILABLE
669,2026-01-07T23:15:00,route-patiya-coxsbazar,depot-patiya,station-coxsbazar,3,6000.0,AVAILABLE
669,2026-01-07T23:15:00,route-gazipur-karnaphuli,depot-gazipur,station-karnaphuli,4,5000.0,AVAILABLE
669,2026-01-07T23:15:00,route-patiya-mirpur,depot-patiya,station-mirpur,4,5000.0,AVAILABLE
670,2026-01-07T23:30:00,route-gazipur-mirpur,depot-gazipur,station-mirpur,2,7000.0,AVAILABLE
670,2026-01-07T23:30:00,route-gazipur-tongi,depot-gazipur,station-tongi,2,6500.0,AVAILABLE
670,2026-01-07T23:30:00,route-patiya-karnaphuli,depot-patiya,station-karnaphuli,2,7000.0,AVAILABLE
670,2026-01-07T23:30:00,route-patiya-coxsbazar,depot-patiya,station-coxsbazar,3,6000.0,AVAILABLE
670,2026-01-07T23:30:00,route-gazipur-karnaphuli,depot-gazipur,station-karnaphuli,4,5000.0,AVAILABLE
670,2026-01-07T23:30:00,route-patiya-mirpur,depot-patiya,station-mirpur,4,5000.0,AVAILABLE
671,2026-01-07T23:45:00,route-gazipur-mirpur,depot-gazipur,station-mirpur,2,7000.0,AVAILABLE
671,2026-01-07T23:45:00,route-gazipur-tongi,depot-gazipur,station-tongi,2,6500.0,AVAILABLE
671,2026-01-07T23:45:00,route-patiya-karnaphuli,depot-patiya,station-karnaphuli,2,7000.0,AVAILABLE
671,2026-01-07T23:45:00,route-patiya-coxsbazar,depot-patiya,station-coxsbazar,3,6000.0,AVAILABLE
671,2026-01-07T23:45:00,route-gazipur-karnaphuli,depot-gazipur,station-karnaphuli,4,5000.0,AVAILABLE
671,2026-01-07T23:45:00,route-patiya-mirpur,depot-patiya,station-mirpur,4,5000.0,AVAILABLE
672,2026-01-08T00:00:00,route-gazipur-mirpur,depot-gazipur,station-mirpur,2,7000.0,AVAILABLE
672,2026-01-08T00:00:00,route-gazipur-tongi,depot-gazipur,station-tongi,2,6500.0,AVAILABLE
672,2026-01-08T00:00:00,route-patiya-karnaphuli,depot-patiya,station-karnaphuli,2,7000.0,AVAILABLE
672,2026-01-08T00:00:00,route-patiya-coxsbazar,depot-patiya,station-coxsbazar,3,6000.0,AVAILABLE
672,2026-01-08T00:00:00,route-gazipur-karnaphuli,depot-gazipur,station-karnaphuli,4,5000.0,AVAILABLE
672,2026-01-08T00:00:00,route-patiya-mirpur,depot-patiya,station-mirpur,4,5000.0,AVAILABLE
673,2026-01-08T00:15:00,route-gazipur-mirpur,depot-gazipur,station-mirpur,2,7000.0,AVAILABLE
673,2026-01-08T00:15:00,route-gazipur-tongi,depot-gazipur,station-tongi,2,6500.0,AVAILABLE
673,2026-01-08T00:15:00,route-patiya-karnaphuli,depot-patiya,station-karnaphuli,2,7000.0,AVAILABLE
673,2026-01-08T00:15:00,route-patiya-coxsbazar,depot-patiya,station-coxsbazar,3,6000.0,AVAILABLE
673,2026-01-08T00:15:00,route-gazipur-karnaphuli,depot-gazipur,station-karnaphuli,4,5000.0,AVAILABLE
673,2026-01-08T00:15:00,route-patiya-mirpur,depot-patiya,station-mirpur,4,5000.0,AVAILABLE
674,2026-01-08T00:30:00,route-gazipur-mirpur,depot-gazipur,station-mirpur,2,7000.0,AVAILABLE
674,2026-01-08T00:30:00,route-gazipur-tongi,depot-gazipur,station-tongi,2,6500.0,AVAILABLE
674,2026-01-08T00:30:00,route-patiya-karnaphuli,depot-patiya,station-karnaphuli,2,7000.0,AVAILABLE
674,2026-01-08T00:30:00,route-patiya-coxsbazar,depot-patiya,station-coxsbazar,3,6000.0,AVAILABLE
674,2026-01-08T00:30:00,route-gazipur-karnaphuli,depot-gazipur,station-karnaphuli,4,5000.0,AVAILABLE
674,2026-01-08T00:30:00,route-patiya-mirpur,depot-patiya,station-mirpur,4,5000.0,AVAILABLE
675,2026-01-08T00:45:00,route-gazipur-mirpur,depot-gazipur,station-mirpur,2,7000.0,AVAILABLE
675,2026-01-08T00:45:00,route-gazipur-tongi,depot-gazipur,station-tongi,2,6500.0,AVAILABLE
675,2026-01-08T00:45:00,route-patiya-karnaphuli,depot-patiya,station-karnaphuli,2,7000.0,AVAILABLE
675,2026-01-08T00:45:00,route-patiya-coxsbazar,depot-patiya,station-coxsbazar,3,6000.0,AVAILABLE
675,2026-01-08T00:45:00,route-gazipur-karnaphuli,depot-gazipur,station-karnaphuli,4,5000.0,AVAILABLE
675,2026-01-08T00:45:00,route-patiya-mirpur,depot-patiya,station-mirpur,4,5000.0,AVAILABLE
676,2026-01-08T01:00:00,route-gazipur-mirpur,depot-gazipur,station-mirpur,2,7000.0,AVAILABLE
676,2026-01-08T01:00:00,route-gazipur-tongi,depot-gazipur,station-tongi,2,6500.0,AVAILABLE
676,2026-01-08T01:00:00,route-patiya-karnaphuli,depot-patiya,station-karnaphuli,2,7000.0,AVAILABLE
676,2026-01-08T01:00:00,route-patiya-coxsbazar,depot-patiya,station-coxsbazar,3,6000.0,AVAILABLE
676,2026-01-08T01:00:00,route-gazipur-karnaphuli,depot-gazipur,station-karnaphuli,4,5000.0,AVAILABLE
676,2026-01-08T01:00:00,route-patiya-mirpur,depot-patiya,station-mirpur,4,5000.0,AVAILABLE
677,2026-01-08T01:15:00,route-gazipur-mirpur,depot-gazipur,station-mirpur,2,7000.0,AVAILABLE
677,2026-01-08T01:15:00,route-gazipur-tongi,depot-gazipur,station-tongi,2,6500.0,AVAILABLE
677,2026-01-08T01:15:00,route-patiya-karnaphuli,depot-patiya,station-karnaphuli,2,7000.0,AVAILABLE
677,2026-01-08T01:15:00,route-patiya-coxsbazar,depot-patiya,station-coxsbazar,3,6000.0,AVAILABLE
677,2026-01-08T01:15:00,route-gazipur-karnaphuli,depot-gazipur,station-karnaphuli,4,5000.0,AVAILABLE
677,2026-01-08T01:15:00,route-patiya-mirpur,depot-patiya,station-mirpur,4,5000.0,AVAILABLE
678,2026-01-08T01:30:00,route-gazipur-mirpur,depot-gazipur,station-mirpur,2,7000.0,AVAILABLE
678,2026-01-08T01:30:00,route-gazipur-tongi,depot-gazipur,station-tongi,2,6500.0,AVAILABLE
678,2026-01-08T01:30:00,route-patiya-karnaphuli,depot-patiya,station-karnaphuli,2,7000.0,AVAILABLE
678,2026-01-08T01:30:00,route-patiya-coxsbazar,depot-patiya,station-coxsbazar,3,6000.0,AVAILABLE
678,2026-01-08T01:30:00,route-gazipur-karnaphuli,depot-gazipur,station-karnaphuli,4,5000.0,AVAILABLE
678,2026-01-08T01:30:00,route-patiya-mirpur,depot-patiya,station-mirpur,4,5000.0,AVAILABLE
679,2026-01-08T01:45:00,route-gazipur-mirpur,depot-gazipur,station-mirpur,2,7000.0,AVAILABLE
679,2026-01-08T01:45:00,route-gazipur-tongi,depot-gazipur,station-tongi,2,6500.0,AVAILABLE
679,2026-01-08T01:45:00,route-patiya-karnaphuli,depot-patiya,station-karnaphuli,2,7000.0,AVAILABLE
679,2026-01-08T01:45:00,route-patiya-coxsbazar,depot-patiya,station-coxsbazar,3,6000.0,AVAILABLE
679,2026-01-08T01:45:00,route-gazipur-karnaphuli,depot-gazipur,station-karnaphuli,4,5000.0,AVAILABLE
679,2026-01-08T01:45:00,route-patiya-mirpur,depot-patiya,station-mirpur,4,5000.0,AVAILABLE
680,2026-01-08T02:00:00,route-gazipur-mirpur,depot-gazipur,station-mirpur,2,7000.0,AVAILABLE
680,2026-01-08T02:00:00,route-gazipur-tongi,depot-gazipur,station-tongi,2,6500.0,AVAILABLE
680,2026-01-08T02:00:00,route-patiya-karnaphuli,depot-patiya,station-karnaphuli,2,7000.0,AVAILABLE
680,2026-01-08T02:00:00,route-patiya-coxsbazar,depot-patiya,station-coxsbazar,3,6000.0,AVAILABLE
680,2026-01-08T02:00:00,route-gazipur-karnaphuli,depot-gazipur,station-karnaphuli,4,5000.0,AVAILABLE
680,2026-01-08T02:00:00,route-patiya-mirpur,depot-patiya,station-mirpur,4,5000.0,AVAILABLE
681,2026-01-08T02:15:00,route-gazipur-mirpur,depot-gazipur,station-mirpur,2,7000.0,AVAILABLE
681,2026-01-08T02:15:00,route-gazipur-tongi,depot-gazipur,station-tongi,2,6500.0,AVAILABLE
681,2026-01-08T02:15:00,route-patiya-karnaphuli,depot-patiya,station-karnaphuli,2,7000.0,AVAILABLE
681,2026-01-08T02:15:00,route-patiya-coxsbazar,depot-patiya,station-coxsbazar,3,6000.0,AVAILABLE
681,2026-01-08T02:15:00,route-gazipur-karnaphuli,depot-gazipur,station-karnaphuli,4,5000.0,AVAILABLE
681,2026-01-08T02:15:00,route-patiya-mirpur,depot-patiya,station-mirpur,4,5000.0,AVAILABLE
682,2026-01-08T02:30:00,route-gazipur-mirpur,depot-gazipur,station-mirpur,2,7000.0,AVAILABLE
682,2026-01-08T02:30:00,route-gazipur-tongi,depot-gazipur,station-tongi,2,6500.0,AVAILABLE
682,2026-01-08T02:30:00,route-patiya-karnaphuli,depot-patiya,station-karnaphuli,2,7000.0,AVAILABLE
682,2026-01-08T02:30:00,route-patiya-coxsbazar,depot-patiya,station-coxsbazar,3,6000.0,AVAILABLE
682,2026-01-08T02:30:00,route-gazipur-karnaphuli,depot-gazipur,station-karnaphuli,4,5000.0,AVAILABLE
682,2026-01-08T02:30:00,route-patiya-mirpur,depot-patiya,station-mirpur,4,5000.0,AVAILABLE
683,2026-01-08T02:45:00,route-gazipur-mirpur,depot-gazipur,station-mirpur,2,7000.0,AVAILABLE
683,2026-01-08T02:45:00,route-gazipur-tongi,depot-gazipur,station-tongi,2,6500.0,AVAILABLE
683,2026-01-08T02:45:00,route-patiya-karnaphuli,depot-patiya,station-karnaphuli,2,7000.0,AVAILABLE
683,2026-01-08T02:45:00,route-patiya-coxsbazar,depot-patiya,station-coxsbazar,3,6000.0,AVAILABLE
683,2026-01-08T02:45:00,route-gazipur-karnaphuli,depot-gazipur,station-karnaphuli,4,5000.0,AVAILABLE
683,2026-01-08T02:45:00,route-patiya-mirpur,depot-patiya,station-mirpur,4,5000.0,AVAILABLE
684,2026-01-08T03:00:00,route-gazipur-mirpur,depot-gazipur,station-mirpur,2,7000.0,AVAILABLE
684,2026-01-08T03:00:00,route-gazipur-tongi,depot-gazipur,station-tongi,2,6500.0,AVAILABLE
684,2026-01-08T03:00:00,route-patiya-karnaphuli,depot-patiya,station-karnaphuli,2,7000.0,AVAILABLE
684,2026-01-08T03:00:00,route-patiya-coxsbazar,depot-patiya,station-coxsbazar,3,6000.0,AVAILABLE
684,2026-01-08T03:00:00,route-gazipur-karnaphuli,depot-gazipur,station-karnaphuli,4,5000.0,AVAILABLE
684,2026-01-08T03:00:00,route-patiya-mirpur,depot-patiya,station-mirpur,4,5000.0,AVAILABLE
685,2026-01-08T03:15:00,route-gazipur-mirpur,depot-gazipur,station-mirpur,2,7000.0,AVAILABLE
685,2026-01-08T03:15:00,route-gazipur-tongi,depot-gazipur,station-tongi,2,6500.0,AVAILABLE
685,2026-01-08T03:15:00,route-patiya-karnaphuli,depot-patiya,station-karnaphuli,2,7000.0,AVAILABLE
685,2026-01-08T03:15:00,route-patiya-coxsbazar,depot-patiya,station-coxsbazar,3,6000.0,AVAILABLE
685,2026-01-08T03:15:00,route-gazipur-karnaphuli,depot-gazipur,station-karnaphuli,4,5000.0,AVAILABLE
685,2026-01-08T03:15:00,route-patiya-mirpur,depot-patiya,station-mirpur,4,5000.0,AVAILABLE
686,2026-01-08T03:30:00,route-gazipur-mirpur,depot-gazipur,station-mirpur,2,7000.0,AVAILABLE
686,2026-01-08T03:30:00,route-gazipur-tongi,depot-gazipur,station-tongi,2,6500.0,AVAILABLE
686,2026-01-08T03:30:00,route-patiya-karnaphuli,depot-patiya,station-karnaphuli,2,7000.0,AVAILABLE
686,2026-01-08T03:30:00,route-patiya-coxsbazar,depot-patiya,station-coxsbazar,3,6000.0,AVAILABLE
686,2026-01-08T03:30:00,route-gazipur-karnaphuli,depot-gazipur,station-karnaphuli,4,5000.0,AVAILABLE
686,2026-01-08T03:30:00,route-patiya-mirpur,depot-patiya,station-mirpur,4,5000.0,AVAILABLE
687,2026-01-08T03:45:00,route-gazipur-mirpur,depot-gazipur,station-mirpur,2,7000.0,AVAILABLE
687,2026-01-08T03:45:00,route-gazipur-tongi,depot-gazipur,station-tongi,2,6500.0,AVAILABLE
687,2026-01-08T03:45:00,route-patiya-karnaphuli,depot-patiya,station-karnaphuli,2,7000.0,AVAILABLE
687,2026-01-08T03:45:00,route-patiya-coxsbazar,depot-patiya,station-coxsbazar,3,6000.0,AVAILABLE
687,2026-01-08T03:45:00,route-gazipur-karnaphuli,depot-gazipur,station-karnaphuli,4,5000.0,AVAILABLE
687,2026-01-08T03:45:00,route-patiya-mirpur,depot-patiya,station-mirpur,4,5000.0,AVAILABLE
688,2026-01-08T04:00:00,route-gazipur-mirpur,depot-gazipur,station-mirpur,2,7000.0,AVAILABLE
688,2026-01-08T04:00:00,route-gazipur-tongi,depot-gazipur,station-tongi,2,6500.0,AVAILABLE
688,2026-01-08T04:00:00,route-patiya-karnaphuli,depot-patiya,station-karnaphuli,2,7000.0,AVAILABLE
688,2026-01-08T04:00:00,route-patiya-coxsbazar,depot-patiya,station-coxsbazar,3,6000.0,AVAILABLE
688,2026-01-08T04:00:00,route-gazipur-karnaphuli,depot-gazipur,station-karnaphuli,4,5000.0,AVAILABLE
688,2026-01-08T04:00:00,route-patiya-mirpur,depot-patiya,station-mirpur,4,5000.0,AVAILABLE
689,2026-01-08T04:15:00,route-gazipur-mirpur,depot-gazipur,station-mirpur,2,7000.0,AVAILABLE
689,2026-01-08T04:15:00,route-gazipur-tongi,depot-gazipur,station-tongi,2,6500.0,AVAILABLE
689,2026-01-08T04:15:00,route-patiya-karnaphuli,depot-patiya,station-karnaphuli,2,7000.0,AVAILABLE
689,2026-01-08T04:15:00,route-patiya-coxsbazar,depot-patiya,station-coxsbazar,3,6000.0,AVAILABLE
689,2026-01-08T04:15:00,route-gazipur-karnaphuli,depot-gazipur,station-karnaphuli,4,5000.0,AVAILABLE
689,2026-01-08T04:15:00,route-patiya-mirpur,depot-patiya,station-mirpur,4,5000.0,AVAILABLE
690,2026-01-08T04:30:00,route-gazipur-mirpur,depot-gazipur,station-mirpur,2,7000.0,AVAILABLE
690,2026-01-08T04:30:00,route-gazipur-tongi,depot-gazipur,station-tongi,2,6500.0,AVAILABLE
690,2026-01-08T04:30:00,route-patiya-karnaphuli,depot-patiya,station-karnaphuli,2,7000.0,AVAILABLE
690,2026-01-08T04:30:00,route-patiya-coxsbazar,depot-patiya,station-coxsbazar,3,6000.0,AVAILABLE
690,2026-01-08T04:30:00,route-gazipur-karnaphuli,depot-gazipur,station-karnaphuli,4,5000.0,AVAILABLE
690,2026-01-08T04:30:00,route-patiya-mirpur,depot-patiya,station-mirpur,4,5000.0,AVAILABLE
691,2026-01-08T04:45:00,route-gazipur-mirpur,depot-gazipur,station-mirpur,2,7000.0,AVAILABLE
691,2026-01-08T04:45:00,route-gazipur-tongi,depot-gazipur,station-tongi,2,6500.0,AVAILABLE
691,2026-01-08T04:45:00,route-patiya-karnaphuli,depot-patiya,station-karnaphuli,2,7000.0,AVAILABLE
691,2026-01-08T04:45:00,route-patiya-coxsbazar,depot-patiya,station-coxsbazar,3,6000.0,AVAILABLE
691,2026-01-08T04:45:00,route-gazipur-karnaphuli,depot-gazipur,station-karnaphuli,4,5000.0,AVAILABLE
691,2026-01-08T04:45:00,route-patiya-mirpur,depot-patiya,station-mirpur,4,5000.0,AVAILABLE
692,2026-01-08T05:00:00,route-gazipur-mirpur,depot-gazipur,station-mirpur,2,7000.0,AVAILABLE
692,2026-01-08T05:00:00,route-gazipur-tongi,depot-gazipur,station-tongi,2,6500.0,AVAILABLE
692,2026-01-08T05:00:00,route-patiya-karnaphuli,depot-patiya,station-karnaphuli,2,7000.0,AVAILABLE
692,2026-01-08T05:00:00,route-patiya-coxsbazar,depot-patiya,station-coxsbazar,3,6000.0,AVAILABLE
692,2026-01-08T05:00:00,route-gazipur-karnaphuli,depot-gazipur,station-karnaphuli,4,5000.0,AVAILABLE
692,2026-01-08T05:00:00,route-patiya-mirpur,depot-patiya,station-mirpur,4,5000.0,AVAILABLE
693,2026-01-08T05:15:00,route-gazipur-mirpur,depot-gazipur,station-mirpur,2,7000.0,AVAILABLE
693,2026-01-08T05:15:00,route-gazipur-tongi,depot-gazipur,station-tongi,2,6500.0,AVAILABLE
693,2026-01-08T05:15:00,route-patiya-karnaphuli,depot-patiya,station-karnaphuli,2,7000.0,AVAILABLE
693,2026-01-08T05:15:00,route-patiya-coxsbazar,depot-patiya,station-coxsbazar,3,6000.0,AVAILABLE
693,2026-01-08T05:15:00,route-gazipur-karnaphuli,depot-gazipur,station-karnaphuli,4,5000.0,AVAILABLE
693,2026-01-08T05:15:00,route-patiya-mirpur,depot-patiya,station-mirpur,4,5000.0,AVAILABLE
694,2026-01-08T05:30:00,route-gazipur-mirpur,depot-gazipur,station-mirpur,2,7000.0,AVAILABLE
694,2026-01-08T05:30:00,route-gazipur-tongi,depot-gazipur,station-tongi,2,6500.0,AVAILABLE
694,2026-01-08T05:30:00,route-patiya-karnaphuli,depot-patiya,station-karnaphuli,2,7000.0,AVAILABLE
694,2026-01-08T05:30:00,route-patiya-coxsbazar,depot-patiya,station-coxsbazar,3,6000.0,AVAILABLE
694,2026-01-08T05:30:00,route-gazipur-karnaphuli,depot-gazipur,station-karnaphuli,4,5000.0,AVAILABLE
694,2026-01-08T05:30:00,route-patiya-mirpur,depot-patiya,station-mirpur,4,5000.0,AVAILABLE
695,2026-01-08T05:45:00,route-gazipur-mirpur,depot-gazipur,station-mirpur,2,7000.0,AVAILABLE
695,2026-01-08T05:45:00,route-gazipur-tongi,depot-gazipur,station-tongi,2,6500.0,AVAILABLE
695,2026-01-08T05:45:00,route-patiya-karnaphuli,depot-patiya,station-karnaphuli,2,7000.0,AVAILABLE
695,2026-01-08T05:45:00,route-patiya-coxsbazar,depot-patiya,station-coxsbazar,3,6000.0,AVAILABLE
695,2026-01-08T05:45:00,route-gazipur-karnaphuli,depot-gazipur,station-karnaphuli,4,5000.0,AVAILABLE
695,2026-01-08T05:45:00,route-patiya-mirpur,depot-patiya,station-mirpur,4,5000.0,AVAILABLE
696,2026-01-08T06:00:00,route-gazipur-mirpur,depot-gazipur,station-mirpur,2,7000.0,AVAILABLE
696,2026-01-08T06:00:00,route-gazipur-tongi,depot-gazipur,station-tongi,2,6500.0,AVAILABLE
696,2026-01-08T06:00:00,route-patiya-karnaphuli,depot-patiya,station-karnaphuli,2,7000.0,AVAILABLE
696,2026-01-08T06:00:00,route-patiya-coxsbazar,depot-patiya,station-coxsbazar,3,6000.0,AVAILABLE
696,2026-01-08T06:00:00,route-gazipur-karnaphuli,depot-gazipur,station-karnaphuli,4,5000.0,AVAILABLE
696,2026-01-08T06:00:00,route-patiya-mirpur,depot-patiya,station-mirpur,4,5000.0,AVAILABLE
697,2026-01-08T06:15:00,route-gazipur-mirpur,depot-gazipur,station-mirpur,2,7000.0,AVAILABLE
697,2026-01-08T06:15:00,route-gazipur-tongi,depot-gazipur,station-tongi,2,6500.0,AVAILABLE
697,2026-01-08T06:15:00,route-patiya-karnaphuli,depot-patiya,station-karnaphuli,2,7000.0,AVAILABLE
697,2026-01-08T06:15:00,route-patiya-coxsbazar,depot-patiya,station-coxsbazar,3,6000.0,AVAILABLE
697,2026-01-08T06:15:00,route-gazipur-karnaphuli,depot-gazipur,station-karnaphuli,4,5000.0,AVAILABLE
697,2026-01-08T06:15:00,route-patiya-mirpur,depot-patiya,station-mirpur,4,5000.0,AVAILABLE
698,2026-01-08T06:30:00,route-gazipur-mirpur,depot-gazipur,station-mirpur,2,7000.0,AVAILABLE
698,2026-01-08T06:30:00,route-gazipur-tongi,depot-gazipur,station-tongi,2,6500.0,AVAILABLE
698,2026-01-08T06:30:00,route-patiya-karnaphuli,depot-patiya,station-karnaphuli,2,7000.0,AVAILABLE
698,2026-01-08T06:30:00,route-patiya-coxsbazar,depot-patiya,station-coxsbazar,3,6000.0,AVAILABLE
698,2026-01-08T06:30:00,route-gazipur-karnaphuli,depot-gazipur,station-karnaphuli,4,5000.0,AVAILABLE
698,2026-01-08T06:30:00,route-patiya-mirpur,depot-patiya,station-mirpur,4,5000.0,AVAILABLE
699,2026-01-08T06:45:00,route-gazipur-mirpur,depot-gazipur,station-mirpur,2,7000.0,AVAILABLE
699,2026-01-08T06:45:00,route-gazipur-tongi,depot-gazipur,station-tongi,2,6500.0,AVAILABLE
699,2026-01-08T06:45:00,route-patiya-karnaphuli,depot-patiya,station-karnaphuli,2,7000.0,AVAILABLE
699,2026-01-08T06:45:00,route-patiya-coxsbazar,depot-patiya,station-coxsbazar,3,6000.0,AVAILABLE
699,2026-01-08T06:45:00,route-gazipur-karnaphuli,depot-gazipur,station-karnaphuli,4,5000.0,AVAILABLE
699,2026-01-08T06:45:00,route-patiya-mirpur,depot-patiya,station-mirpur,4,5000.0,AVAILABLE
700,2026-01-08T07:00:00,route-gazipur-mirpur,depot-gazipur,station-mirpur,2,7000.0,AVAILABLE
700,2026-01-08T07:00:00,route-gazipur-tongi,depot-gazipur,station-tongi,2,6500.0,AVAILABLE
700,2026-01-08T07:00:00,route-patiya-karnaphuli,depot-patiya,station-karnaphuli,2,7000.0,AVAILABLE
700,2026-01-08T07:00:00,route-patiya-coxsbazar,depot-patiya,station-coxsbazar,3,6000.0,AVAILABLE
700,2026-01-08T07:00:00,route-gazipur-karnaphuli,depot-gazipur,station-karnaphuli,4,5000.0,AVAILABLE
700,2026-01-08T07:00:00,route-patiya-mirpur,depot-patiya,station-mirpur,4,5000.0,AVAILABLE
701,2026-01-08T07:15:00,route-gazipur-mirpur,depot-gazipur,station-mirpur,2,7000.0,AVAILABLE
701,2026-01-08T07:15:00,route-gazipur-tongi,depot-gazipur,station-tongi,2,6500.0,AVAILABLE
701,2026-01-08T07:15:00,route-patiya-karnaphuli,depot-patiya,station-karnaphuli,2,7000.0,AVAILABLE
701,2026-01-08T07:15:00,route-patiya-coxsbazar,depot-patiya,station-coxsbazar,3,6000.0,AVAILABLE
701,2026-01-08T07:15:00,route-gazipur-karnaphuli,depot-gazipur,station-karnaphuli,4,5000.0,AVAILABLE
701,2026-01-08T07:15:00,route-patiya-mirpur,depot-patiya,station-mirpur,4,5000.0,AVAILABLE
702,2026-01-08T07:30:00,route-gazipur-mirpur,depot-gazipur,station-mirpur,2,7000.0,AVAILABLE
702,2026-01-08T07:30:00,route-gazipur-tongi,depot-gazipur,station-tongi,2,6500.0,AVAILABLE
702,2026-01-08T07:30:00,route-patiya-karnaphuli,depot-patiya,station-karnaphuli,2,7000.0,AVAILABLE
702,2026-01-08T07:30:00,route-patiya-coxsbazar,depot-patiya,station-coxsbazar,3,6000.0,AVAILABLE
702,2026-01-08T07:30:00,route-gazipur-karnaphuli,depot-gazipur,station-karnaphuli,4,5000.0,AVAILABLE
702,2026-01-08T07:30:00,route-patiya-mirpur,depot-patiya,station-mirpur,4,5000.0,AVAILABLE
703,2026-01-08T07:45:00,route-gazipur-mirpur,depot-gazipur,station-mirpur,2,7000.0,AVAILABLE
703,2026-01-08T07:45:00,route-gazipur-tongi,depot-gazipur,station-tongi,2,6500.0,AVAILABLE
703,2026-01-08T07:45:00,route-patiya-karnaphuli,depot-patiya,station-karnaphuli,2,7000.0,AVAILABLE
703,2026-01-08T07:45:00,route-patiya-coxsbazar,depot-patiya,station-coxsbazar,3,6000.0,AVAILABLE
703,2026-01-08T07:45:00,route-gazipur-karnaphuli,depot-gazipur,station-karnaphuli,4,5000.0,AVAILABLE
703,2026-01-08T07:45:00,route-patiya-mirpur,depot-patiya,station-mirpur,4,5000.0,AVAILABLE
704,2026-01-08T08:00:00,route-gazipur-mirpur,depot-gazipur,station-mirpur,2,7000.0,AVAILABLE
704,2026-01-08T08:00:00,route-gazipur-tongi,depot-gazipur,station-tongi,2,6500.0,AVAILABLE
704,2026-01-08T08:00:00,route-patiya-karnaphuli,depot-patiya,station-karnaphuli,2,7000.0,AVAILABLE
704,2026-01-08T08:00:00,route-patiya-coxsbazar,depot-patiya,station-coxsbazar,3,6000.0,AVAILABLE
704,2026-01-08T08:00:00,route-gazipur-karnaphuli,depot-gazipur,station-karnaphuli,4,5000.0,AVAILABLE
704,2026-01-08T08:00:00,route-patiya-mirpur,depot-patiya,station-mirpur,4,5000.0,AVAILABLE
705,2026-01-08T08:15:00,route-gazipur-mirpur,depot-gazipur,station-mirpur,2,7000.0,AVAILABLE
705,2026-01-08T08:15:00,route-gazipur-tongi,depot-gazipur,station-tongi,2,6500.0,AVAILABLE
705,2026-01-08T08:15:00,route-patiya-karnaphuli,depot-patiya,station-karnaphuli,2,7000.0,AVAILABLE
705,2026-01-08T08:15:00,route-patiya-coxsbazar,depot-patiya,station-coxsbazar,3,6000.0,AVAILABLE
705,2026-01-08T08:15:00,route-gazipur-karnaphuli,depot-gazipur,station-karnaphuli,4,5000.0,AVAILABLE
705,2026-01-08T08:15:00,route-patiya-mirpur,depot-patiya,station-mirpur,4,5000.0,AVAILABLE
706,2026-01-08T08:30:00,route-gazipur-mirpur,depot-gazipur,station-mirpur,2,7000.0,AVAILABLE
706,2026-01-08T08:30:00,route-gazipur-tongi,depot-gazipur,station-tongi,2,6500.0,AVAILABLE
706,2026-01-08T08:30:00,route-patiya-karnaphuli,depot-patiya,station-karnaphuli,2,7000.0,AVAILABLE
706,2026-01-08T08:30:00,route-patiya-coxsbazar,depot-patiya,station-coxsbazar,3,6000.0,AVAILABLE
706,2026-01-08T08:30:00,route-gazipur-karnaphuli,depot-gazipur,station-karnaphuli,4,5000.0,AVAILABLE
706,2026-01-08T08:30:00,route-patiya-mirpur,depot-patiya,station-mirpur,4,5000.0,AVAILABLE
707,2026-01-08T08:45:00,route-gazipur-mirpur,depot-gazipur,station-mirpur,2,7000.0,AVAILABLE
707,2026-01-08T08:45:00,route-gazipur-tongi,depot-gazipur,station-tongi,2,6500.0,AVAILABLE
707,2026-01-08T08:45:00,route-patiya-karnaphuli,depot-patiya,station-karnaphuli,2,7000.0,AVAILABLE
707,2026-01-08T08:45:00,route-patiya-coxsbazar,depot-patiya,station-coxsbazar,3,6000.0,AVAILABLE
707,2026-01-08T08:45:00,route-gazipur-karnaphuli,depot-gazipur,station-karnaphuli,4,5000.0,AVAILABLE
707,2026-01-08T08:45:00,route-patiya-mirpur,depot-patiya,station-mirpur,4,5000.0,AVAILABLE
708,2026-01-08T09:00:00,route-gazipur-mirpur,depot-gazipur,station-mirpur,2,7000.0,AVAILABLE
708,2026-01-08T09:00:00,route-gazipur-tongi,depot-gazipur,station-tongi,2,6500.0,AVAILABLE
708,2026-01-08T09:00:00,route-patiya-karnaphuli,depot-patiya,station-karnaphuli,2,7000.0,AVAILABLE
708,2026-01-08T09:00:00,route-patiya-coxsbazar,depot-patiya,station-coxsbazar,3,6000.0,AVAILABLE
708,2026-01-08T09:00:00,route-gazipur-karnaphuli,depot-gazipur,station-karnaphuli,4,5000.0,AVAILABLE
708,2026-01-08T09:00:00,route-patiya-mirpur,depot-patiya,station-mirpur,4,5000.0,AVAILABLE
709,2026-01-08T09:15:00,route-gazipur-mirpur,depot-gazipur,station-mirpur,2,7000.0,AVAILABLE
709,2026-01-08T09:15:00,route-gazipur-tongi,depot-gazipur,station-tongi,2,6500.0,AVAILABLE
709,2026-01-08T09:15:00,route-patiya-karnaphuli,depot-patiya,station-karnaphuli,2,7000.0,AVAILABLE
709,2026-01-08T09:15:00,route-patiya-coxsbazar,depot-patiya,station-coxsbazar,3,6000.0,AVAILABLE
709,2026-01-08T09:15:00,route-gazipur-karnaphuli,depot-gazipur,station-karnaphuli,4,5000.0,AVAILABLE
709,2026-01-08T09:15:00,route-patiya-mirpur,depot-patiya,station-mirpur,4,5000.0,AVAILABLE
710,2026-01-08T09:30:00,route-gazipur-mirpur,depot-gazipur,station-mirpur,2,7000.0,AVAILABLE
710,2026-01-08T09:30:00,route-gazipur-tongi,depot-gazipur,station-tongi,2,6500.0,AVAILABLE
710,2026-01-08T09:30:00,route-patiya-karnaphuli,depot-patiya,station-karnaphuli,2,7000.0,AVAILABLE
710,2026-01-08T09:30:00,route-patiya-coxsbazar,depot-patiya,station-coxsbazar,3,6000.0,AVAILABLE
710,2026-01-08T09:30:00,route-gazipur-karnaphuli,depot-gazipur,station-karnaphuli,4,5000.0,AVAILABLE
710,2026-01-08T09:30:00,route-patiya-mirpur,depot-patiya,station-mirpur,4,5000.0,AVAILABLE
711,2026-01-08T09:45:00,route-gazipur-mirpur,depot-gazipur,station-mirpur,2,7000.0,AVAILABLE
711,2026-01-08T09:45:00,route-gazipur-tongi,depot-gazipur,station-tongi,2,6500.0,AVAILABLE
711,2026-01-08T09:45:00,route-patiya-karnaphuli,depot-patiya,station-karnaphuli,2,7000.0,AVAILABLE
711,2026-01-08T09:45:00,route-patiya-coxsbazar,depot-patiya,station-coxsbazar,3,6000.0,AVAILABLE
711,2026-01-08T09:45:00,route-gazipur-karnaphuli,depot-gazipur,station-karnaphuli,4,5000.0,AVAILABLE
711,2026-01-08T09:45:00,route-patiya-mirpur,depot-patiya,station-mirpur,4,5000.0,AVAILABLE
712,2026-01-08T10:00:00,route-gazipur-mirpur,depot-gazipur,station-mirpur,2,7000.0,AVAILABLE
712,2026-01-08T10:00:00,route-gazipur-tongi,depot-gazipur,station-tongi,2,6500.0,AVAILABLE
712,2026-01-08T10:00:00,route-patiya-karnaphuli,depot-patiya,station-karnaphuli,2,7000.0,AVAILABLE
712,2026-01-08T10:00:00,route-patiya-coxsbazar,depot-patiya,station-coxsbazar,3,6000.0,AVAILABLE
712,2026-01-08T10:00:00,route-gazipur-karnaphuli,depot-gazipur,station-karnaphuli,4,5000.0,AVAILABLE
712,2026-01-08T10:00:00,route-patiya-mirpur,depot-patiya,station-mirpur,4,5000.0,AVAILABLE
713,2026-01-08T10:15:00,route-gazipur-mirpur,depot-gazipur,station-mirpur,2,7000.0,AVAILABLE
713,2026-01-08T10:15:00,route-gazipur-tongi,depot-gazipur,station-tongi,2,6500.0,AVAILABLE
713,2026-01-08T10:15:00,route-patiya-karnaphuli,depot-patiya,station-karnaphuli,2,7000.0,AVAILABLE
713,2026-01-08T10:15:00,route-patiya-coxsbazar,depot-patiya,station-coxsbazar,3,6000.0,AVAILABLE
713,2026-01-08T10:15:00,route-gazipur-karnaphuli,depot-gazipur,station-karnaphuli,4,5000.0,AVAILABLE
713,2026-01-08T10:15:00,route-patiya-mirpur,depot-patiya,station-mirpur,4,5000.0,AVAILABLE
714,2026-01-08T10:30:00,route-gazipur-mirpur,depot-gazipur,station-mirpur,2,7000.0,AVAILABLE
714,2026-01-08T10:30:00,route-gazipur-tongi,depot-gazipur,station-tongi,2,6500.0,AVAILABLE
714,2026-01-08T10:30:00,route-patiya-karnaphuli,depot-patiya,station-karnaphuli,2,7000.0,AVAILABLE
714,2026-01-08T10:30:00,route-patiya-coxsbazar,depot-patiya,station-coxsbazar,3,6000.0,AVAILABLE
714,2026-01-08T10:30:00,route-gazipur-karnaphuli,depot-gazipur,station-karnaphuli,4,5000.0,AVAILABLE
714,2026-01-08T10:30:00,route-patiya-mirpur,depot-patiya,station-mirpur,4,5000.0,AVAILABLE
715,2026-01-08T10:45:00,route-gazipur-mirpur,depot-gazipur,station-mirpur,2,7000.0,AVAILABLE
715,2026-01-08T10:45:00,route-gazipur-tongi,depot-gazipur,station-tongi,2,6500.0,AVAILABLE
715,2026-01-08T10:45:00,route-patiya-karnaphuli,depot-patiya,station-karnaphuli,2,7000.0,AVAILABLE
715,2026-01-08T10:45:00,route-patiya-coxsbazar,depot-patiya,station-coxsbazar,3,6000.0,AVAILABLE
715,2026-01-08T10:45:00,route-gazipur-karnaphuli,depot-gazipur,station-karnaphuli,4,5000.0,AVAILABLE
715,2026-01-08T10:45:00,route-patiya-mirpur,depot-patiya,station-mirpur,4,5000.0,AVAILABLE
716,2026-01-08T11:00:00,route-gazipur-mirpur,depot-gazipur,station-mirpur,2,7000.0,AVAILABLE
716,2026-01-08T11:00:00,route-gazipur-tongi,depot-gazipur,station-tongi,2,6500.0,AVAILABLE
716,2026-01-08T11:00:00,route-patiya-karnaphuli,depot-patiya,station-karnaphuli,2,7000.0,AVAILABLE
716,2026-01-08T11:00:00,route-patiya-coxsbazar,depot-patiya,station-coxsbazar,3,6000.0,AVAILABLE
716,2026-01-08T11:00:00,route-gazipur-karnaphuli,depot-gazipur,station-karnaphuli,4,5000.0,AVAILABLE
716,2026-01-08T11:00:00,route-patiya-mirpur,depot-patiya,station-mirpur,4,5000.0,AVAILABLE
717,2026-01-08T11:15:00,route-gazipur-mirpur,depot-gazipur,station-mirpur,2,7000.0,AVAILABLE
717,2026-01-08T11:15:00,route-gazipur-tongi,depot-gazipur,station-tongi,2,6500.0,AVAILABLE
717,2026-01-08T11:15:00,route-patiya-karnaphuli,depot-patiya,station-karnaphuli,2,7000.0,AVAILABLE
717,2026-01-08T11:15:00,route-patiya-coxsbazar,depot-patiya,station-coxsbazar,3,6000.0,AVAILABLE
717,2026-01-08T11:15:00,route-gazipur-karnaphuli,depot-gazipur,station-karnaphuli,4,5000.0,AVAILABLE
717,2026-01-08T11:15:00,route-patiya-mirpur,depot-patiya,station-mirpur,4,5000.0,AVAILABLE
718,2026-01-08T11:30:00,route-gazipur-mirpur,depot-gazipur,station-mirpur,2,7000.0,AVAILABLE
718,2026-01-08T11:30:00,route-gazipur-tongi,depot-gazipur,station-tongi,2,6500.0,AVAILABLE
718,2026-01-08T11:30:00,route-patiya-karnaphuli,depot-patiya,station-karnaphuli,2,7000.0,AVAILABLE
718,2026-01-08T11:30:00,route-patiya-coxsbazar,depot-patiya,station-coxsbazar,3,6000.0,AVAILABLE
718,2026-01-08T11:30:00,route-gazipur-karnaphuli,depot-gazipur,station-karnaphuli,4,5000.0,AVAILABLE
718,2026-01-08T11:30:00,route-patiya-mirpur,depot-patiya,station-mirpur,4,5000.0,AVAILABLE
719,2026-01-08T11:45:00,route-gazipur-mirpur,depot-gazipur,station-mirpur,2,7000.0,AVAILABLE
719,2026-01-08T11:45:00,route-gazipur-tongi,depot-gazipur,station-tongi,2,6500.0,AVAILABLE
719,2026-01-08T11:45:00,route-patiya-karnaphuli,depot-patiya,station-karnaphuli,2,7000.0,AVAILABLE
719,2026-01-08T11:45:00,route-patiya-coxsbazar,depot-patiya,station-coxsbazar,3,6000.0,AVAILABLE
719,2026-01-08T11:45:00,route-gazipur-karnaphuli,depot-gazipur,station-karnaphuli,4,5000.0,AVAILABLE
719,2026-01-08T11:45:00,route-patiya-mirpur,depot-patiya,station-mirpur,4,5000.0,AVAILABLE
720,2026-01-08T12:00:00,route-gazipur-mirpur,depot-gazipur,station-mirpur,2,7000.0,AVAILABLE
720,2026-01-08T12:00:00,route-gazipur-tongi,depot-gazipur,station-tongi,2,6500.0,AVAILABLE
720,2026-01-08T12:00:00,route-patiya-karnaphuli,depot-patiya,station-karnaphuli,2,7000.0,AVAILABLE
720,2026-01-08T12:00:00,route-patiya-coxsbazar,depot-patiya,station-coxsbazar,3,6000.0,AVAILABLE
720,2026-01-08T12:00:00,route-gazipur-karnaphuli,depot-gazipur,station-karnaphuli,4,5000.0,AVAILABLE
720,2026-01-08T12:00:00,route-patiya-mirpur,depot-patiya,station-mirpur,4,5000.0,AVAILABLE
721,2026-01-08T12:15:00,route-gazipur-mirpur,depot-gazipur,station-mirpur,2,7000.0,AVAILABLE
721,2026-01-08T12:15:00,route-gazipur-tongi,depot-gazipur,station-tongi,2,6500.0,AVAILABLE
721,2026-01-08T12:15:00,route-patiya-karnaphuli,depot-patiya,station-karnaphuli,2,7000.0,AVAILABLE
721,2026-01-08T12:15:00,route-patiya-coxsbazar,depot-patiya,station-coxsbazar,3,6000.0,AVAILABLE
721,2026-01-08T12:15:00,route-gazipur-karnaphuli,depot-gazipur,station-karnaphuli,4,5000.0,AVAILABLE
721,2026-01-08T12:15:00,route-patiya-mirpur,depot-patiya,station-mirpur,4,5000.0,AVAILABLE
722,2026-01-08T12:30:00,route-gazipur-mirpur,depot-gazipur,station-mirpur,2,7000.0,AVAILABLE
722,2026-01-08T12:30:00,route-gazipur-tongi,depot-gazipur,station-tongi,2,6500.0,AVAILABLE
722,2026-01-08T12:30:00,route-patiya-karnaphuli,depot-patiya,station-karnaphuli,2,7000.0,AVAILABLE
722,2026-01-08T12:30:00,route-patiya-coxsbazar,depot-patiya,station-coxsbazar,3,6000.0,AVAILABLE
722,2026-01-08T12:30:00,route-gazipur-karnaphuli,depot-gazipur,station-karnaphuli,4,5000.0,AVAILABLE
722,2026-01-08T12:30:00,route-patiya-mirpur,depot-patiya,station-mirpur,4,5000.0,AVAILABLE
723,2026-01-08T12:45:00,route-gazipur-mirpur,depot-gazipur,station-mirpur,2,7000.0,AVAILABLE
723,2026-01-08T12:45:00,route-gazipur-tongi,depot-gazipur,station-tongi,2,6500.0,AVAILABLE
723,2026-01-08T12:45:00,route-patiya-karnaphuli,depot-patiya,station-karnaphuli,2,7000.0,AVAILABLE
723,2026-01-08T12:45:00,route-patiya-coxsbazar,depot-patiya,station-coxsbazar,3,6000.0,AVAILABLE
723,2026-01-08T12:45:00,route-gazipur-karnaphuli,depot-gazipur,station-karnaphuli,4,5000.0,AVAILABLE
723,2026-01-08T12:45:00,route-patiya-mirpur,depot-patiya,station-mirpur,4,5000.0,AVAILABLE
724,2026-01-08T13:00:00,route-gazipur-mirpur,depot-gazipur,station-mirpur,2,7000.0,AVAILABLE
724,2026-01-08T13:00:00,route-gazipur-tongi,depot-gazipur,station-tongi,2,6500.0,AVAILABLE
724,2026-01-08T13:00:00,route-patiya-karnaphuli,depot-patiya,station-karnaphuli,2,7000.0,AVAILABLE
724,2026-01-08T13:00:00,route-patiya-coxsbazar,depot-patiya,station-coxsbazar,3,6000.0,AVAILABLE
724,2026-01-08T13:00:00,route-gazipur-karnaphuli,depot-gazipur,station-karnaphuli,4,5000.0,AVAILABLE
724,2026-01-08T13:00:00,route-patiya-mirpur,depot-patiya,station-mirpur,4,5000.0,AVAILABLE
725,2026-01-08T13:15:00,route-gazipur-mirpur,depot-gazipur,station-mirpur,2,7000.0,AVAILABLE
725,2026-01-08T13:15:00,route-gazipur-tongi,depot-gazipur,station-tongi,2,6500.0,AVAILABLE
725,2026-01-08T13:15:00,route-patiya-karnaphuli,depot-patiya,station-karnaphuli,2,7000.0,AVAILABLE
725,2026-01-08T13:15:00,route-patiya-coxsbazar,depot-patiya,station-coxsbazar,3,6000.0,AVAILABLE
725,2026-01-08T13:15:00,route-gazipur-karnaphuli,depot-gazipur,station-karnaphuli,4,5000.0,AVAILABLE
725,2026-01-08T13:15:00,route-patiya-mirpur,depot-patiya,station-mirpur,4,5000.0,AVAILABLE
726,2026-01-08T13:30:00,route-gazipur-mirpur,depot-gazipur,station-mirpur,2,7000.0,AVAILABLE
726,2026-01-08T13:30:00,route-gazipur-tongi,depot-gazipur,station-tongi,2,6500.0,AVAILABLE
726,2026-01-08T13:30:00,route-patiya-karnaphuli,depot-patiya,station-karnaphuli,2,7000.0,AVAILABLE
726,2026-01-08T13:30:00,route-patiya-coxsbazar,depot-patiya,station-coxsbazar,3,6000.0,AVAILABLE
726,2026-01-08T13:30:00,route-gazipur-karnaphuli,depot-gazipur,station-karnaphuli,4,5000.0,AVAILABLE
726,2026-01-08T13:30:00,route-patiya-mirpur,depot-patiya,station-mirpur,4,5000.0,AVAILABLE
727,2026-01-08T13:45:00,route-gazipur-mirpur,depot-gazipur,station-mirpur,2,7000.0,AVAILABLE
727,2026-01-08T13:45:00,route-gazipur-tongi,depot-gazipur,station-tongi,2,6500.0,AVAILABLE
727,2026-01-08T13:45:00,route-patiya-karnaphuli,depot-patiya,station-karnaphuli,2,7000.0,AVAILABLE
727,2026-01-08T13:45:00,route-patiya-coxsbazar,depot-patiya,station-coxsbazar,3,6000.0,AVAILABLE
727,2026-01-08T13:45:00,route-gazipur-karnaphuli,depot-gazipur,station-karnaphuli,4,5000.0,AVAILABLE
727,2026-01-08T13:45:00,route-patiya-mirpur,depot-patiya,station-mirpur,4,5000.0,AVAILABLE
728,2026-01-08T14:00:00,route-gazipur-mirpur,depot-gazipur,station-mirpur,2,7000.0,AVAILABLE
728,2026-01-08T14:00:00,route-gazipur-tongi,depot-gazipur,station-tongi,2,6500.0,AVAILABLE
728,2026-01-08T14:00:00,route-patiya-karnaphuli,depot-patiya,station-karnaphuli,2,7000.0,AVAILABLE
728,2026-01-08T14:00:00,route-patiya-coxsbazar,depot-patiya,station-coxsbazar,3,6000.0,AVAILABLE
728,2026-01-08T14:00:00,route-gazipur-karnaphuli,depot-gazipur,station-karnaphuli,4,5000.0,AVAILABLE
728,2026-01-08T14:00:00,route-patiya-mirpur,depot-patiya,station-mirpur,4,5000.0,AVAILABLE
729,2026-01-08T14:15:00,route-gazipur-mirpur,depot-gazipur,station-mirpur,2,7000.0,AVAILABLE
729,2026-01-08T14:15:00,route-gazipur-tongi,depot-gazipur,station-tongi,2,6500.0,AVAILABLE
729,2026-01-08T14:15:00,route-patiya-karnaphuli,depot-patiya,station-karnaphuli,2,7000.0,AVAILABLE
729,2026-01-08T14:15:00,route-patiya-coxsbazar,depot-patiya,station-coxsbazar,3,6000.0,AVAILABLE
729,2026-01-08T14:15:00,route-gazipur-karnaphuli,depot-gazipur,station-karnaphuli,4,5000.0,AVAILABLE
729,2026-01-08T14:15:00,route-patiya-mirpur,depot-patiya,station-mirpur,4,5000.0,AVAILABLE
730,2026-01-08T14:30:00,route-gazipur-mirpur,depot-gazipur,station-mirpur,2,7000.0,AVAILABLE
730,2026-01-08T14:30:00,route-gazipur-tongi,depot-gazipur,station-tongi,2,6500.0,AVAILABLE
730,2026-01-08T14:30:00,route-patiya-karnaphuli,depot-patiya,station-karnaphuli,2,7000.0,AVAILABLE
730,2026-01-08T14:30:00,route-patiya-coxsbazar,depot-patiya,station-coxsbazar,3,6000.0,AVAILABLE
730,2026-01-08T14:30:00,route-gazipur-karnaphuli,depot-gazipur,station-karnaphuli,4,5000.0,AVAILABLE
730,2026-01-08T14:30:00,route-patiya-mirpur,depot-patiya,station-mirpur,4,5000.0,AVAILABLE
731,2026-01-08T14:45:00,route-gazipur-mirpur,depot-gazipur,station-mirpur,2,7000.0,AVAILABLE
731,2026-01-08T14:45:00,route-gazipur-tongi,depot-gazipur,station-tongi,2,6500.0,AVAILABLE
731,2026-01-08T14:45:00,route-patiya-karnaphuli,depot-patiya,station-karnaphuli,2,7000.0,AVAILABLE
731,2026-01-08T14:45:00,route-patiya-coxsbazar,depot-patiya,station-coxsbazar,3,6000.0,AVAILABLE
731,2026-01-08T14:45:00,route-gazipur-karnaphuli,depot-gazipur,station-karnaphuli,4,5000.0,AVAILABLE
731,2026-01-08T14:45:00,route-patiya-mirpur,depot-patiya,station-mirpur,4,5000.0,AVAILABLE
732,2026-01-08T15:00:00,route-gazipur-mirpur,depot-gazipur,station-mirpur,2,7000.0,AVAILABLE
732,2026-01-08T15:00:00,route-gazipur-tongi,depot-gazipur,station-tongi,2,6500.0,AVAILABLE
732,2026-01-08T15:00:00,route-patiya-karnaphuli,depot-patiya,station-karnaphuli,2,7000.0,AVAILABLE
732,2026-01-08T15:00:00,route-patiya-coxsbazar,depot-patiya,station-coxsbazar,3,6000.0,AVAILABLE
732,2026-01-08T15:00:00,route-gazipur-karnaphuli,depot-gazipur,station-karnaphuli,4,5000.0,AVAILABLE
732,2026-01-08T15:00:00,route-patiya-mirpur,depot-patiya,station-mirpur,4,5000.0,AVAILABLE
733,2026-01-08T15:15:00,route-gazipur-mirpur,depot-gazipur,station-mirpur,2,7000.0,AVAILABLE
733,2026-01-08T15:15:00,route-gazipur-tongi,depot-gazipur,station-tongi,2,6500.0,AVAILABLE
733,2026-01-08T15:15:00,route-patiya-karnaphuli,depot-patiya,station-karnaphuli,2,7000.0,AVAILABLE
733,2026-01-08T15:15:00,route-patiya-coxsbazar,depot-patiya,station-coxsbazar,3,6000.0,AVAILABLE
733,2026-01-08T15:15:00,route-gazipur-karnaphuli,depot-gazipur,station-karnaphuli,4,5000.0,AVAILABLE
733,2026-01-08T15:15:00,route-patiya-mirpur,depot-patiya,station-mirpur,4,5000.0,AVAILABLE
734,2026-01-08T15:30:00,route-gazipur-mirpur,depot-gazipur,station-mirpur,2,7000.0,AVAILABLE
734,2026-01-08T15:30:00,route-gazipur-tongi,depot-gazipur,station-tongi,2,6500.0,AVAILABLE
734,2026-01-08T15:30:00,route-patiya-karnaphuli,depot-patiya,station-karnaphuli,2,7000.0,AVAILABLE
734,2026-01-08T15:30:00,route-patiya-coxsbazar,depot-patiya,station-coxsbazar,3,6000.0,AVAILABLE
734,2026-01-08T15:30:00,route-gazipur-karnaphuli,depot-gazipur,station-karnaphuli,4,5000.0,AVAILABLE
734,2026-01-08T15:30:00,route-patiya-mirpur,depot-patiya,station-mirpur,4,5000.0,AVAILABLE
735,2026-01-08T15:45:00,route-gazipur-mirpur,depot-gazipur,station-mirpur,2,7000.0,AVAILABLE
735,2026-01-08T15:45:00,route-gazipur-tongi,depot-gazipur,station-tongi,2,6500.0,AVAILABLE
735,2026-01-08T15:45:00,route-patiya-karnaphuli,depot-patiya,station-karnaphuli,2,7000.0,AVAILABLE
735,2026-01-08T15:45:00,route-patiya-coxsbazar,depot-patiya,station-coxsbazar,3,6000.0,AVAILABLE
735,2026-01-08T15:45:00,route-gazipur-karnaphuli,depot-gazipur,station-karnaphuli,4,5000.0,AVAILABLE
735,2026-01-08T15:45:00,route-patiya-mirpur,depot-patiya,station-mirpur,4,5000.0,AVAILABLE
736,2026-01-08T16:00:00,route-gazipur-mirpur,depot-gazipur,station-mirpur,2,7000.0,AVAILABLE
736,2026-01-08T16:00:00,route-gazipur-tongi,depot-gazipur,station-tongi,2,6500.0,AVAILABLE
736,2026-01-08T16:00:00,route-patiya-karnaphuli,depot-patiya,station-karnaphuli,2,7000.0,AVAILABLE
736,2026-01-08T16:00:00,route-patiya-coxsbazar,depot-patiya,station-coxsbazar,3,6000.0,AVAILABLE
736,2026-01-08T16:00:00,route-gazipur-karnaphuli,depot-gazipur,station-karnaphuli,4,5000.0,AVAILABLE
736,2026-01-08T16:00:00,route-patiya-mirpur,depot-patiya,station-mirpur,4,5000.0,AVAILABLE
737,2026-01-08T16:15:00,route-gazipur-mirpur,depot-gazipur,station-mirpur,2,7000.0,AVAILABLE
737,2026-01-08T16:15:00,route-gazipur-tongi,depot-gazipur,station-tongi,2,6500.0,AVAILABLE
737,2026-01-08T16:15:00,route-patiya-karnaphuli,depot-patiya,station-karnaphuli,2,7000.0,AVAILABLE
737,2026-01-08T16:15:00,route-patiya-coxsbazar,depot-patiya,station-coxsbazar,3,6000.0,AVAILABLE
737,2026-01-08T16:15:00,route-gazipur-karnaphuli,depot-gazipur,station-karnaphuli,4,5000.0,AVAILABLE
737,2026-01-08T16:15:00,route-patiya-mirpur,depot-patiya,station-mirpur,4,5000.0,AVAILABLE
738,2026-01-08T16:30:00,route-gazipur-mirpur,depot-gazipur,station-mirpur,2,7000.0,AVAILABLE
738,2026-01-08T16:30:00,route-gazipur-tongi,depot-gazipur,station-tongi,2,6500.0,AVAILABLE
738,2026-01-08T16:30:00,route-patiya-karnaphuli,depot-patiya,station-karnaphuli,2,7000.0,AVAILABLE
738,2026-01-08T16:30:00,route-patiya-coxsbazar,depot-patiya,station-coxsbazar,3,6000.0,AVAILABLE
738,2026-01-08T16:30:00,route-gazipur-karnaphuli,depot-gazipur,station-karnaphuli,4,5000.0,AVAILABLE
738,2026-01-08T16:30:00,route-patiya-mirpur,depot-patiya,station-mirpur,4,5000.0,AVAILABLE
739,2026-01-08T16:45:00,route-gazipur-mirpur,depot-gazipur,station-mirpur,2,7000.0,AVAILABLE
739,2026-01-08T16:45:00,route-gazipur-tongi,depot-gazipur,station-tongi,2,6500.0,AVAILABLE
739,2026-01-08T16:45:00,route-patiya-karnaphuli,depot-patiya,station-karnaphuli,2,7000.0,AVAILABLE
739,2026-01-08T16:45:00,route-patiya-coxsbazar,depot-patiya,station-coxsbazar,3,6000.0,AVAILABLE
739,2026-01-08T16:45:00,route-gazipur-karnaphuli,depot-gazipur,station-karnaphuli,4,5000.0,AVAILABLE
739,2026-01-08T16:45:00,route-patiya-mirpur,depot-patiya,station-mirpur,4,5000.0,AVAILABLE
740,2026-01-08T17:00:00,route-gazipur-mirpur,depot-gazipur,station-mirpur,2,7000.0,AVAILABLE
740,2026-01-08T17:00:00,route-gazipur-tongi,depot-gazipur,station-tongi,2,6500.0,AVAILABLE
740,2026-01-08T17:00:00,route-patiya-karnaphuli,depot-patiya,station-karnaphuli,2,7000.0,AVAILABLE
740,2026-01-08T17:00:00,route-patiya-coxsbazar,depot-patiya,station-coxsbazar,3,6000.0,AVAILABLE
740,2026-01-08T17:00:00,route-gazipur-karnaphuli,depot-gazipur,station-karnaphuli,4,5000.0,AVAILABLE
740,2026-01-08T17:00:00,route-patiya-mirpur,depot-patiya,station-mirpur,4,5000.0,AVAILABLE
741,2026-01-08T17:15:00,route-gazipur-mirpur,depot-gazipur,station-mirpur,2,7000.0,AVAILABLE
741,2026-01-08T17:15:00,route-gazipur-tongi,depot-gazipur,station-tongi,2,6500.0,AVAILABLE
741,2026-01-08T17:15:00,route-patiya-karnaphuli,depot-patiya,station-karnaphuli,2,7000.0,AVAILABLE
741,2026-01-08T17:15:00,route-patiya-coxsbazar,depot-patiya,station-coxsbazar,3,6000.0,AVAILABLE
741,2026-01-08T17:15:00,route-gazipur-karnaphuli,depot-gazipur,station-karnaphuli,4,5000.0,AVAILABLE
741,2026-01-08T17:15:00,route-patiya-mirpur,depot-patiya,station-mirpur,4,5000.0,AVAILABLE
742,2026-01-08T17:30:00,route-gazipur-mirpur,depot-gazipur,station-mirpur,2,7000.0,AVAILABLE
742,2026-01-08T17:30:00,route-gazipur-tongi,depot-gazipur,station-tongi,2,6500.0,AVAILABLE
742,2026-01-08T17:30:00,route-patiya-karnaphuli,depot-patiya,station-karnaphuli,2,7000.0,AVAILABLE
742,2026-01-08T17:30:00,route-patiya-coxsbazar,depot-patiya,station-coxsbazar,3,6000.0,AVAILABLE
742,2026-01-08T17:30:00,route-gazipur-karnaphuli,depot-gazipur,station-karnaphuli,4,5000.0,AVAILABLE
742,2026-01-08T17:30:00,route-patiya-mirpur,depot-patiya,station-mirpur,4,5000.0,AVAILABLE
743,2026-01-08T17:45:00,route-gazipur-mirpur,depot-gazipur,station-mirpur,2,7000.0,AVAILABLE
743,2026-01-08T17:45:00,route-gazipur-tongi,depot-gazipur,station-tongi,2,6500.0,AVAILABLE
743,2026-01-08T17:45:00,route-patiya-karnaphuli,depot-patiya,station-karnaphuli,2,7000.0,AVAILABLE
743,2026-01-08T17:45:00,route-patiya-coxsbazar,depot-patiya,station-coxsbazar,3,6000.0,AVAILABLE
743,2026-01-08T17:45:00,route-gazipur-karnaphuli,depot-gazipur,station-karnaphuli,4,5000.0,AVAILABLE
743,2026-01-08T17:45:00,route-patiya-mirpur,depot-patiya,station-mirpur,4,5000.0,AVAILABLE
744,2026-01-08T18:00:00,route-gazipur-mirpur,depot-gazipur,station-mirpur,2,7000.0,AVAILABLE
744,2026-01-08T18:00:00,route-gazipur-tongi,depot-gazipur,station-tongi,2,6500.0,AVAILABLE
744,2026-01-08T18:00:00,route-patiya-karnaphuli,depot-patiya,station-karnaphuli,2,7000.0,AVAILABLE
744,2026-01-08T18:00:00,route-patiya-coxsbazar,depot-patiya,station-coxsbazar,3,6000.0,AVAILABLE
744,2026-01-08T18:00:00,route-gazipur-karnaphuli,depot-gazipur,station-karnaphuli,4,5000.0,AVAILABLE
744,2026-01-08T18:00:00,route-patiya-mirpur,depot-patiya,station-mirpur,4,5000.0,AVAILABLE
745,2026-01-08T18:15:00,route-gazipur-mirpur,depot-gazipur,station-mirpur,2,7000.0,AVAILABLE
745,2026-01-08T18:15:00,route-gazipur-tongi,depot-gazipur,station-tongi,2,6500.0,AVAILABLE
745,2026-01-08T18:15:00,route-patiya-karnaphuli,depot-patiya,station-karnaphuli,2,7000.0,AVAILABLE
745,2026-01-08T18:15:00,route-patiya-coxsbazar,depot-patiya,station-coxsbazar,3,6000.0,AVAILABLE
745,2026-01-08T18:15:00,route-gazipur-karnaphuli,depot-gazipur,station-karnaphuli,4,5000.0,AVAILABLE
745,2026-01-08T18:15:00,route-patiya-mirpur,depot-patiya,station-mirpur,4,5000.0,AVAILABLE
746,2026-01-08T18:30:00,route-gazipur-mirpur,depot-gazipur,station-mirpur,2,7000.0,AVAILABLE
746,2026-01-08T18:30:00,route-gazipur-tongi,depot-gazipur,station-tongi,2,6500.0,AVAILABLE
746,2026-01-08T18:30:00,route-patiya-karnaphuli,depot-patiya,station-karnaphuli,2,7000.0,AVAILABLE
746,2026-01-08T18:30:00,route-patiya-coxsbazar,depot-patiya,station-coxsbazar,3,6000.0,AVAILABLE
746,2026-01-08T18:30:00,route-gazipur-karnaphuli,depot-gazipur,station-karnaphuli,4,5000.0,AVAILABLE
746,2026-01-08T18:30:00,route-patiya-mirpur,depot-patiya,station-mirpur,4,5000.0,AVAILABLE
747,2026-01-08T18:45:00,route-gazipur-mirpur,depot-gazipur,station-mirpur,2,7000.0,AVAILABLE
747,2026-01-08T18:45:00,route-gazipur-tongi,depot-gazipur,station-tongi,2,6500.0,AVAILABLE
747,2026-01-08T18:45:00,route-patiya-karnaphuli,depot-patiya,station-karnaphuli,2,7000.0,AVAILABLE
747,2026-01-08T18:45:00,route-patiya-coxsbazar,depot-patiya,station-coxsbazar,3,6000.0,AVAILABLE
747,2026-01-08T18:45:00,route-gazipur-karnaphuli,depot-gazipur,station-karnaphuli,4,5000.0,AVAILABLE
747,2026-01-08T18:45:00,route-patiya-mirpur,depot-patiya,station-mirpur,4,5000.0,AVAILABLE
748,2026-01-08T19:00:00,route-gazipur-mirpur,depot-gazipur,station-mirpur,2,7000.0,AVAILABLE
748,2026-01-08T19:00:00,route-gazipur-tongi,depot-gazipur,station-tongi,2,6500.0,AVAILABLE
748,2026-01-08T19:00:00,route-patiya-karnaphuli,depot-patiya,station-karnaphuli,2,7000.0,AVAILABLE
748,2026-01-08T19:00:00,route-patiya-coxsbazar,depot-patiya,station-coxsbazar,3,6000.0,AVAILABLE
748,2026-01-08T19:00:00,route-gazipur-karnaphuli,depot-gazipur,station-karnaphuli,4,5000.0,AVAILABLE
748,2026-01-08T19:00:00,route-patiya-mirpur,depot-patiya,station-mirpur,4,5000.0,AVAILABLE
749,2026-01-08T19:15:00,route-gazipur-mirpur,depot-gazipur,station-mirpur,2,7000.0,AVAILABLE
749,2026-01-08T19:15:00,route-gazipur-tongi,depot-gazipur,station-tongi,2,6500.0,AVAILABLE
749,2026-01-08T19:15:00,route-patiya-karnaphuli,depot-patiya,station-karnaphuli,2,7000.0,AVAILABLE
749,2026-01-08T19:15:00,route-patiya-coxsbazar,depot-patiya,station-coxsbazar,3,6000.0,AVAILABLE
749,2026-01-08T19:15:00,route-gazipur-karnaphuli,depot-gazipur,station-karnaphuli,4,5000.0,AVAILABLE
749,2026-01-08T19:15:00,route-patiya-mirpur,depot-patiya,station-mirpur,4,5000.0,AVAILABLE
750,2026-01-08T19:30:00,route-gazipur-mirpur,depot-gazipur,station-mirpur,2,7000.0,AVAILABLE
750,2026-01-08T19:30:00,route-gazipur-tongi,depot-gazipur,station-tongi,2,6500.0,AVAILABLE
750,2026-01-08T19:30:00,route-patiya-karnaphuli,depot-patiya,station-karnaphuli,2,7000.0,AVAILABLE
750,2026-01-08T19:30:00,route-patiya-coxsbazar,depot-patiya,station-coxsbazar,3,6000.0,AVAILABLE
750,2026-01-08T19:30:00,route-gazipur-karnaphuli,depot-gazipur,station-karnaphuli,4,5000.0,AVAILABLE
750,2026-01-08T19:30:00,route-patiya-mirpur,depot-patiya,station-mirpur,4,5000.0,AVAILABLE
751,2026-01-08T19:45:00,route-gazipur-mirpur,depot-gazipur,station-mirpur,2,7000.0,AVAILABLE
751,2026-01-08T19:45:00,route-gazipur-tongi,depot-gazipur,station-tongi,2,6500.0,AVAILABLE
751,2026-01-08T19:45:00,route-patiya-karnaphuli,depot-patiya,station-karnaphuli,2,7000.0,AVAILABLE
751,2026-01-08T19:45:00,route-patiya-coxsbazar,depot-patiya,station-coxsbazar,3,6000.0,AVAILABLE
751,2026-01-08T19:45:00,route-gazipur-karnaphuli,depot-gazipur,station-karnaphuli,4,5000.0,AVAILABLE
751,2026-01-08T19:45:00,route-patiya-mirpur,depot-patiya,station-mirpur,4,5000.0,AVAILABLE
752,2026-01-08T20:00:00,route-gazipur-mirpur,depot-gazipur,station-mirpur,2,7000.0,AVAILABLE
752,2026-01-08T20:00:00,route-gazipur-tongi,depot-gazipur,station-tongi,2,6500.0,AVAILABLE
752,2026-01-08T20:00:00,route-patiya-karnaphuli,depot-patiya,station-karnaphuli,2,7000.0,AVAILABLE
752,2026-01-08T20:00:00,route-patiya-coxsbazar,depot-patiya,station-coxsbazar,3,6000.0,AVAILABLE
752,2026-01-08T20:00:00,route-gazipur-karnaphuli,depot-gazipur,station-karnaphuli,4,5000.0,AVAILABLE
752,2026-01-08T20:00:00,route-patiya-mirpur,depot-patiya,station-mirpur,4,5000.0,AVAILABLE
753,2026-01-08T20:15:00,route-gazipur-mirpur,depot-gazipur,station-mirpur,2,7000.0,AVAILABLE
753,2026-01-08T20:15:00,route-gazipur-tongi,depot-gazipur,station-tongi,2,6500.0,AVAILABLE
753,2026-01-08T20:15:00,route-patiya-karnaphuli,depot-patiya,station-karnaphuli,2,7000.0,AVAILABLE
753,2026-01-08T20:15:00,route-patiya-coxsbazar,depot-patiya,station-coxsbazar,3,6000.0,AVAILABLE
753,2026-01-08T20:15:00,route-gazipur-karnaphuli,depot-gazipur,station-karnaphuli,4,5000.0,AVAILABLE
753,2026-01-08T20:15:00,route-patiya-mirpur,depot-patiya,station-mirpur,4,5000.0,AVAILABLE
754,2026-01-08T20:30:00,route-gazipur-mirpur,depot-gazipur,station-mirpur,2,7000.0,AVAILABLE
754,2026-01-08T20:30:00,route-gazipur-tongi,depot-gazipur,station-tongi,2,6500.0,AVAILABLE
754,2026-01-08T20:30:00,route-patiya-karnaphuli,depot-patiya,station-karnaphuli,2,7000.0,AVAILABLE
754,2026-01-08T20:30:00,route-patiya-coxsbazar,depot-patiya,station-coxsbazar,3,6000.0,AVAILABLE
754,2026-01-08T20:30:00,route-gazipur-karnaphuli,depot-gazipur,station-karnaphuli,4,5000.0,AVAILABLE
754,2026-01-08T20:30:00,route-patiya-mirpur,depot-patiya,station-mirpur,4,5000.0,AVAILABLE
755,2026-01-08T20:45:00,route-gazipur-mirpur,depot-gazipur,station-mirpur,2,7000.0,AVAILABLE
755,2026-01-08T20:45:00,route-gazipur-tongi,depot-gazipur,station-tongi,2,6500.0,AVAILABLE
755,2026-01-08T20:45:00,route-patiya-karnaphuli,depot-patiya,station-karnaphuli,2,7000.0,AVAILABLE
755,2026-01-08T20:45:00,route-patiya-coxsbazar,depot-patiya,station-coxsbazar,3,6000.0,AVAILABLE
755,2026-01-08T20:45:00,route-gazipur-karnaphuli,depot-gazipur,station-karnaphuli,4,5000.0,AVAILABLE
755,2026-01-08T20:45:00,route-patiya-mirpur,depot-patiya,station-mirpur,4,5000.0,AVAILABLE
756,2026-01-08T21:00:00,route-gazipur-mirpur,depot-gazipur,station-mirpur,2,7000.0,AVAILABLE
756,2026-01-08T21:00:00,route-gazipur-tongi,depot-gazipur,station-tongi,2,6500.0,AVAILABLE
756,2026-01-08T21:00:00,route-patiya-karnaphuli,depot-patiya,station-karnaphuli,2,7000.0,AVAILABLE
756,2026-01-08T21:00:00,route-patiya-coxsbazar,depot-patiya,station-coxsbazar,3,6000.0,AVAILABLE
756,2026-01-08T21:00:00,route-gazipur-karnaphuli,depot-gazipur,station-karnaphuli,4,5000.0,AVAILABLE
756,2026-01-08T21:00:00,route-patiya-mirpur,depot-patiya,station-mirpur,4,5000.0,AVAILABLE
757,2026-01-08T21:15:00,route-gazipur-mirpur,depot-gazipur,station-mirpur,2,7000.0,AVAILABLE
757,2026-01-08T21:15:00,route-gazipur-tongi,depot-gazipur,station-tongi,2,6500.0,AVAILABLE
757,2026-01-08T21:15:00,route-patiya-karnaphuli,depot-patiya,station-karnaphuli,2,7000.0,AVAILABLE
757,2026-01-08T21:15:00,route-patiya-coxsbazar,depot-patiya,station-coxsbazar,3,6000.0,AVAILABLE
757,2026-01-08T21:15:00,route-gazipur-karnaphuli,depot-gazipur,station-karnaphuli,4,5000.0,AVAILABLE
757,2026-01-08T21:15:00,route-patiya-mirpur,depot-patiya,station-mirpur,4,5000.0,AVAILABLE
758,2026-01-08T21:30:00,route-gazipur-mirpur,depot-gazipur,station-mirpur,2,7000.0,AVAILABLE
758,2026-01-08T21:30:00,route-gazipur-tongi,depot-gazipur,station-tongi,2,6500.0,AVAILABLE
758,2026-01-08T21:30:00,route-patiya-karnaphuli,depot-patiya,station-karnaphuli,2,7000.0,AVAILABLE
758,2026-01-08T21:30:00,route-patiya-coxsbazar,depot-patiya,station-coxsbazar,3,6000.0,AVAILABLE
758,2026-01-08T21:30:00,route-gazipur-karnaphuli,depot-gazipur,station-karnaphuli,4,5000.0,AVAILABLE
758,2026-01-08T21:30:00,route-patiya-mirpur,depot-patiya,station-mirpur,4,5000.0,AVAILABLE
759,2026-01-08T21:45:00,route-gazipur-mirpur,depot-gazipur,station-mirpur,2,7000.0,AVAILABLE
759,2026-01-08T21:45:00,route-gazipur-tongi,depot-gazipur,station-tongi,2,6500.0,AVAILABLE
759,2026-01-08T21:45:00,route-patiya-karnaphuli,depot-patiya,station-karnaphuli,2,7000.0,AVAILABLE
759,2026-01-08T21:45:00,route-patiya-coxsbazar,depot-patiya,station-coxsbazar,3,6000.0,AVAILABLE
759,2026-01-08T21:45:00,route-gazipur-karnaphuli,depot-gazipur,station-karnaphuli,4,5000.0,AVAILABLE
759,2026-01-08T21:45:00,route-patiya-mirpur,depot-patiya,station-mirpur,4,5000.0,AVAILABLE
760,2026-01-08T22:00:00,route-gazipur-mirpur,depot-gazipur,station-mirpur,2,7000.0,AVAILABLE
760,2026-01-08T22:00:00,route-gazipur-tongi,depot-gazipur,station-tongi,2,6500.0,AVAILABLE
760,2026-01-08T22:00:00,route-patiya-karnaphuli,depot-patiya,station-karnaphuli,2,7000.0,AVAILABLE
760,2026-01-08T22:00:00,route-patiya-coxsbazar,depot-patiya,station-coxsbazar,3,6000.0,AVAILABLE
760,2026-01-08T22:00:00,route-gazipur-karnaphuli,depot-gazipur,station-karnaphuli,4,5000.0,AVAILABLE
760,2026-01-08T22:00:00,route-patiya-mirpur,depot-patiya,station-mirpur,4,5000.0,AVAILABLE
761,2026-01-08T22:15:00,route-gazipur-mirpur,depot-gazipur,station-mirpur,2,7000.0,AVAILABLE
761,2026-01-08T22:15:00,route-gazipur-tongi,depot-gazipur,station-tongi,2,6500.0,AVAILABLE
761,2026-01-08T22:15:00,route-patiya-karnaphuli,depot-patiya,station-karnaphuli,2,7000.0,AVAILABLE
761,2026-01-08T22:15:00,route-patiya-coxsbazar,depot-patiya,station-coxsbazar,3,6000.0,AVAILABLE
761,2026-01-08T22:15:00,route-gazipur-karnaphuli,depot-gazipur,station-karnaphuli,4,5000.0,AVAILABLE
761,2026-01-08T22:15:00,route-patiya-mirpur,depot-patiya,station-mirpur,4,5000.0,AVAILABLE
762,2026-01-08T22:30:00,route-gazipur-mirpur,depot-gazipur,station-mirpur,2,7000.0,AVAILABLE
762,2026-01-08T22:30:00,route-gazipur-tongi,depot-gazipur,station-tongi,2,6500.0,AVAILABLE
762,2026-01-08T22:30:00,route-patiya-karnaphuli,depot-patiya,station-karnaphuli,2,7000.0,AVAILABLE
762,2026-01-08T22:30:00,route-patiya-coxsbazar,depot-patiya,station-coxsbazar,3,6000.0,AVAILABLE
762,2026-01-08T22:30:00,route-gazipur-karnaphuli,depot-gazipur,station-karnaphuli,4,5000.0,AVAILABLE
762,2026-01-08T22:30:00,route-patiya-mirpur,depot-patiya,station-mirpur,4,5000.0,AVAILABLE
763,2026-01-08T22:45:00,route-gazipur-mirpur,depot-gazipur,station-mirpur,2,7000.0,AVAILABLE
763,2026-01-08T22:45:00,route-gazipur-tongi,depot-gazipur,station-tongi,2,6500.0,AVAILABLE
763,2026-01-08T22:45:00,route-patiya-karnaphuli,depot-patiya,station-karnaphuli,2,7000.0,AVAILABLE
763,2026-01-08T22:45:00,route-patiya-coxsbazar,depot-patiya,station-coxsbazar,3,6000.0,AVAILABLE
763,2026-01-08T22:45:00,route-gazipur-karnaphuli,depot-gazipur,station-karnaphuli,4,5000.0,AVAILABLE
763,2026-01-08T22:45:00,route-patiya-mirpur,depot-patiya,station-mirpur,4,5000.0,AVAILABLE
764,2026-01-08T23:00:00,route-gazipur-mirpur,depot-gazipur,station-mirpur,2,7000.0,AVAILABLE
764,2026-01-08T23:00:00,route-gazipur-tongi,depot-gazipur,station-tongi,2,6500.0,AVAILABLE
764,2026-01-08T23:00:00,route-patiya-karnaphuli,depot-patiya,station-karnaphuli,2,7000.0,AVAILABLE
764,2026-01-08T23:00:00,route-patiya-coxsbazar,depot-patiya,station-coxsbazar,3,6000.0,AVAILABLE
764,2026-01-08T23:00:00,route-gazipur-karnaphuli,depot-gazipur,station-karnaphuli,4,5000.0,AVAILABLE
764,2026-01-08T23:00:00,route-patiya-mirpur,depot-patiya,station-mirpur,4,5000.0,AVAILABLE
765,2026-01-08T23:15:00,route-gazipur-mirpur,depot-gazipur,station-mirpur,2,7000.0,AVAILABLE
765,2026-01-08T23:15:00,route-gazipur-tongi,depot-gazipur,station-tongi,2,6500.0,AVAILABLE
765,2026-01-08T23:15:00,route-patiya-karnaphuli,depot-patiya,station-karnaphuli,2,7000.0,AVAILABLE
765,2026-01-08T23:15:00,route-patiya-coxsbazar,depot-patiya,station-coxsbazar,3,6000.0,AVAILABLE
765,2026-01-08T23:15:00,route-gazipur-karnaphuli,depot-gazipur,station-karnaphuli,4,5000.0,AVAILABLE
765,2026-01-08T23:15:00,route-patiya-mirpur,depot-patiya,station-mirpur,4,5000.0,AVAILABLE
766,2026-01-08T23:30:00,route-gazipur-mirpur,depot-gazipur,station-mirpur,2,7000.0,AVAILABLE
766,2026-01-08T23:30:00,route-gazipur-tongi,depot-gazipur,station-tongi,2,6500.0,AVAILABLE
766,2026-01-08T23:30:00,route-patiya-karnaphuli,depot-patiya,station-karnaphuli,2,7000.0,AVAILABLE
766,2026-01-08T23:30:00,route-patiya-coxsbazar,depot-patiya,station-coxsbazar,3,6000.0,AVAILABLE
766,2026-01-08T23:30:00,route-gazipur-karnaphuli,depot-gazipur,station-karnaphuli,4,5000.0,AVAILABLE
766,2026-01-08T23:30:00,route-patiya-mirpur,depot-patiya,station-mirpur,4,5000.0,AVAILABLE
767,2026-01-08T23:45:00,route-gazipur-mirpur,depot-gazipur,station-mirpur,2,7000.0,AVAILABLE
767,2026-01-08T23:45:00,route-gazipur-tongi,depot-gazipur,station-tongi,2,6500.0,AVAILABLE
767,2026-01-08T23:45:00,route-patiya-karnaphuli,depot-patiya,station-karnaphuli,2,7000.0,AVAILABLE
767,2026-01-08T23:45:00,route-patiya-coxsbazar,depot-patiya,station-coxsbazar,3,6000.0,AVAILABLE
767,2026-01-08T23:45:00,route-gazipur-karnaphuli,depot-gazipur,station-karnaphuli,4,5000.0,AVAILABLE
767,2026-01-08T23:45:00,route-patiya-mirpur,depot-patiya,station-mirpur,4,5000.0,AVAILABLE
768,2026-01-09T00:00:00,route-gazipur-mirpur,depot-gazipur,station-mirpur,2,7000.0,AVAILABLE
768,2026-01-09T00:00:00,route-gazipur-tongi,depot-gazipur,station-tongi,2,6500.0,AVAILABLE
768,2026-01-09T00:00:00,route-patiya-karnaphuli,depot-patiya,station-karnaphuli,2,7000.0,AVAILABLE
768,2026-01-09T00:00:00,route-patiya-coxsbazar,depot-patiya,station-coxsbazar,3,6000.0,AVAILABLE
768,2026-01-09T00:00:00,route-gazipur-karnaphuli,depot-gazipur,station-karnaphuli,4,5000.0,AVAILABLE
768,2026-01-09T00:00:00,route-patiya-mirpur,depot-patiya,station-mirpur,4,5000.0,AVAILABLE
769,2026-01-09T00:15:00,route-gazipur-mirpur,depot-gazipur,station-mirpur,2,7000.0,AVAILABLE
769,2026-01-09T00:15:00,route-gazipur-tongi,depot-gazipur,station-tongi,2,6500.0,AVAILABLE
769,2026-01-09T00:15:00,route-patiya-karnaphuli,depot-patiya,station-karnaphuli,2,7000.0,AVAILABLE
769,2026-01-09T00:15:00,route-patiya-coxsbazar,depot-patiya,station-coxsbazar,3,6000.0,AVAILABLE
769,2026-01-09T00:15:00,route-gazipur-karnaphuli,depot-gazipur,station-karnaphuli,4,5000.0,AVAILABLE
769,2026-01-09T00:15:00,route-patiya-mirpur,depot-patiya,station-mirpur,4,5000.0,AVAILABLE
770,2026-01-09T00:30:00,route-gazipur-mirpur,depot-gazipur,station-mirpur,2,7000.0,AVAILABLE
770,2026-01-09T00:30:00,route-gazipur-tongi,depot-gazipur,station-tongi,2,6500.0,AVAILABLE
770,2026-01-09T00:30:00,route-patiya-karnaphuli,depot-patiya,station-karnaphuli,2,7000.0,AVAILABLE
770,2026-01-09T00:30:00,route-patiya-coxsbazar,depot-patiya,station-coxsbazar,3,6000.0,AVAILABLE
770,2026-01-09T00:30:00,route-gazipur-karnaphuli,depot-gazipur,station-karnaphuli,4,5000.0,AVAILABLE
770,2026-01-09T00:30:00,route-patiya-mirpur,depot-patiya,station-mirpur,4,5000.0,AVAILABLE
771,2026-01-09T00:45:00,route-gazipur-mirpur,depot-gazipur,station-mirpur,2,7000.0,AVAILABLE
771,2026-01-09T00:45:00,route-gazipur-tongi,depot-gazipur,station-tongi,2,6500.0,AVAILABLE
771,2026-01-09T00:45:00,route-patiya-karnaphuli,depot-patiya,station-karnaphuli,2,7000.0,AVAILABLE
771,2026-01-09T00:45:00,route-patiya-coxsbazar,depot-patiya,station-coxsbazar,3,6000.0,AVAILABLE
771,2026-01-09T00:45:00,route-gazipur-karnaphuli,depot-gazipur,station-karnaphuli,4,5000.0,AVAILABLE
771,2026-01-09T00:45:00,route-patiya-mirpur,depot-patiya,station-mirpur,4,5000.0,AVAILABLE
772,2026-01-09T01:00:00,route-gazipur-mirpur,depot-gazipur,station-mirpur,2,7000.0,AVAILABLE
772,2026-01-09T01:00:00,route-gazipur-tongi,depot-gazipur,station-tongi,2,6500.0,AVAILABLE
772,2026-01-09T01:00:00,route-patiya-karnaphuli,depot-patiya,station-karnaphuli,2,7000.0,AVAILABLE
772,2026-01-09T01:00:00,route-patiya-coxsbazar,depot-patiya,station-coxsbazar,3,6000.0,AVAILABLE
772,2026-01-09T01:00:00,route-gazipur-karnaphuli,depot-gazipur,station-karnaphuli,4,5000.0,AVAILABLE
772,2026-01-09T01:00:00,route-patiya-mirpur,depot-patiya,station-mirpur,4,5000.0,AVAILABLE
773,2026-01-09T01:15:00,route-gazipur-mirpur,depot-gazipur,station-mirpur,2,7000.0,AVAILABLE
773,2026-01-09T01:15:00,route-gazipur-tongi,depot-gazipur,station-tongi,2,6500.0,AVAILABLE
773,2026-01-09T01:15:00,route-patiya-karnaphuli,depot-patiya,station-karnaphuli,2,7000.0,AVAILABLE
773,2026-01-09T01:15:00,route-patiya-coxsbazar,depot-patiya,station-coxsbazar,3,6000.0,AVAILABLE
773,2026-01-09T01:15:00,route-gazipur-karnaphuli,depot-gazipur,station-karnaphuli,4,5000.0,AVAILABLE
773,2026-01-09T01:15:00,route-patiya-mirpur,depot-patiya,station-mirpur,4,5000.0,AVAILABLE
774,2026-01-09T01:30:00,route-gazipur-mirpur,depot-gazipur,station-mirpur,2,7000.0,AVAILABLE
774,2026-01-09T01:30:00,route-gazipur-tongi,depot-gazipur,station-tongi,2,6500.0,AVAILABLE
774,2026-01-09T01:30:00,route-patiya-karnaphuli,depot-patiya,station-karnaphuli,2,7000.0,AVAILABLE
774,2026-01-09T01:30:00,route-patiya-coxsbazar,depot-patiya,station-coxsbazar,3,6000.0,AVAILABLE
774,2026-01-09T01:30:00,route-gazipur-karnaphuli,depot-gazipur,station-karnaphuli,4,5000.0,AVAILABLE
774,2026-01-09T01:30:00,route-patiya-mirpur,depot-patiya,station-mirpur,4,5000.0,AVAILABLE
775,2026-01-09T01:45:00,route-gazipur-mirpur,depot-gazipur,station-mirpur,2,7000.0,AVAILABLE
775,2026-01-09T01:45:00,route-gazipur-tongi,depot-gazipur,station-tongi,2,6500.0,AVAILABLE
775,2026-01-09T01:45:00,route-patiya-karnaphuli,depot-patiya,station-karnaphuli,2,7000.0,AVAILABLE
775,2026-01-09T01:45:00,route-patiya-coxsbazar,depot-patiya,station-coxsbazar,3,6000.0,AVAILABLE
775,2026-01-09T01:45:00,route-gazipur-karnaphuli,depot-gazipur,station-karnaphuli,4,5000.0,AVAILABLE
775,2026-01-09T01:45:00,route-patiya-mirpur,depot-patiya,station-mirpur,4,5000.0,AVAILABLE
776,2026-01-09T02:00:00,route-gazipur-mirpur,depot-gazipur,station-mirpur,2,7000.0,AVAILABLE
776,2026-01-09T02:00:00,route-gazipur-tongi,depot-gazipur,station-tongi,2,6500.0,AVAILABLE
776,2026-01-09T02:00:00,route-patiya-karnaphuli,depot-patiya,station-karnaphuli,2,7000.0,AVAILABLE
776,2026-01-09T02:00:00,route-patiya-coxsbazar,depot-patiya,station-coxsbazar,3,6000.0,AVAILABLE
776,2026-01-09T02:00:00,route-gazipur-karnaphuli,depot-gazipur,station-karnaphuli,4,5000.0,AVAILABLE
776,2026-01-09T02:00:00,route-patiya-mirpur,depot-patiya,station-mirpur,4,5000.0,AVAILABLE
777,2026-01-09T02:15:00,route-gazipur-mirpur,depot-gazipur,station-mirpur,2,7000.0,AVAILABLE
777,2026-01-09T02:15:00,route-gazipur-tongi,depot-gazipur,station-tongi,2,6500.0,AVAILABLE
777,2026-01-09T02:15:00,route-patiya-karnaphuli,depot-patiya,station-karnaphuli,2,7000.0,AVAILABLE
777,2026-01-09T02:15:00,route-patiya-coxsbazar,depot-patiya,station-coxsbazar,3,6000.0,AVAILABLE
777,2026-01-09T02:15:00,route-gazipur-karnaphuli,depot-gazipur,station-karnaphuli,4,5000.0,AVAILABLE
777,2026-01-09T02:15:00,route-patiya-mirpur,depot-patiya,station-mirpur,4,5000.0,AVAILABLE
778,2026-01-09T02:30:00,route-gazipur-mirpur,depot-gazipur,station-mirpur,2,7000.0,AVAILABLE
778,2026-01-09T02:30:00,route-gazipur-tongi,depot-gazipur,station-tongi,2,6500.0,AVAILABLE
778,2026-01-09T02:30:00,route-patiya-karnaphuli,depot-patiya,station-karnaphuli,2,7000.0,AVAILABLE
778,2026-01-09T02:30:00,route-patiya-coxsbazar,depot-patiya,station-coxsbazar,3,6000.0,AVAILABLE
778,2026-01-09T02:30:00,route-gazipur-karnaphuli,depot-gazipur,station-karnaphuli,4,5000.0,AVAILABLE
778,2026-01-09T02:30:00,route-patiya-mirpur,depot-patiya,station-mirpur,4,5000.0,AVAILABLE
779,2026-01-09T02:45:00,route-gazipur-mirpur,depot-gazipur,station-mirpur,2,7000.0,AVAILABLE
779,2026-01-09T02:45:00,route-gazipur-tongi,depot-gazipur,station-tongi,2,6500.0,AVAILABLE
779,2026-01-09T02:45:00,route-patiya-karnaphuli,depot-patiya,station-karnaphuli,2,7000.0,AVAILABLE
779,2026-01-09T02:45:00,route-patiya-coxsbazar,depot-patiya,station-coxsbazar,3,6000.0,AVAILABLE
779,2026-01-09T02:45:00,route-gazipur-karnaphuli,depot-gazipur,station-karnaphuli,4,5000.0,AVAILABLE
779,2026-01-09T02:45:00,route-patiya-mirpur,depot-patiya,station-mirpur,4,5000.0,AVAILABLE
780,2026-01-09T03:00:00,route-gazipur-mirpur,depot-gazipur,station-mirpur,2,7000.0,AVAILABLE
780,2026-01-09T03:00:00,route-gazipur-tongi,depot-gazipur,station-tongi,2,6500.0,AVAILABLE
780,2026-01-09T03:00:00,route-patiya-karnaphuli,depot-patiya,station-karnaphuli,2,7000.0,AVAILABLE
780,2026-01-09T03:00:00,route-patiya-coxsbazar,depot-patiya,station-coxsbazar,3,6000.0,AVAILABLE
780,2026-01-09T03:00:00,route-gazipur-karnaphuli,depot-gazipur,station-karnaphuli,4,5000.0,AVAILABLE
780,2026-01-09T03:00:00,route-patiya-mirpur,depot-patiya,station-mirpur,4,5000.0,AVAILABLE
781,2026-01-09T03:15:00,route-gazipur-mirpur,depot-gazipur,station-mirpur,2,7000.0,AVAILABLE
781,2026-01-09T03:15:00,route-gazipur-tongi,depot-gazipur,station-tongi,2,6500.0,AVAILABLE
781,2026-01-09T03:15:00,route-patiya-karnaphuli,depot-patiya,station-karnaphuli,2,7000.0,AVAILABLE
781,2026-01-09T03:15:00,route-patiya-coxsbazar,depot-patiya,station-coxsbazar,3,6000.0,AVAILABLE
781,2026-01-09T03:15:00,route-gazipur-karnaphuli,depot-gazipur,station-karnaphuli,4,5000.0,AVAILABLE
781,2026-01-09T03:15:00,route-patiya-mirpur,depot-patiya,station-mirpur,4,5000.0,AVAILABLE
782,2026-01-09T03:30:00,route-gazipur-mirpur,depot-gazipur,station-mirpur,2,7000.0,AVAILABLE
782,2026-01-09T03:30:00,route-gazipur-tongi,depot-gazipur,station-tongi,2,6500.0,AVAILABLE
782,2026-01-09T03:30:00,route-patiya-karnaphuli,depot-patiya,station-karnaphuli,2,7000.0,AVAILABLE
782,2026-01-09T03:30:00,route-patiya-coxsbazar,depot-patiya,station-coxsbazar,3,6000.0,AVAILABLE
782,2026-01-09T03:30:00,route-gazipur-karnaphuli,depot-gazipur,station-karnaphuli,4,5000.0,AVAILABLE
782,2026-01-09T03:30:00,route-patiya-mirpur,depot-patiya,station-mirpur,4,5000.0,AVAILABLE
783,2026-01-09T03:45:00,route-gazipur-mirpur,depot-gazipur,station-mirpur,2,7000.0,AVAILABLE
783,2026-01-09T03:45:00,route-gazipur-tongi,depot-gazipur,station-tongi,2,6500.0,AVAILABLE
783,2026-01-09T03:45:00,route-patiya-karnaphuli,depot-patiya,station-karnaphuli,2,7000.0,AVAILABLE
783,2026-01-09T03:45:00,route-patiya-coxsbazar,depot-patiya,station-coxsbazar,3,6000.0,AVAILABLE
783,2026-01-09T03:45:00,route-gazipur-karnaphuli,depot-gazipur,station-karnaphuli,4,5000.0,AVAILABLE
783,2026-01-09T03:45:00,route-patiya-mirpur,depot-patiya,station-mirpur,4,5000.0,AVAILABLE
784,2026-01-09T04:00:00,route-gazipur-mirpur,depot-gazipur,station-mirpur,2,7000.0,AVAILABLE
784,2026-01-09T04:00:00,route-gazipur-tongi,depot-gazipur,station-tongi,2,6500.0,AVAILABLE
784,2026-01-09T04:00:00,route-patiya-karnaphuli,depot-patiya,station-karnaphuli,2,7000.0,AVAILABLE
784,2026-01-09T04:00:00,route-patiya-coxsbazar,depot-patiya,station-coxsbazar,3,6000.0,AVAILABLE
784,2026-01-09T04:00:00,route-gazipur-karnaphuli,depot-gazipur,station-karnaphuli,4,5000.0,AVAILABLE
784,2026-01-09T04:00:00,route-patiya-mirpur,depot-patiya,station-mirpur,4,5000.0,AVAILABLE
785,2026-01-09T04:15:00,route-gazipur-mirpur,depot-gazipur,station-mirpur,2,7000.0,AVAILABLE
785,2026-01-09T04:15:00,route-gazipur-tongi,depot-gazipur,station-tongi,2,6500.0,AVAILABLE
785,2026-01-09T04:15:00,route-patiya-karnaphuli,depot-patiya,station-karnaphuli,2,7000.0,AVAILABLE
785,2026-01-09T04:15:00,route-patiya-coxsbazar,depot-patiya,station-coxsbazar,3,6000.0,AVAILABLE
785,2026-01-09T04:15:00,route-gazipur-karnaphuli,depot-gazipur,station-karnaphuli,4,5000.0,AVAILABLE
785,2026-01-09T04:15:00,route-patiya-mirpur,depot-patiya,station-mirpur,4,5000.0,AVAILABLE
786,2026-01-09T04:30:00,route-gazipur-mirpur,depot-gazipur,station-mirpur,2,7000.0,AVAILABLE
786,2026-01-09T04:30:00,route-gazipur-tongi,depot-gazipur,station-tongi,2,6500.0,AVAILABLE
786,2026-01-09T04:30:00,route-patiya-karnaphuli,depot-patiya,station-karnaphuli,2,7000.0,AVAILABLE
786,2026-01-09T04:30:00,route-patiya-coxsbazar,depot-patiya,station-coxsbazar,3,6000.0,AVAILABLE
786,2026-01-09T04:30:00,route-gazipur-karnaphuli,depot-gazipur,station-karnaphuli,4,5000.0,AVAILABLE
786,2026-01-09T04:30:00,route-patiya-mirpur,depot-patiya,station-mirpur,4,5000.0,AVAILABLE
787,2026-01-09T04:45:00,route-gazipur-mirpur,depot-gazipur,station-mirpur,2,7000.0,AVAILABLE
787,2026-01-09T04:45:00,route-gazipur-tongi,depot-gazipur,station-tongi,2,6500.0,AVAILABLE
787,2026-01-09T04:45:00,route-patiya-karnaphuli,depot-patiya,station-karnaphuli,2,7000.0,AVAILABLE
787,2026-01-09T04:45:00,route-patiya-coxsbazar,depot-patiya,station-coxsbazar,3,6000.0,AVAILABLE
787,2026-01-09T04:45:00,route-gazipur-karnaphuli,depot-gazipur,station-karnaphuli,4,5000.0,AVAILABLE
787,2026-01-09T04:45:00,route-patiya-mirpur,depot-patiya,station-mirpur,4,5000.0,AVAILABLE
788,2026-01-09T05:00:00,route-gazipur-mirpur,depot-gazipur,station-mirpur,2,7000.0,AVAILABLE
788,2026-01-09T05:00:00,route-gazipur-tongi,depot-gazipur,station-tongi,2,6500.0,AVAILABLE
788,2026-01-09T05:00:00,route-patiya-karnaphuli,depot-patiya,station-karnaphuli,2,7000.0,AVAILABLE
788,2026-01-09T05:00:00,route-patiya-coxsbazar,depot-patiya,station-coxsbazar,3,6000.0,AVAILABLE
788,2026-01-09T05:00:00,route-gazipur-karnaphuli,depot-gazipur,station-karnaphuli,4,5000.0,AVAILABLE
788,2026-01-09T05:00:00,route-patiya-mirpur,depot-patiya,station-mirpur,4,5000.0,AVAILABLE
789,2026-01-09T05:15:00,route-gazipur-mirpur,depot-gazipur,station-mirpur,2,7000.0,AVAILABLE
789,2026-01-09T05:15:00,route-gazipur-tongi,depot-gazipur,station-tongi,2,6500.0,AVAILABLE
789,2026-01-09T05:15:00,route-patiya-karnaphuli,depot-patiya,station-karnaphuli,2,7000.0,AVAILABLE
789,2026-01-09T05:15:00,route-patiya-coxsbazar,depot-patiya,station-coxsbazar,3,6000.0,AVAILABLE
789,2026-01-09T05:15:00,route-gazipur-karnaphuli,depot-gazipur,station-karnaphuli,4,5000.0,AVAILABLE
789,2026-01-09T05:15:00,route-patiya-mirpur,depot-patiya,station-mirpur,4,5000.0,AVAILABLE
790,2026-01-09T05:30:00,route-gazipur-mirpur,depot-gazipur,station-mirpur,2,7000.0,AVAILABLE
790,2026-01-09T05:30:00,route-gazipur-tongi,depot-gazipur,station-tongi,2,6500.0,AVAILABLE
790,2026-01-09T05:30:00,route-patiya-karnaphuli,depot-patiya,station-karnaphuli,2,7000.0,AVAILABLE
790,2026-01-09T05:30:00,route-patiya-coxsbazar,depot-patiya,station-coxsbazar,3,6000.0,AVAILABLE
790,2026-01-09T05:30:00,route-gazipur-karnaphuli,depot-gazipur,station-karnaphuli,4,5000.0,AVAILABLE
790,2026-01-09T05:30:00,route-patiya-mirpur,depot-patiya,station-mirpur,4,5000.0,AVAILABLE
791,2026-01-09T05:45:00,route-gazipur-mirpur,depot-gazipur,station-mirpur,2,7000.0,AVAILABLE
791,2026-01-09T05:45:00,route-gazipur-tongi,depot-gazipur,station-tongi,2,6500.0,AVAILABLE
791,2026-01-09T05:45:00,route-patiya-karnaphuli,depot-patiya,station-karnaphuli,2,7000.0,AVAILABLE
791,2026-01-09T05:45:00,route-patiya-coxsbazar,depot-patiya,station-coxsbazar,3,6000.0,AVAILABLE
791,2026-01-09T05:45:00,route-gazipur-karnaphuli,depot-gazipur,station-karnaphuli,4,5000.0,AVAILABLE
791,2026-01-09T05:45:00,route-patiya-mirpur,depot-patiya,station-mirpur,4,5000.0,AVAILABLE
792,2026-01-09T06:00:00,route-gazipur-mirpur,depot-gazipur,station-mirpur,2,7000.0,AVAILABLE
792,2026-01-09T06:00:00,route-gazipur-tongi,depot-gazipur,station-tongi,2,6500.0,AVAILABLE
792,2026-01-09T06:00:00,route-patiya-karnaphuli,depot-patiya,station-karnaphuli,2,7000.0,AVAILABLE
792,2026-01-09T06:00:00,route-patiya-coxsbazar,depot-patiya,station-coxsbazar,3,6000.0,AVAILABLE
792,2026-01-09T06:00:00,route-gazipur-karnaphuli,depot-gazipur,station-karnaphuli,4,5000.0,AVAILABLE
792,2026-01-09T06:00:00,route-patiya-mirpur,depot-patiya,station-mirpur,4,5000.0,AVAILABLE
793,2026-01-09T06:15:00,route-gazipur-mirpur,depot-gazipur,station-mirpur,2,7000.0,AVAILABLE
793,2026-01-09T06:15:00,route-gazipur-tongi,depot-gazipur,station-tongi,2,6500.0,AVAILABLE
793,2026-01-09T06:15:00,route-patiya-karnaphuli,depot-patiya,station-karnaphuli,2,7000.0,AVAILABLE
793,2026-01-09T06:15:00,route-patiya-coxsbazar,depot-patiya,station-coxsbazar,3,6000.0,AVAILABLE
793,2026-01-09T06:15:00,route-gazipur-karnaphuli,depot-gazipur,station-karnaphuli,4,5000.0,AVAILABLE
793,2026-01-09T06:15:00,route-patiya-mirpur,depot-patiya,station-mirpur,4,5000.0,AVAILABLE
794,2026-01-09T06:30:00,route-gazipur-mirpur,depot-gazipur,station-mirpur,2,7000.0,AVAILABLE
794,2026-01-09T06:30:00,route-gazipur-tongi,depot-gazipur,station-tongi,2,6500.0,AVAILABLE
794,2026-01-09T06:30:00,route-patiya-karnaphuli,depot-patiya,station-karnaphuli,2,7000.0,AVAILABLE
794,2026-01-09T06:30:00,route-patiya-coxsbazar,depot-patiya,station-coxsbazar,3,6000.0,AVAILABLE
794,2026-01-09T06:30:00,route-gazipur-karnaphuli,depot-gazipur,station-karnaphuli,4,5000.0,AVAILABLE
794,2026-01-09T06:30:00,route-patiya-mirpur,depot-patiya,station-mirpur,4,5000.0,AVAILABLE
795,2026-01-09T06:45:00,route-gazipur-mirpur,depot-gazipur,station-mirpur,2,7000.0,AVAILABLE
795,2026-01-09T06:45:00,route-gazipur-tongi,depot-gazipur,station-tongi,2,6500.0,AVAILABLE
795,2026-01-09T06:45:00,route-patiya-karnaphuli,depot-patiya,station-karnaphuli,2,7000.0,AVAILABLE
795,2026-01-09T06:45:00,route-patiya-coxsbazar,depot-patiya,station-coxsbazar,3,6000.0,AVAILABLE
795,2026-01-09T06:45:00,route-gazipur-karnaphuli,depot-gazipur,station-karnaphuli,4,5000.0,AVAILABLE
795,2026-01-09T06:45:00,route-patiya-mirpur,depot-patiya,station-mirpur,4,5000.0,AVAILABLE
796,2026-01-09T07:00:00,route-gazipur-mirpur,depot-gazipur,station-mirpur,2,7000.0,AVAILABLE
796,2026-01-09T07:00:00,route-gazipur-tongi,depot-gazipur,station-tongi,2,6500.0,AVAILABLE
796,2026-01-09T07:00:00,route-patiya-karnaphuli,depot-patiya,station-karnaphuli,2,7000.0,AVAILABLE
796,2026-01-09T07:00:00,route-patiya-coxsbazar,depot-patiya,station-coxsbazar,3,6000.0,AVAILABLE
796,2026-01-09T07:00:00,route-gazipur-karnaphuli,depot-gazipur,station-karnaphuli,4,5000.0,AVAILABLE
796,2026-01-09T07:00:00,route-patiya-mirpur,depot-patiya,station-mirpur,4,5000.0,AVAILABLE
797,2026-01-09T07:15:00,route-gazipur-mirpur,depot-gazipur,station-mirpur,2,7000.0,AVAILABLE
797,2026-01-09T07:15:00,route-gazipur-tongi,depot-gazipur,station-tongi,2,6500.0,AVAILABLE
797,2026-01-09T07:15:00,route-patiya-karnaphuli,depot-patiya,station-karnaphuli,2,7000.0,AVAILABLE
797,2026-01-09T07:15:00,route-patiya-coxsbazar,depot-patiya,station-coxsbazar,3,6000.0,AVAILABLE
797,2026-01-09T07:15:00,route-gazipur-karnaphuli,depot-gazipur,station-karnaphuli,4,5000.0,AVAILABLE
797,2026-01-09T07:15:00,route-patiya-mirpur,depot-patiya,station-mirpur,4,5000.0,AVAILABLE
798,2026-01-09T07:30:00,route-gazipur-mirpur,depot-gazipur,station-mirpur,2,7000.0,AVAILABLE
798,2026-01-09T07:30:00,route-gazipur-tongi,depot-gazipur,station-tongi,2,6500.0,AVAILABLE
798,2026-01-09T07:30:00,route-patiya-karnaphuli,depot-patiya,station-karnaphuli,2,7000.0,AVAILABLE
798,2026-01-09T07:30:00,route-patiya-coxsbazar,depot-patiya,station-coxsbazar,3,6000.0,AVAILABLE
798,2026-01-09T07:30:00,route-gazipur-karnaphuli,depot-gazipur,station-karnaphuli,4,5000.0,AVAILABLE
798,2026-01-09T07:30:00,route-patiya-mirpur,depot-patiya,station-mirpur,4,5000.0,AVAILABLE
799,2026-01-09T07:45:00,route-gazipur-mirpur,depot-gazipur,station-mirpur,2,7000.0,AVAILABLE
799,2026-01-09T07:45:00,route-gazipur-tongi,depot-gazipur,station-tongi,2,6500.0,AVAILABLE
799,2026-01-09T07:45:00,route-patiya-karnaphuli,depot-patiya,station-karnaphuli,2,7000.0,AVAILABLE
799,2026-01-09T07:45:00,route-patiya-coxsbazar,depot-patiya,station-coxsbazar,3,6000.0,AVAILABLE
799,2026-01-09T07:45:00,route-gazipur-karnaphuli,depot-gazipur,station-karnaphuli,4,5000.0,AVAILABLE
799,2026-01-09T07:45:00,route-patiya-mirpur,depot-patiya,station-mirpur,4,5000.0,AVAILABLE
800,2026-01-09T08:00:00,route-gazipur-mirpur,depot-gazipur,station-mirpur,2,7000.0,AVAILABLE
800,2026-01-09T08:00:00,route-gazipur-tongi,depot-gazipur,station-tongi,2,6500.0,AVAILABLE
800,2026-01-09T08:00:00,route-patiya-karnaphuli,depot-patiya,station-karnaphuli,2,7000.0,AVAILABLE
800,2026-01-09T08:00:00,route-patiya-coxsbazar,depot-patiya,station-coxsbazar,3,6000.0,AVAILABLE
800,2026-01-09T08:00:00,route-gazipur-karnaphuli,depot-gazipur,station-karnaphuli,4,5000.0,AVAILABLE
800,2026-01-09T08:00:00,route-patiya-mirpur,depot-patiya,station-mirpur,4,5000.0,AVAILABLE
801,2026-01-09T08:15:00,route-gazipur-mirpur,depot-gazipur,station-mirpur,2,7000.0,AVAILABLE
801,2026-01-09T08:15:00,route-gazipur-tongi,depot-gazipur,station-tongi,2,6500.0,AVAILABLE
801,2026-01-09T08:15:00,route-patiya-karnaphuli,depot-patiya,station-karnaphuli,2,7000.0,AVAILABLE
801,2026-01-09T08:15:00,route-patiya-coxsbazar,depot-patiya,station-coxsbazar,3,6000.0,AVAILABLE
801,2026-01-09T08:15:00,route-gazipur-karnaphuli,depot-gazipur,station-karnaphuli,4,5000.0,AVAILABLE
801,2026-01-09T08:15:00,route-patiya-mirpur,depot-patiya,station-mirpur,4,5000.0,AVAILABLE
802,2026-01-09T08:30:00,route-gazipur-mirpur,depot-gazipur,station-mirpur,2,7000.0,AVAILABLE
802,2026-01-09T08:30:00,route-gazipur-tongi,depot-gazipur,station-tongi,2,6500.0,AVAILABLE
802,2026-01-09T08:30:00,route-patiya-karnaphuli,depot-patiya,station-karnaphuli,2,7000.0,AVAILABLE
802,2026-01-09T08:30:00,route-patiya-coxsbazar,depot-patiya,station-coxsbazar,3,6000.0,AVAILABLE
802,2026-01-09T08:30:00,route-gazipur-karnaphuli,depot-gazipur,station-karnaphuli,4,5000.0,AVAILABLE
802,2026-01-09T08:30:00,route-patiya-mirpur,depot-patiya,station-mirpur,4,5000.0,AVAILABLE
803,2026-01-09T08:45:00,route-gazipur-mirpur,depot-gazipur,station-mirpur,2,7000.0,AVAILABLE
803,2026-01-09T08:45:00,route-gazipur-tongi,depot-gazipur,station-tongi,2,6500.0,AVAILABLE
803,2026-01-09T08:45:00,route-patiya-karnaphuli,depot-patiya,station-karnaphuli,2,7000.0,AVAILABLE
803,2026-01-09T08:45:00,route-patiya-coxsbazar,depot-patiya,station-coxsbazar,3,6000.0,AVAILABLE
803,2026-01-09T08:45:00,route-gazipur-karnaphuli,depot-gazipur,station-karnaphuli,4,5000.0,AVAILABLE
803,2026-01-09T08:45:00,route-patiya-mirpur,depot-patiya,station-mirpur,4,5000.0,AVAILABLE
804,2026-01-09T09:00:00,route-gazipur-mirpur,depot-gazipur,station-mirpur,2,7000.0,AVAILABLE
804,2026-01-09T09:00:00,route-gazipur-tongi,depot-gazipur,station-tongi,2,6500.0,AVAILABLE
804,2026-01-09T09:00:00,route-patiya-karnaphuli,depot-patiya,station-karnaphuli,2,7000.0,AVAILABLE
804,2026-01-09T09:00:00,route-patiya-coxsbazar,depot-patiya,station-coxsbazar,3,6000.0,AVAILABLE
804,2026-01-09T09:00:00,route-gazipur-karnaphuli,depot-gazipur,station-karnaphuli,4,5000.0,AVAILABLE
804,2026-01-09T09:00:00,route-patiya-mirpur,depot-patiya,station-mirpur,4,5000.0,AVAILABLE
805,2026-01-09T09:15:00,route-gazipur-mirpur,depot-gazipur,station-mirpur,2,7000.0,AVAILABLE
805,2026-01-09T09:15:00,route-gazipur-tongi,depot-gazipur,station-tongi,2,6500.0,AVAILABLE
805,2026-01-09T09:15:00,route-patiya-karnaphuli,depot-patiya,station-karnaphuli,2,7000.0,AVAILABLE
805,2026-01-09T09:15:00,route-patiya-coxsbazar,depot-patiya,station-coxsbazar,3,6000.0,AVAILABLE
805,2026-01-09T09:15:00,route-gazipur-karnaphuli,depot-gazipur,station-karnaphuli,4,5000.0,AVAILABLE
805,2026-01-09T09:15:00,route-patiya-mirpur,depot-patiya,station-mirpur,4,5000.0,AVAILABLE
806,2026-01-09T09:30:00,route-gazipur-mirpur,depot-gazipur,station-mirpur,2,7000.0,AVAILABLE
806,2026-01-09T09:30:00,route-gazipur-tongi,depot-gazipur,station-tongi,2,6500.0,AVAILABLE
806,2026-01-09T09:30:00,route-patiya-karnaphuli,depot-patiya,station-karnaphuli,2,7000.0,AVAILABLE
806,2026-01-09T09:30:00,route-patiya-coxsbazar,depot-patiya,station-coxsbazar,3,6000.0,AVAILABLE
806,2026-01-09T09:30:00,route-gazipur-karnaphuli,depot-gazipur,station-karnaphuli,4,5000.0,AVAILABLE
806,2026-01-09T09:30:00,route-patiya-mirpur,depot-patiya,station-mirpur,4,5000.0,AVAILABLE
807,2026-01-09T09:45:00,route-gazipur-mirpur,depot-gazipur,station-mirpur,2,7000.0,AVAILABLE
807,2026-01-09T09:45:00,route-gazipur-tongi,depot-gazipur,station-tongi,2,6500.0,AVAILABLE
807,2026-01-09T09:45:00,route-patiya-karnaphuli,depot-patiya,station-karnaphuli,2,7000.0,AVAILABLE
807,2026-01-09T09:45:00,route-patiya-coxsbazar,depot-patiya,station-coxsbazar,3,6000.0,AVAILABLE
807,2026-01-09T09:45:00,route-gazipur-karnaphuli,depot-gazipur,station-karnaphuli,4,5000.0,AVAILABLE
807,2026-01-09T09:45:00,route-patiya-mirpur,depot-patiya,station-mirpur,4,5000.0,AVAILABLE
808,2026-01-09T10:00:00,route-gazipur-mirpur,depot-gazipur,station-mirpur,2,7000.0,AVAILABLE
808,2026-01-09T10:00:00,route-gazipur-tongi,depot-gazipur,station-tongi,2,6500.0,AVAILABLE
808,2026-01-09T10:00:00,route-patiya-karnaphuli,depot-patiya,station-karnaphuli,2,7000.0,AVAILABLE
808,2026-01-09T10:00:00,route-patiya-coxsbazar,depot-patiya,station-coxsbazar,3,6000.0,AVAILABLE
808,2026-01-09T10:00:00,route-gazipur-karnaphuli,depot-gazipur,station-karnaphuli,4,5000.0,AVAILABLE
808,2026-01-09T10:00:00,route-patiya-mirpur,depot-patiya,station-mirpur,4,5000.0,AVAILABLE
809,2026-01-09T10:15:00,route-gazipur-mirpur,depot-gazipur,station-mirpur,2,7000.0,AVAILABLE
809,2026-01-09T10:15:00,route-gazipur-tongi,depot-gazipur,station-tongi,2,6500.0,AVAILABLE
809,2026-01-09T10:15:00,route-patiya-karnaphuli,depot-patiya,station-karnaphuli,2,7000.0,AVAILABLE
809,2026-01-09T10:15:00,route-patiya-coxsbazar,depot-patiya,station-coxsbazar,3,6000.0,AVAILABLE
809,2026-01-09T10:15:00,route-gazipur-karnaphuli,depot-gazipur,station-karnaphuli,4,5000.0,AVAILABLE
809,2026-01-09T10:15:00,route-patiya-mirpur,depot-patiya,station-mirpur,4,5000.0,AVAILABLE
810,2026-01-09T10:30:00,route-gazipur-mirpur,depot-gazipur,station-mirpur,2,7000.0,AVAILABLE
810,2026-01-09T10:30:00,route-gazipur-tongi,depot-gazipur,station-tongi,2,6500.0,AVAILABLE
810,2026-01-09T10:30:00,route-patiya-karnaphuli,depot-patiya,station-karnaphuli,2,7000.0,AVAILABLE
810,2026-01-09T10:30:00,route-patiya-coxsbazar,depot-patiya,station-coxsbazar,3,6000.0,AVAILABLE
810,2026-01-09T10:30:00,route-gazipur-karnaphuli,depot-gazipur,station-karnaphuli,4,5000.0,AVAILABLE
810,2026-01-09T10:30:00,route-patiya-mirpur,depot-patiya,station-mirpur,4,5000.0,AVAILABLE
811,2026-01-09T10:45:00,route-gazipur-mirpur,depot-gazipur,station-mirpur,2,7000.0,AVAILABLE
811,2026-01-09T10:45:00,route-gazipur-tongi,depot-gazipur,station-tongi,2,6500.0,AVAILABLE
811,2026-01-09T10:45:00,route-patiya-karnaphuli,depot-patiya,station-karnaphuli,2,7000.0,AVAILABLE
811,2026-01-09T10:45:00,route-patiya-coxsbazar,depot-patiya,station-coxsbazar,3,6000.0,AVAILABLE
811,2026-01-09T10:45:00,route-gazipur-karnaphuli,depot-gazipur,station-karnaphuli,4,5000.0,AVAILABLE
811,2026-01-09T10:45:00,route-patiya-mirpur,depot-patiya,station-mirpur,4,5000.0,AVAILABLE
812,2026-01-09T11:00:00,route-gazipur-mirpur,depot-gazipur,station-mirpur,2,7000.0,AVAILABLE
812,2026-01-09T11:00:00,route-gazipur-tongi,depot-gazipur,station-tongi,2,6500.0,AVAILABLE
812,2026-01-09T11:00:00,route-patiya-karnaphuli,depot-patiya,station-karnaphuli,2,7000.0,AVAILABLE
812,2026-01-09T11:00:00,route-patiya-coxsbazar,depot-patiya,station-coxsbazar,3,6000.0,AVAILABLE
812,2026-01-09T11:00:00,route-gazipur-karnaphuli,depot-gazipur,station-karnaphuli,4,5000.0,AVAILABLE
812,2026-01-09T11:00:00,route-patiya-mirpur,depot-patiya,station-mirpur,4,5000.0,AVAILABLE
813,2026-01-09T11:15:00,route-gazipur-mirpur,depot-gazipur,station-mirpur,2,7000.0,AVAILABLE
813,2026-01-09T11:15:00,route-gazipur-tongi,depot-gazipur,station-tongi,2,6500.0,AVAILABLE
813,2026-01-09T11:15:00,route-patiya-karnaphuli,depot-patiya,station-karnaphuli,2,7000.0,AVAILABLE
813,2026-01-09T11:15:00,route-patiya-coxsbazar,depot-patiya,station-coxsbazar,3,6000.0,AVAILABLE
813,2026-01-09T11:15:00,route-gazipur-karnaphuli,depot-gazipur,station-karnaphuli,4,5000.0,AVAILABLE
813,2026-01-09T11:15:00,route-patiya-mirpur,depot-patiya,station-mirpur,4,5000.0,AVAILABLE
814,2026-01-09T11:30:00,route-gazipur-mirpur,depot-gazipur,station-mirpur,2,7000.0,AVAILABLE
814,2026-01-09T11:30:00,route-gazipur-tongi,depot-gazipur,station-tongi,2,6500.0,AVAILABLE
814,2026-01-09T11:30:00,route-patiya-karnaphuli,depot-patiya,station-karnaphuli,2,7000.0,AVAILABLE
814,2026-01-09T11:30:00,route-patiya-coxsbazar,depot-patiya,station-coxsbazar,3,6000.0,AVAILABLE
814,2026-01-09T11:30:00,route-gazipur-karnaphuli,depot-gazipur,station-karnaphuli,4,5000.0,AVAILABLE
814,2026-01-09T11:30:00,route-patiya-mirpur,depot-patiya,station-mirpur,4,5000.0,AVAILABLE
815,2026-01-09T11:45:00,route-gazipur-mirpur,depot-gazipur,station-mirpur,2,7000.0,AVAILABLE
815,2026-01-09T11:45:00,route-gazipur-tongi,depot-gazipur,station-tongi,2,6500.0,AVAILABLE
815,2026-01-09T11:45:00,route-patiya-karnaphuli,depot-patiya,station-karnaphuli,2,7000.0,AVAILABLE
815,2026-01-09T11:45:00,route-patiya-coxsbazar,depot-patiya,station-coxsbazar,3,6000.0,AVAILABLE
815,2026-01-09T11:45:00,route-gazipur-karnaphuli,depot-gazipur,station-karnaphuli,4,5000.0,AVAILABLE
815,2026-01-09T11:45:00,route-patiya-mirpur,depot-patiya,station-mirpur,4,5000.0,AVAILABLE
816,2026-01-09T12:00:00,route-gazipur-mirpur,depot-gazipur,station-mirpur,2,7000.0,AVAILABLE
816,2026-01-09T12:00:00,route-gazipur-tongi,depot-gazipur,station-tongi,2,6500.0,AVAILABLE
816,2026-01-09T12:00:00,route-patiya-karnaphuli,depot-patiya,station-karnaphuli,2,7000.0,AVAILABLE
816,2026-01-09T12:00:00,route-patiya-coxsbazar,depot-patiya,station-coxsbazar,3,6000.0,AVAILABLE
816,2026-01-09T12:00:00,route-gazipur-karnaphuli,depot-gazipur,station-karnaphuli,4,5000.0,AVAILABLE
816,2026-01-09T12:00:00,route-patiya-mirpur,depot-patiya,station-mirpur,4,5000.0,AVAILABLE
817,2026-01-09T12:15:00,route-gazipur-mirpur,depot-gazipur,station-mirpur,2,7000.0,AVAILABLE
817,2026-01-09T12:15:00,route-gazipur-tongi,depot-gazipur,station-tongi,2,6500.0,AVAILABLE
817,2026-01-09T12:15:00,route-patiya-karnaphuli,depot-patiya,station-karnaphuli,2,7000.0,AVAILABLE
817,2026-01-09T12:15:00,route-patiya-coxsbazar,depot-patiya,station-coxsbazar,3,6000.0,AVAILABLE
817,2026-01-09T12:15:00,route-gazipur-karnaphuli,depot-gazipur,station-karnaphuli,4,5000.0,AVAILABLE
817,2026-01-09T12:15:00,route-patiya-mirpur,depot-patiya,station-mirpur,4,5000.0,AVAILABLE
818,2026-01-09T12:30:00,route-gazipur-mirpur,depot-gazipur,station-mirpur,2,7000.0,AVAILABLE
818,2026-01-09T12:30:00,route-gazipur-tongi,depot-gazipur,station-tongi,2,6500.0,AVAILABLE
818,2026-01-09T12:30:00,route-patiya-karnaphuli,depot-patiya,station-karnaphuli,2,7000.0,AVAILABLE
818,2026-01-09T12:30:00,route-patiya-coxsbazar,depot-patiya,station-coxsbazar,3,6000.0,AVAILABLE
818,2026-01-09T12:30:00,route-gazipur-karnaphuli,depot-gazipur,station-karnaphuli,4,5000.0,AVAILABLE
818,2026-01-09T12:30:00,route-patiya-mirpur,depot-patiya,station-mirpur,4,5000.0,AVAILABLE
819,2026-01-09T12:45:00,route-gazipur-mirpur,depot-gazipur,station-mirpur,2,7000.0,AVAILABLE
819,2026-01-09T12:45:00,route-gazipur-tongi,depot-gazipur,station-tongi,2,6500.0,AVAILABLE
819,2026-01-09T12:45:00,route-patiya-karnaphuli,depot-patiya,station-karnaphuli,2,7000.0,AVAILABLE
819,2026-01-09T12:45:00,route-patiya-coxsbazar,depot-patiya,station-coxsbazar,3,6000.0,AVAILABLE
819,2026-01-09T12:45:00,route-gazipur-karnaphuli,depot-gazipur,station-karnaphuli,4,5000.0,AVAILABLE
819,2026-01-09T12:45:00,route-patiya-mirpur,depot-patiya,station-mirpur,4,5000.0,AVAILABLE
820,2026-01-09T13:00:00,route-gazipur-mirpur,depot-gazipur,station-mirpur,2,7000.0,AVAILABLE
820,2026-01-09T13:00:00,route-gazipur-tongi,depot-gazipur,station-tongi,2,6500.0,AVAILABLE
820,2026-01-09T13:00:00,route-patiya-karnaphuli,depot-patiya,station-karnaphuli,2,7000.0,AVAILABLE
820,2026-01-09T13:00:00,route-patiya-coxsbazar,depot-patiya,station-coxsbazar,3,6000.0,AVAILABLE
820,2026-01-09T13:00:00,route-gazipur-karnaphuli,depot-gazipur,station-karnaphuli,4,5000.0,AVAILABLE
820,2026-01-09T13:00:00,route-patiya-mirpur,depot-patiya,station-mirpur,4,5000.0,AVAILABLE
821,2026-01-09T13:15:00,route-gazipur-mirpur,depot-gazipur,station-mirpur,2,7000.0,AVAILABLE
821,2026-01-09T13:15:00,route-gazipur-tongi,depot-gazipur,station-tongi,2,6500.0,AVAILABLE
821,2026-01-09T13:15:00,route-patiya-karnaphuli,depot-patiya,station-karnaphuli,2,7000.0,AVAILABLE
821,2026-01-09T13:15:00,route-patiya-coxsbazar,depot-patiya,station-coxsbazar,3,6000.0,AVAILABLE
821,2026-01-09T13:15:00,route-gazipur-karnaphuli,depot-gazipur,station-karnaphuli,4,5000.0,AVAILABLE
821,2026-01-09T13:15:00,route-patiya-mirpur,depot-patiya,station-mirpur,4,5000.0,AVAILABLE
822,2026-01-09T13:30:00,route-gazipur-mirpur,depot-gazipur,station-mirpur,2,7000.0,AVAILABLE
822,2026-01-09T13:30:00,route-gazipur-tongi,depot-gazipur,station-tongi,2,6500.0,AVAILABLE
822,2026-01-09T13:30:00,route-patiya-karnaphuli,depot-patiya,station-karnaphuli,2,7000.0,AVAILABLE
822,2026-01-09T13:30:00,route-patiya-coxsbazar,depot-patiya,station-coxsbazar,3,6000.0,AVAILABLE
822,2026-01-09T13:30:00,route-gazipur-karnaphuli,depot-gazipur,station-karnaphuli,4,5000.0,AVAILABLE
822,2026-01-09T13:30:00,route-patiya-mirpur,depot-patiya,station-mirpur,4,5000.0,AVAILABLE
823,2026-01-09T13:45:00,route-gazipur-mirpur,depot-gazipur,station-mirpur,2,7000.0,AVAILABLE
823,2026-01-09T13:45:00,route-gazipur-tongi,depot-gazipur,station-tongi,2,6500.0,AVAILABLE
823,2026-01-09T13:45:00,route-patiya-karnaphuli,depot-patiya,station-karnaphuli,2,7000.0,AVAILABLE
823,2026-01-09T13:45:00,route-patiya-coxsbazar,depot-patiya,station-coxsbazar,3,6000.0,AVAILABLE
823,2026-01-09T13:45:00,route-gazipur-karnaphuli,depot-gazipur,station-karnaphuli,4,5000.0,AVAILABLE
823,2026-01-09T13:45:00,route-patiya-mirpur,depot-patiya,station-mirpur,4,5000.0,AVAILABLE
824,2026-01-09T14:00:00,route-gazipur-mirpur,depot-gazipur,station-mirpur,2,7000.0,AVAILABLE
824,2026-01-09T14:00:00,route-gazipur-tongi,depot-gazipur,station-tongi,2,6500.0,AVAILABLE
824,2026-01-09T14:00:00,route-patiya-karnaphuli,depot-patiya,station-karnaphuli,2,7000.0,AVAILABLE
824,2026-01-09T14:00:00,route-patiya-coxsbazar,depot-patiya,station-coxsbazar,3,6000.0,AVAILABLE
824,2026-01-09T14:00:00,route-gazipur-karnaphuli,depot-gazipur,station-karnaphuli,4,5000.0,AVAILABLE
824,2026-01-09T14:00:00,route-patiya-mirpur,depot-patiya,station-mirpur,4,5000.0,AVAILABLE
825,2026-01-09T14:15:00,route-gazipur-mirpur,depot-gazipur,station-mirpur,2,7000.0,AVAILABLE
825,2026-01-09T14:15:00,route-gazipur-tongi,depot-gazipur,station-tongi,2,6500.0,AVAILABLE
825,2026-01-09T14:15:00,route-patiya-karnaphuli,depot-patiya,station-karnaphuli,2,7000.0,AVAILABLE
825,2026-01-09T14:15:00,route-patiya-coxsbazar,depot-patiya,station-coxsbazar,3,6000.0,AVAILABLE
825,2026-01-09T14:15:00,route-gazipur-karnaphuli,depot-gazipur,station-karnaphuli,4,5000.0,AVAILABLE
825,2026-01-09T14:15:00,route-patiya-mirpur,depot-patiya,station-mirpur,4,5000.0,AVAILABLE
826,2026-01-09T14:30:00,route-gazipur-mirpur,depot-gazipur,station-mirpur,2,7000.0,AVAILABLE
826,2026-01-09T14:30:00,route-gazipur-tongi,depot-gazipur,station-tongi,2,6500.0,AVAILABLE
826,2026-01-09T14:30:00,route-patiya-karnaphuli,depot-patiya,station-karnaphuli,2,7000.0,AVAILABLE
826,2026-01-09T14:30:00,route-patiya-coxsbazar,depot-patiya,station-coxsbazar,3,6000.0,AVAILABLE
826,2026-01-09T14:30:00,route-gazipur-karnaphuli,depot-gazipur,station-karnaphuli,4,5000.0,AVAILABLE
826,2026-01-09T14:30:00,route-patiya-mirpur,depot-patiya,station-mirpur,4,5000.0,AVAILABLE
827,2026-01-09T14:45:00,route-gazipur-mirpur,depot-gazipur,station-mirpur,2,7000.0,AVAILABLE
827,2026-01-09T14:45:00,route-gazipur-tongi,depot-gazipur,station-tongi,2,6500.0,AVAILABLE
827,2026-01-09T14:45:00,route-patiya-karnaphuli,depot-patiya,station-karnaphuli,2,7000.0,AVAILABLE
827,2026-01-09T14:45:00,route-patiya-coxsbazar,depot-patiya,station-coxsbazar,3,6000.0,AVAILABLE
827,2026-01-09T14:45:00,route-gazipur-karnaphuli,depot-gazipur,station-karnaphuli,4,5000.0,AVAILABLE
827,2026-01-09T14:45:00,route-patiya-mirpur,depot-patiya,station-mirpur,4,5000.0,AVAILABLE
828,2026-01-09T15:00:00,route-gazipur-mirpur,depot-gazipur,station-mirpur,2,7000.0,AVAILABLE
828,2026-01-09T15:00:00,route-gazipur-tongi,depot-gazipur,station-tongi,2,6500.0,AVAILABLE
828,2026-01-09T15:00:00,route-patiya-karnaphuli,depot-patiya,station-karnaphuli,2,7000.0,AVAILABLE
828,2026-01-09T15:00:00,route-patiya-coxsbazar,depot-patiya,station-coxsbazar,3,6000.0,AVAILABLE
828,2026-01-09T15:00:00,route-gazipur-karnaphuli,depot-gazipur,station-karnaphuli,4,5000.0,AVAILABLE
828,2026-01-09T15:00:00,route-patiya-mirpur,depot-patiya,station-mirpur,4,5000.0,AVAILABLE
829,2026-01-09T15:15:00,route-gazipur-mirpur,depot-gazipur,station-mirpur,2,7000.0,AVAILABLE
829,2026-01-09T15:15:00,route-gazipur-tongi,depot-gazipur,station-tongi,2,6500.0,AVAILABLE
829,2026-01-09T15:15:00,route-patiya-karnaphuli,depot-patiya,station-karnaphuli,2,7000.0,AVAILABLE
829,2026-01-09T15:15:00,route-patiya-coxsbazar,depot-patiya,station-coxsbazar,3,6000.0,AVAILABLE
829,2026-01-09T15:15:00,route-gazipur-karnaphuli,depot-gazipur,station-karnaphuli,4,5000.0,AVAILABLE
829,2026-01-09T15:15:00,route-patiya-mirpur,depot-patiya,station-mirpur,4,5000.0,AVAILABLE
830,2026-01-09T15:30:00,route-gazipur-mirpur,depot-gazipur,station-mirpur,2,7000.0,AVAILABLE
830,2026-01-09T15:30:00,route-gazipur-tongi,depot-gazipur,station-tongi,2,6500.0,AVAILABLE
830,2026-01-09T15:30:00,route-patiya-karnaphuli,depot-patiya,station-karnaphuli,2,7000.0,AVAILABLE
830,2026-01-09T15:30:00,route-patiya-coxsbazar,depot-patiya,station-coxsbazar,3,6000.0,AVAILABLE
830,2026-01-09T15:30:00,route-gazipur-karnaphuli,depot-gazipur,station-karnaphuli,4,5000.0,AVAILABLE
830,2026-01-09T15:30:00,route-patiya-mirpur,depot-patiya,station-mirpur,4,5000.0,AVAILABLE
831,2026-01-09T15:45:00,route-gazipur-mirpur,depot-gazipur,station-mirpur,2,7000.0,AVAILABLE
831,2026-01-09T15:45:00,route-gazipur-tongi,depot-gazipur,station-tongi,2,6500.0,AVAILABLE
831,2026-01-09T15:45:00,route-patiya-karnaphuli,depot-patiya,station-karnaphuli,2,7000.0,AVAILABLE
831,2026-01-09T15:45:00,route-patiya-coxsbazar,depot-patiya,station-coxsbazar,3,6000.0,AVAILABLE
831,2026-01-09T15:45:00,route-gazipur-karnaphuli,depot-gazipur,station-karnaphuli,4,5000.0,AVAILABLE
831,2026-01-09T15:45:00,route-patiya-mirpur,depot-patiya,station-mirpur,4,5000.0,AVAILABLE
832,2026-01-09T16:00:00,route-gazipur-mirpur,depot-gazipur,station-mirpur,2,7000.0,AVAILABLE
832,2026-01-09T16:00:00,route-gazipur-tongi,depot-gazipur,station-tongi,2,6500.0,AVAILABLE
832,2026-01-09T16:00:00,route-patiya-karnaphuli,depot-patiya,station-karnaphuli,2,7000.0,AVAILABLE
832,2026-01-09T16:00:00,route-patiya-coxsbazar,depot-patiya,station-coxsbazar,3,6000.0,AVAILABLE
832,2026-01-09T16:00:00,route-gazipur-karnaphuli,depot-gazipur,station-karnaphuli,4,5000.0,AVAILABLE
832,2026-01-09T16:00:00,route-patiya-mirpur,depot-patiya,station-mirpur,4,5000.0,AVAILABLE
833,2026-01-09T16:15:00,route-gazipur-mirpur,depot-gazipur,station-mirpur,2,7000.0,AVAILABLE
833,2026-01-09T16:15:00,route-gazipur-tongi,depot-gazipur,station-tongi,2,6500.0,AVAILABLE
833,2026-01-09T16:15:00,route-patiya-karnaphuli,depot-patiya,station-karnaphuli,2,7000.0,AVAILABLE
833,2026-01-09T16:15:00,route-patiya-coxsbazar,depot-patiya,station-coxsbazar,3,6000.0,AVAILABLE
833,2026-01-09T16:15:00,route-gazipur-karnaphuli,depot-gazipur,station-karnaphuli,4,5000.0,AVAILABLE
833,2026-01-09T16:15:00,route-patiya-mirpur,depot-patiya,station-mirpur,4,5000.0,AVAILABLE
834,2026-01-09T16:30:00,route-gazipur-mirpur,depot-gazipur,station-mirpur,2,7000.0,AVAILABLE
834,2026-01-09T16:30:00,route-gazipur-tongi,depot-gazipur,station-tongi,2,6500.0,AVAILABLE
834,2026-01-09T16:30:00,route-patiya-karnaphuli,depot-patiya,station-karnaphuli,2,7000.0,AVAILABLE
834,2026-01-09T16:30:00,route-patiya-coxsbazar,depot-patiya,station-coxsbazar,3,6000.0,AVAILABLE
834,2026-01-09T16:30:00,route-gazipur-karnaphuli,depot-gazipur,station-karnaphuli,4,5000.0,AVAILABLE
834,2026-01-09T16:30:00,route-patiya-mirpur,depot-patiya,station-mirpur,4,5000.0,AVAILABLE
835,2026-01-09T16:45:00,route-gazipur-mirpur,depot-gazipur,station-mirpur,2,7000.0,AVAILABLE
835,2026-01-09T16:45:00,route-gazipur-tongi,depot-gazipur,station-tongi,2,6500.0,AVAILABLE
835,2026-01-09T16:45:00,route-patiya-karnaphuli,depot-patiya,station-karnaphuli,2,7000.0,AVAILABLE
835,2026-01-09T16:45:00,route-patiya-coxsbazar,depot-patiya,station-coxsbazar,3,6000.0,AVAILABLE
835,2026-01-09T16:45:00,route-gazipur-karnaphuli,depot-gazipur,station-karnaphuli,4,5000.0,AVAILABLE
835,2026-01-09T16:45:00,route-patiya-mirpur,depot-patiya,station-mirpur,4,5000.0,AVAILABLE
836,2026-01-09T17:00:00,route-gazipur-mirpur,depot-gazipur,station-mirpur,2,7000.0,AVAILABLE
836,2026-01-09T17:00:00,route-gazipur-tongi,depot-gazipur,station-tongi,2,6500.0,AVAILABLE
836,2026-01-09T17:00:00,route-patiya-karnaphuli,depot-patiya,station-karnaphuli,2,7000.0,AVAILABLE
836,2026-01-09T17:00:00,route-patiya-coxsbazar,depot-patiya,station-coxsbazar,3,6000.0,AVAILABLE
836,2026-01-09T17:00:00,route-gazipur-karnaphuli,depot-gazipur,station-karnaphuli,4,5000.0,AVAILABLE
836,2026-01-09T17:00:00,route-patiya-mirpur,depot-patiya,station-mirpur,4,5000.0,AVAILABLE
837,2026-01-09T17:15:00,route-gazipur-mirpur,depot-gazipur,station-mirpur,2,7000.0,AVAILABLE
837,2026-01-09T17:15:00,route-gazipur-tongi,depot-gazipur,station-tongi,2,6500.0,AVAILABLE
837,2026-01-09T17:15:00,route-patiya-karnaphuli,depot-patiya,station-karnaphuli,2,7000.0,AVAILABLE
837,2026-01-09T17:15:00,route-patiya-coxsbazar,depot-patiya,station-coxsbazar,3,6000.0,AVAILABLE
837,2026-01-09T17:15:00,route-gazipur-karnaphuli,depot-gazipur,station-karnaphuli,4,5000.0,AVAILABLE
837,2026-01-09T17:15:00,route-patiya-mirpur,depot-patiya,station-mirpur,4,5000.0,AVAILABLE
838,2026-01-09T17:30:00,route-gazipur-mirpur,depot-gazipur,station-mirpur,2,7000.0,AVAILABLE
838,2026-01-09T17:30:00,route-gazipur-tongi,depot-gazipur,station-tongi,2,6500.0,AVAILABLE
838,2026-01-09T17:30:00,route-patiya-karnaphuli,depot-patiya,station-karnaphuli,2,7000.0,AVAILABLE
838,2026-01-09T17:30:00,route-patiya-coxsbazar,depot-patiya,station-coxsbazar,3,6000.0,AVAILABLE
838,2026-01-09T17:30:00,route-gazipur-karnaphuli,depot-gazipur,station-karnaphuli,4,5000.0,AVAILABLE
838,2026-01-09T17:30:00,route-patiya-mirpur,depot-patiya,station-mirpur,4,5000.0,AVAILABLE
839,2026-01-09T17:45:00,route-gazipur-mirpur,depot-gazipur,station-mirpur,2,7000.0,AVAILABLE
839,2026-01-09T17:45:00,route-gazipur-tongi,depot-gazipur,station-tongi,2,6500.0,AVAILABLE
839,2026-01-09T17:45:00,route-patiya-karnaphuli,depot-patiya,station-karnaphuli,2,7000.0,AVAILABLE
839,2026-01-09T17:45:00,route-patiya-coxsbazar,depot-patiya,station-coxsbazar,3,6000.0,AVAILABLE
839,2026-01-09T17:45:00,route-gazipur-karnaphuli,depot-gazipur,station-karnaphuli,4,5000.0,AVAILABLE
839,2026-01-09T17:45:00,route-patiya-mirpur,depot-patiya,station-mirpur,4,5000.0,AVAILABLE
840,2026-01-09T18:00:00,route-gazipur-mirpur,depot-gazipur,station-mirpur,2,7000.0,AVAILABLE
840,2026-01-09T18:00:00,route-gazipur-tongi,depot-gazipur,station-tongi,2,6500.0,AVAILABLE
840,2026-01-09T18:00:00,route-patiya-karnaphuli,depot-patiya,station-karnaphuli,2,7000.0,AVAILABLE
840,2026-01-09T18:00:00,route-patiya-coxsbazar,depot-patiya,station-coxsbazar,3,6000.0,AVAILABLE
840,2026-01-09T18:00:00,route-gazipur-karnaphuli,depot-gazipur,station-karnaphuli,4,5000.0,AVAILABLE
840,2026-01-09T18:00:00,route-patiya-mirpur,depot-patiya,station-mirpur,4,5000.0,AVAILABLE
841,2026-01-09T18:15:00,route-gazipur-mirpur,depot-gazipur,station-mirpur,2,7000.0,AVAILABLE
841,2026-01-09T18:15:00,route-gazipur-tongi,depot-gazipur,station-tongi,2,6500.0,AVAILABLE
841,2026-01-09T18:15:00,route-patiya-karnaphuli,depot-patiya,station-karnaphuli,2,7000.0,AVAILABLE
841,2026-01-09T18:15:00,route-patiya-coxsbazar,depot-patiya,station-coxsbazar,3,6000.0,AVAILABLE
841,2026-01-09T18:15:00,route-gazipur-karnaphuli,depot-gazipur,station-karnaphuli,4,5000.0,AVAILABLE
841,2026-01-09T18:15:00,route-patiya-mirpur,depot-patiya,station-mirpur,4,5000.0,AVAILABLE
842,2026-01-09T18:30:00,route-gazipur-mirpur,depot-gazipur,station-mirpur,2,7000.0,AVAILABLE
842,2026-01-09T18:30:00,route-gazipur-tongi,depot-gazipur,station-tongi,2,6500.0,AVAILABLE
842,2026-01-09T18:30:00,route-patiya-karnaphuli,depot-patiya,station-karnaphuli,2,7000.0,AVAILABLE
842,2026-01-09T18:30:00,route-patiya-coxsbazar,depot-patiya,station-coxsbazar,3,6000.0,AVAILABLE
842,2026-01-09T18:30:00,route-gazipur-karnaphuli,depot-gazipur,station-karnaphuli,4,5000.0,AVAILABLE
842,2026-01-09T18:30:00,route-patiya-mirpur,depot-patiya,station-mirpur,4,5000.0,AVAILABLE
843,2026-01-09T18:45:00,route-gazipur-mirpur,depot-gazipur,station-mirpur,2,7000.0,AVAILABLE
843,2026-01-09T18:45:00,route-gazipur-tongi,depot-gazipur,station-tongi,2,6500.0,AVAILABLE
843,2026-01-09T18:45:00,route-patiya-karnaphuli,depot-patiya,station-karnaphuli,2,7000.0,AVAILABLE
843,2026-01-09T18:45:00,route-patiya-coxsbazar,depot-patiya,station-coxsbazar,3,6000.0,AVAILABLE
843,2026-01-09T18:45:00,route-gazipur-karnaphuli,depot-gazipur,station-karnaphuli,4,5000.0,AVAILABLE
843,2026-01-09T18:45:00,route-patiya-mirpur,depot-patiya,station-mirpur,4,5000.0,AVAILABLE
844,2026-01-09T19:00:00,route-gazipur-mirpur,depot-gazipur,station-mirpur,2,7000.0,AVAILABLE
844,2026-01-09T19:00:00,route-gazipur-tongi,depot-gazipur,station-tongi,2,6500.0,AVAILABLE
844,2026-01-09T19:00:00,route-patiya-karnaphuli,depot-patiya,station-karnaphuli,2,7000.0,AVAILABLE
844,2026-01-09T19:00:00,route-patiya-coxsbazar,depot-patiya,station-coxsbazar,3,6000.0,AVAILABLE
844,2026-01-09T19:00:00,route-gazipur-karnaphuli,depot-gazipur,station-karnaphuli,4,5000.0,AVAILABLE
844,2026-01-09T19:00:00,route-patiya-mirpur,depot-patiya,station-mirpur,4,5000.0,AVAILABLE
845,2026-01-09T19:15:00,route-gazipur-mirpur,depot-gazipur,station-mirpur,2,7000.0,AVAILABLE
845,2026-01-09T19:15:00,route-gazipur-tongi,depot-gazipur,station-tongi,2,6500.0,AVAILABLE
845,2026-01-09T19:15:00,route-patiya-karnaphuli,depot-patiya,station-karnaphuli,2,7000.0,AVAILABLE
845,2026-01-09T19:15:00,route-patiya-coxsbazar,depot-patiya,station-coxsbazar,3,6000.0,AVAILABLE
845,2026-01-09T19:15:00,route-gazipur-karnaphuli,depot-gazipur,station-karnaphuli,4,5000.0,AVAILABLE
845,2026-01-09T19:15:00,route-patiya-mirpur,depot-patiya,station-mirpur,4,5000.0,AVAILABLE
846,2026-01-09T19:30:00,route-gazipur-mirpur,depot-gazipur,station-mirpur,2,7000.0,AVAILABLE
846,2026-01-09T19:30:00,route-gazipur-tongi,depot-gazipur,station-tongi,2,6500.0,AVAILABLE
846,2026-01-09T19:30:00,route-patiya-karnaphuli,depot-patiya,station-karnaphuli,2,7000.0,AVAILABLE
846,2026-01-09T19:30:00,route-patiya-coxsbazar,depot-patiya,station-coxsbazar,3,6000.0,AVAILABLE
846,2026-01-09T19:30:00,route-gazipur-karnaphuli,depot-gazipur,station-karnaphuli,4,5000.0,AVAILABLE
846,2026-01-09T19:30:00,route-patiya-mirpur,depot-patiya,station-mirpur,4,5000.0,AVAILABLE
847,2026-01-09T19:45:00,route-gazipur-mirpur,depot-gazipur,station-mirpur,2,7000.0,AVAILABLE
847,2026-01-09T19:45:00,route-gazipur-tongi,depot-gazipur,station-tongi,2,6500.0,AVAILABLE
847,2026-01-09T19:45:00,route-patiya-karnaphuli,depot-patiya,station-karnaphuli,2,7000.0,AVAILABLE
847,2026-01-09T19:45:00,route-patiya-coxsbazar,depot-patiya,station-coxsbazar,3,6000.0,AVAILABLE
847,2026-01-09T19:45:00,route-gazipur-karnaphuli,depot-gazipur,station-karnaphuli,4,5000.0,AVAILABLE
847,2026-01-09T19:45:00,route-patiya-mirpur,depot-patiya,station-mirpur,4,5000.0,AVAILABLE
848,2026-01-09T20:00:00,route-gazipur-mirpur,depot-gazipur,station-mirpur,2,7000.0,AVAILABLE
848,2026-01-09T20:00:00,route-gazipur-tongi,depot-gazipur,station-tongi,2,6500.0,AVAILABLE
848,2026-01-09T20:00:00,route-patiya-karnaphuli,depot-patiya,station-karnaphuli,2,7000.0,AVAILABLE
848,2026-01-09T20:00:00,route-patiya-coxsbazar,depot-patiya,station-coxsbazar,3,6000.0,AVAILABLE
848,2026-01-09T20:00:00,route-gazipur-karnaphuli,depot-gazipur,station-karnaphuli,4,5000.0,AVAILABLE
848,2026-01-09T20:00:00,route-patiya-mirpur,depot-patiya,station-mirpur,4,5000.0,AVAILABLE
849,2026-01-09T20:15:00,route-gazipur-mirpur,depot-gazipur,station-mirpur,2,7000.0,AVAILABLE
849,2026-01-09T20:15:00,route-gazipur-tongi,depot-gazipur,station-tongi,2,6500.0,AVAILABLE
849,2026-01-09T20:15:00,route-patiya-karnaphuli,depot-patiya,station-karnaphuli,2,7000.0,AVAILABLE
849,2026-01-09T20:15:00,route-patiya-coxsbazar,depot-patiya,station-coxsbazar,3,6000.0,AVAILABLE
849,2026-01-09T20:15:00,route-gazipur-karnaphuli,depot-gazipur,station-karnaphuli,4,5000.0,AVAILABLE
849,2026-01-09T20:15:00,route-patiya-mirpur,depot-patiya,station-mirpur,4,5000.0,AVAILABLE
850,2026-01-09T20:30:00,route-gazipur-mirpur,depot-gazipur,station-mirpur,2,7000.0,AVAILABLE
850,2026-01-09T20:30:00,route-gazipur-tongi,depot-gazipur,station-tongi,2,6500.0,AVAILABLE
850,2026-01-09T20:30:00,route-patiya-karnaphuli,depot-patiya,station-karnaphuli,2,7000.0,AVAILABLE
850,2026-01-09T20:30:00,route-patiya-coxsbazar,depot-patiya,station-coxsbazar,3,6000.0,AVAILABLE
850,2026-01-09T20:30:00,route-gazipur-karnaphuli,depot-gazipur,station-karnaphuli,4,5000.0,AVAILABLE
850,2026-01-09T20:30:00,route-patiya-mirpur,depot-patiya,station-mirpur,4,5000.0,AVAILABLE
851,2026-01-09T20:45:00,route-gazipur-mirpur,depot-gazipur,station-mirpur,2,7000.0,AVAILABLE
851,2026-01-09T20:45:00,route-gazipur-tongi,depot-gazipur,station-tongi,2,6500.0,AVAILABLE
851,2026-01-09T20:45:00,route-patiya-karnaphuli,depot-patiya,station-karnaphuli,2,7000.0,AVAILABLE
851,2026-01-09T20:45:00,route-patiya-coxsbazar,depot-patiya,station-coxsbazar,3,6000.0,AVAILABLE
851,2026-01-09T20:45:00,route-gazipur-karnaphuli,depot-gazipur,station-karnaphuli,4,5000.0,AVAILABLE
851,2026-01-09T20:45:00,route-patiya-mirpur,depot-patiya,station-mirpur,4,5000.0,AVAILABLE
852,2026-01-09T21:00:00,route-gazipur-mirpur,depot-gazipur,station-mirpur,2,7000.0,AVAILABLE
852,2026-01-09T21:00:00,route-gazipur-tongi,depot-gazipur,station-tongi,2,6500.0,AVAILABLE
852,2026-01-09T21:00:00,route-patiya-karnaphuli,depot-patiya,station-karnaphuli,2,7000.0,AVAILABLE
852,2026-01-09T21:00:00,route-patiya-coxsbazar,depot-patiya,station-coxsbazar,3,6000.0,AVAILABLE
852,2026-01-09T21:00:00,route-gazipur-karnaphuli,depot-gazipur,station-karnaphuli,4,5000.0,AVAILABLE
852,2026-01-09T21:00:00,route-patiya-mirpur,depot-patiya,station-mirpur,4,5000.0,AVAILABLE
853,2026-01-09T21:15:00,route-gazipur-mirpur,depot-gazipur,station-mirpur,2,7000.0,AVAILABLE
853,2026-01-09T21:15:00,route-gazipur-tongi,depot-gazipur,station-tongi,2,6500.0,AVAILABLE
853,2026-01-09T21:15:00,route-patiya-karnaphuli,depot-patiya,station-karnaphuli,2,7000.0,AVAILABLE
853,2026-01-09T21:15:00,route-patiya-coxsbazar,depot-patiya,station-coxsbazar,3,6000.0,AVAILABLE
853,2026-01-09T21:15:00,route-gazipur-karnaphuli,depot-gazipur,station-karnaphuli,4,5000.0,AVAILABLE
853,2026-01-09T21:15:00,route-patiya-mirpur,depot-patiya,station-mirpur,4,5000.0,AVAILABLE
854,2026-01-09T21:30:00,route-gazipur-mirpur,depot-gazipur,station-mirpur,2,7000.0,AVAILABLE
854,2026-01-09T21:30:00,route-gazipur-tongi,depot-gazipur,station-tongi,2,6500.0,AVAILABLE
854,2026-01-09T21:30:00,route-patiya-karnaphuli,depot-patiya,station-karnaphuli,2,7000.0,AVAILABLE
854,2026-01-09T21:30:00,route-patiya-coxsbazar,depot-patiya,station-coxsbazar,3,6000.0,AVAILABLE
854,2026-01-09T21:30:00,route-gazipur-karnaphuli,depot-gazipur,station-karnaphuli,4,5000.0,AVAILABLE
854,2026-01-09T21:30:00,route-patiya-mirpur,depot-patiya,station-mirpur,4,5000.0,AVAILABLE
855,2026-01-09T21:45:00,route-gazipur-mirpur,depot-gazipur,station-mirpur,2,7000.0,AVAILABLE
855,2026-01-09T21:45:00,route-gazipur-tongi,depot-gazipur,station-tongi,2,6500.0,AVAILABLE
855,2026-01-09T21:45:00,route-patiya-karnaphuli,depot-patiya,station-karnaphuli,2,7000.0,AVAILABLE
855,2026-01-09T21:45:00,route-patiya-coxsbazar,depot-patiya,station-coxsbazar,3,6000.0,AVAILABLE
855,2026-01-09T21:45:00,route-gazipur-karnaphuli,depot-gazipur,station-karnaphuli,4,5000.0,AVAILABLE
855,2026-01-09T21:45:00,route-patiya-mirpur,depot-patiya,station-mirpur,4,5000.0,AVAILABLE
856,2026-01-09T22:00:00,route-gazipur-mirpur,depot-gazipur,station-mirpur,2,7000.0,AVAILABLE
856,2026-01-09T22:00:00,route-gazipur-tongi,depot-gazipur,station-tongi,2,6500.0,AVAILABLE
856,2026-01-09T22:00:00,route-patiya-karnaphuli,depot-patiya,station-karnaphuli,2,7000.0,AVAILABLE
856,2026-01-09T22:00:00,route-patiya-coxsbazar,depot-patiya,station-coxsbazar,3,6000.0,AVAILABLE
856,2026-01-09T22:00:00,route-gazipur-karnaphuli,depot-gazipur,station-karnaphuli,4,5000.0,AVAILABLE
856,2026-01-09T22:00:00,route-patiya-mirpur,depot-patiya,station-mirpur,4,5000.0,AVAILABLE
857,2026-01-09T22:15:00,route-gazipur-mirpur,depot-gazipur,station-mirpur,2,7000.0,AVAILABLE
857,2026-01-09T22:15:00,route-gazipur-tongi,depot-gazipur,station-tongi,2,6500.0,AVAILABLE
857,2026-01-09T22:15:00,route-patiya-karnaphuli,depot-patiya,station-karnaphuli,2,7000.0,AVAILABLE
857,2026-01-09T22:15:00,route-patiya-coxsbazar,depot-patiya,station-coxsbazar,3,6000.0,AVAILABLE
857,2026-01-09T22:15:00,route-gazipur-karnaphuli,depot-gazipur,station-karnaphuli,4,5000.0,AVAILABLE
857,2026-01-09T22:15:00,route-patiya-mirpur,depot-patiya,station-mirpur,4,5000.0,AVAILABLE
858,2026-01-09T22:30:00,route-gazipur-mirpur,depot-gazipur,station-mirpur,2,7000.0,AVAILABLE
858,2026-01-09T22:30:00,route-gazipur-tongi,depot-gazipur,station-tongi,2,6500.0,AVAILABLE
858,2026-01-09T22:30:00,route-patiya-karnaphuli,depot-patiya,station-karnaphuli,2,7000.0,AVAILABLE
858,2026-01-09T22:30:00,route-patiya-coxsbazar,depot-patiya,station-coxsbazar,3,6000.0,AVAILABLE
858,2026-01-09T22:30:00,route-gazipur-karnaphuli,depot-gazipur,station-karnaphuli,4,5000.0,AVAILABLE
858,2026-01-09T22:30:00,route-patiya-mirpur,depot-patiya,station-mirpur,4,5000.0,AVAILABLE
859,2026-01-09T22:45:00,route-gazipur-mirpur,depot-gazipur,station-mirpur,2,7000.0,AVAILABLE
859,2026-01-09T22:45:00,route-gazipur-tongi,depot-gazipur,station-tongi,2,6500.0,AVAILABLE
859,2026-01-09T22:45:00,route-patiya-karnaphuli,depot-patiya,station-karnaphuli,2,7000.0,AVAILABLE
859,2026-01-09T22:45:00,route-patiya-coxsbazar,depot-patiya,station-coxsbazar,3,6000.0,AVAILABLE
859,2026-01-09T22:45:00,route-gazipur-karnaphuli,depot-gazipur,station-karnaphuli,4,5000.0,AVAILABLE
859,2026-01-09T22:45:00,route-patiya-mirpur,depot-patiya,station-mirpur,4,5000.0,AVAILABLE
860,2026-01-09T23:00:00,route-gazipur-mirpur,depot-gazipur,station-mirpur,2,7000.0,AVAILABLE
860,2026-01-09T23:00:00,route-gazipur-tongi,depot-gazipur,station-tongi,2,6500.0,AVAILABLE
860,2026-01-09T23:00:00,route-patiya-karnaphuli,depot-patiya,station-karnaphuli,2,7000.0,AVAILABLE
860,2026-01-09T23:00:00,route-patiya-coxsbazar,depot-patiya,station-coxsbazar,3,6000.0,AVAILABLE
860,2026-01-09T23:00:00,route-gazipur-karnaphuli,depot-gazipur,station-karnaphuli,4,5000.0,AVAILABLE
860,2026-01-09T23:00:00,route-patiya-mirpur,depot-patiya,station-mirpur,4,5000.0,AVAILABLE
861,2026-01-09T23:15:00,route-gazipur-mirpur,depot-gazipur,station-mirpur,2,7000.0,AVAILABLE
861,2026-01-09T23:15:00,route-gazipur-tongi,depot-gazipur,station-tongi,2,6500.0,AVAILABLE
861,2026-01-09T23:15:00,route-patiya-karnaphuli,depot-patiya,station-karnaphuli,2,7000.0,AVAILABLE
861,2026-01-09T23:15:00,route-patiya-coxsbazar,depot-patiya,station-coxsbazar,3,6000.0,AVAILABLE
861,2026-01-09T23:15:00,route-gazipur-karnaphuli,depot-gazipur,station-karnaphuli,4,5000.0,AVAILABLE
861,2026-01-09T23:15:00,route-patiya-mirpur,depot-patiya,station-mirpur,4,5000.0,AVAILABLE
862,2026-01-09T23:30:00,route-gazipur-mirpur,depot-gazipur,station-mirpur,2,7000.0,AVAILABLE
862,2026-01-09T23:30:00,route-gazipur-tongi,depot-gazipur,station-tongi,2,6500.0,AVAILABLE
862,2026-01-09T23:30:00,route-patiya-karnaphuli,depot-patiya,station-karnaphuli,2,7000.0,AVAILABLE
862,2026-01-09T23:30:00,route-patiya-coxsbazar,depot-patiya,station-coxsbazar,3,6000.0,AVAILABLE
862,2026-01-09T23:30:00,route-gazipur-karnaphuli,depot-gazipur,station-karnaphuli,4,5000.0,AVAILABLE
862,2026-01-09T23:30:00,route-patiya-mirpur,depot-patiya,station-mirpur,4,5000.0,AVAILABLE
863,2026-01-09T23:45:00,route-gazipur-mirpur,depot-gazipur,station-mirpur,2,7000.0,AVAILABLE
863,2026-01-09T23:45:00,route-gazipur-tongi,depot-gazipur,station-tongi,2,6500.0,AVAILABLE
863,2026-01-09T23:45:00,route-patiya-karnaphuli,depot-patiya,station-karnaphuli,2,7000.0,AVAILABLE
863,2026-01-09T23:45:00,route-patiya-coxsbazar,depot-patiya,station-coxsbazar,3,6000.0,AVAILABLE
863,2026-01-09T23:45:00,route-gazipur-karnaphuli,depot-gazipur,station-karnaphuli,4,5000.0,AVAILABLE
863,2026-01-09T23:45:00,route-patiya-mirpur,depot-patiya,station-mirpur,4,5000.0,AVAILABLE
864,2026-01-10T00:00:00,route-gazipur-mirpur,depot-gazipur,station-mirpur,2,7000.0,AVAILABLE
864,2026-01-10T00:00:00,route-gazipur-tongi,depot-gazipur,station-tongi,2,6500.0,AVAILABLE
864,2026-01-10T00:00:00,route-patiya-karnaphuli,depot-patiya,station-karnaphuli,2,7000.0,AVAILABLE
864,2026-01-10T00:00:00,route-patiya-coxsbazar,depot-patiya,station-coxsbazar,3,6000.0,AVAILABLE
864,2026-01-10T00:00:00,route-gazipur-karnaphuli,depot-gazipur,station-karnaphuli,4,5000.0,AVAILABLE
864,2026-01-10T00:00:00,route-patiya-mirpur,depot-patiya,station-mirpur,4,5000.0,AVAILABLE
865,2026-01-10T00:15:00,route-gazipur-mirpur,depot-gazipur,station-mirpur,2,7000.0,AVAILABLE
865,2026-01-10T00:15:00,route-gazipur-tongi,depot-gazipur,station-tongi,2,6500.0,AVAILABLE
865,2026-01-10T00:15:00,route-patiya-karnaphuli,depot-patiya,station-karnaphuli,2,7000.0,AVAILABLE
865,2026-01-10T00:15:00,route-patiya-coxsbazar,depot-patiya,station-coxsbazar,3,6000.0,AVAILABLE
865,2026-01-10T00:15:00,route-gazipur-karnaphuli,depot-gazipur,station-karnaphuli,4,5000.0,AVAILABLE
865,2026-01-10T00:15:00,route-patiya-mirpur,depot-patiya,station-mirpur,4,5000.0,AVAILABLE
866,2026-01-10T00:30:00,route-gazipur-mirpur,depot-gazipur,station-mirpur,2,7000.0,AVAILABLE
866,2026-01-10T00:30:00,route-gazipur-tongi,depot-gazipur,station-tongi,2,6500.0,AVAILABLE
866,2026-01-10T00:30:00,route-patiya-karnaphuli,depot-patiya,station-karnaphuli,2,7000.0,AVAILABLE
866,2026-01-10T00:30:00,route-patiya-coxsbazar,depot-patiya,station-coxsbazar,3,6000.0,AVAILABLE
866,2026-01-10T00:30:00,route-gazipur-karnaphuli,depot-gazipur,station-karnaphuli,4,5000.0,AVAILABLE
866,2026-01-10T00:30:00,route-patiya-mirpur,depot-patiya,station-mirpur,4,5000.0,AVAILABLE
867,2026-01-10T00:45:00,route-gazipur-mirpur,depot-gazipur,station-mirpur,2,7000.0,AVAILABLE
867,2026-01-10T00:45:00,route-gazipur-tongi,depot-gazipur,station-tongi,2,6500.0,AVAILABLE
867,2026-01-10T00:45:00,route-patiya-karnaphuli,depot-patiya,station-karnaphuli,2,7000.0,AVAILABLE
867,2026-01-10T00:45:00,route-patiya-coxsbazar,depot-patiya,station-coxsbazar,3,6000.0,AVAILABLE
867,2026-01-10T00:45:00,route-gazipur-karnaphuli,depot-gazipur,station-karnaphuli,4,5000.0,AVAILABLE
867,2026-01-10T00:45:00,route-patiya-mirpur,depot-patiya,station-mirpur,4,5000.0,AVAILABLE
868,2026-01-10T01:00:00,route-gazipur-mirpur,depot-gazipur,station-mirpur,2,7000.0,AVAILABLE
868,2026-01-10T01:00:00,route-gazipur-tongi,depot-gazipur,station-tongi,2,6500.0,AVAILABLE
868,2026-01-10T01:00:00,route-patiya-karnaphuli,depot-patiya,station-karnaphuli,2,7000.0,AVAILABLE
868,2026-01-10T01:00:00,route-patiya-coxsbazar,depot-patiya,station-coxsbazar,3,6000.0,AVAILABLE
868,2026-01-10T01:00:00,route-gazipur-karnaphuli,depot-gazipur,station-karnaphuli,4,5000.0,AVAILABLE
868,2026-01-10T01:00:00,route-patiya-mirpur,depot-patiya,station-mirpur,4,5000.0,AVAILABLE
869,2026-01-10T01:15:00,route-gazipur-mirpur,depot-gazipur,station-mirpur,2,7000.0,AVAILABLE
869,2026-01-10T01:15:00,route-gazipur-tongi,depot-gazipur,station-tongi,2,6500.0,AVAILABLE
869,2026-01-10T01:15:00,route-patiya-karnaphuli,depot-patiya,station-karnaphuli,2,7000.0,AVAILABLE
869,2026-01-10T01:15:00,route-patiya-coxsbazar,depot-patiya,station-coxsbazar,3,6000.0,AVAILABLE
869,2026-01-10T01:15:00,route-gazipur-karnaphuli,depot-gazipur,station-karnaphuli,4,5000.0,AVAILABLE
869,2026-01-10T01:15:00,route-patiya-mirpur,depot-patiya,station-mirpur,4,5000.0,AVAILABLE
870,2026-01-10T01:30:00,route-gazipur-mirpur,depot-gazipur,station-mirpur,2,7000.0,AVAILABLE
870,2026-01-10T01:30:00,route-gazipur-tongi,depot-gazipur,station-tongi,2,6500.0,AVAILABLE
870,2026-01-10T01:30:00,route-patiya-karnaphuli,depot-patiya,station-karnaphuli,2,7000.0,AVAILABLE
870,2026-01-10T01:30:00,route-patiya-coxsbazar,depot-patiya,station-coxsbazar,3,6000.0,AVAILABLE
870,2026-01-10T01:30:00,route-gazipur-karnaphuli,depot-gazipur,station-karnaphuli,4,5000.0,AVAILABLE
870,2026-01-10T01:30:00,route-patiya-mirpur,depot-patiya,station-mirpur,4,5000.0,AVAILABLE
871,2026-01-10T01:45:00,route-gazipur-mirpur,depot-gazipur,station-mirpur,2,7000.0,AVAILABLE
871,2026-01-10T01:45:00,route-gazipur-tongi,depot-gazipur,station-tongi,2,6500.0,AVAILABLE
871,2026-01-10T01:45:00,route-patiya-karnaphuli,depot-patiya,station-karnaphuli,2,7000.0,AVAILABLE
871,2026-01-10T01:45:00,route-patiya-coxsbazar,depot-patiya,station-coxsbazar,3,6000.0,AVAILABLE
871,2026-01-10T01:45:00,route-gazipur-karnaphuli,depot-gazipur,station-karnaphuli,4,5000.0,AVAILABLE
871,2026-01-10T01:45:00,route-patiya-mirpur,depot-patiya,station-mirpur,4,5000.0,AVAILABLE
872,2026-01-10T02:00:00,route-gazipur-mirpur,depot-gazipur,station-mirpur,2,7000.0,AVAILABLE
872,2026-01-10T02:00:00,route-gazipur-tongi,depot-gazipur,station-tongi,2,6500.0,AVAILABLE
872,2026-01-10T02:00:00,route-patiya-karnaphuli,depot-patiya,station-karnaphuli,2,7000.0,AVAILABLE
872,2026-01-10T02:00:00,route-patiya-coxsbazar,depot-patiya,station-coxsbazar,3,6000.0,AVAILABLE
872,2026-01-10T02:00:00,route-gazipur-karnaphuli,depot-gazipur,station-karnaphuli,4,5000.0,AVAILABLE
872,2026-01-10T02:00:00,route-patiya-mirpur,depot-patiya,station-mirpur,4,5000.0,AVAILABLE
873,2026-01-10T02:15:00,route-gazipur-mirpur,depot-gazipur,station-mirpur,2,7000.0,AVAILABLE
873,2026-01-10T02:15:00,route-gazipur-tongi,depot-gazipur,station-tongi,2,6500.0,AVAILABLE
873,2026-01-10T02:15:00,route-patiya-karnaphuli,depot-patiya,station-karnaphuli,2,7000.0,AVAILABLE
873,2026-01-10T02:15:00,route-patiya-coxsbazar,depot-patiya,station-coxsbazar,3,6000.0,AVAILABLE
873,2026-01-10T02:15:00,route-gazipur-karnaphuli,depot-gazipur,station-karnaphuli,4,5000.0,AVAILABLE
873,2026-01-10T02:15:00,route-patiya-mirpur,depot-patiya,station-mirpur,4,5000.0,AVAILABLE
874,2026-01-10T02:30:00,route-gazipur-mirpur,depot-gazipur,station-mirpur,2,7000.0,AVAILABLE
874,2026-01-10T02:30:00,route-gazipur-tongi,depot-gazipur,station-tongi,2,6500.0,AVAILABLE
874,2026-01-10T02:30:00,route-patiya-karnaphuli,depot-patiya,station-karnaphuli,2,7000.0,AVAILABLE
874,2026-01-10T02:30:00,route-patiya-coxsbazar,depot-patiya,station-coxsbazar,3,6000.0,AVAILABLE
874,2026-01-10T02:30:00,route-gazipur-karnaphuli,depot-gazipur,station-karnaphuli,4,5000.0,AVAILABLE
874,2026-01-10T02:30:00,route-patiya-mirpur,depot-patiya,station-mirpur,4,5000.0,AVAILABLE
875,2026-01-10T02:45:00,route-gazipur-mirpur,depot-gazipur,station-mirpur,2,7000.0,AVAILABLE
875,2026-01-10T02:45:00,route-gazipur-tongi,depot-gazipur,station-tongi,2,6500.0,AVAILABLE
875,2026-01-10T02:45:00,route-patiya-karnaphuli,depot-patiya,station-karnaphuli,2,7000.0,AVAILABLE
875,2026-01-10T02:45:00,route-patiya-coxsbazar,depot-patiya,station-coxsbazar,3,6000.0,AVAILABLE
875,2026-01-10T02:45:00,route-gazipur-karnaphuli,depot-gazipur,station-karnaphuli,4,5000.0,AVAILABLE
875,2026-01-10T02:45:00,route-patiya-mirpur,depot-patiya,station-mirpur,4,5000.0,AVAILABLE
876,2026-01-10T03:00:00,route-gazipur-mirpur,depot-gazipur,station-mirpur,2,7000.0,AVAILABLE
876,2026-01-10T03:00:00,route-gazipur-tongi,depot-gazipur,station-tongi,2,6500.0,AVAILABLE
876,2026-01-10T03:00:00,route-patiya-karnaphuli,depot-patiya,station-karnaphuli,2,7000.0,AVAILABLE
876,2026-01-10T03:00:00,route-patiya-coxsbazar,depot-patiya,station-coxsbazar,3,6000.0,AVAILABLE
876,2026-01-10T03:00:00,route-gazipur-karnaphuli,depot-gazipur,station-karnaphuli,4,5000.0,AVAILABLE
876,2026-01-10T03:00:00,route-patiya-mirpur,depot-patiya,station-mirpur,4,5000.0,AVAILABLE
877,2026-01-10T03:15:00,route-gazipur-mirpur,depot-gazipur,station-mirpur,2,7000.0,AVAILABLE
877,2026-01-10T03:15:00,route-gazipur-tongi,depot-gazipur,station-tongi,2,6500.0,AVAILABLE
877,2026-01-10T03:15:00,route-patiya-karnaphuli,depot-patiya,station-karnaphuli,2,7000.0,AVAILABLE
877,2026-01-10T03:15:00,route-patiya-coxsbazar,depot-patiya,station-coxsbazar,3,6000.0,AVAILABLE
877,2026-01-10T03:15:00,route-gazipur-karnaphuli,depot-gazipur,station-karnaphuli,4,5000.0,AVAILABLE
877,2026-01-10T03:15:00,route-patiya-mirpur,depot-patiya,station-mirpur,4,5000.0,AVAILABLE
878,2026-01-10T03:30:00,route-gazipur-mirpur,depot-gazipur,station-mirpur,2,7000.0,AVAILABLE
878,2026-01-10T03:30:00,route-gazipur-tongi,depot-gazipur,station-tongi,2,6500.0,AVAILABLE
878,2026-01-10T03:30:00,route-patiya-karnaphuli,depot-patiya,station-karnaphuli,2,7000.0,AVAILABLE
878,2026-01-10T03:30:00,route-patiya-coxsbazar,depot-patiya,station-coxsbazar,3,6000.0,AVAILABLE
878,2026-01-10T03:30:00,route-gazipur-karnaphuli,depot-gazipur,station-karnaphuli,4,5000.0,AVAILABLE
878,2026-01-10T03:30:00,route-patiya-mirpur,depot-patiya,station-mirpur,4,5000.0,AVAILABLE
879,2026-01-10T03:45:00,route-gazipur-mirpur,depot-gazipur,station-mirpur,2,7000.0,AVAILABLE
879,2026-01-10T03:45:00,route-gazipur-tongi,depot-gazipur,station-tongi,2,6500.0,AVAILABLE
879,2026-01-10T03:45:00,route-patiya-karnaphuli,depot-patiya,station-karnaphuli,2,7000.0,AVAILABLE
879,2026-01-10T03:45:00,route-patiya-coxsbazar,depot-patiya,station-coxsbazar,3,6000.0,AVAILABLE
879,2026-01-10T03:45:00,route-gazipur-karnaphuli,depot-gazipur,station-karnaphuli,4,5000.0,AVAILABLE
879,2026-01-10T03:45:00,route-patiya-mirpur,depot-patiya,station-mirpur,4,5000.0,AVAILABLE
880,2026-01-10T04:00:00,route-gazipur-mirpur,depot-gazipur,station-mirpur,2,7000.0,AVAILABLE
880,2026-01-10T04:00:00,route-gazipur-tongi,depot-gazipur,station-tongi,2,6500.0,AVAILABLE
880,2026-01-10T04:00:00,route-patiya-karnaphuli,depot-patiya,station-karnaphuli,2,7000.0,AVAILABLE
880,2026-01-10T04:00:00,route-patiya-coxsbazar,depot-patiya,station-coxsbazar,3,6000.0,AVAILABLE
880,2026-01-10T04:00:00,route-gazipur-karnaphuli,depot-gazipur,station-karnaphuli,4,5000.0,AVAILABLE
880,2026-01-10T04:00:00,route-patiya-mirpur,depot-patiya,station-mirpur,4,5000.0,AVAILABLE
881,2026-01-10T04:15:00,route-gazipur-mirpur,depot-gazipur,station-mirpur,2,7000.0,AVAILABLE
881,2026-01-10T04:15:00,route-gazipur-tongi,depot-gazipur,station-tongi,2,6500.0,AVAILABLE
881,2026-01-10T04:15:00,route-patiya-karnaphuli,depot-patiya,station-karnaphuli,2,7000.0,AVAILABLE
881,2026-01-10T04:15:00,route-patiya-coxsbazar,depot-patiya,station-coxsbazar,3,6000.0,AVAILABLE
881,2026-01-10T04:15:00,route-gazipur-karnaphuli,depot-gazipur,station-karnaphuli,4,5000.0,AVAILABLE
881,2026-01-10T04:15:00,route-patiya-mirpur,depot-patiya,station-mirpur,4,5000.0,AVAILABLE
882,2026-01-10T04:30:00,route-gazipur-mirpur,depot-gazipur,station-mirpur,2,7000.0,AVAILABLE
882,2026-01-10T04:30:00,route-gazipur-tongi,depot-gazipur,station-tongi,2,6500.0,AVAILABLE
882,2026-01-10T04:30:00,route-patiya-karnaphuli,depot-patiya,station-karnaphuli,2,7000.0,AVAILABLE
882,2026-01-10T04:30:00,route-patiya-coxsbazar,depot-patiya,station-coxsbazar,3,6000.0,AVAILABLE
882,2026-01-10T04:30:00,route-gazipur-karnaphuli,depot-gazipur,station-karnaphuli,4,5000.0,AVAILABLE
882,2026-01-10T04:30:00,route-patiya-mirpur,depot-patiya,station-mirpur,4,5000.0,AVAILABLE
883,2026-01-10T04:45:00,route-gazipur-mirpur,depot-gazipur,station-mirpur,2,7000.0,AVAILABLE
883,2026-01-10T04:45:00,route-gazipur-tongi,depot-gazipur,station-tongi,2,6500.0,AVAILABLE
883,2026-01-10T04:45:00,route-patiya-karnaphuli,depot-patiya,station-karnaphuli,2,7000.0,AVAILABLE
883,2026-01-10T04:45:00,route-patiya-coxsbazar,depot-patiya,station-coxsbazar,3,6000.0,AVAILABLE
883,2026-01-10T04:45:00,route-gazipur-karnaphuli,depot-gazipur,station-karnaphuli,4,5000.0,AVAILABLE
883,2026-01-10T04:45:00,route-patiya-mirpur,depot-patiya,station-mirpur,4,5000.0,AVAILABLE
884,2026-01-10T05:00:00,route-gazipur-mirpur,depot-gazipur,station-mirpur,2,7000.0,AVAILABLE
884,2026-01-10T05:00:00,route-gazipur-tongi,depot-gazipur,station-tongi,2,6500.0,AVAILABLE
884,2026-01-10T05:00:00,route-patiya-karnaphuli,depot-patiya,station-karnaphuli,2,7000.0,AVAILABLE
884,2026-01-10T05:00:00,route-patiya-coxsbazar,depot-patiya,station-coxsbazar,3,6000.0,AVAILABLE
884,2026-01-10T05:00:00,route-gazipur-karnaphuli,depot-gazipur,station-karnaphuli,4,5000.0,AVAILABLE
884,2026-01-10T05:00:00,route-patiya-mirpur,depot-patiya,station-mirpur,4,5000.0,AVAILABLE
885,2026-01-10T05:15:00,route-gazipur-mirpur,depot-gazipur,station-mirpur,2,7000.0,AVAILABLE
885,2026-01-10T05:15:00,route-gazipur-tongi,depot-gazipur,station-tongi,2,6500.0,AVAILABLE
885,2026-01-10T05:15:00,route-patiya-karnaphuli,depot-patiya,station-karnaphuli,2,7000.0,AVAILABLE
885,2026-01-10T05:15:00,route-patiya-coxsbazar,depot-patiya,station-coxsbazar,3,6000.0,AVAILABLE
885,2026-01-10T05:15:00,route-gazipur-karnaphuli,depot-gazipur,station-karnaphuli,4,5000.0,AVAILABLE
885,2026-01-10T05:15:00,route-patiya-mirpur,depot-patiya,station-mirpur,4,5000.0,AVAILABLE
886,2026-01-10T05:30:00,route-gazipur-mirpur,depot-gazipur,station-mirpur,2,7000.0,AVAILABLE
886,2026-01-10T05:30:00,route-gazipur-tongi,depot-gazipur,station-tongi,2,6500.0,AVAILABLE
886,2026-01-10T05:30:00,route-patiya-karnaphuli,depot-patiya,station-karnaphuli,2,7000.0,AVAILABLE
886,2026-01-10T05:30:00,route-patiya-coxsbazar,depot-patiya,station-coxsbazar,3,6000.0,AVAILABLE
886,2026-01-10T05:30:00,route-gazipur-karnaphuli,depot-gazipur,station-karnaphuli,4,5000.0,AVAILABLE
886,2026-01-10T05:30:00,route-patiya-mirpur,depot-patiya,station-mirpur,4,5000.0,AVAILABLE
887,2026-01-10T05:45:00,route-gazipur-mirpur,depot-gazipur,station-mirpur,2,7000.0,AVAILABLE
887,2026-01-10T05:45:00,route-gazipur-tongi,depot-gazipur,station-tongi,2,6500.0,AVAILABLE
887,2026-01-10T05:45:00,route-patiya-karnaphuli,depot-patiya,station-karnaphuli,2,7000.0,AVAILABLE
887,2026-01-10T05:45:00,route-patiya-coxsbazar,depot-patiya,station-coxsbazar,3,6000.0,AVAILABLE
887,2026-01-10T05:45:00,route-gazipur-karnaphuli,depot-gazipur,station-karnaphuli,4,5000.0,AVAILABLE
887,2026-01-10T05:45:00,route-patiya-mirpur,depot-patiya,station-mirpur,4,5000.0,AVAILABLE
888,2026-01-10T06:00:00,route-gazipur-mirpur,depot-gazipur,station-mirpur,2,7000.0,AVAILABLE
888,2026-01-10T06:00:00,route-gazipur-tongi,depot-gazipur,station-tongi,2,6500.0,AVAILABLE
888,2026-01-10T06:00:00,route-patiya-karnaphuli,depot-patiya,station-karnaphuli,2,7000.0,AVAILABLE
888,2026-01-10T06:00:00,route-patiya-coxsbazar,depot-patiya,station-coxsbazar,3,6000.0,AVAILABLE
888,2026-01-10T06:00:00,route-gazipur-karnaphuli,depot-gazipur,station-karnaphuli,4,5000.0,AVAILABLE
888,2026-01-10T06:00:00,route-patiya-mirpur,depot-patiya,station-mirpur,4,5000.0,AVAILABLE
889,2026-01-10T06:15:00,route-gazipur-mirpur,depot-gazipur,station-mirpur,2,7000.0,AVAILABLE
889,2026-01-10T06:15:00,route-gazipur-tongi,depot-gazipur,station-tongi,2,6500.0,AVAILABLE
889,2026-01-10T06:15:00,route-patiya-karnaphuli,depot-patiya,station-karnaphuli,2,7000.0,AVAILABLE
889,2026-01-10T06:15:00,route-patiya-coxsbazar,depot-patiya,station-coxsbazar,3,6000.0,AVAILABLE
889,2026-01-10T06:15:00,route-gazipur-karnaphuli,depot-gazipur,station-karnaphuli,4,5000.0,AVAILABLE
889,2026-01-10T06:15:00,route-patiya-mirpur,depot-patiya,station-mirpur,4,5000.0,AVAILABLE
890,2026-01-10T06:30:00,route-gazipur-mirpur,depot-gazipur,station-mirpur,2,7000.0,AVAILABLE
890,2026-01-10T06:30:00,route-gazipur-tongi,depot-gazipur,station-tongi,2,6500.0,AVAILABLE
890,2026-01-10T06:30:00,route-patiya-karnaphuli,depot-patiya,station-karnaphuli,2,7000.0,AVAILABLE
890,2026-01-10T06:30:00,route-patiya-coxsbazar,depot-patiya,station-coxsbazar,3,6000.0,AVAILABLE
890,2026-01-10T06:30:00,route-gazipur-karnaphuli,depot-gazipur,station-karnaphuli,4,5000.0,AVAILABLE
890,2026-01-10T06:30:00,route-patiya-mirpur,depot-patiya,station-mirpur,4,5000.0,AVAILABLE
891,2026-01-10T06:45:00,route-gazipur-mirpur,depot-gazipur,station-mirpur,2,7000.0,AVAILABLE
891,2026-01-10T06:45:00,route-gazipur-tongi,depot-gazipur,station-tongi,2,6500.0,AVAILABLE
891,2026-01-10T06:45:00,route-patiya-karnaphuli,depot-patiya,station-karnaphuli,2,7000.0,AVAILABLE
891,2026-01-10T06:45:00,route-patiya-coxsbazar,depot-patiya,station-coxsbazar,3,6000.0,AVAILABLE
891,2026-01-10T06:45:00,route-gazipur-karnaphuli,depot-gazipur,station-karnaphuli,4,5000.0,AVAILABLE
891,2026-01-10T06:45:00,route-patiya-mirpur,depot-patiya,station-mirpur,4,5000.0,AVAILABLE
892,2026-01-10T07:00:00,route-gazipur-mirpur,depot-gazipur,station-mirpur,2,7000.0,AVAILABLE
892,2026-01-10T07:00:00,route-gazipur-tongi,depot-gazipur,station-tongi,2,6500.0,AVAILABLE
892,2026-01-10T07:00:00,route-patiya-karnaphuli,depot-patiya,station-karnaphuli,2,7000.0,AVAILABLE
892,2026-01-10T07:00:00,route-patiya-coxsbazar,depot-patiya,station-coxsbazar,3,6000.0,AVAILABLE
892,2026-01-10T07:00:00,route-gazipur-karnaphuli,depot-gazipur,station-karnaphuli,4,5000.0,AVAILABLE
892,2026-01-10T07:00:00,route-patiya-mirpur,depot-patiya,station-mirpur,4,5000.0,AVAILABLE
893,2026-01-10T07:15:00,route-gazipur-mirpur,depot-gazipur,station-mirpur,2,7000.0,AVAILABLE
893,2026-01-10T07:15:00,route-gazipur-tongi,depot-gazipur,station-tongi,2,6500.0,AVAILABLE
893,2026-01-10T07:15:00,route-patiya-karnaphuli,depot-patiya,station-karnaphuli,2,7000.0,AVAILABLE
893,2026-01-10T07:15:00,route-patiya-coxsbazar,depot-patiya,station-coxsbazar,3,6000.0,AVAILABLE
893,2026-01-10T07:15:00,route-gazipur-karnaphuli,depot-gazipur,station-karnaphuli,4,5000.0,AVAILABLE
893,2026-01-10T07:15:00,route-patiya-mirpur,depot-patiya,station-mirpur,4,5000.0,AVAILABLE
894,2026-01-10T07:30:00,route-gazipur-mirpur,depot-gazipur,station-mirpur,2,7000.0,AVAILABLE
894,2026-01-10T07:30:00,route-gazipur-tongi,depot-gazipur,station-tongi,2,6500.0,AVAILABLE
894,2026-01-10T07:30:00,route-patiya-karnaphuli,depot-patiya,station-karnaphuli,2,7000.0,AVAILABLE
894,2026-01-10T07:30:00,route-patiya-coxsbazar,depot-patiya,station-coxsbazar,3,6000.0,AVAILABLE
894,2026-01-10T07:30:00,route-gazipur-karnaphuli,depot-gazipur,station-karnaphuli,4,5000.0,AVAILABLE
894,2026-01-10T07:30:00,route-patiya-mirpur,depot-patiya,station-mirpur,4,5000.0,AVAILABLE
895,2026-01-10T07:45:00,route-gazipur-mirpur,depot-gazipur,station-mirpur,2,7000.0,AVAILABLE
895,2026-01-10T07:45:00,route-gazipur-tongi,depot-gazipur,station-tongi,2,6500.0,AVAILABLE
895,2026-01-10T07:45:00,route-patiya-karnaphuli,depot-patiya,station-karnaphuli,2,7000.0,AVAILABLE
895,2026-01-10T07:45:00,route-patiya-coxsbazar,depot-patiya,station-coxsbazar,3,6000.0,AVAILABLE
895,2026-01-10T07:45:00,route-gazipur-karnaphuli,depot-gazipur,station-karnaphuli,4,5000.0,AVAILABLE
895,2026-01-10T07:45:00,route-patiya-mirpur,depot-patiya,station-mirpur,4,5000.0,AVAILABLE
896,2026-01-10T08:00:00,route-gazipur-mirpur,depot-gazipur,station-mirpur,2,7000.0,AVAILABLE
896,2026-01-10T08:00:00,route-gazipur-tongi,depot-gazipur,station-tongi,2,6500.0,AVAILABLE
896,2026-01-10T08:00:00,route-patiya-karnaphuli,depot-patiya,station-karnaphuli,2,7000.0,AVAILABLE
896,2026-01-10T08:00:00,route-patiya-coxsbazar,depot-patiya,station-coxsbazar,3,6000.0,AVAILABLE
896,2026-01-10T08:00:00,route-gazipur-karnaphuli,depot-gazipur,station-karnaphuli,4,5000.0,AVAILABLE
896,2026-01-10T08:00:00,route-patiya-mirpur,depot-patiya,station-mirpur,4,5000.0,AVAILABLE
897,2026-01-10T08:15:00,route-gazipur-mirpur,depot-gazipur,station-mirpur,2,7000.0,AVAILABLE
897,2026-01-10T08:15:00,route-gazipur-tongi,depot-gazipur,station-tongi,2,6500.0,AVAILABLE
897,2026-01-10T08:15:00,route-patiya-karnaphuli,depot-patiya,station-karnaphuli,2,7000.0,AVAILABLE
897,2026-01-10T08:15:00,route-patiya-coxsbazar,depot-patiya,station-coxsbazar,3,6000.0,AVAILABLE
897,2026-01-10T08:15:00,route-gazipur-karnaphuli,depot-gazipur,station-karnaphuli,4,5000.0,AVAILABLE
897,2026-01-10T08:15:00,route-patiya-mirpur,depot-patiya,station-mirpur,4,5000.0,AVAILABLE
898,2026-01-10T08:30:00,route-gazipur-mirpur,depot-gazipur,station-mirpur,2,7000.0,AVAILABLE
898,2026-01-10T08:30:00,route-gazipur-tongi,depot-gazipur,station-tongi,2,6500.0,AVAILABLE
898,2026-01-10T08:30:00,route-patiya-karnaphuli,depot-patiya,station-karnaphuli,2,7000.0,AVAILABLE
898,2026-01-10T08:30:00,route-patiya-coxsbazar,depot-patiya,station-coxsbazar,3,6000.0,AVAILABLE
898,2026-01-10T08:30:00,route-gazipur-karnaphuli,depot-gazipur,station-karnaphuli,4,5000.0,AVAILABLE
898,2026-01-10T08:30:00,route-patiya-mirpur,depot-patiya,station-mirpur,4,5000.0,AVAILABLE
899,2026-01-10T08:45:00,route-gazipur-mirpur,depot-gazipur,station-mirpur,2,7000.0,AVAILABLE
899,2026-01-10T08:45:00,route-gazipur-tongi,depot-gazipur,station-tongi,2,6500.0,AVAILABLE
899,2026-01-10T08:45:00,route-patiya-karnaphuli,depot-patiya,station-karnaphuli,2,7000.0,AVAILABLE
899,2026-01-10T08:45:00,route-patiya-coxsbazar,depot-patiya,station-coxsbazar,3,6000.0,AVAILABLE
899,2026-01-10T08:45:00,route-gazipur-karnaphuli,depot-gazipur,station-karnaphuli,4,5000.0,AVAILABLE
899,2026-01-10T08:45:00,route-patiya-mirpur,depot-patiya,station-mirpur,4,5000.0,AVAILABLE
900,2026-01-10T09:00:00,route-gazipur-mirpur,depot-gazipur,station-mirpur,2,7000.0,AVAILABLE
900,2026-01-10T09:00:00,route-gazipur-tongi,depot-gazipur,station-tongi,2,6500.0,AVAILABLE
900,2026-01-10T09:00:00,route-patiya-karnaphuli,depot-patiya,station-karnaphuli,2,7000.0,AVAILABLE
900,2026-01-10T09:00:00,route-patiya-coxsbazar,depot-patiya,station-coxsbazar,3,6000.0,AVAILABLE
900,2026-01-10T09:00:00,route-gazipur-karnaphuli,depot-gazipur,station-karnaphuli,4,5000.0,AVAILABLE
900,2026-01-10T09:00:00,route-patiya-mirpur,depot-patiya,station-mirpur,4,5000.0,AVAILABLE
901,2026-01-10T09:15:00,route-gazipur-mirpur,depot-gazipur,station-mirpur,2,7000.0,AVAILABLE
901,2026-01-10T09:15:00,route-gazipur-tongi,depot-gazipur,station-tongi,2,6500.0,AVAILABLE
901,2026-01-10T09:15:00,route-patiya-karnaphuli,depot-patiya,station-karnaphuli,2,7000.0,AVAILABLE
901,2026-01-10T09:15:00,route-patiya-coxsbazar,depot-patiya,station-coxsbazar,3,6000.0,AVAILABLE
901,2026-01-10T09:15:00,route-gazipur-karnaphuli,depot-gazipur,station-karnaphuli,4,5000.0,AVAILABLE
901,2026-01-10T09:15:00,route-patiya-mirpur,depot-patiya,station-mirpur,4,5000.0,AVAILABLE
902,2026-01-10T09:30:00,route-gazipur-mirpur,depot-gazipur,station-mirpur,2,7000.0,AVAILABLE
902,2026-01-10T09:30:00,route-gazipur-tongi,depot-gazipur,station-tongi,2,6500.0,AVAILABLE
902,2026-01-10T09:30:00,route-patiya-karnaphuli,depot-patiya,station-karnaphuli,2,7000.0,AVAILABLE
902,2026-01-10T09:30:00,route-patiya-coxsbazar,depot-patiya,station-coxsbazar,3,6000.0,AVAILABLE
902,2026-01-10T09:30:00,route-gazipur-karnaphuli,depot-gazipur,station-karnaphuli,4,5000.0,AVAILABLE
902,2026-01-10T09:30:00,route-patiya-mirpur,depot-patiya,station-mirpur,4,5000.0,AVAILABLE
903,2026-01-10T09:45:00,route-gazipur-mirpur,depot-gazipur,station-mirpur,2,7000.0,AVAILABLE
903,2026-01-10T09:45:00,route-gazipur-tongi,depot-gazipur,station-tongi,2,6500.0,AVAILABLE
903,2026-01-10T09:45:00,route-patiya-karnaphuli,depot-patiya,station-karnaphuli,2,7000.0,AVAILABLE
903,2026-01-10T09:45:00,route-patiya-coxsbazar,depot-patiya,station-coxsbazar,3,6000.0,AVAILABLE
903,2026-01-10T09:45:00,route-gazipur-karnaphuli,depot-gazipur,station-karnaphuli,4,5000.0,AVAILABLE
903,2026-01-10T09:45:00,route-patiya-mirpur,depot-patiya,station-mirpur,4,5000.0,AVAILABLE
904,2026-01-10T10:00:00,route-gazipur-mirpur,depot-gazipur,station-mirpur,2,7000.0,AVAILABLE
904,2026-01-10T10:00:00,route-gazipur-tongi,depot-gazipur,station-tongi,2,6500.0,AVAILABLE
904,2026-01-10T10:00:00,route-patiya-karnaphuli,depot-patiya,station-karnaphuli,2,7000.0,AVAILABLE
904,2026-01-10T10:00:00,route-patiya-coxsbazar,depot-patiya,station-coxsbazar,3,6000.0,AVAILABLE
904,2026-01-10T10:00:00,route-gazipur-karnaphuli,depot-gazipur,station-karnaphuli,4,5000.0,AVAILABLE
904,2026-01-10T10:00:00,route-patiya-mirpur,depot-patiya,station-mirpur,4,5000.0,AVAILABLE
905,2026-01-10T10:15:00,route-gazipur-mirpur,depot-gazipur,station-mirpur,2,7000.0,AVAILABLE
905,2026-01-10T10:15:00,route-gazipur-tongi,depot-gazipur,station-tongi,2,6500.0,AVAILABLE
905,2026-01-10T10:15:00,route-patiya-karnaphuli,depot-patiya,station-karnaphuli,2,7000.0,AVAILABLE
905,2026-01-10T10:15:00,route-patiya-coxsbazar,depot-patiya,station-coxsbazar,3,6000.0,AVAILABLE
905,2026-01-10T10:15:00,route-gazipur-karnaphuli,depot-gazipur,station-karnaphuli,4,5000.0,AVAILABLE
905,2026-01-10T10:15:00,route-patiya-mirpur,depot-patiya,station-mirpur,4,5000.0,AVAILABLE
906,2026-01-10T10:30:00,route-gazipur-mirpur,depot-gazipur,station-mirpur,2,7000.0,AVAILABLE
906,2026-01-10T10:30:00,route-gazipur-tongi,depot-gazipur,station-tongi,2,6500.0,AVAILABLE
906,2026-01-10T10:30:00,route-patiya-karnaphuli,depot-patiya,station-karnaphuli,2,7000.0,AVAILABLE
906,2026-01-10T10:30:00,route-patiya-coxsbazar,depot-patiya,station-coxsbazar,3,6000.0,AVAILABLE
906,2026-01-10T10:30:00,route-gazipur-karnaphuli,depot-gazipur,station-karnaphuli,4,5000.0,AVAILABLE
906,2026-01-10T10:30:00,route-patiya-mirpur,depot-patiya,station-mirpur,4,5000.0,AVAILABLE
907,2026-01-10T10:45:00,route-gazipur-mirpur,depot-gazipur,station-mirpur,2,7000.0,AVAILABLE
907,2026-01-10T10:45:00,route-gazipur-tongi,depot-gazipur,station-tongi,2,6500.0,AVAILABLE
907,2026-01-10T10:45:00,route-patiya-karnaphuli,depot-patiya,station-karnaphuli,2,7000.0,AVAILABLE
907,2026-01-10T10:45:00,route-patiya-coxsbazar,depot-patiya,station-coxsbazar,3,6000.0,AVAILABLE
907,2026-01-10T10:45:00,route-gazipur-karnaphuli,depot-gazipur,station-karnaphuli,4,5000.0,AVAILABLE
907,2026-01-10T10:45:00,route-patiya-mirpur,depot-patiya,station-mirpur,4,5000.0,AVAILABLE
908,2026-01-10T11:00:00,route-gazipur-mirpur,depot-gazipur,station-mirpur,2,7000.0,AVAILABLE
908,2026-01-10T11:00:00,route-gazipur-tongi,depot-gazipur,station-tongi,2,6500.0,AVAILABLE
908,2026-01-10T11:00:00,route-patiya-karnaphuli,depot-patiya,station-karnaphuli,2,7000.0,AVAILABLE
908,2026-01-10T11:00:00,route-patiya-coxsbazar,depot-patiya,station-coxsbazar,3,6000.0,AVAILABLE
908,2026-01-10T11:00:00,route-gazipur-karnaphuli,depot-gazipur,station-karnaphuli,4,5000.0,AVAILABLE
908,2026-01-10T11:00:00,route-patiya-mirpur,depot-patiya,station-mirpur,4,5000.0,AVAILABLE
909,2026-01-10T11:15:00,route-gazipur-mirpur,depot-gazipur,station-mirpur,2,7000.0,AVAILABLE
909,2026-01-10T11:15:00,route-gazipur-tongi,depot-gazipur,station-tongi,2,6500.0,AVAILABLE
909,2026-01-10T11:15:00,route-patiya-karnaphuli,depot-patiya,station-karnaphuli,2,7000.0,AVAILABLE
909,2026-01-10T11:15:00,route-patiya-coxsbazar,depot-patiya,station-coxsbazar,3,6000.0,AVAILABLE
909,2026-01-10T11:15:00,route-gazipur-karnaphuli,depot-gazipur,station-karnaphuli,4,5000.0,AVAILABLE
909,2026-01-10T11:15:00,route-patiya-mirpur,depot-patiya,station-mirpur,4,5000.0,AVAILABLE
910,2026-01-10T11:30:00,route-gazipur-mirpur,depot-gazipur,station-mirpur,2,7000.0,AVAILABLE
910,2026-01-10T11:30:00,route-gazipur-tongi,depot-gazipur,station-tongi,2,6500.0,AVAILABLE
910,2026-01-10T11:30:00,route-patiya-karnaphuli,depot-patiya,station-karnaphuli,2,7000.0,AVAILABLE
910,2026-01-10T11:30:00,route-patiya-coxsbazar,depot-patiya,station-coxsbazar,3,6000.0,AVAILABLE
910,2026-01-10T11:30:00,route-gazipur-karnaphuli,depot-gazipur,station-karnaphuli,4,5000.0,AVAILABLE
910,2026-01-10T11:30:00,route-patiya-mirpur,depot-patiya,station-mirpur,4,5000.0,AVAILABLE
911,2026-01-10T11:45:00,route-gazipur-mirpur,depot-gazipur,station-mirpur,2,7000.0,AVAILABLE
911,2026-01-10T11:45:00,route-gazipur-tongi,depot-gazipur,station-tongi,2,6500.0,AVAILABLE
911,2026-01-10T11:45:00,route-patiya-karnaphuli,depot-patiya,station-karnaphuli,2,7000.0,AVAILABLE
911,2026-01-10T11:45:00,route-patiya-coxsbazar,depot-patiya,station-coxsbazar,3,6000.0,AVAILABLE
911,2026-01-10T11:45:00,route-gazipur-karnaphuli,depot-gazipur,station-karnaphuli,4,5000.0,AVAILABLE
911,2026-01-10T11:45:00,route-patiya-mirpur,depot-patiya,station-mirpur,4,5000.0,AVAILABLE
912,2026-01-10T12:00:00,route-gazipur-mirpur,depot-gazipur,station-mirpur,2,7000.0,AVAILABLE
912,2026-01-10T12:00:00,route-gazipur-tongi,depot-gazipur,station-tongi,2,6500.0,AVAILABLE
912,2026-01-10T12:00:00,route-patiya-karnaphuli,depot-patiya,station-karnaphuli,2,7000.0,AVAILABLE
912,2026-01-10T12:00:00,route-patiya-coxsbazar,depot-patiya,station-coxsbazar,3,6000.0,AVAILABLE
912,2026-01-10T12:00:00,route-gazipur-karnaphuli,depot-gazipur,station-karnaphuli,4,5000.0,AVAILABLE
912,2026-01-10T12:00:00,route-patiya-mirpur,depot-patiya,station-mirpur,4,5000.0,AVAILABLE
913,2026-01-10T12:15:00,route-gazipur-mirpur,depot-gazipur,station-mirpur,2,7000.0,AVAILABLE
913,2026-01-10T12:15:00,route-gazipur-tongi,depot-gazipur,station-tongi,2,6500.0,AVAILABLE
913,2026-01-10T12:15:00,route-patiya-karnaphuli,depot-patiya,station-karnaphuli,2,7000.0,AVAILABLE
913,2026-01-10T12:15:00,route-patiya-coxsbazar,depot-patiya,station-coxsbazar,3,6000.0,AVAILABLE
913,2026-01-10T12:15:00,route-gazipur-karnaphuli,depot-gazipur,station-karnaphuli,4,5000.0,AVAILABLE
913,2026-01-10T12:15:00,route-patiya-mirpur,depot-patiya,station-mirpur,4,5000.0,AVAILABLE
914,2026-01-10T12:30:00,route-gazipur-mirpur,depot-gazipur,station-mirpur,2,7000.0,AVAILABLE
914,2026-01-10T12:30:00,route-gazipur-tongi,depot-gazipur,station-tongi,2,6500.0,AVAILABLE
914,2026-01-10T12:30:00,route-patiya-karnaphuli,depot-patiya,station-karnaphuli,2,7000.0,AVAILABLE
914,2026-01-10T12:30:00,route-patiya-coxsbazar,depot-patiya,station-coxsbazar,3,6000.0,AVAILABLE
914,2026-01-10T12:30:00,route-gazipur-karnaphuli,depot-gazipur,station-karnaphuli,4,5000.0,AVAILABLE
914,2026-01-10T12:30:00,route-patiya-mirpur,depot-patiya,station-mirpur,4,5000.0,AVAILABLE
915,2026-01-10T12:45:00,route-gazipur-mirpur,depot-gazipur,station-mirpur,2,7000.0,AVAILABLE
915,2026-01-10T12:45:00,route-gazipur-tongi,depot-gazipur,station-tongi,2,6500.0,AVAILABLE
915,2026-01-10T12:45:00,route-patiya-karnaphuli,depot-patiya,station-karnaphuli,2,7000.0,AVAILABLE
915,2026-01-10T12:45:00,route-patiya-coxsbazar,depot-patiya,station-coxsbazar,3,6000.0,AVAILABLE
915,2026-01-10T12:45:00,route-gazipur-karnaphuli,depot-gazipur,station-karnaphuli,4,5000.0,AVAILABLE
915,2026-01-10T12:45:00,route-patiya-mirpur,depot-patiya,station-mirpur,4,5000.0,AVAILABLE
916,2026-01-10T13:00:00,route-gazipur-mirpur,depot-gazipur,station-mirpur,2,7000.0,AVAILABLE
916,2026-01-10T13:00:00,route-gazipur-tongi,depot-gazipur,station-tongi,2,6500.0,AVAILABLE
916,2026-01-10T13:00:00,route-patiya-karnaphuli,depot-patiya,station-karnaphuli,2,7000.0,AVAILABLE
916,2026-01-10T13:00:00,route-patiya-coxsbazar,depot-patiya,station-coxsbazar,3,6000.0,AVAILABLE
916,2026-01-10T13:00:00,route-gazipur-karnaphuli,depot-gazipur,station-karnaphuli,4,5000.0,AVAILABLE
916,2026-01-10T13:00:00,route-patiya-mirpur,depot-patiya,station-mirpur,4,5000.0,AVAILABLE
917,2026-01-10T13:15:00,route-gazipur-mirpur,depot-gazipur,station-mirpur,2,7000.0,AVAILABLE
917,2026-01-10T13:15:00,route-gazipur-tongi,depot-gazipur,station-tongi,2,6500.0,AVAILABLE
917,2026-01-10T13:15:00,route-patiya-karnaphuli,depot-patiya,station-karnaphuli,2,7000.0,AVAILABLE
917,2026-01-10T13:15:00,route-patiya-coxsbazar,depot-patiya,station-coxsbazar,3,6000.0,AVAILABLE
917,2026-01-10T13:15:00,route-gazipur-karnaphuli,depot-gazipur,station-karnaphuli,4,5000.0,AVAILABLE
917,2026-01-10T13:15:00,route-patiya-mirpur,depot-patiya,station-mirpur,4,5000.0,AVAILABLE
918,2026-01-10T13:30:00,route-gazipur-mirpur,depot-gazipur,station-mirpur,2,7000.0,AVAILABLE
918,2026-01-10T13:30:00,route-gazipur-tongi,depot-gazipur,station-tongi,2,6500.0,AVAILABLE
918,2026-01-10T13:30:00,route-patiya-karnaphuli,depot-patiya,station-karnaphuli,2,7000.0,AVAILABLE
918,2026-01-10T13:30:00,route-patiya-coxsbazar,depot-patiya,station-coxsbazar,3,6000.0,AVAILABLE
918,2026-01-10T13:30:00,route-gazipur-karnaphuli,depot-gazipur,station-karnaphuli,4,5000.0,AVAILABLE
918,2026-01-10T13:30:00,route-patiya-mirpur,depot-patiya,station-mirpur,4,5000.0,AVAILABLE
919,2026-01-10T13:45:00,route-gazipur-mirpur,depot-gazipur,station-mirpur,2,7000.0,AVAILABLE
919,2026-01-10T13:45:00,route-gazipur-tongi,depot-gazipur,station-tongi,2,6500.0,AVAILABLE
919,2026-01-10T13:45:00,route-patiya-karnaphuli,depot-patiya,station-karnaphuli,2,7000.0,AVAILABLE
919,2026-01-10T13:45:00,route-patiya-coxsbazar,depot-patiya,station-coxsbazar,3,6000.0,AVAILABLE
919,2026-01-10T13:45:00,route-gazipur-karnaphuli,depot-gazipur,station-karnaphuli,4,5000.0,AVAILABLE
919,2026-01-10T13:45:00,route-patiya-mirpur,depot-patiya,station-mirpur,4,5000.0,AVAILABLE
920,2026-01-10T14:00:00,route-gazipur-mirpur,depot-gazipur,station-mirpur,2,7000.0,AVAILABLE
920,2026-01-10T14:00:00,route-gazipur-tongi,depot-gazipur,station-tongi,2,6500.0,AVAILABLE
920,2026-01-10T14:00:00,route-patiya-karnaphuli,depot-patiya,station-karnaphuli,2,7000.0,AVAILABLE
920,2026-01-10T14:00:00,route-patiya-coxsbazar,depot-patiya,station-coxsbazar,3,6000.0,AVAILABLE
920,2026-01-10T14:00:00,route-gazipur-karnaphuli,depot-gazipur,station-karnaphuli,4,5000.0,AVAILABLE
920,2026-01-10T14:00:00,route-patiya-mirpur,depot-patiya,station-mirpur,4,5000.0,AVAILABLE
921,2026-01-10T14:15:00,route-gazipur-mirpur,depot-gazipur,station-mirpur,2,7000.0,AVAILABLE
921,2026-01-10T14:15:00,route-gazipur-tongi,depot-gazipur,station-tongi,2,6500.0,AVAILABLE
921,2026-01-10T14:15:00,route-patiya-karnaphuli,depot-patiya,station-karnaphuli,2,7000.0,AVAILABLE
921,2026-01-10T14:15:00,route-patiya-coxsbazar,depot-patiya,station-coxsbazar,3,6000.0,AVAILABLE
921,2026-01-10T14:15:00,route-gazipur-karnaphuli,depot-gazipur,station-karnaphuli,4,5000.0,AVAILABLE
921,2026-01-10T14:15:00,route-patiya-mirpur,depot-patiya,station-mirpur,4,5000.0,AVAILABLE
922,2026-01-10T14:30:00,route-gazipur-mirpur,depot-gazipur,station-mirpur,2,7000.0,AVAILABLE
922,2026-01-10T14:30:00,route-gazipur-tongi,depot-gazipur,station-tongi,2,6500.0,AVAILABLE
922,2026-01-10T14:30:00,route-patiya-karnaphuli,depot-patiya,station-karnaphuli,2,7000.0,AVAILABLE
922,2026-01-10T14:30:00,route-patiya-coxsbazar,depot-patiya,station-coxsbazar,3,6000.0,AVAILABLE
922,2026-01-10T14:30:00,route-gazipur-karnaphuli,depot-gazipur,station-karnaphuli,4,5000.0,AVAILABLE
922,2026-01-10T14:30:00,route-patiya-mirpur,depot-patiya,station-mirpur,4,5000.0,AVAILABLE
923,2026-01-10T14:45:00,route-gazipur-mirpur,depot-gazipur,station-mirpur,2,7000.0,AVAILABLE
923,2026-01-10T14:45:00,route-gazipur-tongi,depot-gazipur,station-tongi,2,6500.0,AVAILABLE
923,2026-01-10T14:45:00,route-patiya-karnaphuli,depot-patiya,station-karnaphuli,2,7000.0,AVAILABLE
923,2026-01-10T14:45:00,route-patiya-coxsbazar,depot-patiya,station-coxsbazar,3,6000.0,AVAILABLE
923,2026-01-10T14:45:00,route-gazipur-karnaphuli,depot-gazipur,station-karnaphuli,4,5000.0,AVAILABLE
923,2026-01-10T14:45:00,route-patiya-mirpur,depot-patiya,station-mirpur,4,5000.0,AVAILABLE
924,2026-01-10T15:00:00,route-gazipur-mirpur,depot-gazipur,station-mirpur,2,7000.0,AVAILABLE
924,2026-01-10T15:00:00,route-gazipur-tongi,depot-gazipur,station-tongi,2,6500.0,AVAILABLE
924,2026-01-10T15:00:00,route-patiya-karnaphuli,depot-patiya,station-karnaphuli,2,7000.0,AVAILABLE
924,2026-01-10T15:00:00,route-patiya-coxsbazar,depot-patiya,station-coxsbazar,3,6000.0,AVAILABLE
924,2026-01-10T15:00:00,route-gazipur-karnaphuli,depot-gazipur,station-karnaphuli,4,5000.0,AVAILABLE
924,2026-01-10T15:00:00,route-patiya-mirpur,depot-patiya,station-mirpur,4,5000.0,AVAILABLE
925,2026-01-10T15:15:00,route-gazipur-mirpur,depot-gazipur,station-mirpur,2,7000.0,AVAILABLE
925,2026-01-10T15:15:00,route-gazipur-tongi,depot-gazipur,station-tongi,2,6500.0,AVAILABLE
925,2026-01-10T15:15:00,route-patiya-karnaphuli,depot-patiya,station-karnaphuli,2,7000.0,AVAILABLE
925,2026-01-10T15:15:00,route-patiya-coxsbazar,depot-patiya,station-coxsbazar,3,6000.0,AVAILABLE
925,2026-01-10T15:15:00,route-gazipur-karnaphuli,depot-gazipur,station-karnaphuli,4,5000.0,AVAILABLE
925,2026-01-10T15:15:00,route-patiya-mirpur,depot-patiya,station-mirpur,4,5000.0,AVAILABLE
926,2026-01-10T15:30:00,route-gazipur-mirpur,depot-gazipur,station-mirpur,2,7000.0,AVAILABLE
926,2026-01-10T15:30:00,route-gazipur-tongi,depot-gazipur,station-tongi,2,6500.0,AVAILABLE
926,2026-01-10T15:30:00,route-patiya-karnaphuli,depot-patiya,station-karnaphuli,2,7000.0,AVAILABLE
926,2026-01-10T15:30:00,route-patiya-coxsbazar,depot-patiya,station-coxsbazar,3,6000.0,AVAILABLE
926,2026-01-10T15:30:00,route-gazipur-karnaphuli,depot-gazipur,station-karnaphuli,4,5000.0,AVAILABLE
926,2026-01-10T15:30:00,route-patiya-mirpur,depot-patiya,station-mirpur,4,5000.0,AVAILABLE
927,2026-01-10T15:45:00,route-gazipur-mirpur,depot-gazipur,station-mirpur,2,7000.0,AVAILABLE
927,2026-01-10T15:45:00,route-gazipur-tongi,depot-gazipur,station-tongi,2,6500.0,AVAILABLE
927,2026-01-10T15:45:00,route-patiya-karnaphuli,depot-patiya,station-karnaphuli,2,7000.0,AVAILABLE
927,2026-01-10T15:45:00,route-patiya-coxsbazar,depot-patiya,station-coxsbazar,3,6000.0,AVAILABLE
927,2026-01-10T15:45:00,route-gazipur-karnaphuli,depot-gazipur,station-karnaphuli,4,5000.0,AVAILABLE
927,2026-01-10T15:45:00,route-patiya-mirpur,depot-patiya,station-mirpur,4,5000.0,AVAILABLE
928,2026-01-10T16:00:00,route-gazipur-mirpur,depot-gazipur,station-mirpur,2,7000.0,AVAILABLE
928,2026-01-10T16:00:00,route-gazipur-tongi,depot-gazipur,station-tongi,2,6500.0,AVAILABLE
928,2026-01-10T16:00:00,route-patiya-karnaphuli,depot-patiya,station-karnaphuli,2,7000.0,AVAILABLE
928,2026-01-10T16:00:00,route-patiya-coxsbazar,depot-patiya,station-coxsbazar,3,6000.0,AVAILABLE
928,2026-01-10T16:00:00,route-gazipur-karnaphuli,depot-gazipur,station-karnaphuli,4,5000.0,AVAILABLE
928,2026-01-10T16:00:00,route-patiya-mirpur,depot-patiya,station-mirpur,4,5000.0,AVAILABLE
929,2026-01-10T16:15:00,route-gazipur-mirpur,depot-gazipur,station-mirpur,2,7000.0,AVAILABLE
929,2026-01-10T16:15:00,route-gazipur-tongi,depot-gazipur,station-tongi,2,6500.0,AVAILABLE
929,2026-01-10T16:15:00,route-patiya-karnaphuli,depot-patiya,station-karnaphuli,2,7000.0,AVAILABLE
929,2026-01-10T16:15:00,route-patiya-coxsbazar,depot-patiya,station-coxsbazar,3,6000.0,AVAILABLE
929,2026-01-10T16:15:00,route-gazipur-karnaphuli,depot-gazipur,station-karnaphuli,4,5000.0,AVAILABLE
929,2026-01-10T16:15:00,route-patiya-mirpur,depot-patiya,station-mirpur,4,5000.0,AVAILABLE
930,2026-01-10T16:30:00,route-gazipur-mirpur,depot-gazipur,station-mirpur,2,7000.0,AVAILABLE
930,2026-01-10T16:30:00,route-gazipur-tongi,depot-gazipur,station-tongi,2,6500.0,AVAILABLE
930,2026-01-10T16:30:00,route-patiya-karnaphuli,depot-patiya,station-karnaphuli,2,7000.0,AVAILABLE
930,2026-01-10T16:30:00,route-patiya-coxsbazar,depot-patiya,station-coxsbazar,3,6000.0,AVAILABLE
930,2026-01-10T16:30:00,route-gazipur-karnaphuli,depot-gazipur,station-karnaphuli,4,5000.0,AVAILABLE
930,2026-01-10T16:30:00,route-patiya-mirpur,depot-patiya,station-mirpur,4,5000.0,AVAILABLE
931,2026-01-10T16:45:00,route-gazipur-mirpur,depot-gazipur,station-mirpur,2,7000.0,AVAILABLE
931,2026-01-10T16:45:00,route-gazipur-tongi,depot-gazipur,station-tongi,2,6500.0,AVAILABLE
931,2026-01-10T16:45:00,route-patiya-karnaphuli,depot-patiya,station-karnaphuli,2,7000.0,AVAILABLE
931,2026-01-10T16:45:00,route-patiya-coxsbazar,depot-patiya,station-coxsbazar,3,6000.0,AVAILABLE
931,2026-01-10T16:45:00,route-gazipur-karnaphuli,depot-gazipur,station-karnaphuli,4,5000.0,AVAILABLE
931,2026-01-10T16:45:00,route-patiya-mirpur,depot-patiya,station-mirpur,4,5000.0,AVAILABLE
932,2026-01-10T17:00:00,route-gazipur-mirpur,depot-gazipur,station-mirpur,2,7000.0,AVAILABLE
932,2026-01-10T17:00:00,route-gazipur-tongi,depot-gazipur,station-tongi,2,6500.0,AVAILABLE
932,2026-01-10T17:00:00,route-patiya-karnaphuli,depot-patiya,station-karnaphuli,2,7000.0,AVAILABLE
932,2026-01-10T17:00:00,route-patiya-coxsbazar,depot-patiya,station-coxsbazar,3,6000.0,AVAILABLE
932,2026-01-10T17:00:00,route-gazipur-karnaphuli,depot-gazipur,station-karnaphuli,4,5000.0,AVAILABLE
932,2026-01-10T17:00:00,route-patiya-mirpur,depot-patiya,station-mirpur,4,5000.0,AVAILABLE
933,2026-01-10T17:15:00,route-gazipur-mirpur,depot-gazipur,station-mirpur,2,7000.0,AVAILABLE
933,2026-01-10T17:15:00,route-gazipur-tongi,depot-gazipur,station-tongi,2,6500.0,AVAILABLE
933,2026-01-10T17:15:00,route-patiya-karnaphuli,depot-patiya,station-karnaphuli,2,7000.0,AVAILABLE
933,2026-01-10T17:15:00,route-patiya-coxsbazar,depot-patiya,station-coxsbazar,3,6000.0,AVAILABLE
933,2026-01-10T17:15:00,route-gazipur-karnaphuli,depot-gazipur,station-karnaphuli,4,5000.0,AVAILABLE
933,2026-01-10T17:15:00,route-patiya-mirpur,depot-patiya,station-mirpur,4,5000.0,AVAILABLE
934,2026-01-10T17:30:00,route-gazipur-mirpur,depot-gazipur,station-mirpur,2,7000.0,AVAILABLE
934,2026-01-10T17:30:00,route-gazipur-tongi,depot-gazipur,station-tongi,2,6500.0,AVAILABLE
934,2026-01-10T17:30:00,route-patiya-karnaphuli,depot-patiya,station-karnaphuli,2,7000.0,AVAILABLE
934,2026-01-10T17:30:00,route-patiya-coxsbazar,depot-patiya,station-coxsbazar,3,6000.0,AVAILABLE
934,2026-01-10T17:30:00,route-gazipur-karnaphuli,depot-gazipur,station-karnaphuli,4,5000.0,AVAILABLE
934,2026-01-10T17:30:00,route-patiya-mirpur,depot-patiya,station-mirpur,4,5000.0,AVAILABLE
935,2026-01-10T17:45:00,route-gazipur-mirpur,depot-gazipur,station-mirpur,2,7000.0,AVAILABLE
935,2026-01-10T17:45:00,route-gazipur-tongi,depot-gazipur,station-tongi,2,6500.0,AVAILABLE
935,2026-01-10T17:45:00,route-patiya-karnaphuli,depot-patiya,station-karnaphuli,2,7000.0,AVAILABLE
935,2026-01-10T17:45:00,route-patiya-coxsbazar,depot-patiya,station-coxsbazar,3,6000.0,AVAILABLE
935,2026-01-10T17:45:00,route-gazipur-karnaphuli,depot-gazipur,station-karnaphuli,4,5000.0,AVAILABLE
935,2026-01-10T17:45:00,route-patiya-mirpur,depot-patiya,station-mirpur,4,5000.0,AVAILABLE
936,2026-01-10T18:00:00,route-gazipur-mirpur,depot-gazipur,station-mirpur,2,7000.0,AVAILABLE
936,2026-01-10T18:00:00,route-gazipur-tongi,depot-gazipur,station-tongi,2,6500.0,AVAILABLE
936,2026-01-10T18:00:00,route-patiya-karnaphuli,depot-patiya,station-karnaphuli,2,7000.0,AVAILABLE
936,2026-01-10T18:00:00,route-patiya-coxsbazar,depot-patiya,station-coxsbazar,3,6000.0,AVAILABLE
936,2026-01-10T18:00:00,route-gazipur-karnaphuli,depot-gazipur,station-karnaphuli,4,5000.0,AVAILABLE
936,2026-01-10T18:00:00,route-patiya-mirpur,depot-patiya,station-mirpur,4,5000.0,AVAILABLE
937,2026-01-10T18:15:00,route-gazipur-mirpur,depot-gazipur,station-mirpur,2,7000.0,AVAILABLE
937,2026-01-10T18:15:00,route-gazipur-tongi,depot-gazipur,station-tongi,2,6500.0,AVAILABLE
937,2026-01-10T18:15:00,route-patiya-karnaphuli,depot-patiya,station-karnaphuli,2,7000.0,AVAILABLE
937,2026-01-10T18:15:00,route-patiya-coxsbazar,depot-patiya,station-coxsbazar,3,6000.0,AVAILABLE
937,2026-01-10T18:15:00,route-gazipur-karnaphuli,depot-gazipur,station-karnaphuli,4,5000.0,AVAILABLE
937,2026-01-10T18:15:00,route-patiya-mirpur,depot-patiya,station-mirpur,4,5000.0,AVAILABLE
938,2026-01-10T18:30:00,route-gazipur-mirpur,depot-gazipur,station-mirpur,2,7000.0,AVAILABLE
938,2026-01-10T18:30:00,route-gazipur-tongi,depot-gazipur,station-tongi,2,6500.0,AVAILABLE
938,2026-01-10T18:30:00,route-patiya-karnaphuli,depot-patiya,station-karnaphuli,2,7000.0,AVAILABLE
938,2026-01-10T18:30:00,route-patiya-coxsbazar,depot-patiya,station-coxsbazar,3,6000.0,AVAILABLE
938,2026-01-10T18:30:00,route-gazipur-karnaphuli,depot-gazipur,station-karnaphuli,4,5000.0,AVAILABLE
938,2026-01-10T18:30:00,route-patiya-mirpur,depot-patiya,station-mirpur,4,5000.0,AVAILABLE
939,2026-01-10T18:45:00,route-gazipur-mirpur,depot-gazipur,station-mirpur,2,7000.0,AVAILABLE
939,2026-01-10T18:45:00,route-gazipur-tongi,depot-gazipur,station-tongi,2,6500.0,AVAILABLE
939,2026-01-10T18:45:00,route-patiya-karnaphuli,depot-patiya,station-karnaphuli,2,7000.0,AVAILABLE
939,2026-01-10T18:45:00,route-patiya-coxsbazar,depot-patiya,station-coxsbazar,3,6000.0,AVAILABLE
939,2026-01-10T18:45:00,route-gazipur-karnaphuli,depot-gazipur,station-karnaphuli,4,5000.0,AVAILABLE
939,2026-01-10T18:45:00,route-patiya-mirpur,depot-patiya,station-mirpur,4,5000.0,AVAILABLE
940,2026-01-10T19:00:00,route-gazipur-mirpur,depot-gazipur,station-mirpur,2,7000.0,AVAILABLE
940,2026-01-10T19:00:00,route-gazipur-tongi,depot-gazipur,station-tongi,2,6500.0,AVAILABLE
940,2026-01-10T19:00:00,route-patiya-karnaphuli,depot-patiya,station-karnaphuli,2,7000.0,AVAILABLE
940,2026-01-10T19:00:00,route-patiya-coxsbazar,depot-patiya,station-coxsbazar,3,6000.0,AVAILABLE
940,2026-01-10T19:00:00,route-gazipur-karnaphuli,depot-gazipur,station-karnaphuli,4,5000.0,AVAILABLE
940,2026-01-10T19:00:00,route-patiya-mirpur,depot-patiya,station-mirpur,4,5000.0,AVAILABLE
941,2026-01-10T19:15:00,route-gazipur-mirpur,depot-gazipur,station-mirpur,2,7000.0,AVAILABLE
941,2026-01-10T19:15:00,route-gazipur-tongi,depot-gazipur,station-tongi,2,6500.0,AVAILABLE
941,2026-01-10T19:15:00,route-patiya-karnaphuli,depot-patiya,station-karnaphuli,2,7000.0,AVAILABLE
941,2026-01-10T19:15:00,route-patiya-coxsbazar,depot-patiya,station-coxsbazar,3,6000.0,AVAILABLE
941,2026-01-10T19:15:00,route-gazipur-karnaphuli,depot-gazipur,station-karnaphuli,4,5000.0,AVAILABLE
941,2026-01-10T19:15:00,route-patiya-mirpur,depot-patiya,station-mirpur,4,5000.0,AVAILABLE
942,2026-01-10T19:30:00,route-gazipur-mirpur,depot-gazipur,station-mirpur,2,7000.0,AVAILABLE
942,2026-01-10T19:30:00,route-gazipur-tongi,depot-gazipur,station-tongi,2,6500.0,AVAILABLE
942,2026-01-10T19:30:00,route-patiya-karnaphuli,depot-patiya,station-karnaphuli,2,7000.0,AVAILABLE
942,2026-01-10T19:30:00,route-patiya-coxsbazar,depot-patiya,station-coxsbazar,3,6000.0,AVAILABLE
942,2026-01-10T19:30:00,route-gazipur-karnaphuli,depot-gazipur,station-karnaphuli,4,5000.0,AVAILABLE
942,2026-01-10T19:30:00,route-patiya-mirpur,depot-patiya,station-mirpur,4,5000.0,AVAILABLE
943,2026-01-10T19:45:00,route-gazipur-mirpur,depot-gazipur,station-mirpur,2,7000.0,AVAILABLE
943,2026-01-10T19:45:00,route-gazipur-tongi,depot-gazipur,station-tongi,2,6500.0,AVAILABLE
943,2026-01-10T19:45:00,route-patiya-karnaphuli,depot-patiya,station-karnaphuli,2,7000.0,AVAILABLE
943,2026-01-10T19:45:00,route-patiya-coxsbazar,depot-patiya,station-coxsbazar,3,6000.0,AVAILABLE
943,2026-01-10T19:45:00,route-gazipur-karnaphuli,depot-gazipur,station-karnaphuli,4,5000.0,AVAILABLE
943,2026-01-10T19:45:00,route-patiya-mirpur,depot-patiya,station-mirpur,4,5000.0,AVAILABLE
944,2026-01-10T20:00:00,route-gazipur-mirpur,depot-gazipur,station-mirpur,2,7000.0,AVAILABLE
944,2026-01-10T20:00:00,route-gazipur-tongi,depot-gazipur,station-tongi,2,6500.0,AVAILABLE
944,2026-01-10T20:00:00,route-patiya-karnaphuli,depot-patiya,station-karnaphuli,2,7000.0,AVAILABLE
944,2026-01-10T20:00:00,route-patiya-coxsbazar,depot-patiya,station-coxsbazar,3,6000.0,AVAILABLE
944,2026-01-10T20:00:00,route-gazipur-karnaphuli,depot-gazipur,station-karnaphuli,4,5000.0,AVAILABLE
944,2026-01-10T20:00:00,route-patiya-mirpur,depot-patiya,station-mirpur,4,5000.0,AVAILABLE
945,2026-01-10T20:15:00,route-gazipur-mirpur,depot-gazipur,station-mirpur,2,7000.0,AVAILABLE
945,2026-01-10T20:15:00,route-gazipur-tongi,depot-gazipur,station-tongi,2,6500.0,AVAILABLE
945,2026-01-10T20:15:00,route-patiya-karnaphuli,depot-patiya,station-karnaphuli,2,7000.0,AVAILABLE
945,2026-01-10T20:15:00,route-patiya-coxsbazar,depot-patiya,station-coxsbazar,3,6000.0,AVAILABLE
945,2026-01-10T20:15:00,route-gazipur-karnaphuli,depot-gazipur,station-karnaphuli,4,5000.0,AVAILABLE
945,2026-01-10T20:15:00,route-patiya-mirpur,depot-patiya,station-mirpur,4,5000.0,AVAILABLE
946,2026-01-10T20:30:00,route-gazipur-mirpur,depot-gazipur,station-mirpur,2,7000.0,AVAILABLE
946,2026-01-10T20:30:00,route-gazipur-tongi,depot-gazipur,station-tongi,2,6500.0,AVAILABLE
946,2026-01-10T20:30:00,route-patiya-karnaphuli,depot-patiya,station-karnaphuli,2,7000.0,AVAILABLE
946,2026-01-10T20:30:00,route-patiya-coxsbazar,depot-patiya,station-coxsbazar,3,6000.0,AVAILABLE
946,2026-01-10T20:30:00,route-gazipur-karnaphuli,depot-gazipur,station-karnaphuli,4,5000.0,AVAILABLE
946,2026-01-10T20:30:00,route-patiya-mirpur,depot-patiya,station-mirpur,4,5000.0,AVAILABLE
947,2026-01-10T20:45:00,route-gazipur-mirpur,depot-gazipur,station-mirpur,2,7000.0,AVAILABLE
947,2026-01-10T20:45:00,route-gazipur-tongi,depot-gazipur,station-tongi,2,6500.0,AVAILABLE
947,2026-01-10T20:45:00,route-patiya-karnaphuli,depot-patiya,station-karnaphuli,2,7000.0,AVAILABLE
947,2026-01-10T20:45:00,route-patiya-coxsbazar,depot-patiya,station-coxsbazar,3,6000.0,AVAILABLE
947,2026-01-10T20:45:00,route-gazipur-karnaphuli,depot-gazipur,station-karnaphuli,4,5000.0,AVAILABLE
947,2026-01-10T20:45:00,route-patiya-mirpur,depot-patiya,station-mirpur,4,5000.0,AVAILABLE
948,2026-01-10T21:00:00,route-gazipur-mirpur,depot-gazipur,station-mirpur,2,7000.0,AVAILABLE
948,2026-01-10T21:00:00,route-gazipur-tongi,depot-gazipur,station-tongi,2,6500.0,AVAILABLE
948,2026-01-10T21:00:00,route-patiya-karnaphuli,depot-patiya,station-karnaphuli,2,7000.0,AVAILABLE
948,2026-01-10T21:00:00,route-patiya-coxsbazar,depot-patiya,station-coxsbazar,3,6000.0,AVAILABLE
948,2026-01-10T21:00:00,route-gazipur-karnaphuli,depot-gazipur,station-karnaphuli,4,5000.0,AVAILABLE
948,2026-01-10T21:00:00,route-patiya-mirpur,depot-patiya,station-mirpur,4,5000.0,AVAILABLE
949,2026-01-10T21:15:00,route-gazipur-mirpur,depot-gazipur,station-mirpur,2,7000.0,AVAILABLE
949,2026-01-10T21:15:00,route-gazipur-tongi,depot-gazipur,station-tongi,2,6500.0,AVAILABLE
949,2026-01-10T21:15:00,route-patiya-karnaphuli,depot-patiya,station-karnaphuli,2,7000.0,AVAILABLE
949,2026-01-10T21:15:00,route-patiya-coxsbazar,depot-patiya,station-coxsbazar,3,6000.0,AVAILABLE
949,2026-01-10T21:15:00,route-gazipur-karnaphuli,depot-gazipur,station-karnaphuli,4,5000.0,AVAILABLE
949,2026-01-10T21:15:00,route-patiya-mirpur,depot-patiya,station-mirpur,4,5000.0,AVAILABLE
950,2026-01-10T21:30:00,route-gazipur-mirpur,depot-gazipur,station-mirpur,2,7000.0,AVAILABLE
950,2026-01-10T21:30:00,route-gazipur-tongi,depot-gazipur,station-tongi,2,6500.0,AVAILABLE
950,2026-01-10T21:30:00,route-patiya-karnaphuli,depot-patiya,station-karnaphuli,2,7000.0,AVAILABLE
950,2026-01-10T21:30:00,route-patiya-coxsbazar,depot-patiya,station-coxsbazar,3,6000.0,AVAILABLE
950,2026-01-10T21:30:00,route-gazipur-karnaphuli,depot-gazipur,station-karnaphuli,4,5000.0,AVAILABLE
950,2026-01-10T21:30:00,route-patiya-mirpur,depot-patiya,station-mirpur,4,5000.0,AVAILABLE
951,2026-01-10T21:45:00,route-gazipur-mirpur,depot-gazipur,station-mirpur,2,7000.0,AVAILABLE
951,2026-01-10T21:45:00,route-gazipur-tongi,depot-gazipur,station-tongi,2,6500.0,AVAILABLE
951,2026-01-10T21:45:00,route-patiya-karnaphuli,depot-patiya,station-karnaphuli,2,7000.0,AVAILABLE
951,2026-01-10T21:45:00,route-patiya-coxsbazar,depot-patiya,station-coxsbazar,3,6000.0,AVAILABLE
951,2026-01-10T21:45:00,route-gazipur-karnaphuli,depot-gazipur,station-karnaphuli,4,5000.0,AVAILABLE
951,2026-01-10T21:45:00,route-patiya-mirpur,depot-patiya,station-mirpur,4,5000.0,AVAILABLE
952,2026-01-10T22:00:00,route-gazipur-mirpur,depot-gazipur,station-mirpur,2,7000.0,AVAILABLE
952,2026-01-10T22:00:00,route-gazipur-tongi,depot-gazipur,station-tongi,2,6500.0,AVAILABLE
952,2026-01-10T22:00:00,route-patiya-karnaphuli,depot-patiya,station-karnaphuli,2,7000.0,AVAILABLE
952,2026-01-10T22:00:00,route-patiya-coxsbazar,depot-patiya,station-coxsbazar,3,6000.0,AVAILABLE
952,2026-01-10T22:00:00,route-gazipur-karnaphuli,depot-gazipur,station-karnaphuli,4,5000.0,AVAILABLE
952,2026-01-10T22:00:00,route-patiya-mirpur,depot-patiya,station-mirpur,4,5000.0,AVAILABLE
953,2026-01-10T22:15:00,route-gazipur-mirpur,depot-gazipur,station-mirpur,2,7000.0,AVAILABLE
953,2026-01-10T22:15:00,route-gazipur-tongi,depot-gazipur,station-tongi,2,6500.0,AVAILABLE
953,2026-01-10T22:15:00,route-patiya-karnaphuli,depot-patiya,station-karnaphuli,2,7000.0,AVAILABLE
953,2026-01-10T22:15:00,route-patiya-coxsbazar,depot-patiya,station-coxsbazar,3,6000.0,AVAILABLE
953,2026-01-10T22:15:00,route-gazipur-karnaphuli,depot-gazipur,station-karnaphuli,4,5000.0,AVAILABLE
953,2026-01-10T22:15:00,route-patiya-mirpur,depot-patiya,station-mirpur,4,5000.0,AVAILABLE
954,2026-01-10T22:30:00,route-gazipur-mirpur,depot-gazipur,station-mirpur,2,7000.0,AVAILABLE
954,2026-01-10T22:30:00,route-gazipur-tongi,depot-gazipur,station-tongi,2,6500.0,AVAILABLE
954,2026-01-10T22:30:00,route-patiya-karnaphuli,depot-patiya,station-karnaphuli,2,7000.0,AVAILABLE
954,2026-01-10T22:30:00,route-patiya-coxsbazar,depot-patiya,station-coxsbazar,3,6000.0,AVAILABLE
954,2026-01-10T22:30:00,route-gazipur-karnaphuli,depot-gazipur,station-karnaphuli,4,5000.0,AVAILABLE
954,2026-01-10T22:30:00,route-patiya-mirpur,depot-patiya,station-mirpur,4,5000.0,AVAILABLE
955,2026-01-10T22:45:00,route-gazipur-mirpur,depot-gazipur,station-mirpur,2,7000.0,AVAILABLE
955,2026-01-10T22:45:00,route-gazipur-tongi,depot-gazipur,station-tongi,2,6500.0,AVAILABLE
955,2026-01-10T22:45:00,route-patiya-karnaphuli,depot-patiya,station-karnaphuli,2,7000.0,AVAILABLE
955,2026-01-10T22:45:00,route-patiya-coxsbazar,depot-patiya,station-coxsbazar,3,6000.0,AVAILABLE
955,2026-01-10T22:45:00,route-gazipur-karnaphuli,depot-gazipur,station-karnaphuli,4,5000.0,AVAILABLE
955,2026-01-10T22:45:00,route-patiya-mirpur,depot-patiya,station-mirpur,4,5000.0,AVAILABLE
956,2026-01-10T23:00:00,route-gazipur-mirpur,depot-gazipur,station-mirpur,2,7000.0,AVAILABLE
956,2026-01-10T23:00:00,route-gazipur-tongi,depot-gazipur,station-tongi,2,6500.0,AVAILABLE
956,2026-01-10T23:00:00,route-patiya-karnaphuli,depot-patiya,station-karnaphuli,2,7000.0,AVAILABLE
956,2026-01-10T23:00:00,route-patiya-coxsbazar,depot-patiya,station-coxsbazar,3,6000.0,AVAILABLE
956,2026-01-10T23:00:00,route-gazipur-karnaphuli,depot-gazipur,station-karnaphuli,4,5000.0,AVAILABLE
956,2026-01-10T23:00:00,route-patiya-mirpur,depot-patiya,station-mirpur,4,5000.0,AVAILABLE
957,2026-01-10T23:15:00,route-gazipur-mirpur,depot-gazipur,station-mirpur,2,7000.0,AVAILABLE
957,2026-01-10T23:15:00,route-gazipur-tongi,depot-gazipur,station-tongi,2,6500.0,AVAILABLE
957,2026-01-10T23:15:00,route-patiya-karnaphuli,depot-patiya,station-karnaphuli,2,7000.0,AVAILABLE
957,2026-01-10T23:15:00,route-patiya-coxsbazar,depot-patiya,station-coxsbazar,3,6000.0,AVAILABLE
957,2026-01-10T23:15:00,route-gazipur-karnaphuli,depot-gazipur,station-karnaphuli,4,5000.0,AVAILABLE
957,2026-01-10T23:15:00,route-patiya-mirpur,depot-patiya,station-mirpur,4,5000.0,AVAILABLE
958,2026-01-10T23:30:00,route-gazipur-mirpur,depot-gazipur,station-mirpur,2,7000.0,AVAILABLE
958,2026-01-10T23:30:00,route-gazipur-tongi,depot-gazipur,station-tongi,2,6500.0,AVAILABLE
958,2026-01-10T23:30:00,route-patiya-karnaphuli,depot-patiya,station-karnaphuli,2,7000.0,AVAILABLE
958,2026-01-10T23:30:00,route-patiya-coxsbazar,depot-patiya,station-coxsbazar,3,6000.0,AVAILABLE
958,2026-01-10T23:30:00,route-gazipur-karnaphuli,depot-gazipur,station-karnaphuli,4,5000.0,AVAILABLE
958,2026-01-10T23:30:00,route-patiya-mirpur,depot-patiya,station-mirpur,4,5000.0,AVAILABLE
959,2026-01-10T23:45:00,route-gazipur-mirpur,depot-gazipur,station-mirpur,2,7000.0,AVAILABLE
959,2026-01-10T23:45:00,route-gazipur-tongi,depot-gazipur,station-tongi,2,6500.0,AVAILABLE
959,2026-01-10T23:45:00,route-patiya-karnaphuli,depot-patiya,station-karnaphuli,2,7000.0,AVAILABLE
959,2026-01-10T23:45:00,route-patiya-coxsbazar,depot-patiya,station-coxsbazar,3,6000.0,AVAILABLE
959,2026-01-10T23:45:00,route-gazipur-karnaphuli,depot-gazipur,station-karnaphuli,4,5000.0,AVAILABLE
959,2026-01-10T23:45:00,route-patiya-mirpur,depot-patiya,station-mirpur,4,5000.0,AVAILABLE
960,2026-01-11T00:00:00,route-gazipur-mirpur,depot-gazipur,station-mirpur,2,7000.0,AVAILABLE
960,2026-01-11T00:00:00,route-gazipur-tongi,depot-gazipur,station-tongi,2,6500.0,AVAILABLE
960,2026-01-11T00:00:00,route-patiya-karnaphuli,depot-patiya,station-karnaphuli,2,7000.0,AVAILABLE
960,2026-01-11T00:00:00,route-patiya-coxsbazar,depot-patiya,station-coxsbazar,3,6000.0,AVAILABLE
960,2026-01-11T00:00:00,route-gazipur-karnaphuli,depot-gazipur,station-karnaphuli,4,5000.0,AVAILABLE
960,2026-01-11T00:00:00,route-patiya-mirpur,depot-patiya,station-mirpur,4,5000.0,AVAILABLE
